IdCliente,Nombre,Apellido,Correo,Telefono,IdCiudad,FechaRegistro
1,Jorge,Rodríguez,jorge.rodríguez1@gmail.com,3211419610,13,2023-01-31
2,Esperanza,Torres,esperanza.torres2@gmail.com,3033341057,13,2021-02-23
3,Felipe,Buitrago,felipe.buitrago3@gmail.com,3282458591,9,2024-09-24
4,Stiven,García,stiven.garcía4@gmail.com,3002571945,4,2022-08-10
5,Rubiela,Gómez,rubiela.gómez5@gmail.com,3291445199,11,2022-03-25
6,Marina,Mora,marina.mora6@gmail.com,3288038374,4,2025-01-13
7,María,Ramírez,maría.ramírez7@gmail.com,3241109031,3,2024-09-27
8,Jesús,Vásquez,jesús.vásquez8@gmail.com,3143608513,4,2023-10-10
9,Marina,Fernández,marina.fernández9@gmail.com,3017374122,2,2024-01-10
10,Edwin,Rodríguez,edwin.rodríguez10@gmail.com,3195437923,1,2025-02-24
11,Mario,Benavides,mario.benavides11@gmail.com,3217350753,2,2023-04-15
12,Ruth,Sánchez,ruth.sánchez12@gmail.com,3297067228,9,2022-02-26
13,René,Quintero,rené.quintero13@gmail.com,3211768805,12,2022-07-22
14,Andrea,López,andrea.lópez14@gmail.com,3114905582,2,2024-04-05
15,Edgar,Agudelo,edgar.agudelo15@gmail.com,3177120868,3,2024-02-25
16,Mario,Ariza,mario.ariza16@gmail.com,3135479144,13,2020-10-19
17,Andrés,Cardozo,andrés.cardozo17@gmail.com,3229961380,13,2022-09-29
18,Myriam,Caicedo,myriam.caicedo18@gmail.com,3077366205,5,2022-06-18
19,Álvaro,Beltrán,álvaro.beltrán19@gmail.com,3251938483,4,2020-05-11
20,Nelson,Escobar,nelson.escobar20@gmail.com,3165491946,2,2022-05-14
21,Diego,Gómez,diego.gómez21@gmail.com,3254567281,12,2025-08-06
22,Ángela,Gutiérrez,ángela.gutiérrez22@gmail.com,3173396987,5,2021-07-25
23,Ana,Moreno,ana.moreno23@gmail.com,3085408072,13,2024-10-20
24,Diana,Castro,diana.castro24@gmail.com,3267073292,4,2021-07-20
25,Fernando,Morales,fernando.morales25@gmail.com,3272525206,1,2021-03-25
26,Eliana,Rojas,eliana.rojas26@gmail.com,3028082668,9,2020-09-17
27,Mónica,Cuesta,mónica.cuesta27@gmail.com,3168852574,11,2022-10-26
28,Jesús,León,jesús.león28@gmail.com,3202921859,12,2022-12-28
29,Carolina,Padilla,carolina.padilla29@gmail.com,3252871534,5,2024-11-15
30,Claudia,Rivera,claudia.rivera30@gmail.com,3071054447,13,2022-12-14
31,Edisson,Bedoya,edisson.bedoya31@gmail.com,3229517485,2,2023-05-07
32,Luis,Duque,luis.duque32@gmail.com,3284337174,3,2024-03-11
33,Héctor,Guevara,héctor.guevara33@gmail.com,3089897858,1,2023-08-20
34,Ángela,Gómez,ángela.gómez34@gmail.com,3102876828,6,2023-06-13
35,Valentina,Ortiz,valentina.ortiz35@gmail.com,3005041154,9,2020-11-18
36,Laura,Valderrama,laura.valderrama36@gmail.com,3072161193,11,2021-05-30
37,Germán,Álvarez,germán.álvarez37@gmail.com,3073770370,5,2025-12-01
38,Jesús,Medina,jesús.medina38@gmail.com,3264553384,11,2022-04-03
39,Néstor,Cruz,néstor.cruz39@gmail.com,3247693979,12,2024-03-09
40,Mónica,Vargas,mónica.vargas40@gmail.com,3188574680,2,2022-10-12
41,Luis,Muñoz,luis.muñoz41@gmail.com,3016672134,1,2022-07-31
42,Juan,Burbano,juan.burbano42@gmail.com,3231120642,2,2020-08-29
43,Pilar,Torres,pilar.torres43@gmail.com,3011527021,6,2020-10-17
44,Leider,Palacios,leider.palacios44@gmail.com,3235672073,12,2025-06-11
45,Andrea,Gómez,andrea.gómez45@gmail.com,3083219824,13,2025-04-20
46,Sandra,Pineda,sandra.pineda46@gmail.com,3077829332,4,2021-01-21
47,Dario,Salazar,dario.salazar47@gmail.com,3066944126,7,2024-08-10
48,Patricia,Flórez,patricia.flórez48@gmail.com,3102651177,1,2024-07-07
49,Albert,Contreras,albert.contreras49@gmail.com,3252833230,4,2022-02-23
50,Moisés,Estrada,moisés.estrada50@gmail.com,3088526486,3,2024-09-24
51,María,Camargo,maría.camargo51@gmail.com,3048761611,4,2020-11-04
52,Manuel,Montoya,manuel.montoya52@gmail.com,3182642635,1,2020-03-01
53,Mónica,Bedoya,mónica.bedoya53@gmail.com,3033790237,7,2025-06-12
54,Martha,Mejía,martha.mejía54@gmail.com,3137728339,1,2021-11-05
55,Valeria,Posada,valeria.posada55@gmail.com,3107550190,5,2025-02-06
56,Germán,Ortiz,germán.ortiz56@gmail.com,3169164991,3,2022-02-16
57,José,Díaz,josé.díaz57@gmail.com,3131981186,9,2020-09-06
58,Yeison,Polo,yeison.polo58@gmail.com,3251959074,1,2025-05-06
59,Stella,Henao,stella.henao59@gmail.com,3283641282,1,2025-09-11
60,Alberto,Sánchez,alberto.sánchez60@gmail.com,3022149597,9,2020-10-05
61,Cristian,Montoya,cristian.montoya61@gmail.com,3237774229,2,2022-10-05
62,Jaime,Contreras,jaime.contreras62@gmail.com,3291666754,9,2020-12-01
63,María,Valencia,maría.valencia63@gmail.com,3199770838,6,2022-12-04
64,María,Oviedo,maría.oviedo64@gmail.com,3055004485,5,2024-06-09
65,Fabio,Serrano,fabio.serrano65@gmail.com,3048670955,6,2020-10-24
66,Natalia,Martínez,natalia.martínez66@gmail.com,3072677407,2,2022-05-23
67,Henry,Erazo,henry.erazo67@gmail.com,3243222252,6,2020-10-08
68,Andrea,Reyes,andrea.reyes68@gmail.com,3055781295,3,2024-11-29
69,Patricia,Ochoa,patricia.ochoa69@gmail.com,3249874152,1,2023-05-11
70,Sebastián,Hernández,sebastián.hernández70@gmail.com,3213253031,5,2021-04-17
71,Linda,Caicedo,linda.caicedo71@gmail.com,3083607983,5,2023-02-28
72,Mónica,Arboleda,mónica.arboleda72@gmail.com,3236752576,4,2022-12-17
73,Deisy,Rojas,deisy.rojas73@gmail.com,3275213115,1,2021-01-13
74,Andrés,Ariza,andrés.ariza74@gmail.com,3265641923,1,2020-01-15
75,Alejandra,Álvarez,alejandra.álvarez75@gmail.com,3125394880,3,2024-12-14
76,Ancizar,Bernal,ancizar.bernal76@gmail.com,3261162230,2,2020-11-04
77,Betty,Delgado,betty.delgado77@gmail.com,3221604451,6,2021-08-29
78,Paola,Torres,paola.torres78@gmail.com,3121701771,5,2024-02-02
79,Gladys,Fernández,gladys.fernández79@gmail.com,3054524499,12,2022-10-19
80,Ángela,Torres,ángela.torres80@gmail.com,3216933742,11,2024-07-22
81,Patricia,Barrera,patricia.barrera81@gmail.com,3224971793,3,2021-12-26
82,Ángela,Espitia,ángela.espitia82@gmail.com,3104009172,13,2023-09-22
83,Humberto,García,humberto.garcía83@gmail.com,3135476257,3,2021-03-18
84,Leidy,Camacho,leidy.camacho84@gmail.com,3108896868,4,2022-03-28
85,Fernanda,Hernández,fernanda.hernández85@gmail.com,3156120253,4,2022-07-02
86,Freddy,Jaramillo,freddy.jaramillo86@gmail.com,3037685149,6,2023-02-15
87,Enith,Serna,enith.serna87@gmail.com,3046891254,12,2025-09-17
88,Mario,Ramírez,mario.ramírez88@gmail.com,3186555772,1,2021-04-17
89,Diana,Mejía,diana.mejía89@gmail.com,3125453786,1,2021-03-20
90,Estela,Correa,estela.correa90@gmail.com,3266799667,13,2023-07-08
91,Miguel,Gil,miguel.gil91@gmail.com,3199580255,2,2024-04-26
92,Marino,López,marino.lópez92@gmail.com,3235273534,1,2024-11-21
93,Yamile,Herrera,yamile.herrera93@gmail.com,3084305700,6,2024-11-01
94,Nelson,Vargas,nelson.vargas94@gmail.com,3056266630,12,2021-05-25
95,Liliana,Cardona,liliana.cardona95@gmail.com,3249508103,5,2024-07-30
96,Rubiela,Castro,rubiela.castro96@gmail.com,3165960271,11,2021-06-05
97,Tatiana,Salgado,tatiana.salgado97@gmail.com,3067361002,12,2021-12-13
98,Raquel,Prieto,raquel.prieto98@gmail.com,3296049101,7,2020-01-02
99,Luis,Martínez,luis.martínez99@gmail.com,3144526280,7,2023-08-12
100,Bayron,Perea,bayron.perea100@gmail.com,3178418210,12,2022-05-25
101,Isaac,Carmona,isaac.carmona101@gmail.com,3273846949,12,2020-12-13
102,Gustavo,Pérez,gustavo.pérez102@gmail.com,3186623525,2,2022-08-20
103,Nayibe,Rojas,nayibe.rojas103@gmail.com,3244768844,4,2021-08-26
104,Yenny,Martínez,yenny.martínez104@gmail.com,3005107776,8,2020-10-25
105,Lizeth,Rengifo,lizeth.rengifo105@gmail.com,3164262081,13,2024-04-21
106,Mónica,Páez,mónica.páez106@gmail.com,3165093379,3,2020-01-23
107,Yasmín,Salazar,yasmín.salazar107@gmail.com,3064671545,3,2025-10-22
108,René,Barragán,rené.barragán108@gmail.com,3105180853,2,2025-02-12
109,Luis,Pinzón,luis.pinzón109@gmail.com,3079910914,11,2023-07-23
110,Lucía,Jiménez,lucía.jiménez110@gmail.com,3199468772,7,2024-12-31
111,Eder,Murillo,eder.murillo111@gmail.com,3078550917,5,2022-10-09
112,Andrés,Cano,andrés.cano112@gmail.com,3249745959,8,2022-09-06
113,Luz,Orozco,luz.orozco113@gmail.com,3172299954,13,2023-03-16
114,José,Márquez,josé.márquez114@gmail.com,3046634586,6,2020-11-26
115,Cecilia,Salamanca,cecilia.salamanca115@gmail.com,3024879923,7,2021-09-17
116,Ana,Díaz,ana.díaz116@gmail.com,3232077581,7,2024-07-27
117,Juan,Gil,juan.gil117@gmail.com,3188816912,7,2020-09-12
118,Leidy,González,leidy.gonzález118@gmail.com,3067534336,9,2020-03-21
119,Adolfo,Vargas,adolfo.vargas119@gmail.com,3269002392,1,2023-12-11
120,Juan,Beltrán,juan.beltrán120@gmail.com,3168030010,11,2022-06-22
121,Yuliana,Orozco,yuliana.orozco121@gmail.com,3135579094,7,2025-06-12
122,José,Betancur,josé.betancur122@gmail.com,3066639317,12,2024-07-14
123,Adriana,Becerra,adriana.becerra123@gmail.com,3228841505,3,2025-12-27
124,Daniela,Medina,daniela.medina124@gmail.com,3061454696,2,2024-10-21
125,Javier,Suárez,javier.suárez125@gmail.com,3074048907,1,2022-12-01
126,Valentina,Espinosa,valentina.espinosa126@gmail.com,3154551070,8,2023-08-31
127,Patricia,Cruz,patricia.cruz127@gmail.com,3165668371,7,2022-10-30
128,Ocampo,Orjuela,ocampo.orjuela128@gmail.com,3071325197,13,2020-08-01
129,Patricia,Rojas,patricia.rojas129@gmail.com,3132151225,12,2020-06-13
130,Mónica,Saavedra,mónica.saavedra130@gmail.com,3034344717,1,2021-09-16
131,Alonso,Cuéllar,alonso.cuéllar131@gmail.com,3028945036,12,2021-04-13
132,Eliana,Sánchez,eliana.sánchez132@gmail.com,3238801975,13,2022-11-15
133,Hernán,Narváez,hernán.narváez133@gmail.com,3122921542,3,2023-06-28
134,David,Ospino,david.ospino134@gmail.com,3091430812,5,2024-03-17
135,Jesús,Rodríguez,jesús.rodríguez135@gmail.com,3132275009,9,2022-09-21
136,Víctor,Suárez,víctor.suárez136@gmail.com,3043030966,9,2020-06-17
137,Alexander,Rico,alexander.rico137@gmail.com,3188186990,12,2024-02-26
138,Marcela,González,marcela.gonzález138@gmail.com,3086724909,1,2024-09-16
139,Sandra,Cortés,sandra.cortés139@gmail.com,3118273315,6,2025-02-26
140,Luisa,Calderón,luisa.calderón140@gmail.com,3228306261,3,2025-11-07
141,Óscar,Ramírez,óscar.ramírez141@gmail.com,3249111742,8,2024-11-19
142,Fernando,Ortiz,fernando.ortiz142@gmail.com,3295502929,6,2022-10-02
143,Anyi,Espitia,anyi.espitia143@gmail.com,3048563202,4,2025-03-18
144,Edgar,López,edgar.lópez144@gmail.com,3297358385,6,2020-04-27
145,Estela,Castro,estela.castro145@gmail.com,3154050766,8,2022-05-18
146,María,Fuentes,maría.fuentes146@gmail.com,3146709938,5,2023-02-05
147,Fernando,Muñoz,fernando.muñoz147@gmail.com,3209667566,4,2020-12-16
148,Jairo,Caicedo,jairo.caicedo148@gmail.com,3069196976,11,2022-09-11
149,Yadira,Rodríguez,yadira.rodríguez149@gmail.com,3279234615,8,2020-03-11
150,Ana,Nieto,ana.nieto150@gmail.com,3044717770,7,2022-09-23
151,Rubén,Vásquez,rubén.vásquez151@gmail.com,3197191135,8,2025-12-14
152,Hernán,Murillo,hernán.murillo152@gmail.com,3166549757,6,2025-02-01
153,Milena,Hernández,milena.hernández153@gmail.com,3145217853,4,2021-05-09
154,Natalia,Maldonado,natalia.maldonado154@gmail.com,3236294016,2,2022-01-28
155,Orlando,Estrada,orlando.estrada155@gmail.com,3039123504,5,2025-11-18
156,Ernesto,Rojas,ernesto.rojas156@gmail.com,3242686548,4,2023-04-28
157,Tatiana,López,tatiana.lópez157@gmail.com,3054010529,5,2020-02-27
158,Julio,Loaiza,julio.loaiza158@gmail.com,3283123709,5,2020-07-05
159,Silvia,Beltrán,silvia.beltrán159@gmail.com,3085901239,13,2021-06-01
160,Lucía,Oviedo,lucía.oviedo160@gmail.com,3272721135,1,2023-03-10
161,Wilson,Obando,wilson.obando161@gmail.com,3178389840,6,2022-01-25
162,Edwin,Rangel,edwin.rangel162@gmail.com,3049014965,2,2020-09-24
163,María,Galvis,maría.galvis163@gmail.com,3172242892,9,2020-08-07
164,Vanessa,Granados,vanessa.granados164@gmail.com,3026097514,2,2022-10-13
165,Francisco,Alvarado,francisco.alvarado165@gmail.com,3087982241,9,2022-07-13
166,Edwin,Ortiz,edwin.ortiz166@gmail.com,3268558378,8,2023-05-02
167,Fabián,González,fabián.gonzález167@gmail.com,3266123430,9,2020-09-03
168,Alfredo,Andrade,alfredo.andrade168@gmail.com,3214486102,12,2022-05-14
169,Inés,Ayala,inés.ayala169@gmail.com,3113634980,4,2021-12-12
170,Magda,Suárez,magda.suárez170@gmail.com,3213626181,1,2024-07-31
171,William,Torres,william.torres171@gmail.com,3198883823,5,2020-05-13
172,María,Ramírez,maría.ramírez172@gmail.com,3045743227,13,2025-02-02
173,Teresa,Leal,teresa.leal173@gmail.com,3035438490,12,2022-03-21
174,Reinaldo,Castro,reinaldo.castro174@gmail.com,3114771676,12,2021-09-02
175,Jorge,Castillo,jorge.castillo175@gmail.com,3122198058,1,2021-11-10
176,Joan,Montoya,joan.montoya176@gmail.com,3195842082,8,2021-05-24
177,Samuel,González,samuel.gonzález177@gmail.com,3147752972,5,2025-08-11
178,Marcos,Díaz,marcos.díaz178@gmail.com,3278344375,2,2020-06-12
179,Uriel,Ortiz,uriel.ortiz179@gmail.com,3155200476,1,2021-01-09
180,Sandra,Mejía,sandra.mejía180@gmail.com,3091348050,12,2023-01-08
181,Miguel,Álvarez,miguel.álvarez181@gmail.com,3203939212,8,2025-10-26
182,Alberto,Molina,alberto.molina182@gmail.com,3275666692,3,2024-11-20
183,Constanza,Escobar,constanza.escobar183@gmail.com,3272530793,8,2023-11-26
184,Johana,Blanco,johana.blanco184@gmail.com,3156386463,12,2021-03-04
185,María,Velandia,maría.velandia185@gmail.com,3057906258,13,2025-07-22
186,Andrés,Pinzón,andrés.pinzón186@gmail.com,3161615675,8,2020-12-26
187,Jairo,Camacho,jairo.camacho187@gmail.com,3146423634,2,2024-07-13
188,Juliana,García,juliana.garcía188@gmail.com,3208750676,7,2020-08-10
189,Enrique,Valencia,enrique.valencia189@gmail.com,3087069650,9,2025-08-03
190,Eugenia,Miranda,eugenia.miranda190@gmail.com,3271865901,4,2022-12-29
191,Óscar,Suárez,óscar.suárez191@gmail.com,3225832327,8,2025-06-08
192,Natalia,Parra,natalia.parra192@gmail.com,3005014745,13,2021-10-10
193,Yamile,Jiménez,yamile.jiménez193@gmail.com,3181229419,11,2024-07-29
194,Carmen,Salazar,carmen.salazar194@gmail.com,3032903561,8,2021-04-26
195,Walter,Buitrago,walter.buitrago195@gmail.com,3229361353,13,2023-04-10
196,Roberto,Garzón,roberto.garzón196@gmail.com,3247970771,8,2025-04-18
197,Karen,Vásquez,karen.vásquez197@gmail.com,3073426689,7,2022-02-19
198,María,Gutiérrez,maría.gutiérrez198@gmail.com,3283290229,2,2023-02-05
199,Ruby,Murillo,ruby.murillo199@gmail.com,3159518424,5,2020-01-11
200,Jesús,Restrepo,jesús.restrepo200@gmail.com,3149214801,3,2025-01-03
201,Vanesa,Rojas,vanesa.rojas201@gmail.com,3276790218,6,2024-03-25
202,Elsy,Galeano,elsy.galeano202@gmail.com,3154165061,13,2022-09-05
203,William,Pérez,william.pérez203@gmail.com,3264918527,7,2020-06-27
204,Andrea,Molina,andrea.molina204@gmail.com,3177395997,7,2021-09-15
205,Fernando,Quintero,fernando.quintero205@gmail.com,3103118060,11,2023-09-21
206,Leonardo,Espinosa,leonardo.espinosa206@gmail.com,3072672884,11,2025-02-14
207,Javier,Torres,javier.torres207@gmail.com,3027878299,12,2021-09-24
208,Alejandra,Rodríguez,alejandra.rodríguez208@gmail.com,3075446344,6,2024-06-16
209,Olga,Ortega,olga.ortega209@gmail.com,3216512415,12,2025-12-25
210,Gustavo,García,gustavo.garcía210@gmail.com,3159186400,11,2020-05-27
211,Fabiola,Méndez,fabiola.méndez211@gmail.com,3214938791,12,2023-03-23
212,Elena,Benavides,elena.benavides212@gmail.com,3018280833,2,2021-02-15
213,Candelaria,Vargas,candelaria.vargas213@gmail.com,3126024207,1,2020-07-07
214,Alexander,Rodríguez,alexander.rodríguez214@gmail.com,3105921894,6,2024-03-15
215,César,Fuentes,césar.fuentes215@gmail.com,3125096953,11,2024-08-14
216,Sandra,Salazar,sandra.salazar216@gmail.com,3223851852,3,2020-11-19
217,Gloria,Bustos,gloria.bustos217@gmail.com,3265040453,8,2021-08-09
218,José,Martínez,josé.martínez218@gmail.com,3075261032,8,2022-11-11
219,Tatiana,Miranda,tatiana.miranda219@gmail.com,3208805654,5,2021-10-09
220,Aida,Meneses,aida.meneses220@gmail.com,3076797629,9,2023-05-10
221,Enrique,Ojeda,enrique.ojeda221@gmail.com,3265195951,8,2023-05-22
222,Juan,Quiroga,juan.quiroga222@gmail.com,3069106886,2,2022-08-29
223,Adolfo,Ávila,adolfo.ávila223@gmail.com,3197022335,9,2023-04-26
224,Óscar,Mora,óscar.mora224@gmail.com,3241368085,12,2024-06-09
225,Álvaro,Vásquez,álvaro.vásquez225@gmail.com,3101822825,9,2025-07-27
226,Yesid,Sarmiento,yesid.sarmiento226@gmail.com,3136910964,4,2022-02-17
227,Cielo,Muñoz,cielo.muñoz227@gmail.com,3243294774,12,2021-02-01
228,Esther,Henao,esther.henao228@gmail.com,3206183033,8,2020-05-16
229,Sebastián,Guzmán,sebastián.guzmán229@gmail.com,3253204724,2,2023-04-23
230,Antonio,Castro,antonio.castro230@gmail.com,3163946751,4,2021-06-25
231,Ana,Gutiérrez,ana.gutiérrez231@gmail.com,3259906224,11,2023-01-21
232,Luisa,Ruiz,luisa.ruiz232@gmail.com,3049084065,5,2023-10-19
233,Andrés,Hernández,andrés.hernández233@gmail.com,3072263313,3,2022-07-13
234,Ángela,Vélez,ángela.vélez234@gmail.com,3267136687,2,2024-06-04
235,Camilo,Martínez,camilo.martínez235@gmail.com,3043073474,8,2024-02-18
236,Julia,Ríos,julia.ríos236@gmail.com,3247392547,12,2024-03-01
237,Marta,Rojas,marta.rojas237@gmail.com,3038910069,1,2023-09-05
238,Mireya,Espitia,mireya.espitia238@gmail.com,3232060605,12,2025-03-16
239,Juan,Vélez,juan.vélez239@gmail.com,3247850067,2,2021-07-26
240,Esteban,Cabrera,esteban.cabrera240@gmail.com,3006106390,8,2021-04-20
241,Mery,Rodríguez,mery.rodríguez241@gmail.com,3033276065,7,2025-02-01
242,Dayana,Gallego,dayana.gallego242@gmail.com,3188031780,9,2021-09-24
243,Guillermo,Posada,guillermo.posada243@gmail.com,3119209880,9,2024-07-29
244,Yuliana,Cano,yuliana.cano244@gmail.com,3107216461,4,2024-12-21
245,Luis,Agudelo,luis.agudelo245@gmail.com,3137084862,2,2024-02-13
246,Inés,Torres,inés.torres246@gmail.com,3252015861,7,2023-02-04
247,Nohora,Gómez,nohora.gómez247@gmail.com,3018628891,2,2022-05-18
248,Mary,Duarte,mary.duarte248@gmail.com,3291358318,1,2023-09-28
249,Karina,Pérez,karina.pérez249@gmail.com,3024442778,2,2022-04-28
250,Nury,Hernández,nury.hernández250@gmail.com,3234909069,6,2021-08-27
251,Antonio,Rodríguez,antonio.rodríguez251@gmail.com,3205651899,3,2021-06-16
252,Helena,Ospina,helena.ospina252@gmail.com,3243927575,2,2020-04-15
253,María,Franco,maría.franco253@gmail.com,3007010308,4,2023-08-19
254,Marcela,Restrepo,marcela.restrepo254@gmail.com,3025452128,1,2021-06-03
255,Luz,Rivera,luz.rivera255@gmail.com,3269826250,2,2020-09-17
256,Laura,Valencia,laura.valencia256@gmail.com,3177074006,11,2021-03-22
257,Cristian,Rivera,cristian.rivera257@gmail.com,3184716988,9,2020-06-26
258,César,Roa,césar.roa258@gmail.com,3286060517,8,2020-05-07
259,Johana,García,johana.garcía259@gmail.com,3077738019,7,2021-03-18
260,María,Montoya,maría.montoya260@gmail.com,3172232969,2,2023-08-12
261,Isidro,Romero,isidro.romero261@gmail.com,3222101965,3,2023-01-31
262,Jesús,Ocampo,jesús.ocampo262@gmail.com,3296455706,7,2025-12-13
263,Jesús,Gallego,jesús.gallego263@gmail.com,3179481739,9,2024-10-28
264,Bernardo,Ramírez,bernardo.ramírez264@gmail.com,3014607488,7,2025-01-23
265,María,Sánchez,maría.sánchez265@gmail.com,3066686328,8,2024-06-21
266,Carmen,Camacho,carmen.camacho266@gmail.com,3116243691,7,2023-07-04
267,Carlos,Torres,carlos.torres267@gmail.com,3247279729,3,2025-04-26
268,Diego,Castañeda,diego.castañeda268@gmail.com,3012432176,2,2024-11-03
269,Claudia,Calderón,claudia.calderón269@gmail.com,3053182975,11,2020-09-02
270,César,González,césar.gonzález270@gmail.com,3286530541,12,2021-05-15
271,Leonardo,Alfonso,leonardo.alfonso271@gmail.com,3158095702,13,2020-07-29
272,Sandra,Rodríguez,sandra.rodríguez272@gmail.com,3196242022,6,2021-02-28
273,Mercedes,Buitrago,mercedes.buitrago273@gmail.com,3284569164,3,2025-05-29
274,Richard,Medina,richard.medina274@gmail.com,3016873938,11,2024-02-14
275,Alejandro,García,alejandro.garcía275@gmail.com,3044794319,7,2020-04-17
276,Eduardo,Pineda,eduardo.pineda276@gmail.com,3241485753,3,2023-01-24
277,Sandra,Perdomo,sandra.perdomo277@gmail.com,3246701311,6,2020-01-26
278,Gustavo,Carvajal,gustavo.carvajal278@gmail.com,3027724045,2,2021-08-04
279,Paola,Castrillón,paola.castrillón279@gmail.com,3202539438,13,2025-12-12
280,Julio,Romero,julio.romero280@gmail.com,3068043620,8,2023-10-28
281,Elisa,Arias,elisa.arias281@gmail.com,3056228407,13,2023-08-21
282,José,Herrera,josé.herrera282@gmail.com,3292425342,1,2021-09-29
283,Gustavo,Pinto,gustavo.pinto283@gmail.com,3091834876,12,2020-11-30
284,Sandra,Salamanca,sandra.salamanca284@gmail.com,3178113787,8,2024-12-15
285,Fernando,Salcedo,fernando.salcedo285@gmail.com,3144616647,11,2021-04-11
286,Camilo,Mejía,camilo.mejía286@gmail.com,3162860421,5,2025-06-16
287,Felipe,Paz,felipe.paz287@gmail.com,3241761976,4,2024-06-06
288,Alba,Montes,alba.montes288@gmail.com,3201128967,4,2023-05-19
289,Andrés,Ramos,andrés.ramos289@gmail.com,3025286905,5,2023-09-05
290,Nohora,Ariza,nohora.ariza290@gmail.com,3009344741,13,2024-10-29
291,Alba,Melo,alba.melo291@gmail.com,3027378822,11,2022-07-31
292,Álvaro,García,álvaro.garcía292@gmail.com,3286941939,2,2024-06-14
293,Alonso,Vargas,alonso.vargas293@gmail.com,3208318550,1,2025-02-26
294,Antonia,León,antonia.león294@gmail.com,3058202195,9,2024-07-14
295,Lizeth,Gómez,lizeth.gómez295@gmail.com,3265857259,2,2024-07-17
296,Hernando,Díaz,hernando.díaz296@gmail.com,3053883553,9,2025-02-27
297,Laura,Bautista,laura.bautista297@gmail.com,3252478574,7,2021-03-09
298,Ruth,Rangel,ruth.rangel298@gmail.com,3067718433,11,2020-11-18
299,Diego,Castro,diego.castro299@gmail.com,3146696087,4,2023-09-26
300,María,Erazo,maría.erazo300@gmail.com,3019564488,12,2021-04-12
301,Andrea,Pinzón,andrea.pinzón301@gmail.com,3284253164,6,2023-12-09
302,Anyi,Uribe,anyi.uribe302@gmail.com,3224963933,2,2021-08-22
303,Eduardo,Jaimes,eduardo.jaimes303@gmail.com,3133910830,9,2021-09-18
304,Concepción,Alzate,concepción.alzate304@gmail.com,3213972018,12,2025-07-16
305,Andrea,Torres,andrea.torres305@gmail.com,3198531380,12,2023-08-16
306,Eduardo,Suárez,eduardo.suárez306@gmail.com,3253532644,8,2020-10-06
307,Carlos,Ortega,carlos.ortega307@gmail.com,3176080483,5,2020-08-18
308,Andrés,Salazar,andrés.salazar308@gmail.com,3182244712,5,2025-03-06
309,Mauricio,Valencia,mauricio.valencia309@gmail.com,3101954456,6,2023-03-21
310,Diego,Ortiz,diego.ortiz310@gmail.com,3019507186,7,2025-03-10
311,Tatiana,González,tatiana.gonzález311@gmail.com,3281688246,8,2022-02-10
312,Elena,González,elena.gonzález312@gmail.com,3198979730,11,2021-09-09
313,Andrés,Castellanos,andrés.castellanos313@gmail.com,3072736473,6,2020-12-11
314,Rosa,Rojas,rosa.rojas314@gmail.com,3221656695,4,2024-11-28
315,Yeny,Vanegas,yeny.vanegas315@gmail.com,3189770256,9,2021-10-12
316,Ismael,Silva,ismael.silva316@gmail.com,3155746166,7,2024-08-01
317,Amparo,López,amparo.lópez317@gmail.com,3191878547,12,2023-10-02
318,Elena,Torres,elena.torres318@gmail.com,3052585546,11,2024-05-02
319,Gloria,Rodríguez,gloria.rodríguez319@gmail.com,3143522845,6,2020-11-29
320,Andrés,Castro,andrés.castro320@gmail.com,3226869018,5,2024-05-24
321,Roger,Cortés,roger.cortés321@gmail.com,3092421349,5,2024-03-22
322,Jhon,Hernández,jhon.hernández322@gmail.com,3253144023,12,2025-11-26
323,Gabriel,Rincón,gabriel.rincón323@gmail.com,3069531021,6,2020-03-15
324,Omar,Córdoba,omar.córdoba324@gmail.com,3144024309,4,2023-10-31
325,Yuly,Mendoza,yuly.mendoza325@gmail.com,3134800761,3,2021-09-26
326,Rosa,Martínez,rosa.martínez326@gmail.com,3042696860,11,2025-11-26
327,Alex,Acosta,alex.acosta327@gmail.com,3053198638,9,2024-03-23
328,Armando,Castillo,armando.castillo328@gmail.com,3024034091,13,2021-11-09
329,Patricia,Méndez,patricia.méndez329@gmail.com,3271733037,7,2024-02-01
330,Luz,Sánchez,luz.sánchez330@gmail.com,3238452417,9,2023-03-13
331,Luis,Suárez,luis.suárez331@gmail.com,3274925917,11,2022-09-06
332,Ovidio,González,ovidio.gonzález332@gmail.com,3174255051,6,2024-12-09
333,Cristian,Calderón,cristian.calderón333@gmail.com,3147406756,11,2025-11-30
334,Dario,Torres,dario.torres334@gmail.com,3124350371,9,2021-07-20
335,José,Cardona,josé.cardona335@gmail.com,3109062973,6,2021-02-24
336,Lida,Estrada,lida.estrada336@gmail.com,3283091745,5,2020-12-09
337,Bladimir,Suárez,bladimir.suárez337@gmail.com,3048538325,11,2021-08-26
338,Antonio,León,antonio.león338@gmail.com,3114725179,8,2023-12-02
339,Jairo,Erazo,jairo.erazo339@gmail.com,3061893502,7,2025-08-18
340,Laura,Rojas,laura.rojas340@gmail.com,3137478792,2,2024-03-15
341,Alexander,Sánchez,alexander.sánchez341@gmail.com,3006346644,2,2023-10-05
342,Carolina,García,carolina.garcía342@gmail.com,3021642620,5,2025-04-19
343,María,Cardona,maría.cardona343@gmail.com,3228870361,8,2020-01-22
344,Juan,Jiménez,juan.jiménez344@gmail.com,3005293691,4,2021-09-04
345,Cristina,Toro,cristina.toro345@gmail.com,3299854536,7,2021-03-31
346,Diego,Cárdenas,diego.cárdenas346@gmail.com,3136052478,2,2020-07-14
347,Eduardo,Salgado,eduardo.salgado347@gmail.com,3068669093,2,2021-03-30
348,Fabián,Pineda,fabián.pineda348@gmail.com,3199993490,1,2025-10-11
349,Alexander,Saavedra,alexander.saavedra349@gmail.com,3233408819,5,2024-10-24
350,Manuela,Vásquez,manuela.vásquez350@gmail.com,3096919270,4,2024-09-02
351,Jorge,Gamboa,jorge.gamboa351@gmail.com,3019782613,6,2020-10-04
352,Pablo,García,pablo.garcía352@gmail.com,3289511546,11,2020-03-24
353,Claudia,Álvarez,claudia.álvarez353@gmail.com,3171730386,12,2024-05-03
354,César,Jaramillo,césar.jaramillo354@gmail.com,3141272499,6,2020-10-03
355,Nancy,González,nancy.gonzález355@gmail.com,3132739191,9,2023-09-23
356,Eduardo,Bermúdez,eduardo.bermúdez356@gmail.com,3006910597,11,2023-10-18
357,James,Sierra,james.sierra357@gmail.com,3228795078,13,2025-05-14
358,Ibeth,García,ibeth.garcía358@gmail.com,3223262450,2,2025-02-17
359,María,Mejía,maría.mejía359@gmail.com,3044382135,1,2022-03-28
360,Paula,Vargas,paula.vargas360@gmail.com,3056202210,11,2024-06-19
361,Andrea,Burgos,andrea.burgos361@gmail.com,3275249899,1,2022-02-21
362,Fredy,Córdoba,fredy.córdoba362@gmail.com,3151802018,12,2023-09-21
363,Jhoan,Anaya,jhoan.anaya363@gmail.com,3117174337,7,2024-06-26
364,Javier,Ortiz,javier.ortiz364@gmail.com,3277486822,6,2022-02-04
365,María,Tovar,maría.tovar365@gmail.com,3177163058,11,2022-12-28
366,Nelcy,Arango,nelcy.arango366@gmail.com,3062324175,7,2022-01-09
367,Albeiro,Díaz,albeiro.díaz367@gmail.com,3246389033,2,2020-11-23
368,Juan,Acevedo,juan.acevedo368@gmail.com,3146142147,8,2024-10-11
369,Nathalia,López,nathalia.lópez369@gmail.com,3076897979,8,2020-06-22
370,Doris,Quintero,doris.quintero370@gmail.com,3258297090,5,2020-08-22
371,Enrique,Andrade,enrique.andrade371@gmail.com,3067095349,11,2021-10-17
372,Sofía,Aguirre,sofía.aguirre372@gmail.com,3028351320,1,2021-06-01
373,Nancy,Garcés,nancy.garcés373@gmail.com,3037145971,6,2024-04-17
374,John,Caicedo,john.caicedo374@gmail.com,3203574265,12,2025-01-16
375,Yasmín,Álvarez,yasmín.álvarez375@gmail.com,3158448065,2,2021-07-17
376,Paula,Manrique,paula.manrique376@gmail.com,3257677903,6,2023-02-15
377,Lilia,Molina,lilia.molina377@gmail.com,3011434753,13,2022-02-01
378,Adalberto,Navarro,adalberto.navarro378@gmail.com,3187492570,11,2021-04-27
379,Andrés,Peña,andrés.peña379@gmail.com,3148487220,4,2023-03-15
380,Liliana,Morales,liliana.morales380@gmail.com,3274358435,2,2021-07-09
381,Alfonso,Pineda,alfonso.pineda381@gmail.com,3073896693,13,2024-12-28
382,Rafael,Ramírez,rafael.ramírez382@gmail.com,3056828829,13,2020-09-22
383,Luis,Chaparro,luis.chaparro383@gmail.com,3285871470,5,2021-10-07
384,Betty,Benavides,betty.benavides384@gmail.com,3227064832,11,2022-07-07
385,Paola,Quiroz,paola.quiroz385@gmail.com,3033329967,4,2025-07-16
386,Alberto,Moreno,alberto.moreno386@gmail.com,3057189302,8,2021-06-15
387,Cecilia,Caicedo,cecilia.caicedo387@gmail.com,3212103070,5,2024-06-18
388,Luis,López,luis.lópez388@gmail.com,3279819709,7,2024-08-04
389,Jonatan,Barreto,jonatan.barreto389@gmail.com,3213102634,6,2020-10-30
390,Esmeralda,González,esmeralda.gonzález390@gmail.com,3179679860,6,2021-06-09
391,Hernán,Sierra,hernán.sierra391@gmail.com,3294052834,3,2024-11-07
392,Óscar,Palacios,óscar.palacios392@gmail.com,3203083077,11,2021-09-18
393,Esperanza,Palacio,esperanza.palacio393@gmail.com,3123717354,6,2022-07-12
394,Aurelio,Vargas,aurelio.vargas394@gmail.com,3185765539,2,2022-10-23
395,Luis,Flórez,luis.flórez395@gmail.com,3085604524,3,2023-05-25
396,Elkin,Palacios,elkin.palacios396@gmail.com,3282567468,11,2021-11-21
397,Fabio,Alvarado,fabio.alvarado397@gmail.com,3293586950,3,2023-10-14
398,Esperanza,Angulo,esperanza.angulo398@gmail.com,3201476028,2,2020-07-05
399,Marleny,Betancur,marleny.betancur399@gmail.com,3295440189,12,2022-05-13
400,José,Fonseca,josé.fonseca400@gmail.com,3261508113,8,2023-04-01
401,Amparo,Jiménez,amparo.jiménez401@gmail.com,3249102469,4,2024-07-21
402,Juan,Molano,juan.molano402@gmail.com,3172224284,13,2020-09-02
403,Janneth,Sánchez,janneth.sánchez403@gmail.com,3077972975,8,2025-03-17
404,Andrés,Herrera,andrés.herrera404@gmail.com,3053410360,6,2023-07-31
405,Luis,Ríos,luis.ríos405@gmail.com,3257689354,3,2024-02-26
406,Yasmín,Ruiz,yasmín.ruiz406@gmail.com,3282781470,6,2022-09-17
407,Liliana,Benavides,liliana.benavides407@gmail.com,3115487430,8,2022-10-12
408,Carlos,Moreno,carlos.moreno408@gmail.com,3011849015,5,2024-04-22
409,Iván,Gómez,iván.gómez409@gmail.com,3265165284,3,2023-09-03
410,Mauricio,Rueda,mauricio.rueda410@gmail.com,3254184887,3,2025-08-02
411,Edwin,Flórez,edwin.flórez411@gmail.com,3279367799,5,2025-07-30
412,Alexander,Fonseca,alexander.fonseca412@gmail.com,3017597509,11,2025-02-15
413,Arbey,Zapata,arbey.zapata413@gmail.com,3036920597,1,2020-07-26
414,María,Sierra,maría.sierra414@gmail.com,3178895137,5,2020-02-03
415,Juan,Polo,juan.polo415@gmail.com,3063247055,5,2024-02-07
416,Omar,Mendoza,omar.mendoza416@gmail.com,3151759041,7,2020-07-28
417,Andrés,Cruz,andrés.cruz417@gmail.com,3284265774,6,2023-03-28
418,Daniel,Peña,daniel.peña418@gmail.com,3069460003,8,2023-02-19
419,Jesús,Sánchez,jesús.sánchez419@gmail.com,3292993318,3,2021-01-31
420,Yuly,Tamayo,yuly.tamayo420@gmail.com,3156688907,11,2024-02-06
421,Ruth,Aguirre,ruth.aguirre421@gmail.com,3039541658,7,2025-08-10
422,Jesús,Melo,jesús.melo422@gmail.com,3001652868,3,2023-09-26
423,Hernando,Andrade,hernando.andrade423@gmail.com,3188666995,3,2025-10-12
424,Mery,Ruiz,mery.ruiz424@gmail.com,3056344047,3,2024-05-28
425,Óscar,Ochoa,óscar.ochoa425@gmail.com,3246643410,11,2025-09-18
426,Alfredo,Gómez,alfredo.gómez426@gmail.com,3276029651,8,2020-03-09
427,Patricia,Barrera,patricia.barrera427@gmail.com,3152838859,7,2023-06-14
428,Marco,Bolívar,marco.bolívar428@gmail.com,3208962302,5,2022-07-21
429,Mauricio,Mejía,mauricio.mejía429@gmail.com,3209060593,3,2025-11-17
430,Diana,Acevedo,diana.acevedo430@gmail.com,3297378535,3,2022-09-19
431,Omar,Marín,omar.marín431@gmail.com,3092843740,4,2020-03-18
432,Jhon,Rentería,jhon.rentería432@gmail.com,3158025967,3,2024-08-18
433,Luz,Rosero,luz.rosero433@gmail.com,3237884990,11,2025-04-15
434,Margarita,Rivera,margarita.rivera434@gmail.com,3203316639,11,2022-04-29
435,Milena,Contreras,milena.contreras435@gmail.com,3259025733,11,2024-03-23
436,Carlos,Alzate,carlos.alzate436@gmail.com,3128711874,11,2023-11-03
437,Carolina,García,carolina.garcía437@gmail.com,3255435261,9,2025-06-06
438,Alfredo,Beltrán,alfredo.beltrán438@gmail.com,3035680950,11,2023-05-07
439,Daniela,Barreto,daniela.barreto439@gmail.com,3045848684,13,2022-04-29
440,Isabel,Restrepo,isabel.restrepo440@gmail.com,3276319061,8,2023-11-29
441,Johana,Muñoz,johana.muñoz441@gmail.com,3245828304,2,2024-04-04
442,María,Cifuentes,maría.cifuentes442@gmail.com,3153457461,5,2020-06-21
443,Rodrigo,Buitrago,rodrigo.buitrago443@gmail.com,3116811015,8,2022-11-16
444,Cecilia,Marín,cecilia.marín444@gmail.com,3274590102,4,2023-01-15
445,Johanna,Fernández,johanna.fernández445@gmail.com,3243303058,2,2022-09-07
446,Fernando,Salazar,fernando.salazar446@gmail.com,3009909397,4,2022-08-11
447,Tatiana,Meza,tatiana.meza447@gmail.com,3017934046,6,2025-04-18
448,Alejandra,Flórez,alejandra.flórez448@gmail.com,3021086930,11,2021-10-08
449,Lidia,Moreno,lidia.moreno449@gmail.com,3179010256,12,2022-03-27
450,Carlos,Córdoba,carlos.córdoba450@gmail.com,3155788474,12,2020-08-30
451,Faber,Jiménez,faber.jiménez451@gmail.com,3094896008,11,2020-06-01
452,Bryan,Navarro,bryan.navarro452@gmail.com,3063949245,1,2024-06-14
453,Esperanza,Ospina,esperanza.ospina453@gmail.com,3125856449,1,2020-02-07
454,Manuel,Sarmiento,manuel.sarmiento454@gmail.com,3192800206,6,2023-03-11
455,Luz,Calderón,luz.calderón455@gmail.com,3189796605,8,2021-07-03
456,Azucena,Rentería,azucena.rentería456@gmail.com,3275577446,4,2021-04-06
457,Alexandra,Vera,alexandra.vera457@gmail.com,3128699307,12,2022-11-19
458,Alberto,Romero,alberto.romero458@gmail.com,3221236293,13,2023-10-12
459,Fernando,Beltrán,fernando.beltrán459@gmail.com,3194240708,3,2024-07-18
460,Javier,Camargo,javier.camargo460@gmail.com,3186501696,2,2024-06-29
461,Alexander,Velasco,alexander.velasco461@gmail.com,3214100114,3,2025-05-09
462,Antonio,Rentería,antonio.rentería462@gmail.com,3131114590,5,2024-04-20
463,Jorge,Álvarez,jorge.álvarez463@gmail.com,3075479421,6,2023-05-21
464,Edna,Murillo,edna.murillo464@gmail.com,3291191859,5,2024-01-12
465,Miguel,López,miguel.lópez465@gmail.com,3232042273,12,2021-04-29
466,Elizabeth,Cano,elizabeth.cano466@gmail.com,3143679603,7,2025-08-20
467,Gloria,Hernández,gloria.hernández467@gmail.com,3242969909,12,2023-04-23
468,Andrés,Domínguez,andrés.domínguez468@gmail.com,3194705235,4,2021-07-01
469,Andrés,Caro,andrés.caro469@gmail.com,3128633275,13,2024-03-10
470,Álvaro,Muñoz,álvaro.muñoz470@gmail.com,3188899184,11,2022-06-13
471,Augusto,Ramos,augusto.ramos471@gmail.com,3092373555,11,2025-01-03
472,Mario,Cano,mario.cano472@gmail.com,3252310346,9,2021-04-04
473,Ruth,González,ruth.gonzález473@gmail.com,3089480665,4,2021-09-05
474,Uriel,Hernández,uriel.hernández474@gmail.com,3059729882,8,2021-04-21
475,Didier,Estrada,didier.estrada475@gmail.com,3239201172,2,2025-09-21
476,Daniel,Puentes,daniel.puentes476@gmail.com,3108607331,3,2025-10-03
477,Reinaldo,Cifuentes,reinaldo.cifuentes477@gmail.com,3171968662,11,2025-03-08
478,Dora,Mercado,dora.mercado478@gmail.com,3241365247,7,2022-11-08
479,María,Montoya,maría.montoya479@gmail.com,3032225232,1,2024-10-01
480,Elvia,Sandoval,elvia.sandoval480@gmail.com,3112010921,2,2025-04-17
481,Javier,Orozco,javier.orozco481@gmail.com,3047859648,3,2021-07-08
482,Armando,Ballesteros,armando.ballesteros482@gmail.com,3267282411,7,2025-01-11
483,Sandra,Moreno,sandra.moreno483@gmail.com,3162346371,12,2021-06-28
484,María,Loaiza,maría.loaiza484@gmail.com,3252990334,3,2024-05-28
485,Luis,Ceballos,luis.ceballos485@gmail.com,3224736121,1,2020-04-03
486,Inés,Martínez,inés.martínez486@gmail.com,3178115687,11,2024-04-02
487,Augusto,Chávez,augusto.chávez487@gmail.com,3038728009,6,2021-09-27
488,Angie,Parra,angie.parra488@gmail.com,3132893218,1,2024-09-13
489,Isabel,Monroy,isabel.monroy489@gmail.com,3205037710,4,2020-10-02
490,Angie,Rincón,angie.rincón490@gmail.com,3091563316,8,2020-07-18
491,Diana,Murcia,diana.murcia491@gmail.com,3007748892,8,2022-08-17
492,Marcela,Cárdenas,marcela.cárdenas492@gmail.com,3231946973,3,2025-08-25
493,Enrique,Villamizar,enrique.villamizar493@gmail.com,3136350316,9,2023-08-06
494,Gregorio,Guerrero,gregorio.guerrero494@gmail.com,3043403511,12,2025-11-05
495,Jairo,Sánchez,jairo.sánchez495@gmail.com,3066041569,5,2020-09-06
496,Marleny,López,marleny.lópez496@gmail.com,3293938247,12,2024-10-15
497,Josefa,Parra,josefa.parra497@gmail.com,3271786584,6,2024-04-10
498,Rodolfo,Gómez,rodolfo.gómez498@gmail.com,3257984768,7,2021-09-03
499,Astrid,Marín,astrid.marín499@gmail.com,3164084977,11,2025-04-23
500,Leandro,Ordóñez,leandro.ordóñez500@gmail.com,3036045519,13,2021-08-14
501,Diana,Duque,diana.duque501@gmail.com,3107923579,7,2025-12-10
502,Luis,Mantilla,luis.mantilla502@gmail.com,3065074489,5,2022-04-12
503,Clara,Castillo,clara.castillo503@gmail.com,3118546170,6,2021-01-13
504,Liliana,González,liliana.gonzález504@gmail.com,3231864641,5,2024-03-24
505,Edgar,Cárdenas,edgar.cárdenas505@gmail.com,3291663497,2,2022-02-09
506,Alexander,Bedoya,alexander.bedoya506@gmail.com,3284640933,8,2022-05-05
507,Juan,Rodríguez,juan.rodríguez507@gmail.com,3141257256,4,2022-02-17
508,Fabián,Vargas,fabián.vargas508@gmail.com,3219034958,4,2022-04-17
509,Carmen,Ospina,carmen.ospina509@gmail.com,3136395804,5,2024-04-08
510,Patricia,Cabrera,patricia.cabrera510@gmail.com,3187027375,5,2022-12-07
511,Adriana,Rojas,adriana.rojas511@gmail.com,3189342928,8,2021-02-07
512,Gabriel,Valencia,gabriel.valencia512@gmail.com,3276372622,4,2024-02-27
513,Milena,Galeano,milena.galeano513@gmail.com,3161766977,9,2022-06-25
514,María,Andrade,maría.andrade514@gmail.com,3221272124,5,2024-09-06
515,Milena,Hernández,milena.hernández515@gmail.com,3124291551,6,2022-07-31
516,Tatiana,Pérez,tatiana.pérez516@gmail.com,3195122665,8,2023-10-14
517,Alexander,Rodríguez,alexander.rodríguez517@gmail.com,3179230828,8,2021-11-20
518,María,Angulo,maría.angulo518@gmail.com,3253839807,3,2025-06-23
519,Leidy,Valencia,leidy.valencia519@gmail.com,3081985360,11,2020-05-18
520,Carolina,Martínez,carolina.martínez520@gmail.com,3001107102,7,2021-07-17
521,Jairo,Silva,jairo.silva521@gmail.com,3232140312,13,2021-09-10
522,Mauricio,Acosta,mauricio.acosta522@gmail.com,3039484790,8,2024-03-08
523,Jaime,Molina,jaime.molina523@gmail.com,3099106820,12,2025-06-21
524,Sandra,Mora,sandra.mora524@gmail.com,3009929043,11,2024-08-11
525,Giovanny,Gómez,giovanny.gómez525@gmail.com,3009882154,13,2023-01-30
526,Julián,Gaviria,julián.gaviria526@gmail.com,3241287605,11,2024-10-29
527,José,Cruz,josé.cruz527@gmail.com,3012615878,11,2021-09-01
528,Smith,Martínez,smith.martínez528@gmail.com,3039832465,5,2023-12-22
529,Yina,Castillo,yina.castillo529@gmail.com,3162325722,6,2024-07-21
530,Eduardo,Rincón,eduardo.rincón530@gmail.com,3195080351,13,2022-07-14
531,Steven,García,steven.garcía531@gmail.com,3111531577,2,2024-07-18
532,Ana,León,ana.león532@gmail.com,3168986040,1,2020-02-08
533,Patricia,Castro,patricia.castro533@gmail.com,3222387242,8,2024-11-12
534,Fernando,Caicedo,fernando.caicedo534@gmail.com,3252599906,11,2020-06-23
535,Camila,Portilla,camila.portilla535@gmail.com,3038977571,5,2020-07-09
536,Andrés,Cárdenas,andrés.cárdenas536@gmail.com,3041552000,3,2023-07-12
537,Alberto,López,alberto.lópez537@gmail.com,3033419132,13,2024-06-19
538,Diego,Márquez,diego.márquez538@gmail.com,3043725462,9,2022-09-11
539,Jesús,Solano,jesús.solano539@gmail.com,3266565503,7,2021-07-27
540,Óscar,Rojas,óscar.rojas540@gmail.com,3219401909,13,2023-11-17
541,Yesenia,Torres,yesenia.torres541@gmail.com,3018333124,4,2020-11-07
542,Ruth,Cárdenas,ruth.cárdenas542@gmail.com,3197655572,6,2020-05-01
543,Marta,López,marta.lópez543@gmail.com,3248558977,8,2022-07-23
544,Graciela,Vergara,graciela.vergara544@gmail.com,3187298619,7,2022-01-30
545,Katherine,Sánchez,katherine.sánchez545@gmail.com,3297376562,2,2023-04-24
546,Harold,Martínez,harold.martínez546@gmail.com,3012376369,5,2021-09-23
547,Álvaro,López,álvaro.lópez547@gmail.com,3127536772,6,2024-01-17
548,Diana,Daza,diana.daza548@gmail.com,3011087161,5,2024-12-26
549,Edwin,Velásquez,edwin.velásquez549@gmail.com,3142715158,3,2020-12-23
550,Juan,Londoño,juan.londoño550@gmail.com,3068530347,11,2025-09-29
551,Sofía,González,sofía.gonzález551@gmail.com,3111440601,2,2023-12-20
552,Sonia,Soto,sonia.soto552@gmail.com,3216443037,7,2020-02-20
553,César,Salas,césar.salas553@gmail.com,3167506196,2,2022-09-21
554,Óscar,Bolaños,óscar.bolaños554@gmail.com,3283845129,12,2024-04-08
555,Alberto,Romero,alberto.romero555@gmail.com,3025511711,5,2023-01-04
556,Carlos,Rojas,carlos.rojas556@gmail.com,3122061446,3,2024-11-15
557,Alexander,Torres,alexander.torres557@gmail.com,3166029008,8,2020-11-11
558,Sandra,Meza,sandra.meza558@gmail.com,3145137094,13,2025-07-23
559,Aura,Castellanos,aura.castellanos559@gmail.com,3294280754,8,2021-03-14
560,Carlos,Arévalo,carlos.arévalo560@gmail.com,3041113537,7,2023-09-22
561,Santiago,Bastidas,santiago.bastidas561@gmail.com,3266528792,8,2023-10-03
562,Leonardo,Ávila,leonardo.ávila562@gmail.com,3193283789,5,2023-08-06
563,Jorge,Rodríguez,jorge.rodríguez563@gmail.com,3239036449,6,2021-12-28
564,Edinson,Salcedo,edinson.salcedo564@gmail.com,3155889688,13,2025-07-04
565,Alba,Díaz,alba.díaz565@gmail.com,3236467463,7,2023-02-22
566,Diego,Álvarez,diego.álvarez566@gmail.com,3152910720,9,2022-03-29
567,Ruth,Rodríguez,ruth.rodríguez567@gmail.com,3284018677,12,2020-04-20
568,Gabriel,Ospina,gabriel.ospina568@gmail.com,3274517316,8,2023-04-08
569,Yenny,Sánchez,yenny.sánchez569@gmail.com,3217864256,12,2025-08-07
570,Fernando,Gómez,fernando.gómez570@gmail.com,3045060441,5,2021-09-23
571,Mauricio,Rojas,mauricio.rojas571@gmail.com,3267324856,2,2025-01-13
572,Mireya,Herrera,mireya.herrera572@gmail.com,3277724393,11,2025-09-06
573,Eliana,Camargo,eliana.camargo573@gmail.com,3261616817,6,2020-12-14
574,Jaime,Ospina,jaime.ospina574@gmail.com,3036956059,3,2020-06-30
575,Andrea,Martínez,andrea.martínez575@gmail.com,3266563269,7,2021-03-09
576,Cecilia,Garzón,cecilia.garzón576@gmail.com,3015340909,4,2025-09-22
577,Javier,Ortiz,javier.ortiz577@gmail.com,3284708297,8,2024-03-12
578,Alexander,Reyes,alexander.reyes578@gmail.com,3179396422,3,2023-11-13
579,Vanesa,Castro,vanesa.castro579@gmail.com,3072754047,5,2024-08-30
580,Alfonso,González,alfonso.gonzález580@gmail.com,3013376915,6,2023-07-01
581,Ruby,Gutiérrez,ruby.gutiérrez581@gmail.com,3174470657,11,2025-06-01
582,Javier,Reyes,javier.reyes582@gmail.com,3172637842,8,2025-01-27
583,Enrique,Gómez,enrique.gómez583@gmail.com,3116037595,1,2021-04-16
584,Dary,Carvajal,dary.carvajal584@gmail.com,3052834801,12,2021-11-04
585,María,Suárez,maría.suárez585@gmail.com,3239656941,3,2021-10-17
586,Laura,Hernández,laura.hernández586@gmail.com,3188153291,8,2022-08-07
587,Rocío,Valencia,rocío.valencia587@gmail.com,3124127053,12,2024-11-05
588,María,Cano,maría.cano588@gmail.com,3104310554,8,2024-10-25
589,Gloria,Rivera,gloria.rivera589@gmail.com,3104603680,4,2023-02-14
590,Diego,Sierra,diego.sierra590@gmail.com,3212707116,11,2022-02-04
591,Hernán,Arévalo,hernán.arévalo591@gmail.com,3154306357,8,2021-04-11
592,Patricia,Prieto,patricia.prieto592@gmail.com,3179853588,12,2023-07-07
593,María,Rodríguez,maría.rodríguez593@gmail.com,3267585795,9,2021-04-12
594,Marco,Prieto,marco.prieto594@gmail.com,3158681625,9,2021-12-07
595,Carlos,Córdoba,carlos.córdoba595@gmail.com,3242421902,12,2021-07-02
596,Camilo,Guerrero,camilo.guerrero596@gmail.com,3115002586,5,2021-04-24
597,Martha,Rodríguez,martha.rodríguez597@gmail.com,3053371602,11,2024-05-10
598,Camila,Meneses,camila.meneses598@gmail.com,3193313029,9,2024-04-20
599,David,Roa,david.roa599@gmail.com,3129164971,12,2021-12-10
600,Jonathan,López,jonathan.lópez600@gmail.com,3229214830,5,2021-07-28
601,Santiago,Vargas,santiago.vargas601@gmail.com,3058566540,9,2020-08-07
602,Juan,Silva,juan.silva602@gmail.com,3109130388,3,2022-03-10
603,Rosalba,Álvarez,rosalba.álvarez603@gmail.com,3189479842,12,2025-07-20
604,Ruth,Quintero,ruth.quintero604@gmail.com,3177973121,13,2024-12-23
605,Claudia,Palacios,claudia.palacios605@gmail.com,3122386982,9,2020-05-06
606,Martha,Palacios,martha.palacios606@gmail.com,3041548532,5,2022-07-09
607,Eliecer,Romero,eliecer.romero607@gmail.com,3243822078,8,2025-07-21
608,Miguel,Figueroa,miguel.figueroa608@gmail.com,3282899365,9,2021-04-12
609,Víctor,Moreno,víctor.moreno609@gmail.com,3187154919,11,2020-06-19
610,Milena,Ramírez,milena.ramírez610@gmail.com,3274666525,7,2021-02-23
611,Alberto,Ochoa,alberto.ochoa611@gmail.com,3235994727,1,2025-01-16
612,Jesús,Díaz,jesús.díaz612@gmail.com,3152459332,8,2021-04-25
613,Iván,Zapata,iván.zapata613@gmail.com,3036882609,13,2024-10-19
614,Alfonso,Ochoa,alfonso.ochoa614@gmail.com,3093335975,4,2022-04-27
615,Mayerly,Salgado,mayerly.salgado615@gmail.com,3096885707,11,2023-02-25
616,Carlos,Acevedo,carlos.acevedo616@gmail.com,3283824903,6,2023-04-13
617,Antonio,Alvarado,antonio.alvarado617@gmail.com,3195485272,11,2021-01-25
618,Antonio,Sánchez,antonio.sánchez618@gmail.com,3061994652,5,2021-06-03
619,Patricia,Marín,patricia.marín619@gmail.com,3225188889,3,2023-08-12
620,Angie,Castro,angie.castro620@gmail.com,3069211754,3,2023-01-05
621,Luz,Palacios,luz.palacios621@gmail.com,3267294347,8,2020-11-05
622,Mercedes,Cárdenas,mercedes.cárdenas622@gmail.com,3217758714,11,2023-02-13
623,Luz,Serrano,luz.serrano623@gmail.com,3258628527,8,2023-09-02
624,Ana,Alvarado,ana.alvarado624@gmail.com,3202562657,13,2025-02-20
625,Guillermo,Garzón,guillermo.garzón625@gmail.com,3252062512,11,2024-06-17
626,José,Restrepo,josé.restrepo626@gmail.com,3064554277,8,2023-01-04
627,Luis,Mercado,luis.mercado627@gmail.com,3146666591,11,2021-06-18
628,Johan,Cardona,johan.cardona628@gmail.com,3276766993,12,2020-07-17
629,Edwin,Arango,edwin.arango629@gmail.com,3018710502,1,2021-05-23
630,Angélica,Acosta,angélica.acosta630@gmail.com,3078659103,1,2024-10-18
631,Lucía,Martínez,lucía.martínez631@gmail.com,3026064462,3,2023-01-27
632,Sandra,Maldonado,sandra.maldonado632@gmail.com,3055200835,2,2024-03-03
633,Nubia,Forero,nubia.forero633@gmail.com,3221868846,7,2023-06-05
634,José,Pérez,josé.pérez634@gmail.com,3238201300,12,2021-01-08
635,Esther,Mendoza,esther.mendoza635@gmail.com,3211018225,4,2025-05-07
636,Estella,Guzmán,estella.guzmán636@gmail.com,3024794852,11,2024-12-27
637,Cecilia,Arias,cecilia.arias637@gmail.com,3006764217,2,2024-09-25
638,Amparo,Parra,amparo.parra638@gmail.com,3229014480,2,2022-07-26
639,Gladys,Carvajal,gladys.carvajal639@gmail.com,3112718442,2,2023-07-07
640,Fabián,Jaimes,fabián.jaimes640@gmail.com,3143300647,7,2021-06-29
641,Patricia,López,patricia.lópez641@gmail.com,3222147756,11,2020-02-04
642,Javier,Gutiérrez,javier.gutiérrez642@gmail.com,3228383643,6,2022-05-22
643,Daniel,Hoyos,daniel.hoyos643@gmail.com,3227907345,9,2024-12-17
644,Eliecer,Arboleda,eliecer.arboleda644@gmail.com,3012685524,3,2021-05-19
645,Nelly,Murillo,nelly.murillo645@gmail.com,3266897789,7,2023-07-12
646,Isabel,Romero,isabel.romero646@gmail.com,3035646746,12,2020-12-11
647,Fidel,Benavides,fidel.benavides647@gmail.com,3085780177,13,2020-04-19
648,Socorro,Hurtado,socorro.hurtado648@gmail.com,3244446807,11,2025-09-18
649,Duván,Álvarez,duván.álvarez649@gmail.com,3065958372,12,2020-08-11
650,Leonor,Mercado,leonor.mercado650@gmail.com,3077474085,2,2022-09-14
651,John,Camacho,john.camacho651@gmail.com,3192191383,11,2020-02-19
652,Pablo,Daza,pablo.daza652@gmail.com,3153214305,7,2024-09-19
653,Manuel,Silva,manuel.silva653@gmail.com,3183898604,8,2020-10-25
654,Jorge,Salazar,jorge.salazar654@gmail.com,3092133008,1,2022-12-09
655,Julieth,Morales,julieth.morales655@gmail.com,3002014499,7,2025-09-06
656,Gloria,Rojas,gloria.rojas656@gmail.com,3187969792,7,2024-07-05
657,Michael,Reyes,michael.reyes657@gmail.com,3083561552,5,2020-12-08
658,Lorena,Hernández,lorena.hernández658@gmail.com,3119578269,4,2021-09-28
659,Ana,Meza,ana.meza659@gmail.com,3257555386,9,2020-09-27
660,Diana,Fuentes,diana.fuentes660@gmail.com,3165003671,1,2022-09-28
661,Fredy,Loaiza,fredy.loaiza661@gmail.com,3062945931,8,2020-08-13
662,María,Quintero,maría.quintero662@gmail.com,3123003921,1,2021-07-16
663,Sebastián,Hernández,sebastián.hernández663@gmail.com,3203748655,8,2023-11-21
664,Leonor,Pérez,leonor.pérez664@gmail.com,3285349442,3,2024-03-03
665,Álvaro,Fuentes,álvaro.fuentes665@gmail.com,3042980663,1,2023-10-04
666,Edwin,Pérez,edwin.pérez666@gmail.com,3149788815,2,2022-12-13
667,Francy,Peña,francy.peña667@gmail.com,3292293020,8,2025-02-07
668,Javier,Moreno,javier.moreno668@gmail.com,3251930113,8,2021-11-14
669,Estefanía,Gutiérrez,estefanía.gutiérrez669@gmail.com,3125280137,2,2021-04-17
670,César,Cardona,césar.cardona670@gmail.com,3081043092,1,2020-02-20
671,Andrés,Álvarez,andrés.álvarez671@gmail.com,3008914896,6,2024-04-17
672,Mario,Correa,mario.correa672@gmail.com,3021593302,11,2024-09-13
673,Fredy,Morales,fredy.morales673@gmail.com,3055165165,7,2023-08-03
674,Michael,Bustamante,michael.bustamante674@gmail.com,3117254683,2,2025-08-18
675,Esmeralda,Castro,esmeralda.castro675@gmail.com,3204008898,4,2025-10-13
676,Nidia,Silva,nidia.silva676@gmail.com,3062156393,8,2023-03-02
677,Junior,Ayala,junior.ayala677@gmail.com,3152449308,11,2025-02-13
678,Francisco,Hernández,francisco.hernández678@gmail.com,3054366703,5,2023-05-29
679,Tatiana,Bedoya,tatiana.bedoya679@gmail.com,3295069884,8,2024-02-17
680,Omar,Cortés,omar.cortés680@gmail.com,3274278644,13,2022-10-01
681,Sandra,Sanabria,sandra.sanabria681@gmail.com,3007879264,1,2022-08-12
682,Hernando,Gutiérrez,hernando.gutiérrez682@gmail.com,3251160974,6,2020-01-06
683,Cristian,Ortiz,cristian.ortiz683@gmail.com,3266159172,2,2022-04-20
684,Anderson,Sánchez,anderson.sánchez684@gmail.com,3238043341,8,2020-09-02
685,Francy,Monroy,francy.monroy685@gmail.com,3042560728,1,2022-08-06
686,Inés,Cardona,inés.cardona686@gmail.com,3267249378,8,2020-12-13
687,Doris,Rodríguez,doris.rodríguez687@gmail.com,3219479670,3,2024-06-03
688,Luz,Sierra,luz.sierra688@gmail.com,3092044933,7,2021-06-19
689,Leidy,Portilla,leidy.portilla689@gmail.com,3045378701,6,2024-05-28
690,Janeth,Gómez,janeth.gómez690@gmail.com,3256336123,8,2023-01-18
691,Ramiro,Villa,ramiro.villa691@gmail.com,3014400953,3,2021-03-22
692,Jesús,Mercado,jesús.mercado692@gmail.com,3013757754,8,2025-03-23
693,Marcela,Gutiérrez,marcela.gutiérrez693@gmail.com,3163025626,11,2024-01-07
694,Álvaro,Vélez,álvaro.vélez694@gmail.com,3076172545,8,2022-12-21
695,Isabel,Rueda,isabel.rueda695@gmail.com,3013644347,12,2023-05-31
696,Mayerly,Rodríguez,mayerly.rodríguez696@gmail.com,3291676621,4,2023-09-04
697,Ana,Muñoz,ana.muñoz697@gmail.com,3015164420,6,2024-06-11
698,Fredy,Caicedo,fredy.caicedo698@gmail.com,3206013715,5,2021-12-13
699,Miguel,Silva,miguel.silva699@gmail.com,3068586676,11,2022-10-20
700,Martha,Gutiérrez,martha.gutiérrez700@gmail.com,3072709721,3,2021-05-12
701,Karen,Gómez,karen.gómez701@gmail.com,3004729376,3,2022-03-22
702,Mireya,Alzate,mireya.alzate702@gmail.com,3152409947,9,2022-11-26
703,Ester,González,ester.gonzález703@gmail.com,3002081661,4,2024-12-21
704,Anderson,Hurtado,anderson.hurtado704@gmail.com,3016562484,2,2020-06-23
705,María,Molina,maría.molina705@gmail.com,3103818391,9,2024-11-09
706,Olga,Sánchez,olga.sánchez706@gmail.com,3269323619,1,2024-04-16
707,Yolima,Garzón,yolima.garzón707@gmail.com,3263899223,6,2022-05-29
708,Daniela,Guerrero,daniela.guerrero708@gmail.com,3045695180,8,2021-08-31
709,Enrique,García,enrique.garcía709@gmail.com,3095123584,12,2023-04-23
710,Aldemar,Martínez,aldemar.martínez710@gmail.com,3169036805,1,2020-12-25
711,Andrés,Palacios,andrés.palacios711@gmail.com,3163302438,7,2022-03-27
712,Adalberto,Cortés,adalberto.cortés712@gmail.com,3285180005,12,2020-03-20
713,Sara,Correa,sara.correa713@gmail.com,3159047769,11,2025-06-08
714,Fernando,Bejarano,fernando.bejarano714@gmail.com,3199428760,6,2024-05-09
715,Johana,Rodríguez,johana.rodríguez715@gmail.com,3121437264,6,2022-06-16
716,Fabián,Herrera,fabián.herrera716@gmail.com,3041982997,8,2025-12-08
717,Felipe,Méndez,felipe.méndez717@gmail.com,3194905100,3,2021-02-14
718,Ángel,Galvis,ángel.galvis718@gmail.com,3035471581,11,2020-08-17
719,Vanessa,Gómez,vanessa.gómez719@gmail.com,3097516648,6,2021-12-12
720,Luis,Aguilar,luis.aguilar720@gmail.com,3036335227,13,2024-01-09
721,Carolina,Patiño,carolina.patiño721@gmail.com,3206900247,9,2021-08-05
722,Margoth,Vélez,margoth.vélez722@gmail.com,3239258194,11,2023-06-19
723,Fernando,Arrieta,fernando.arrieta723@gmail.com,3071636925,2,2020-08-18
724,Patricia,Guevara,patricia.guevara724@gmail.com,3094671004,1,2025-11-26
725,Yineth,Jiménez,yineth.jiménez725@gmail.com,3106565572,9,2022-04-05
726,María,Ramírez,maría.ramírez726@gmail.com,3053977282,6,2020-08-31
727,María,Saavedra,maría.saavedra727@gmail.com,3023376537,2,2025-11-25
728,José,Villamil,josé.villamil728@gmail.com,3117267813,13,2024-06-08
729,Andrés,Muñoz,andrés.muñoz729@gmail.com,3216646557,5,2023-08-14
730,Alfonso,Ramírez,alfonso.ramírez730@gmail.com,3028329435,12,2025-06-18
731,Edith,Ocampo,edith.ocampo731@gmail.com,3253922635,13,2024-01-01
732,Arturo,Quintero,arturo.quintero732@gmail.com,3093941912,7,2023-06-10
733,Paola,Morales,paola.morales733@gmail.com,3243136551,3,2020-01-08
734,Alexis,Villamizar,alexis.villamizar734@gmail.com,3297569981,9,2020-05-12
735,Kevin,Giraldo,kevin.giraldo735@gmail.com,3096338793,9,2022-06-23
736,Dairo,Zapata,dairo.zapata736@gmail.com,3292746679,8,2021-07-30
737,Nelsy,Salgado,nelsy.salgado737@gmail.com,3114992909,6,2023-08-01
738,José,Meneses,josé.meneses738@gmail.com,3016632941,8,2020-02-16
739,Daniel,García,daniel.garcía739@gmail.com,3135186600,13,2020-10-04
740,Alberto,Pinto,alberto.pinto740@gmail.com,3142812519,13,2020-01-06
741,Luis,Ruiz,luis.ruiz741@gmail.com,3068352113,13,2024-09-14
742,Ana,Durán,ana.durán742@gmail.com,3069272543,7,2023-12-09
743,Viviana,Agudelo,viviana.agudelo743@gmail.com,3262701688,8,2022-07-12
744,Jennifer,Barrios,jennifer.barrios744@gmail.com,3072236638,1,2023-04-22
745,Dayana,Gómez,dayana.gómez745@gmail.com,3055380995,2,2020-10-30
746,Gabriel,Romero,gabriel.romero746@gmail.com,3127299138,3,2020-11-03
747,Abraham,Castro,abraham.castro747@gmail.com,3216669869,9,2025-05-31
748,Aurelio,Erazo,aurelio.erazo748@gmail.com,3208236404,12,2021-11-06
749,Ana,Henao,ana.henao749@gmail.com,3263635764,1,2021-02-18
750,Juliana,Meneses,juliana.meneses750@gmail.com,3134187406,7,2022-12-22
751,Manuel,Cantillo,manuel.cantillo751@gmail.com,3245989554,4,2021-01-27
752,Isabel,Calderón,isabel.calderón752@gmail.com,3069236745,3,2020-08-11
753,Julio,Gómez,julio.gómez753@gmail.com,3108174037,2,2023-04-21
754,Patricia,Patiño,patricia.patiño754@gmail.com,3299058573,4,2021-02-01
755,Victoria,Flórez,victoria.flórez755@gmail.com,3033866088,12,2023-04-10
756,Carlos,Calderón,carlos.calderón756@gmail.com,3072937918,5,2024-06-16
757,Manuel,Núñez,manuel.núñez757@gmail.com,3175446036,2,2024-05-06
758,Alicia,Castellanos,alicia.castellanos758@gmail.com,3057399588,6,2022-02-03
759,Carlos,Contreras,carlos.contreras759@gmail.com,3105417373,8,2025-03-19
760,Fanny,Bernal,fanny.bernal760@gmail.com,3135505722,9,2020-09-09
761,Tatiana,González,tatiana.gonzález761@gmail.com,3012437930,12,2023-11-09
762,Felipe,Sierra,felipe.sierra762@gmail.com,3264817030,11,2020-09-06
763,Ximena,Londoño,ximena.londoño763@gmail.com,3188023480,11,2025-04-28
764,Lina,Muñoz,lina.muñoz764@gmail.com,3238990355,5,2020-11-19
765,Liseth,Orjuela,liseth.orjuela765@gmail.com,3109423864,9,2025-10-17
766,Alexandra,Alarcón,alexandra.alarcón766@gmail.com,3293473761,2,2025-01-13
767,Dina,González,dina.gonzález767@gmail.com,3024554926,4,2021-05-31
768,Hernando,Cárdenas,hernando.cárdenas768@gmail.com,3062314805,12,2024-11-18
769,Ernesto,Marín,ernesto.marín769@gmail.com,3025326615,6,2020-10-01
770,Andrea,Carrillo,andrea.carrillo770@gmail.com,3067666510,11,2023-08-28
771,Santiago,Ruiz,santiago.ruiz771@gmail.com,3188686601,1,2025-11-10
772,Erika,Martínez,erika.martínez772@gmail.com,3117953189,3,2021-08-30
773,Andrés,Galindo,andrés.galindo773@gmail.com,3292681144,2,2021-02-17
774,Hernando,Amaya,hernando.amaya774@gmail.com,3186769167,7,2022-12-17
775,Edison,Henao,edison.henao775@gmail.com,3178936405,1,2021-12-06
776,William,Palacios,william.palacios776@gmail.com,3163413447,9,2024-07-03
777,Paola,Ramírez,paola.ramírez777@gmail.com,3066561547,13,2022-08-31
778,Isabel,Angulo,isabel.angulo778@gmail.com,3075506097,6,2020-03-23
779,María,Cortés,maría.cortés779@gmail.com,3146216863,5,2025-07-06
780,Eliana,Arenas,eliana.arenas780@gmail.com,3214824490,3,2023-05-15
781,Luis,Ávila,luis.ávila781@gmail.com,3276383277,5,2024-09-03
782,Andrea,Álvarez,andrea.álvarez782@gmail.com,3214153037,8,2022-05-15
783,Jhan,Pinzón,jhan.pinzón783@gmail.com,3179665455,6,2020-08-18
784,Andrés,Solano,andrés.solano784@gmail.com,3222100870,5,2025-09-06
785,Armando,García,armando.garcía785@gmail.com,3129796063,9,2020-04-28
786,Santos,Bedoya,santos.bedoya786@gmail.com,3034367636,1,2022-10-18
787,Norma,Duarte,norma.duarte787@gmail.com,3071848243,6,2022-03-26
788,Johanna,Monsalve,johanna.monsalve788@gmail.com,3158788293,11,2024-06-13
789,Julio,Bedoya,julio.bedoya789@gmail.com,3211512765,4,2024-03-05
790,Rosa,Parada,rosa.parada790@gmail.com,3198484373,3,2025-04-27
791,Karol,Vallejo,karol.vallejo791@gmail.com,3286867997,6,2021-10-31
792,Luz,González,luz.gonzález792@gmail.com,3115782670,1,2024-05-02
793,Lucía,Pérez,lucía.pérez793@gmail.com,3024595669,4,2022-07-11
794,Paula,Blanco,paula.blanco794@gmail.com,3235514473,12,2024-08-04
795,Erika,Ibarra,erika.ibarra795@gmail.com,3201149283,8,2021-06-25
796,Johan,Sanabria,johan.sanabria796@gmail.com,3221141997,4,2022-10-30
797,Tatiana,Acevedo,tatiana.acevedo797@gmail.com,3245620085,7,2024-03-22
798,Luis,Hernández,luis.hernández798@gmail.com,3175227836,4,2025-03-26
799,Angie,Lozano,angie.lozano799@gmail.com,3187663113,9,2021-02-23
800,José,Pérez,josé.pérez800@gmail.com,3087278533,11,2023-03-03
801,Libardo,Sánchez,libardo.sánchez801@gmail.com,3119082229,2,2023-10-09
802,Alexander,Camargo,alexander.camargo802@gmail.com,3155645358,5,2023-05-08
803,Alberto,Benítez,alberto.benítez803@gmail.com,3029678746,4,2020-08-20
804,Luis,Luna,luis.luna804@gmail.com,3266361758,12,2021-07-27
805,María,Gómez,maría.gómez805@gmail.com,3209344531,5,2022-11-28
806,Jorge,Escobar,jorge.escobar806@gmail.com,3167514172,13,2020-05-24
807,Jesús,Castañeda,jesús.castañeda807@gmail.com,3294186247,6,2022-06-29
808,Marta,Henao,marta.henao808@gmail.com,3288981512,12,2024-01-08
809,Katherin,Pineda,katherin.pineda809@gmail.com,3243851902,12,2022-01-11
810,Nancy,Arteaga,nancy.arteaga810@gmail.com,3118898392,3,2022-11-25
811,Rita,Cifuentes,rita.cifuentes811@gmail.com,3284071377,12,2023-10-06
812,Manuel,Jiménez,manuel.jiménez812@gmail.com,3214728795,6,2022-07-03
813,Patricia,Martínez,patricia.martínez813@gmail.com,3248054359,6,2024-03-02
814,Estella,Ramos,estella.ramos814@gmail.com,3195933359,8,2021-04-27
815,Adriana,Calderón,adriana.calderón815@gmail.com,3102194801,8,2022-03-07
816,Eugenia,Pinzón,eugenia.pinzón816@gmail.com,3217403346,11,2023-05-07
817,Felipe,Estrada,felipe.estrada817@gmail.com,3103529642,3,2022-03-31
818,Hermes,Hernández,hermes.hernández818@gmail.com,3168676774,3,2023-07-19
819,Astrid,Londoño,astrid.londoño819@gmail.com,3222355791,8,2023-09-24
820,Yolanda,Correa,yolanda.correa820@gmail.com,3226258215,12,2020-08-25
821,Alba,Vargas,alba.vargas821@gmail.com,3075589036,4,2021-11-21
822,Diana,Gutiérrez,diana.gutiérrez822@gmail.com,3229213740,2,2021-06-14
823,Kelly,Garzón,kelly.garzón823@gmail.com,3268204299,7,2024-10-23
824,Esther,Leal,esther.leal824@gmail.com,3161078335,1,2025-12-26
825,Cecilia,Valencia,cecilia.valencia825@gmail.com,3051236174,6,2025-12-15
826,Carlos,Álvarez,carlos.álvarez826@gmail.com,3001069186,12,2022-10-16
827,Cristian,Sierra,cristian.sierra827@gmail.com,3056236039,3,2021-02-24
828,José,Sierra,josé.sierra828@gmail.com,3186135759,3,2020-09-24
829,Natalia,Rodríguez,natalia.rodríguez829@gmail.com,3045879280,8,2025-11-01
830,Giovanny,Mora,giovanny.mora830@gmail.com,3286667933,7,2021-07-02
831,Didier,Rojas,didier.rojas831@gmail.com,3177027229,4,2021-11-06
832,Dayana,Martínez,dayana.martínez832@gmail.com,3104832222,4,2021-06-21
833,Magnolia,Nieto,magnolia.nieto833@gmail.com,3009466346,3,2021-05-19
834,Jesús,Correa,jesús.correa834@gmail.com,3107294684,12,2022-11-13
835,Andrés,Sanabria,andrés.sanabria835@gmail.com,3291815153,9,2020-07-15
836,Gabriela,Nieto,gabriela.nieto836@gmail.com,3211331211,1,2021-04-19
837,Miguel,Cabrera,miguel.cabrera837@gmail.com,3177379599,2,2022-11-01
838,Dora,Castillo,dora.castillo838@gmail.com,3124447632,13,2020-02-08
839,Carlos,Ramírez,carlos.ramírez839@gmail.com,3162694160,12,2025-11-01
840,Luis,García,luis.garcía840@gmail.com,3193301222,7,2021-03-05
841,José,Cabrera,josé.cabrera841@gmail.com,3292975258,5,2021-04-11
842,Blanca,Villamil,blanca.villamil842@gmail.com,3074332737,9,2022-03-29
843,Manuel,González,manuel.gonzález843@gmail.com,3184383514,6,2024-08-05
844,Hermes,Medina,hermes.medina844@gmail.com,3121661118,11,2025-07-26
845,William,Herrera,william.herrera845@gmail.com,3076546608,4,2020-01-12
846,Samuel,Tovar,samuel.tovar846@gmail.com,3012852723,9,2025-07-16
847,Alejandra,Palacios,alejandra.palacios847@gmail.com,3019584991,2,2021-02-18
848,José,Gómez,josé.gómez848@gmail.com,3138663014,5,2022-12-17
849,Marcela,Quintero,marcela.quintero849@gmail.com,3102674515,3,2020-06-10
850,Clemencia,Cruz,clemencia.cruz850@gmail.com,3156246354,7,2021-04-19
851,Alberto,Molina,alberto.molina851@gmail.com,3001162274,3,2021-11-29
852,Teresa,Ávila,teresa.ávila852@gmail.com,3158343630,9,2023-01-03
853,Cecilia,Cerón,cecilia.cerón853@gmail.com,3217251562,6,2022-01-19
854,Jairo,Jiménez,jairo.jiménez854@gmail.com,3067715084,8,2023-01-18
855,Mary,Salcedo,mary.salcedo855@gmail.com,3178075620,12,2021-11-14
856,Andrés,Blanco,andrés.blanco856@gmail.com,3021983923,3,2021-02-28
857,Karen,Ayala,karen.ayala857@gmail.com,3199097940,9,2024-11-29
858,Aura,Gil,aura.gil858@gmail.com,3097371160,6,2020-04-28
859,Edilson,Orozco,edilson.orozco859@gmail.com,3229104731,8,2021-04-07
860,Orlando,Bonilla,orlando.bonilla860@gmail.com,3171771287,2,2022-12-07
861,Eduardo,Rodríguez,eduardo.rodríguez861@gmail.com,3251207369,13,2025-11-19
862,Cielo,Parada,cielo.parada862@gmail.com,3294757843,12,2023-10-17
863,Julián,Guevara,julián.guevara863@gmail.com,3282597897,7,2022-10-15
864,Carlos,Camargo,carlos.camargo864@gmail.com,3157457158,3,2020-08-11
865,Juan,Pérez,juan.pérez865@gmail.com,3029482016,8,2025-07-23
866,Antonio,Beltrán,antonio.beltrán866@gmail.com,3019248484,6,2022-09-13
867,Héctor,Sánchez,héctor.sánchez867@gmail.com,3141844744,11,2022-07-01
868,Manuel,Gómez,manuel.gómez868@gmail.com,3267765865,4,2020-11-18
869,Marlon,González,marlon.gonzález869@gmail.com,3178517846,2,2025-08-03
870,María,Álvarez,maría.álvarez870@gmail.com,3152991570,8,2020-03-13
871,Lucía,Barrios,lucía.barrios871@gmail.com,3067917892,1,2020-01-01
872,Lucy,Guevara,lucy.guevara872@gmail.com,3096110305,11,2022-04-27
873,Marco,Arboleda,marco.arboleda873@gmail.com,3276718584,6,2020-08-10
874,Felipe,Martínez,felipe.martínez874@gmail.com,3076569576,11,2025-04-21
875,Isabel,Rojas,isabel.rojas875@gmail.com,3258592234,2,2021-02-03
876,Camila,Durán,camila.durán876@gmail.com,3231036858,6,2023-12-25
877,Andrés,Álvarez,andrés.álvarez877@gmail.com,3249757456,6,2021-03-11
878,Carolina,Barreto,carolina.barreto878@gmail.com,3029261472,3,2024-08-03
879,Nubia,Mosquera,nubia.mosquera879@gmail.com,3044287016,4,2021-05-09
880,Ángel,Camargo,ángel.camargo880@gmail.com,3138667959,4,2023-10-16
881,Jorge,Aguirre,jorge.aguirre881@gmail.com,3061780146,12,2021-05-19
882,David,Ramírez,david.ramírez882@gmail.com,3179459031,3,2025-08-05
883,Esther,Velásquez,esther.velásquez883@gmail.com,3081814896,11,2024-11-07
884,Lorena,Cardozo,lorena.cardozo884@gmail.com,3279528410,3,2021-12-12
885,Stella,Gutiérrez,stella.gutiérrez885@gmail.com,3222737347,7,2023-08-11
886,Adriana,Rueda,adriana.rueda886@gmail.com,3268024028,9,2022-10-13
887,Valentina,Romero,valentina.romero887@gmail.com,3166752216,5,2025-01-28
888,Oswaldo,Rosero,oswaldo.rosero888@gmail.com,3027924719,9,2025-09-29
889,Esperanza,González,esperanza.gonzález889@gmail.com,3186266549,13,2022-06-09
890,Javier,Rivera,javier.rivera890@gmail.com,3035875114,12,2023-11-15
891,Aurelio,Figueroa,aurelio.figueroa891@gmail.com,3223983202,11,2023-08-13
892,Wilmar,Cifuentes,wilmar.cifuentes892@gmail.com,3216909569,11,2025-05-21
893,Nancy,Gutiérrez,nancy.gutiérrez893@gmail.com,3298004117,12,2025-12-26
894,Alejandro,Herrera,alejandro.herrera894@gmail.com,3161214253,11,2021-03-12
895,Vanesa,Muñoz,vanesa.muñoz895@gmail.com,3063438177,1,2020-08-19
896,Yina,Ramírez,yina.ramírez896@gmail.com,3043700047,5,2022-10-23
897,Andrés,Saavedra,andrés.saavedra897@gmail.com,3005951637,4,2020-05-12
898,Jhon,Hernández,jhon.hernández898@gmail.com,3172719329,9,2022-07-07
899,David,Fernández,david.fernández899@gmail.com,3287524435,4,2025-09-23
900,Olga,Camacho,olga.camacho900@gmail.com,3241788191,7,2024-05-06
901,Andrés,Henao,andrés.henao901@gmail.com,3151902651,1,2022-10-26
902,Luz,Peña,luz.peña902@gmail.com,3098433377,4,2024-02-15
903,Óscar,López,óscar.lópez903@gmail.com,3284296204,13,2022-03-03
904,Ángel,Rodríguez,ángel.rodríguez904@gmail.com,3173976712,12,2020-11-01
905,Luis,Oviedo,luis.oviedo905@gmail.com,3029620919,2,2024-03-25
906,Silvia,Betancur,silvia.betancur906@gmail.com,3065682726,11,2022-12-18
907,Henry,Acosta,henry.acosta907@gmail.com,3025278461,1,2023-09-15
908,Alejandra,Alfonso,alejandra.alfonso908@gmail.com,3121670091,3,2023-08-14
909,Angélica,Jaimes,angélica.jaimes909@gmail.com,3206052539,8,2024-01-06
910,Nicolás,López,nicolás.lópez910@gmail.com,3059814666,4,2022-01-23
911,Carlos,Lozano,carlos.lozano911@gmail.com,3219474848,3,2024-08-30
912,Daniel,Cuesta,daniel.cuesta912@gmail.com,3287768215,2,2023-12-02
913,Arley,Pérez,arley.pérez913@gmail.com,3036568081,6,2024-01-17
914,Alonso,Díaz,alonso.díaz914@gmail.com,3139900294,8,2020-02-06
915,Jonathan,Bolívar,jonathan.bolívar915@gmail.com,3058477055,4,2022-09-25
916,Catalina,Zapata,catalina.zapata916@gmail.com,3057398370,2,2024-04-29
917,Segundo,Burgos,segundo.burgos917@gmail.com,3185745083,1,2025-10-18
918,Robinson,Pardo,robinson.pardo918@gmail.com,3189535166,8,2025-06-16
919,María,Jaramillo,maría.jaramillo919@gmail.com,3044229821,6,2025-10-05
920,Sandra,Riascos,sandra.riascos920@gmail.com,3013808418,11,2025-12-24
921,Amparo,Villamil,amparo.villamil921@gmail.com,3014536326,12,2022-05-23
922,Andrés,Zapata,andrés.zapata922@gmail.com,3262743602,4,2024-11-17
923,Duván,Melo,duván.melo923@gmail.com,3213579573,1,2025-02-23
924,Vilma,Ramírez,vilma.ramírez924@gmail.com,3251635626,2,2020-10-27
925,Martha,Pérez,martha.pérez925@gmail.com,3025226314,11,2020-10-15
926,Irma,Muñoz,irma.muñoz926@gmail.com,3235339392,7,2024-05-08
927,Rosa,Galvis,rosa.galvis927@gmail.com,3168264954,6,2020-03-10
928,Dario,Jaramillo,dario.jaramillo928@gmail.com,3119973031,1,2020-09-16
929,Rafael,Díaz,rafael.díaz929@gmail.com,3291763646,13,2020-10-24
930,Esteban,Triana,esteban.triana930@gmail.com,3182780658,5,2023-05-19
931,Pablo,Molina,pablo.molina931@gmail.com,3215723078,8,2024-04-11
932,Andrea,Camacho,andrea.camacho932@gmail.com,3108952193,3,2025-12-25
933,Rosa,Hernández,rosa.hernández933@gmail.com,3027559766,11,2023-04-23
934,Paula,Vargas,paula.vargas934@gmail.com,3226000558,12,2024-03-08
935,Beatriz,Moreno,beatriz.moreno935@gmail.com,3083371859,2,2020-06-20
936,Alfonso,Posada,alfonso.posada936@gmail.com,3097611593,11,2020-12-14
937,Karen,Vanegas,karen.vanegas937@gmail.com,3136768873,4,2024-08-17
938,María,Arango,maría.arango938@gmail.com,3283390000,3,2022-01-23
939,Jhon,Martínez,jhon.martínez939@gmail.com,3095240303,4,2021-04-14
940,Paola,Suárez,paola.suárez940@gmail.com,3091912484,11,2025-03-04
941,Mariana,Sierra,mariana.sierra941@gmail.com,3282227162,5,2020-10-02
942,Johan,Narváez,johan.narváez942@gmail.com,3114312117,13,2025-06-18
943,Mercedes,González,mercedes.gonzález943@gmail.com,3153151093,12,2022-08-18
944,Albeiro,Jiménez,albeiro.jiménez944@gmail.com,3042171198,4,2023-07-25
945,David,Torres,david.torres945@gmail.com,3176508733,9,2023-06-06
946,Marcela,Sánchez,marcela.sánchez946@gmail.com,3293556763,9,2024-02-01
947,César,Calderón,césar.calderón947@gmail.com,3163829301,1,2023-07-06
948,Marta,Caicedo,marta.caicedo948@gmail.com,3038316947,5,2024-01-12
949,Ofelia,Montoya,ofelia.montoya949@gmail.com,3059052291,8,2024-12-29
950,Enrique,Torres,enrique.torres950@gmail.com,3149170024,11,2021-03-21
951,Esther,Tovar,esther.tovar951@gmail.com,3092375290,5,2021-07-27
952,Omar,García,omar.garcía952@gmail.com,3235416344,13,2020-11-09
953,Wendy,Rueda,wendy.rueda953@gmail.com,3211312564,11,2020-05-07
954,Ana,Ospina,ana.ospina954@gmail.com,3297797028,9,2022-05-21
955,Luz,Vásquez,luz.vásquez955@gmail.com,3085372416,11,2025-04-17
956,José,Córdoba,josé.córdoba956@gmail.com,3227137418,7,2022-07-03
957,Milena,Valencia,milena.valencia957@gmail.com,3243246154,8,2025-08-14
958,José,González,josé.gonzález958@gmail.com,3217656950,6,2025-08-18
959,Adriana,Orozco,adriana.orozco959@gmail.com,3033782393,11,2021-07-28
960,Andrea,Palacios,andrea.palacios960@gmail.com,3124005557,9,2021-08-21
961,Mario,Cárdenas,mario.cárdenas961@gmail.com,3277019590,1,2022-06-15
962,José,Cruz,josé.cruz962@gmail.com,3132054635,5,2024-02-22
963,Luz,Restrepo,luz.restrepo963@gmail.com,3004469093,11,2024-01-19
964,Mario,Vanegas,mario.vanegas964@gmail.com,3178627651,1,2020-06-12
965,Rosalba,Ayala,rosalba.ayala965@gmail.com,3252731828,13,2025-11-05
966,Mauricio,Escobar,mauricio.escobar966@gmail.com,3245417710,9,2021-12-13
967,María,Herrera,maría.herrera967@gmail.com,3167128662,9,2020-11-14
968,Patricia,Portilla,patricia.portilla968@gmail.com,3247313749,4,2025-10-16
969,Ignacio,García,ignacio.garcía969@gmail.com,3156788681,8,2025-05-28
970,Oswaldo,Gómez,oswaldo.gómez970@gmail.com,3209419427,3,2024-12-06
971,Maribel,Solano,maribel.solano971@gmail.com,3032293325,11,2023-02-24
972,Sebastián,Mantilla,sebastián.mantilla972@gmail.com,3024135756,3,2024-01-23
973,Jorge,Salazar,jorge.salazar973@gmail.com,3214864570,7,2023-09-14
974,Osvaldo,Flórez,osvaldo.flórez974@gmail.com,3219078508,12,2025-05-15
975,Gabriel,Fajardo,gabriel.fajardo975@gmail.com,3133705263,12,2024-08-10
976,Janeth,Carrillo,janeth.carrillo976@gmail.com,3031723841,3,2021-10-21
977,Alexander,Montoya,alexander.montoya977@gmail.com,3081657513,9,2021-08-24
978,Jesús,Romero,jesús.romero978@gmail.com,3025332877,3,2025-10-17
979,Gloria,Montoya,gloria.montoya979@gmail.com,3191312392,13,2023-03-07
980,Andrés,Padilla,andrés.padilla980@gmail.com,3038536381,9,2025-04-14
981,Inés,Rodríguez,inés.rodríguez981@gmail.com,3124680314,7,2021-08-07
982,María,Jiménez,maría.jiménez982@gmail.com,3229569884,5,2021-11-17
983,Javier,Vásquez,javier.vásquez983@gmail.com,3258607966,9,2020-10-08
984,Andrés,Bravo,andrés.bravo984@gmail.com,3067466977,3,2021-03-20
985,Esther,Herrera,esther.herrera985@gmail.com,3039769641,11,2024-09-15
986,Esperanza,Cuesta,esperanza.cuesta986@gmail.com,3092615622,3,2025-05-03
987,Daniel,González,daniel.gonzález987@gmail.com,3291654924,11,2025-08-23
988,Edwin,Guerrero,edwin.guerrero988@gmail.com,3019090660,12,2021-06-17
989,Sebastián,Loaiza,sebastián.loaiza989@gmail.com,3281020136,12,2024-11-02
990,María,Rojas,maría.rojas990@gmail.com,3267213902,1,2025-12-10
991,Diana,Gómez,diana.gómez991@gmail.com,3139088689,7,2023-12-06
992,Juan,Narváez,juan.narváez992@gmail.com,3292639417,7,2021-07-02
993,Luz,Mena,luz.mena993@gmail.com,3174900918,2,2023-03-06
994,Yamile,Moreno,yamile.moreno994@gmail.com,3287855954,5,2022-02-13
995,Marina,Alvarado,marina.alvarado995@gmail.com,3009766777,2,2025-10-29
996,Luz,Mora,luz.mora996@gmail.com,3064446353,13,2023-07-17
997,Nancy,Ayala,nancy.ayala997@gmail.com,3152788169,3,2024-10-11
998,Miguel,Ruiz,miguel.ruiz998@gmail.com,3295255251,5,2024-09-30
999,Juan,Sandoval,juan.sandoval999@gmail.com,3255623138,12,2024-06-15
1000,Angélica,Suárez,angélica.suárez1000@gmail.com,3069094465,3,2024-02-25
1001,Isabel,Durán,isabel.durán1001@gmail.com,3289116148,5,2023-06-10
1002,Inés,Suárez,inés.suárez1002@gmail.com,3257679508,13,2021-07-19
1003,Luz,Núñez,luz.núñez1003@gmail.com,3214854922,8,2021-10-24
1004,Fabio,Vallejo,fabio.vallejo1004@gmail.com,3039528589,7,2023-10-18
1005,Antonio,Osorio,antonio.osorio1005@gmail.com,3291873301,3,2024-05-12
1006,Eva,Cardozo,eva.cardozo1006@gmail.com,3202528212,3,2025-04-15
1007,Libardo,Sandoval,libardo.sandoval1007@gmail.com,3262478755,2,2022-12-13
1008,Julián,Ruiz,julián.ruiz1008@gmail.com,3052342843,9,2020-06-03
1009,Marta,Sánchez,marta.sánchez1009@gmail.com,3267721705,9,2025-11-04
1010,Leonor,Gallego,leonor.gallego1010@gmail.com,3191964069,3,2025-07-17
1011,Clemencia,Gaitán,clemencia.gaitán1011@gmail.com,3104384085,12,2025-10-23
1012,Karen,Toro,karen.toro1012@gmail.com,3131563871,9,2025-09-22
1013,Mario,Ceballos,mario.ceballos1013@gmail.com,3233843451,12,2020-05-27
1014,Luis,Bolaños,luis.bolaños1014@gmail.com,3131004819,3,2020-12-21
1015,Luis,Hernández,luis.hernández1015@gmail.com,3166924499,12,2024-06-06
1016,Olga,Ramírez,olga.ramírez1016@gmail.com,3194360650,11,2020-03-03
1017,Jorge,Caballero,jorge.caballero1017@gmail.com,3212512732,11,2023-03-11
1018,Edgar,López,edgar.lópez1018@gmail.com,3286840069,6,2023-02-06
1019,Daniel,Ramírez,daniel.ramírez1019@gmail.com,3094263591,8,2024-07-12
1020,Alba,Gil,alba.gil1020@gmail.com,3205380657,3,2024-07-25
1021,Alberto,Arboleda,alberto.arboleda1021@gmail.com,3212214435,11,2023-04-20
1022,Liliana,Castellanos,liliana.castellanos1022@gmail.com,3119611521,5,2022-10-21
1023,Daniel,Velásquez,daniel.velásquez1023@gmail.com,3277326357,9,2025-06-03
1024,Carol,Polo,carol.polo1024@gmail.com,3058698199,12,2025-03-02
1025,Nelly,Yepes,nelly.yepes1025@gmail.com,3209086117,2,2022-11-22
1026,María,Cuesta,maría.cuesta1026@gmail.com,3064697401,12,2022-07-30
1027,Emiro,González,emiro.gonzález1027@gmail.com,3166923972,11,2020-02-09
1028,Jhan,Acosta,jhan.acosta1028@gmail.com,3245165071,5,2021-01-15
1029,Olga,Agudelo,olga.agudelo1029@gmail.com,3152275551,11,2022-01-01
1030,Adriana,Ceballos,adriana.ceballos1030@gmail.com,3156931382,4,2023-01-07
1031,Luis,Guevara,luis.guevara1031@gmail.com,3039371819,13,2022-03-28
1032,Mery,Lozano,mery.lozano1032@gmail.com,3035452763,4,2022-07-27
1033,Clara,Muñoz,clara.muñoz1033@gmail.com,3036973148,3,2021-03-12
1034,José,Zapata,josé.zapata1034@gmail.com,3019265544,9,2020-01-28
1035,Diana,Bejarano,diana.bejarano1035@gmail.com,3209091518,6,2023-07-15
1036,Yuly,Villa,yuly.villa1036@gmail.com,3195609255,8,2022-01-19
1037,Néstor,Arias,néstor.arias1037@gmail.com,3247675310,4,2021-06-09
1038,Fabiola,Londoño,fabiola.londoño1038@gmail.com,3088099712,8,2020-05-13
1039,Inés,Sánchez,inés.sánchez1039@gmail.com,3257605473,12,2021-12-16
1040,Beatriz,Betancur,beatriz.betancur1040@gmail.com,3119694039,8,2023-07-16
1041,Carlos,Guerrero,carlos.guerrero1041@gmail.com,3201198306,12,2022-05-13
1042,Lucía,Valencia,lucía.valencia1042@gmail.com,3192690268,6,2024-01-21
1043,Lizeth,Roa,lizeth.roa1043@gmail.com,3244139896,11,2022-12-12
1044,Melba,Hoyos,melba.hoyos1044@gmail.com,3048907862,9,2023-11-06
1045,Manuel,Muñoz,manuel.muñoz1045@gmail.com,3129367972,7,2022-05-12
1046,Armando,Parada,armando.parada1046@gmail.com,3157124992,7,2023-02-19
1047,Jorge,Rincón,jorge.rincón1047@gmail.com,3123200150,9,2022-07-25
1048,Claudia,Rosero,claudia.rosero1048@gmail.com,3044956154,11,2024-11-05
1049,Carolina,Pinzón,carolina.pinzón1049@gmail.com,3133446851,13,2021-09-04
1050,Anyi,Alarcón,anyi.alarcón1050@gmail.com,3103962978,7,2025-08-08
1051,Andrés,Bedoya,andrés.bedoya1051@gmail.com,3089958741,13,2023-07-17
1052,Luz,Gómez,luz.gómez1052@gmail.com,3145210645,11,2020-07-14
1053,Edgar,Garcés,edgar.garcés1053@gmail.com,3113740422,1,2022-06-01
1054,Enrique,Cabrera,enrique.cabrera1054@gmail.com,3172615677,8,2023-10-02
1055,Jessica,Benítez,jessica.benítez1055@gmail.com,3157044941,11,2022-11-21
1056,Cristina,Toro,cristina.toro1056@gmail.com,3107908201,2,2023-12-09
1057,María,Mora,maría.mora1057@gmail.com,3294337963,9,2021-12-15
1058,Katherine,Garzón,katherine.garzón1058@gmail.com,3156454109,12,2025-09-21
1059,Enrique,Garzón,enrique.garzón1059@gmail.com,3172315459,7,2023-03-19
1060,Lidia,Reyes,lidia.reyes1060@gmail.com,3123811450,12,2023-10-13
1061,María,Caicedo,maría.caicedo1061@gmail.com,3197790959,2,2020-11-20
1062,María,Contreras,maría.contreras1062@gmail.com,3054828861,6,2023-07-21
1063,Esperanza,Rendón,esperanza.rendón1063@gmail.com,3245487442,9,2024-06-07
1064,María,Guerra,maría.guerra1064@gmail.com,3177092894,13,2025-11-03
1065,Javier,Arévalo,javier.arévalo1065@gmail.com,3163807132,3,2020-04-04
1066,Steven,González,steven.gonzález1066@gmail.com,3035221936,13,2020-11-23
1067,Diana,Sánchez,diana.sánchez1067@gmail.com,3027661319,2,2021-01-26
1068,Liliana,Silva,liliana.silva1068@gmail.com,3071903041,1,2024-06-14
1069,Víctor,Ortiz,víctor.ortiz1069@gmail.com,3212743629,5,2021-09-28
1070,Catalina,Arias,catalina.arias1070@gmail.com,3066190378,4,2022-10-10
1071,Mariana,Ospina,mariana.ospina1071@gmail.com,3248434998,12,2021-06-01
1072,Heriberto,Torres,heriberto.torres1072@gmail.com,3083862327,1,2020-05-23
1073,Manuel,Miranda,manuel.miranda1073@gmail.com,3256455972,8,2025-03-28
1074,Jesús,Andrade,jesús.andrade1074@gmail.com,3248463259,3,2021-12-26
1075,Rafael,López,rafael.lópez1075@gmail.com,3298659527,12,2024-11-16
1076,Lizeth,Cortés,lizeth.cortés1076@gmail.com,3286195254,6,2025-05-26
1077,Luz,Rodríguez,luz.rodríguez1077@gmail.com,3232502467,8,2023-06-15
1078,Carolina,Sierra,carolina.sierra1078@gmail.com,3165358838,3,2023-05-28
1079,Katerine,Páez,katerine.páez1079@gmail.com,3009779789,3,2023-11-09
1080,Carlos,Andrade,carlos.andrade1080@gmail.com,3179977469,1,2025-07-07
1081,Diana,Contreras,diana.contreras1081@gmail.com,3141153219,7,2023-04-14
1082,María,Rojas,maría.rojas1082@gmail.com,3231121097,11,2024-03-10
1083,Gabriel,Murcia,gabriel.murcia1083@gmail.com,3068333427,7,2022-10-20
1084,Damaris,Gómez,damaris.gómez1084@gmail.com,3067347794,4,2022-12-13
1085,Patricia,Velandia,patricia.velandia1085@gmail.com,3065019180,11,2023-01-18
1086,Raúl,Londoño,raúl.londoño1086@gmail.com,3185510085,7,2022-02-09
1087,María,Oviedo,maría.oviedo1087@gmail.com,3023292170,5,2021-03-28
1088,Eugenia,Salamanca,eugenia.salamanca1088@gmail.com,3278596173,5,2025-07-08
1089,Juan,Espinosa,juan.espinosa1089@gmail.com,3051325400,3,2020-07-22
1090,Alejandro,Castillo,alejandro.castillo1090@gmail.com,3204119515,2,2023-03-01
1091,Ana,Pérez,ana.pérez1091@gmail.com,3128355410,13,2020-02-03
1092,Daniela,Palacio,daniela.palacio1092@gmail.com,3013528052,1,2025-07-14
1093,Ligia,Triana,ligia.triana1093@gmail.com,3058050508,5,2025-08-03
1094,Vanessa,Tovar,vanessa.tovar1094@gmail.com,3171532460,6,2020-11-24
1095,Isabel,Ojeda,isabel.ojeda1095@gmail.com,3005471188,7,2020-10-19
1096,Daniel,Sierra,daniel.sierra1096@gmail.com,3274046805,4,2022-10-21
1097,Roger,Martínez,roger.martínez1097@gmail.com,3103046175,13,2022-10-16
1098,Xiomara,Velasco,xiomara.velasco1098@gmail.com,3175146693,13,2020-05-17
1099,Flor,Solano,flor.solano1099@gmail.com,3072576392,11,2022-05-03
1100,Wilmar,Medina,wilmar.medina1100@gmail.com,3166236326,6,2021-10-11
1101,Iván,Gómez,iván.gómez1101@gmail.com,3209739692,2,2022-11-03
1102,Esperanza,Ángel,esperanza.ángel1102@gmail.com,3144334029,6,2020-08-01
1103,Concepción,Mosquera,concepción.mosquera1103@gmail.com,3232894625,4,2024-11-13
1104,Alex,Mejía,alex.mejía1104@gmail.com,3103807840,5,2021-05-05
1105,Manuel,Durán,manuel.durán1105@gmail.com,3131149818,1,2025-04-30
1106,Andrea,Beltrán,andrea.beltrán1106@gmail.com,3293600333,6,2021-01-01
1107,Orlando,Amaya,orlando.amaya1107@gmail.com,3029387252,2,2023-10-18
1108,Ana,Sánchez,ana.sánchez1108@gmail.com,3202002860,6,2021-09-22
1109,Alejandro,Acevedo,alejandro.acevedo1109@gmail.com,3282801733,3,2025-06-21
1110,Jairo,Ruiz,jairo.ruiz1110@gmail.com,3056827024,8,2022-03-01
1111,Sandra,Rodríguez,sandra.rodríguez1111@gmail.com,3067009053,13,2021-07-05
1112,Natalia,Mosquera,natalia.mosquera1112@gmail.com,3109142018,13,2024-11-27
1113,Alba,Hernández,alba.hernández1113@gmail.com,3249222379,4,2022-02-03
1114,Liliana,Cardona,liliana.cardona1114@gmail.com,3256430463,13,2025-04-02
1115,Luis,Parra,luis.parra1115@gmail.com,3193690116,2,2025-12-15
1116,María,Mosquera,maría.mosquera1116@gmail.com,3075960564,5,2024-02-12
1117,Andrea,Carvajal,andrea.carvajal1117@gmail.com,3109488562,7,2022-01-29
1118,Camila,Flórez,camila.flórez1118@gmail.com,3097108168,9,2022-09-05
1119,Margarita,Giraldo,margarita.giraldo1119@gmail.com,3117501017,4,2025-11-16
1120,Ana,Galeano,ana.galeano1120@gmail.com,3273585897,9,2023-03-05
1121,Anderson,Mantilla,anderson.mantilla1121@gmail.com,3166402667,2,2021-01-29
1122,Carlos,Pérez,carlos.pérez1122@gmail.com,3211734460,3,2022-01-01
1123,Mery,Hernández,mery.hernández1123@gmail.com,3032796087,8,2022-02-23
1124,Karen,Rincón,karen.rincón1124@gmail.com,3007519606,12,2025-06-29
1125,Patricia,Mejía,patricia.mejía1125@gmail.com,3295293936,1,2024-02-09
1126,Piedad,Ramos,piedad.ramos1126@gmail.com,3092189067,1,2022-05-04
1127,Ana,Vargas,ana.vargas1127@gmail.com,3272341452,8,2020-09-05
1128,Esther,Pineda,esther.pineda1128@gmail.com,3187978536,6,2020-08-26
1129,Juan,Ramírez,juan.ramírez1129@gmail.com,3249875496,1,2020-10-15
1130,Sandra,Suárez,sandra.suárez1130@gmail.com,3114622201,11,2021-02-01
1131,Efrain,Quintero,efrain.quintero1131@gmail.com,3039919792,7,2022-02-15
1132,Antonio,Arenas,antonio.arenas1132@gmail.com,3085173551,9,2022-01-02
1133,Sofía,Quintero,sofía.quintero1133@gmail.com,3287965641,13,2021-03-08
1134,Víctor,Estrada,víctor.estrada1134@gmail.com,3297005628,12,2025-02-21
1135,Roger,Hernández,roger.hernández1135@gmail.com,3262746548,3,2022-01-08
1136,Angélica,Erazo,angélica.erazo1136@gmail.com,3269467339,6,2021-10-09
1137,Alejandra,Álvarez,alejandra.álvarez1137@gmail.com,3298432510,6,2023-07-14
1138,Octavio,Tamayo,octavio.tamayo1138@gmail.com,3257236418,7,2024-10-29
1139,Margarita,Vélez,margarita.vélez1139@gmail.com,3255038654,9,2022-05-26
1140,Dina,Escobar,dina.escobar1140@gmail.com,3185262908,6,2025-01-27
1141,Olga,Rivera,olga.rivera1141@gmail.com,3161003282,13,2020-05-21
1142,Víctor,Medina,víctor.medina1142@gmail.com,3191273509,11,2021-07-07
1143,Martha,Ospina,martha.ospina1143@gmail.com,3106038767,4,2022-05-29
1144,Juan,Vásquez,juan.vásquez1144@gmail.com,3105629792,11,2025-09-25
1145,Manuel,Caicedo,manuel.caicedo1145@gmail.com,3293595683,2,2020-06-03
1146,Jeison,Restrepo,jeison.restrepo1146@gmail.com,3153619042,3,2022-12-21
1147,Camilo,Mendoza,camilo.mendoza1147@gmail.com,3195191903,4,2022-11-15
1148,Margarita,Aguirre,margarita.aguirre1148@gmail.com,3117707501,9,2022-06-09
1149,Leonardo,Rosero,leonardo.rosero1149@gmail.com,3216447428,8,2021-12-09
1150,Maribel,Sierra,maribel.sierra1150@gmail.com,3192599943,9,2023-05-15
1151,Fernando,Vargas,fernando.vargas1151@gmail.com,3097401281,2,2020-08-17
1152,Alexander,Forero,alexander.forero1152@gmail.com,3158286418,7,2021-05-08
1153,Fabián,García,fabián.garcía1153@gmail.com,3091191837,12,2024-04-15
1154,Nel,Acosta,nel.acosta1154@gmail.com,3049797692,1,2023-07-31
1155,Yenny,Mora,yenny.mora1155@gmail.com,3293509536,6,2025-08-19
1156,Marco,Aguirre,marco.aguirre1156@gmail.com,3233570227,1,2024-05-28
1157,Andrés,Mercado,andrés.mercado1157@gmail.com,3199467953,2,2022-06-28
1158,Clara,Lara,clara.lara1158@gmail.com,3147615632,3,2021-06-25
1159,Andrés,Henao,andrés.henao1159@gmail.com,3118983516,9,2020-07-20
1160,Andrea,Solano,andrea.solano1160@gmail.com,3265404991,2,2024-06-20
1161,Alexander,Mosquera,alexander.mosquera1161@gmail.com,3263187332,3,2025-05-23
1162,Jorge,Gómez,jorge.gómez1162@gmail.com,3239184951,7,2022-03-14
1163,Gerson,Buitrago,gerson.buitrago1163@gmail.com,3299795418,4,2022-09-19
1164,Pilar,Gallego,pilar.gallego1164@gmail.com,3048215305,6,2021-01-01
1165,Eduar,Osorio,eduar.osorio1165@gmail.com,3068105832,6,2023-11-27
1166,María,Muñoz,maría.muñoz1166@gmail.com,3056780168,9,2020-04-09
1167,José,Delgado,josé.delgado1167@gmail.com,3126867267,9,2024-12-16
1168,Carlos,Córdoba,carlos.córdoba1168@gmail.com,3228389750,1,2022-08-14
1169,Cindy,Giraldo,cindy.giraldo1169@gmail.com,3053617098,13,2020-12-17
1170,Iván,Fernández,iván.fernández1170@gmail.com,3005077673,9,2021-08-27
1171,José,Herrera,josé.herrera1171@gmail.com,3106759137,13,2021-03-31
1172,María,López,maría.lópez1172@gmail.com,3178905261,1,2023-09-21
1173,Marta,Burgos,marta.burgos1173@gmail.com,3084554677,4,2025-11-13
1174,Martha,Ibarra,martha.ibarra1174@gmail.com,3189103837,9,2021-08-01
1175,Isabel,Álvarez,isabel.álvarez1175@gmail.com,3207318411,9,2025-11-27
1176,Yasmín,Rojas,yasmín.rojas1176@gmail.com,3043857489,1,2023-03-09
1177,Rita,Acosta,rita.acosta1177@gmail.com,3095551347,1,2025-03-19
1178,Betty,Benavides,betty.benavides1178@gmail.com,3202117325,7,2023-01-16
1179,Yolanda,Suárez,yolanda.suárez1179@gmail.com,3252810117,1,2023-04-13
1180,Edwin,González,edwin.gonzález1180@gmail.com,3264878365,7,2025-09-13
1181,Gustavo,Jaimes,gustavo.jaimes1181@gmail.com,3216292472,8,2025-12-17
1182,Javier,Pérez,javier.pérez1182@gmail.com,3024336572,11,2025-02-18
1183,Marino,Vargas,marino.vargas1183@gmail.com,3201666934,4,2025-12-08
1184,Carolina,Pérez,carolina.pérez1184@gmail.com,3159219709,7,2021-10-05
1185,Luis,Bustos,luis.bustos1185@gmail.com,3056904121,6,2023-05-23
1186,Cristina,Parra,cristina.parra1186@gmail.com,3085628469,1,2022-11-21
1187,Rosa,Bedoya,rosa.bedoya1187@gmail.com,3105700872,4,2021-09-13
1188,Yohana,Gómez,yohana.gómez1188@gmail.com,3163302852,2,2024-04-14
1189,David,Ramírez,david.ramírez1189@gmail.com,3294815608,7,2022-09-11
1190,Juan,Giraldo,juan.giraldo1190@gmail.com,3228154895,5,2023-09-10
1191,Diego,Rojas,diego.rojas1191@gmail.com,3183210769,4,2021-07-21
1192,Alfonso,Montes,alfonso.montes1192@gmail.com,3284394202,3,2023-06-19
1193,Luz,López,luz.lópez1193@gmail.com,3283269160,7,2021-08-17
1194,Alfredo,Díaz,alfredo.díaz1194@gmail.com,3293651604,6,2020-10-04
1195,Camila,Cruz,camila.cruz1195@gmail.com,3282986209,3,2023-07-24
1196,Lina,Prieto,lina.prieto1196@gmail.com,3006346688,7,2024-08-11
1197,Andrés,Henao,andrés.henao1197@gmail.com,3175593537,3,2022-02-08
1198,Juan,León,juan.león1198@gmail.com,3024099531,1,2022-12-29
1199,Juan,Romero,juan.romero1199@gmail.com,3294874049,9,2022-08-09
1200,Santiago,Garzón,santiago.garzón1200@gmail.com,3007027405,2,2025-05-06
1201,John,Rueda,john.rueda1201@gmail.com,3088864546,13,2024-03-11
1202,Stella,Ávila,stella.ávila1202@gmail.com,3069245088,8,2021-07-17
1203,Ana,Hernández,ana.hernández1203@gmail.com,3034796232,1,2024-07-31
1204,Paola,Suárez,paola.suárez1204@gmail.com,3047929728,4,2022-04-10
1205,Rosa,Aguirre,rosa.aguirre1205@gmail.com,3013970879,8,2025-06-29
1206,José,Guerrero,josé.guerrero1206@gmail.com,3258676330,4,2024-10-17
1207,Marcela,Flórez,marcela.flórez1207@gmail.com,3107381619,13,2023-07-05
1208,Rosa,Acevedo,rosa.acevedo1208@gmail.com,3199995261,11,2020-06-06
1209,Jhon,Franco,jhon.franco1209@gmail.com,3218576751,8,2020-06-22
1210,Isidro,Cortés,isidro.cortés1210@gmail.com,3087637254,13,2020-06-09
1211,Janneth,Hernández,janneth.hernández1211@gmail.com,3269659168,12,2020-07-20
1212,Eugenia,Cardona,eugenia.cardona1212@gmail.com,3048374490,7,2023-06-01
1213,Luz,Mosquera,luz.mosquera1213@gmail.com,3173793181,7,2023-04-20
1214,María,Hernández,maría.hernández1214@gmail.com,3209673311,3,2025-03-13
1215,Víctor,Corredor,víctor.corredor1215@gmail.com,3272517344,13,2025-08-12
1216,José,Zapata,josé.zapata1216@gmail.com,3023270069,7,2024-08-20
1217,Manuel,Guerrero,manuel.guerrero1217@gmail.com,3171417955,3,2025-02-01
1218,Pedro,Reyes,pedro.reyes1218@gmail.com,3238628318,2,2022-10-21
1219,Ana,Gómez,ana.gómez1219@gmail.com,3123072728,2,2021-04-12
1220,Cristian,Jiménez,cristian.jiménez1220@gmail.com,3277089179,2,2025-11-15
1221,Esperanza,Montoya,esperanza.montoya1221@gmail.com,3269584338,9,2021-10-16
1222,Claudia,Cruz,claudia.cruz1222@gmail.com,3187385526,1,2021-11-30
1223,Jairo,Castañeda,jairo.castañeda1223@gmail.com,3193518087,3,2021-08-15
1224,Luis,González,luis.gonzález1224@gmail.com,3008039412,5,2023-06-21
1225,Martha,Guevara,martha.guevara1225@gmail.com,3275844933,12,2022-01-10
1226,Armando,Morales,armando.morales1226@gmail.com,3024403286,1,2022-11-02
1227,Armando,Gómez,armando.gómez1227@gmail.com,3079348805,8,2020-01-24
1228,Óscar,Vásquez,óscar.vásquez1228@gmail.com,3274990936,4,2025-05-02
1229,Evelio,López,evelio.lópez1229@gmail.com,3168413438,2,2020-01-27
1230,Álvaro,Espinosa,álvaro.espinosa1230@gmail.com,3085665960,9,2022-04-30
1231,Stella,Anaya,stella.anaya1231@gmail.com,3023487325,1,2023-11-30
1232,Norma,Romero,norma.romero1232@gmail.com,3021544120,12,2023-05-07
1233,Víctor,Mendoza,víctor.mendoza1233@gmail.com,3111822609,2,2024-09-03
1234,Ovidio,Guevara,ovidio.guevara1234@gmail.com,3025771113,9,2021-12-27
1235,Leidy,Arrieta,leidy.arrieta1235@gmail.com,3197042962,1,2021-01-16
1236,Juan,Romero,juan.romero1236@gmail.com,3157183568,7,2020-10-04
1237,Alejandro,Barrera,alejandro.barrera1237@gmail.com,3182089275,5,2025-04-12
1238,Claudia,Hernández,claudia.hernández1238@gmail.com,3015603979,6,2025-11-28
1239,Adriana,Rojas,adriana.rojas1239@gmail.com,3184520621,13,2022-05-06
1240,Luz,Romero,luz.romero1240@gmail.com,3202833787,9,2025-12-06
1241,Blanca,Montoya,blanca.montoya1241@gmail.com,3075818203,7,2023-07-20
1242,Paula,Rueda,paula.rueda1242@gmail.com,3186936673,3,2025-07-26
1243,Nancy,Ortiz,nancy.ortiz1243@gmail.com,3279262853,3,2022-08-11
1244,Esteban,Rengifo,esteban.rengifo1244@gmail.com,3244247321,1,2021-04-29
1245,Manuel,López,manuel.lópez1245@gmail.com,3072978465,13,2022-04-29
1246,Uriel,Serna,uriel.serna1246@gmail.com,3267946457,1,2023-09-29
1247,Jair,Ángel,jair.ángel1247@gmail.com,3184562439,1,2022-04-04
1248,Arturo,Hernández,arturo.hernández1248@gmail.com,3245268417,2,2023-06-14
1249,Arturo,Vargas,arturo.vargas1249@gmail.com,3186434540,1,2021-04-11
1250,Alejandro,Salcedo,alejandro.salcedo1250@gmail.com,3256727097,7,2020-04-29
1251,Cristian,Buitrago,cristian.buitrago1251@gmail.com,3036545118,6,2025-05-16
1252,Josefa,Escobar,josefa.escobar1252@gmail.com,3103277572,8,2021-09-28
1253,Alba,Peña,alba.peña1253@gmail.com,3276622207,8,2024-08-22
1254,Yesenia,Acevedo,yesenia.acevedo1254@gmail.com,3209742158,5,2023-07-16
1255,Fabio,López,fabio.lópez1255@gmail.com,3281314043,4,2023-09-20
1256,José,Castro,josé.castro1256@gmail.com,3113504920,5,2020-05-07
1257,Segundo,Arias,segundo.arias1257@gmail.com,3169963616,3,2024-05-14
1258,Leandro,Valencia,leandro.valencia1258@gmail.com,3092960327,5,2023-07-12
1259,María,Perdomo,maría.perdomo1259@gmail.com,3205554970,7,2020-12-21
1260,Felipe,Ariza,felipe.ariza1260@gmail.com,3137234137,8,2023-05-24
1261,Dolores,Vergara,dolores.vergara1261@gmail.com,3086072059,3,2021-04-04
1262,Clara,Martínez,clara.martínez1262@gmail.com,3104390648,2,2024-12-22
1263,Andrés,Torres,andrés.torres1263@gmail.com,3209097744,11,2021-09-23
1264,Ruby,Rojas,ruby.rojas1264@gmail.com,3059111313,13,2025-11-14
1265,Alba,Salcedo,alba.salcedo1265@gmail.com,3153404091,2,2025-10-15
1266,Gladys,Escobar,gladys.escobar1266@gmail.com,3224442468,13,2020-05-29
1267,Carlos,Reyes,carlos.reyes1267@gmail.com,3169763492,2,2020-01-17
1268,Nubia,Carrillo,nubia.carrillo1268@gmail.com,3102460891,6,2025-03-27
1269,Luz,López,luz.lópez1269@gmail.com,3019733844,12,2023-07-03
1270,Julián,Cruz,julián.cruz1270@gmail.com,3096236888,12,2022-05-09
1271,Paola,Zuluaga,paola.zuluaga1271@gmail.com,3134230379,5,2023-02-07
1272,Mayra,Rodríguez,mayra.rodríguez1272@gmail.com,3258400692,12,2021-04-26
1273,Aníbal,Ramírez,aníbal.ramírez1273@gmail.com,3123642344,5,2021-04-13
1274,Eduardo,Hernández,eduardo.hernández1274@gmail.com,3099624506,2,2022-04-26
1275,Jesús,Pérez,jesús.pérez1275@gmail.com,3256343290,5,2021-08-02
1276,Milton,Castro,milton.castro1276@gmail.com,3245107483,3,2020-10-18
1277,Jesús,Vargas,jesús.vargas1277@gmail.com,3196683095,11,2024-12-22
1278,Alicia,Rentería,alicia.rentería1278@gmail.com,3021486416,8,2020-07-25
1279,Claudia,Medina,claudia.medina1279@gmail.com,3061902612,2,2024-10-12
1280,Viviana,Bermúdez,viviana.bermúdez1280@gmail.com,3128479891,9,2023-12-27
1281,Cristina,Hoyos,cristina.hoyos1281@gmail.com,3154324357,13,2025-12-25
1282,Diego,Rodríguez,diego.rodríguez1282@gmail.com,3073211157,2,2025-04-02
1283,Virginia,Hernández,virginia.hernández1283@gmail.com,3076207508,12,2025-03-21
1284,Lorena,Duarte,lorena.duarte1284@gmail.com,3134754647,3,2022-11-22
1285,María,Vélez,maría.vélez1285@gmail.com,3164076154,13,2023-09-15
1286,Víctor,Ojeda,víctor.ojeda1286@gmail.com,3179179005,1,2020-09-24
1287,Rubiela,Hernández,rubiela.hernández1287@gmail.com,3116896198,8,2025-03-04
1288,Patricia,Flórez,patricia.flórez1288@gmail.com,3046848796,9,2021-06-05
1289,Miguel,López,miguel.lópez1289@gmail.com,3217806281,13,2021-03-14
1290,Eugenia,Rangel,eugenia.rangel1290@gmail.com,3182189907,5,2025-12-22
1291,Marcela,Perdomo,marcela.perdomo1291@gmail.com,3167936404,4,2022-09-25
1292,Alfonso,Hernández,alfonso.hernández1292@gmail.com,3229092903,7,2020-09-27
1293,Osvaldo,Sánchez,osvaldo.sánchez1293@gmail.com,3138233471,7,2023-11-02
1294,Andrés,Rodríguez,andrés.rodríguez1294@gmail.com,3233903892,12,2020-11-15
1295,Jesús,Mendoza,jesús.mendoza1295@gmail.com,3299164301,2,2025-03-11
1296,Daniel,Méndez,daniel.méndez1296@gmail.com,3182638360,8,2021-12-22
1297,Lucía,Peña,lucía.peña1297@gmail.com,3162167822,9,2021-03-21
1298,Eduardo,Estrada,eduardo.estrada1298@gmail.com,3297357071,6,2025-07-17
1299,Andrea,López,andrea.lópez1299@gmail.com,3202518891,4,2021-07-23
1300,Alfonso,Fernández,alfonso.fernández1300@gmail.com,3203461642,12,2021-09-03
1301,Kelly,Corredor,kelly.corredor1301@gmail.com,3185890613,7,2025-01-05
1302,Eugenia,Hernández,eugenia.hernández1302@gmail.com,3036311628,5,2023-06-01
1303,Yaneth,García,yaneth.garcía1303@gmail.com,3152497994,9,2020-02-03
1304,Luis,Carvajal,luis.carvajal1304@gmail.com,3287781307,3,2023-04-19
1305,Alberto,Patiño,alberto.patiño1305@gmail.com,3051891328,1,2024-01-11
1306,Eduardo,Miranda,eduardo.miranda1306@gmail.com,3041523193,4,2024-11-03
1307,Alexander,Suárez,alexander.suárez1307@gmail.com,3297614724,12,2023-07-27
1308,José,Palacios,josé.palacios1308@gmail.com,3267812097,7,2024-11-17
1309,César,Jiménez,césar.jiménez1309@gmail.com,3233909338,8,2021-07-23
1310,Luz,Burbano,luz.burbano1310@gmail.com,3087452434,6,2024-09-04
1311,Wilmar,Zapata,wilmar.zapata1311@gmail.com,3043106365,3,2020-02-17
1312,Martha,Sierra,martha.sierra1312@gmail.com,3003415850,13,2025-06-16
1313,Juan,Contreras,juan.contreras1313@gmail.com,3263277939,2,2021-07-16
1314,Brandon,Ospino,brandon.ospino1314@gmail.com,3268650891,13,2024-10-09
1315,Oswaldo,Hernández,oswaldo.hernández1315@gmail.com,3228623472,11,2024-10-03
1316,Humberto,Jaramillo,humberto.jaramillo1316@gmail.com,3277454441,6,2022-07-13
1317,Dora,Carrillo,dora.carrillo1317@gmail.com,3061124654,9,2025-08-02
1318,Cristian,Pedraza,cristian.pedraza1318@gmail.com,3239417612,5,2024-08-09
1319,Ángel,Rodríguez,ángel.rodríguez1319@gmail.com,3297156735,1,2020-06-04
1320,Patricia,Muñoz,patricia.muñoz1320@gmail.com,3277183722,2,2025-05-26
1321,María,Martínez,maría.martínez1321@gmail.com,3213383832,13,2025-11-26
1322,Fabián,Mora,fabián.mora1322@gmail.com,3179672974,2,2025-11-13
1323,Antonio,Sierra,antonio.sierra1323@gmail.com,3215114298,8,2020-11-15
1324,Marleny,Narváez,marleny.narváez1324@gmail.com,3286242875,9,2020-08-04
1325,Ana,Montoya,ana.montoya1325@gmail.com,3181180915,8,2025-02-02
1326,David,Castro,david.castro1326@gmail.com,3276561881,7,2023-12-16
1327,Natalia,Molina,natalia.molina1327@gmail.com,3143810320,1,2023-05-30
1328,Adriana,Montes,adriana.montes1328@gmail.com,3295369510,1,2025-04-22
1329,Andrés,Giraldo,andrés.giraldo1329@gmail.com,3221866037,12,2023-04-10
1330,Fernando,Palacio,fernando.palacio1330@gmail.com,3291457985,5,2025-06-08
1331,Manuel,Martínez,manuel.martínez1331@gmail.com,3029482495,2,2023-02-12
1332,Jhon,Ariza,jhon.ariza1332@gmail.com,3125713926,5,2022-11-18
1333,Edgar,Martínez,edgar.martínez1333@gmail.com,3013929534,9,2021-09-11
1334,Andrea,Mejía,andrea.mejía1334@gmail.com,3277203657,3,2022-12-06
1335,Marlene,León,marlene.león1335@gmail.com,3239135582,3,2025-11-30
1336,Natalia,Villamizar,natalia.villamizar1336@gmail.com,3052416021,3,2021-09-23
1337,Jairo,González,jairo.gonzález1337@gmail.com,3167428475,4,2024-12-07
1338,Camilo,Narváez,camilo.narváez1338@gmail.com,3224537589,9,2023-11-14
1339,Claudia,Cantillo,claudia.cantillo1339@gmail.com,3042946062,1,2021-11-17
1340,José,Páez,josé.páez1340@gmail.com,3168989846,5,2025-05-04
1341,Óscar,Pérez,óscar.pérez1341@gmail.com,3284920186,7,2024-05-16
1342,Carmen,Ocampo,carmen.ocampo1342@gmail.com,3143435210,11,2024-11-15
1343,Alba,Rivas,alba.rivas1343@gmail.com,3048529960,7,2023-07-17
1344,Ángel,Gómez,ángel.gómez1344@gmail.com,3202633502,11,2023-12-20
1345,Mario,Ortiz,mario.ortiz1345@gmail.com,3195573311,6,2023-01-12
1346,Patricia,Amaya,patricia.amaya1346@gmail.com,3115283960,12,2024-05-21
1347,Carlos,García,carlos.garcía1347@gmail.com,3134270310,11,2023-10-14
1348,Yasmín,Mosquera,yasmín.mosquera1348@gmail.com,3226255795,11,2020-02-13
1349,Adiela,Ospina,adiela.ospina1349@gmail.com,3202140044,1,2024-08-11
1350,Aura,Muñoz,aura.muñoz1350@gmail.com,3082743274,12,2024-12-31
1351,Sandra,Córdoba,sandra.córdoba1351@gmail.com,3135752935,5,2022-03-01
1352,Daniel,Torres,daniel.torres1352@gmail.com,3002542518,1,2022-06-07
1353,José,Gómez,josé.gómez1353@gmail.com,3213012881,2,2021-06-16
1354,Nelson,Vargas,nelson.vargas1354@gmail.com,3194099902,2,2022-01-24
1355,Gilma,Flórez,gilma.flórez1355@gmail.com,3148834214,12,2020-11-06
1356,Milena,Granados,milena.granados1356@gmail.com,3275636946,7,2023-08-17
1357,Esteban,Cortés,esteban.cortés1357@gmail.com,3122241464,5,2020-09-12
1358,Arley,Mena,arley.mena1358@gmail.com,3166581020,1,2022-11-23
1359,Mireya,Ruiz,mireya.ruiz1359@gmail.com,3128391619,2,2025-07-07
1360,Marta,Pinzón,marta.pinzón1360@gmail.com,3097587312,3,2025-07-08
1361,Luisa,García,luisa.garcía1361@gmail.com,3028235234,4,2021-03-11
1362,Alicia,Sierra,alicia.sierra1362@gmail.com,3142732870,1,2020-10-25
1363,Roberto,Díaz,roberto.díaz1363@gmail.com,3095204309,8,2020-03-17
1364,Ricardo,Bejarano,ricardo.bejarano1364@gmail.com,3121014556,1,2024-05-18
1365,Estiven,García,estiven.garcía1365@gmail.com,3126533643,7,2020-01-16
1366,Antonia,Gutiérrez,antonia.gutiérrez1366@gmail.com,3279021848,7,2024-07-12
1367,Santiago,Valencia,santiago.valencia1367@gmail.com,3214789081,1,2024-04-23
1368,Luis,Rodríguez,luis.rodríguez1368@gmail.com,3273033459,9,2024-01-10
1369,Alejandra,Londoño,alejandra.londoño1369@gmail.com,3147721201,1,2021-01-06
1370,Angie,Trujillo,angie.trujillo1370@gmail.com,3186705306,2,2025-02-25
1371,Jimena,Vega,jimena.vega1371@gmail.com,3133963163,11,2020-06-10
1372,Maricela,Perdomo,maricela.perdomo1372@gmail.com,3136014212,13,2024-05-16
1373,Elena,Galeano,elena.galeano1373@gmail.com,3059162175,2,2024-11-28
1374,Rafael,Vargas,rafael.vargas1374@gmail.com,3233347853,1,2022-03-01
1375,María,Peña,maría.peña1375@gmail.com,3095001116,8,2024-05-11
1376,Cristina,Romero,cristina.romero1376@gmail.com,3086162867,8,2025-12-27
1377,Pedro,Monsalve,pedro.monsalve1377@gmail.com,3101621473,6,2020-08-17
1378,Jhoan,Rodríguez,jhoan.rodríguez1378@gmail.com,3107803292,2,2022-05-17
1379,Alexander,Miranda,alexander.miranda1379@gmail.com,3288690178,12,2021-09-02
1380,Miguel,López,miguel.lópez1380@gmail.com,3294908850,2,2020-05-31
1381,Andrés,Moreno,andrés.moreno1381@gmail.com,3229202292,12,2020-03-19
1382,Amelia,Martínez,amelia.martínez1382@gmail.com,3191768424,4,2021-06-18
1383,Paulo,Amaya,paulo.amaya1383@gmail.com,3021838156,5,2021-02-02
1384,Andrea,Cáceres,andrea.cáceres1384@gmail.com,3193863692,9,2020-09-18
1385,Yesid,Guzmán,yesid.guzmán1385@gmail.com,3019340683,9,2022-06-22
1386,Diego,Arias,diego.arias1386@gmail.com,3038150641,6,2024-07-04
1387,Aldemar,García,aldemar.garcía1387@gmail.com,3113304005,6,2022-05-23
1388,Diana,Hernández,diana.hernández1388@gmail.com,3093909968,6,2020-09-15
1389,Leonardo,García,leonardo.garcía1389@gmail.com,3043369560,7,2021-11-19
1390,Carlos,Mejía,carlos.mejía1390@gmail.com,3253768343,8,2022-09-24
1391,Smith,Moreno,smith.moreno1391@gmail.com,3203237592,2,2024-03-20
1392,Beatriz,Álvarez,beatriz.álvarez1392@gmail.com,3009169958,2,2020-01-27
1393,Francisco,Bermúdez,francisco.bermúdez1393@gmail.com,3022495541,13,2023-03-08
1394,Felipe,Ruiz,felipe.ruiz1394@gmail.com,3173128901,4,2021-08-09
1395,Luisa,García,luisa.garcía1395@gmail.com,3249775941,8,2024-08-14
1396,Alejandra,Patiño,alejandra.patiño1396@gmail.com,3021631179,9,2022-01-07
1397,Juan,Sánchez,juan.sánchez1397@gmail.com,3272476750,12,2023-05-18
1398,Claudia,Correa,claudia.correa1398@gmail.com,3161076672,11,2022-08-23
1399,Silvia,Lozano,silvia.lozano1399@gmail.com,3019895263,2,2024-01-22
1400,Octavio,Rojas,octavio.rojas1400@gmail.com,3284678843,8,2022-05-02
1401,Natalia,Ortiz,natalia.ortiz1401@gmail.com,3104250065,2,2021-09-03
1402,Paola,Sánchez,paola.sánchez1402@gmail.com,3279346913,3,2021-10-16
1403,Eduardo,Niño,eduardo.niño1403@gmail.com,3201906432,12,2024-01-31
1404,Jhon,Gómez,jhon.gómez1404@gmail.com,3138292580,5,2023-10-01
1405,Fredy,Valencia,fredy.valencia1405@gmail.com,3271726746,2,2020-08-02
1406,Andrea,Vargas,andrea.vargas1406@gmail.com,3223651565,1,2025-06-09
1407,Maritza,Molina,maritza.molina1407@gmail.com,3212188825,4,2024-12-26
1408,Javier,Muñoz,javier.muñoz1408@gmail.com,3296468907,7,2022-03-25
1409,Nel,Gómez,nel.gómez1409@gmail.com,3254859820,2,2023-08-28
1410,Karina,Cárdenas,karina.cárdenas1410@gmail.com,3014978185,13,2024-08-16
1411,César,Vargas,césar.vargas1411@gmail.com,3064702106,2,2025-04-13
1412,Lucero,Arenas,lucero.arenas1412@gmail.com,3271911663,7,2021-08-16
1413,Isabel,Rodríguez,isabel.rodríguez1413@gmail.com,3098633480,3,2024-05-05
1414,Álvaro,Riascos,álvaro.riascos1414@gmail.com,3128679606,13,2022-03-06
1415,Carmen,Bravo,carmen.bravo1415@gmail.com,3255524723,4,2023-10-07
1416,Alicia,Méndez,alicia.méndez1416@gmail.com,3002000789,5,2021-07-13
1417,Jorge,Murillo,jorge.murillo1417@gmail.com,3078693677,7,2021-12-02
1418,Beatriz,Guerra,beatriz.guerra1418@gmail.com,3135951988,9,2021-10-04
1419,María,Martínez,maría.martínez1419@gmail.com,3293851044,9,2022-07-29
1420,Roberto,Marín,roberto.marín1420@gmail.com,3069753827,8,2022-06-05
1421,Carmen,Espitia,carmen.espitia1421@gmail.com,3278763873,5,2020-02-29
1422,Álvaro,Quintero,álvaro.quintero1422@gmail.com,3265138170,4,2023-09-02
1423,María,Cruz,maría.cruz1423@gmail.com,3194731363,9,2021-09-02
1424,Claudia,Córdoba,claudia.córdoba1424@gmail.com,3208009048,1,2020-06-13
1425,Armando,Medina,armando.medina1425@gmail.com,3181564059,7,2025-12-15
1426,María,Carrillo,maría.carrillo1426@gmail.com,3172644153,8,2025-07-21
1427,Carolina,Rojas,carolina.rojas1427@gmail.com,3011208423,13,2024-07-23
1428,Liliana,Castro,liliana.castro1428@gmail.com,3027013049,5,2022-09-06
1429,Brayan,Gómez,brayan.gómez1429@gmail.com,3211267263,8,2023-06-02
1430,David,Vargas,david.vargas1430@gmail.com,3071409590,8,2025-03-14
1431,Elizabeth,Peña,elizabeth.peña1431@gmail.com,3064102874,6,2025-03-16
1432,Luis,Martínez,luis.martínez1432@gmail.com,3202186125,7,2023-09-25
1433,Blanca,Hernández,blanca.hernández1433@gmail.com,3205975954,7,2023-01-10
1434,Alejandra,Loaiza,alejandra.loaiza1434@gmail.com,3294475340,12,2020-11-27
1435,Andrés,Barrera,andrés.barrera1435@gmail.com,3251919587,11,2024-01-30
1436,Francisco,Rosero,francisco.rosero1436@gmail.com,3017424918,6,2025-03-21
1437,Farid,Ocampo,farid.ocampo1437@gmail.com,3207133266,6,2021-12-18
1438,Clara,Vásquez,clara.vásquez1438@gmail.com,3282124172,11,2022-04-18
1439,Marly,Barreto,marly.barreto1439@gmail.com,3055003592,11,2021-04-10
1440,José,Giraldo,josé.giraldo1440@gmail.com,3274519758,13,2022-07-12
1441,Gloria,Ruiz,gloria.ruiz1441@gmail.com,3155485520,11,2024-09-28
1442,Marina,Triana,marina.triana1442@gmail.com,3102063158,6,2023-11-15
1443,Jaime,Martínez,jaime.martínez1443@gmail.com,3179412936,11,2021-05-17
1444,Argemiro,Contreras,argemiro.contreras1444@gmail.com,3189939831,5,2025-01-25
1445,Sebastián,Anaya,sebastián.anaya1445@gmail.com,3252101048,4,2025-02-18
1446,Dairo,López,dairo.lópez1446@gmail.com,3017554564,3,2023-03-27
1447,Alexander,Ortiz,alexander.ortiz1447@gmail.com,3013764318,5,2021-04-03
1448,Víctor,Alarcón,víctor.alarcón1448@gmail.com,3229327014,3,2022-04-16
1449,Luz,Orjuela,luz.orjuela1449@gmail.com,3205918567,7,2021-06-24
1450,Marina,Sanabria,marina.sanabria1450@gmail.com,3158048611,8,2020-03-28
1451,Orlando,Mosquera,orlando.mosquera1451@gmail.com,3132056117,1,2022-08-09
1452,Pedro,Meza,pedro.meza1452@gmail.com,3257907041,9,2023-11-05
1453,Gloria,Vega,gloria.vega1453@gmail.com,3259156216,9,2025-12-11
1454,Mario,Benavides,mario.benavides1454@gmail.com,3278684083,5,2021-06-24
1455,Arley,Gómez,arley.gómez1455@gmail.com,3125362201,4,2025-06-06
1456,Diego,Erazo,diego.erazo1456@gmail.com,3141793880,3,2023-12-17
1457,Luis,Londoño,luis.londoño1457@gmail.com,3173791109,9,2021-10-20
1458,Liliana,Ojeda,liliana.ojeda1458@gmail.com,3285785643,3,2021-12-19
1459,Alonso,Rincón,alonso.rincón1459@gmail.com,3223705405,4,2021-04-23
1460,Natalia,Rincón,natalia.rincón1460@gmail.com,3053121873,8,2022-12-02
1461,Andrea,Moreno,andrea.moreno1461@gmail.com,3124441935,11,2020-05-22
1462,Marina,Silva,marina.silva1462@gmail.com,3256768795,3,2024-03-07
1463,María,Prada,maría.prada1463@gmail.com,3183727935,11,2023-05-20
1464,Alejandra,Hernández,alejandra.hernández1464@gmail.com,3007787429,8,2021-08-18
1465,Óscar,Prada,óscar.prada1465@gmail.com,3153618139,1,2025-09-09
1466,Santiago,Valencia,santiago.valencia1466@gmail.com,3148950901,5,2021-08-25
1467,María,Fernández,maría.fernández1467@gmail.com,3276682181,13,2021-04-05
1468,Wilmer,Guevara,wilmer.guevara1468@gmail.com,3271672446,3,2021-04-23
1469,Edgar,Estrada,edgar.estrada1469@gmail.com,3107738231,9,2022-06-21
1470,Ever,Arias,ever.arias1470@gmail.com,3152551575,6,2020-08-13
1471,Libardo,Medina,libardo.medina1471@gmail.com,3239832094,4,2023-02-12
1472,Diana,Suárez,diana.suárez1472@gmail.com,3002402399,11,2024-12-29
1473,Marcela,Sánchez,marcela.sánchez1473@gmail.com,3219586369,7,2022-03-07
1474,Efrain,Mercado,efrain.mercado1474@gmail.com,3159582482,1,2024-01-18
1475,Ever,Bernal,ever.bernal1475@gmail.com,3128174616,6,2024-04-30
1476,Carolina,Tamayo,carolina.tamayo1476@gmail.com,3105775640,6,2023-12-10
1477,Jhon,Oviedo,jhon.oviedo1477@gmail.com,3172469661,4,2024-12-24
1478,Fabián,Torres,fabián.torres1478@gmail.com,3268423991,5,2021-11-01
1479,Juan,Díaz,juan.díaz1479@gmail.com,3267949018,3,2020-12-18
1480,Viviana,Pacheco,viviana.pacheco1480@gmail.com,3036087374,8,2025-11-21
1481,Carmen,Padilla,carmen.padilla1481@gmail.com,3117304414,2,2020-01-28
1482,Efrain,Núñez,efrain.núñez1482@gmail.com,3147954391,3,2025-03-07
1483,Socorro,Portilla,socorro.portilla1483@gmail.com,3293297254,4,2022-01-31
1484,Tulio,Gómez,tulio.gómez1484@gmail.com,3149230660,1,2023-05-21
1485,Alberto,Cáceres,alberto.cáceres1485@gmail.com,3249289630,11,2025-03-13
1486,Fidel,Torres,fidel.torres1486@gmail.com,3001041048,3,2022-12-11
1487,Carlos,Cuesta,carlos.cuesta1487@gmail.com,3173083343,12,2023-03-24
1488,Isabel,Sarmiento,isabel.sarmiento1488@gmail.com,3129252486,13,2022-09-29
1489,Leidy,Riascos,leidy.riascos1489@gmail.com,3015650930,8,2020-09-30
1490,Claudia,Rivas,claudia.rivas1490@gmail.com,3259061215,9,2024-11-21
1491,Andrea,Blanco,andrea.blanco1491@gmail.com,3173006281,6,2025-09-30
1492,Fernando,Murcia,fernando.murcia1492@gmail.com,3291294357,5,2021-10-29
1493,Liseth,Ortiz,liseth.ortiz1493@gmail.com,3203451774,6,2025-03-03
1494,Tatiana,Martínez,tatiana.martínez1494@gmail.com,3226995933,3,2020-08-04
1495,Rocío,González,rocío.gonzález1495@gmail.com,3158038277,12,2023-12-29
1496,María,Flórez,maría.flórez1496@gmail.com,3045893311,11,2020-11-10
1497,Felipe,Tamayo,felipe.tamayo1497@gmail.com,3234074382,2,2021-11-15
1498,Hugo,Rincón,hugo.rincón1498@gmail.com,3256305130,12,2023-05-18
1499,Lizeth,Vásquez,lizeth.vásquez1499@gmail.com,3152607817,11,2023-12-11
1500,Diana,Acosta,diana.acosta1500@gmail.com,3003297630,11,2023-02-26
1501,Wilson,Bernal,wilson.bernal1501@gmail.com,3177912120,6,2021-10-29
1502,Eduardo,Pérez,eduardo.pérez1502@gmail.com,3033593001,11,2022-06-24
1503,Patricia,Meza,patricia.meza1503@gmail.com,3089818990,11,2021-04-11
1504,Elizabeth,Ruiz,elizabeth.ruiz1504@gmail.com,3172281784,2,2021-06-21
1505,Rodolfo,García,rodolfo.garcía1505@gmail.com,3076841992,5,2024-01-25
1506,Carolina,Rivera,carolina.rivera1506@gmail.com,3079776515,6,2021-12-06
1507,Miguel,Vásquez,miguel.vásquez1507@gmail.com,3241482504,13,2021-04-30
1508,Ernesto,López,ernesto.lópez1508@gmail.com,3023388393,13,2022-07-17
1509,Juan,Ávila,juan.ávila1509@gmail.com,3124520547,3,2020-11-17
1510,Rita,Gómez,rita.gómez1510@gmail.com,3112304181,1,2025-06-06
1511,James,Pérez,james.pérez1511@gmail.com,3104294223,2,2020-05-14
1512,Alexis,Sánchez,alexis.sánchez1512@gmail.com,3281994305,8,2021-05-02
1513,Diana,Rojas,diana.rojas1513@gmail.com,3102111446,5,2020-02-12
1514,Liliana,Benavides,liliana.benavides1514@gmail.com,3014446060,9,2022-03-30
1515,Daniel,Ariza,daniel.ariza1515@gmail.com,3051490886,2,2021-08-19
1516,Mónica,Castro,mónica.castro1516@gmail.com,3246835728,6,2021-10-19
1517,Leidy,Martínez,leidy.martínez1517@gmail.com,3295057108,11,2020-10-06
1518,Carlos,Villa,carlos.villa1518@gmail.com,3091234617,11,2022-06-07
1519,Lucía,Mosquera,lucía.mosquera1519@gmail.com,3235728772,3,2020-01-18
1520,Yadira,Jiménez,yadira.jiménez1520@gmail.com,3214590582,11,2025-04-28
1521,Alexander,Carvajal,alexander.carvajal1521@gmail.com,3194105895,8,2021-03-15
1522,Alejandra,Rodríguez,alejandra.rodríguez1522@gmail.com,3057368883,7,2022-05-27
1523,Carolina,Jiménez,carolina.jiménez1523@gmail.com,3237838023,2,2023-07-11
1524,Ana,Benítez,ana.benítez1524@gmail.com,3072850798,11,2021-07-10
1525,Natalia,Medina,natalia.medina1525@gmail.com,3155836389,11,2020-06-15
1526,Jazmín,Durán,jazmín.durán1526@gmail.com,3059283126,2,2024-04-25
1527,Andrea,Ríos,andrea.ríos1527@gmail.com,3176234607,12,2024-12-23
1528,Rosa,Rivas,rosa.rivas1528@gmail.com,3087833061,5,2024-10-18
1529,Eliana,Marín,eliana.marín1529@gmail.com,3018980532,12,2024-02-14
1530,Lina,Restrepo,lina.restrepo1530@gmail.com,3009248490,12,2021-03-06
1531,Lorena,Ortiz,lorena.ortiz1531@gmail.com,3179768819,12,2020-12-14
1532,Luz,Espinosa,luz.espinosa1532@gmail.com,3027623837,7,2021-02-20
1533,Enrique,García,enrique.garcía1533@gmail.com,3222085660,6,2022-03-26
1534,Nubia,Ríos,nubia.ríos1534@gmail.com,3137782844,2,2022-08-11
1535,Yair,Fernández,yair.fernández1535@gmail.com,3175672762,13,2023-01-23
1536,Luis,Sepúlveda,luis.sepúlveda1536@gmail.com,3266974321,8,2024-07-14
1537,Leonardo,Guerrero,leonardo.guerrero1537@gmail.com,3185679008,3,2025-02-05
1538,Andrés,Gaviria,andrés.gaviria1538@gmail.com,3015205877,8,2025-07-29
1539,Cielo,Rangel,cielo.rangel1539@gmail.com,3021498677,2,2020-08-04
1540,Irene,García,irene.garcía1540@gmail.com,3071448771,3,2024-04-16
1541,Roberto,Forero,roberto.forero1541@gmail.com,3253562495,5,2021-01-29
1542,José,Galeano,josé.galeano1542@gmail.com,3089257536,8,2022-04-07
1543,Francisco,Buitrago,francisco.buitrago1543@gmail.com,3179225036,11,2022-12-07
1544,Antonio,González,antonio.gonzález1544@gmail.com,3251296459,1,2024-10-28
1545,Rafael,Pérez,rafael.pérez1545@gmail.com,3068551685,6,2024-03-21
1546,Erick,Cardozo,erick.cardozo1546@gmail.com,3171603663,1,2021-12-25
1547,Mario,Hernández,mario.hernández1547@gmail.com,3243753883,8,2024-10-30
1548,Deisy,Ojeda,deisy.ojeda1548@gmail.com,3047527687,8,2021-03-24
1549,Nohora,Bolívar,nohora.bolívar1549@gmail.com,3278882244,8,2021-10-02
1550,Antonio,Palacio,antonio.palacio1550@gmail.com,3207566347,5,2025-07-19
1551,Rocío,Vallejo,rocío.vallejo1551@gmail.com,3266918393,5,2023-08-05
1552,Néstor,Martínez,néstor.martínez1552@gmail.com,3001756962,3,2024-02-09
1553,Yulieth,Medina,yulieth.medina1553@gmail.com,3191451304,12,2023-10-29
1554,Teresa,Castro,teresa.castro1554@gmail.com,3118183134,6,2024-01-03
1555,Dolores,Arboleda,dolores.arboleda1555@gmail.com,3151947061,12,2022-09-27
1556,Fabián,Trujillo,fabián.trujillo1556@gmail.com,3036236161,9,2020-12-13
1557,José,Guerrero,josé.guerrero1557@gmail.com,3216115582,2,2023-10-14
1558,Fabiola,Sánchez,fabiola.sánchez1558@gmail.com,3006471332,1,2025-03-02
1559,Juan,Uribe,juan.uribe1559@gmail.com,3269636236,7,2022-12-28
1560,Gilberto,Velandia,gilberto.velandia1560@gmail.com,3071373065,6,2024-03-27
1561,Luis,López,luis.lópez1561@gmail.com,3266409332,9,2021-02-04
1562,Alexandra,Lozano,alexandra.lozano1562@gmail.com,3114454568,6,2025-07-27
1563,Nubia,Peña,nubia.peña1563@gmail.com,3253795540,9,2023-05-11
1564,Jenny,Reyes,jenny.reyes1564@gmail.com,3164384948,8,2020-11-04
1565,Alberto,Gómez,alberto.gómez1565@gmail.com,3235821026,5,2020-07-13
1566,Esperanza,Sánchez,esperanza.sánchez1566@gmail.com,3197744899,4,2021-01-11
1567,Alberto,Aguirre,alberto.aguirre1567@gmail.com,3292589366,9,2023-10-11
1568,María,Naranjo,maría.naranjo1568@gmail.com,3119909769,8,2024-10-15
1569,Vanessa,Moreno,vanessa.moreno1569@gmail.com,3052286168,12,2023-05-21
1570,Mauricio,Cáceres,mauricio.cáceres1570@gmail.com,3248263032,12,2023-07-07
1571,Yesid,Rodríguez,yesid.rodríguez1571@gmail.com,3067749490,5,2025-10-11
1572,Víctor,Suárez,víctor.suárez1572@gmail.com,3184029979,1,2025-10-15
1573,Blanca,Rincón,blanca.rincón1573@gmail.com,3099375247,4,2025-03-29
1574,Jhon,López,jhon.lópez1574@gmail.com,3188276689,9,2020-09-02
1575,Gabriel,Hernández,gabriel.hernández1575@gmail.com,3237111514,8,2021-08-28
1576,Roger,Marín,roger.marín1576@gmail.com,3026037789,7,2024-08-07
1577,Augusto,Ortiz,augusto.ortiz1577@gmail.com,3114415137,7,2022-12-29
1578,Elvira,Jaimes,elvira.jaimes1578@gmail.com,3125302460,12,2022-08-25
1579,Liliana,Rojas,liliana.rojas1579@gmail.com,3132905196,3,2022-02-25
1580,Augusto,Mena,augusto.mena1580@gmail.com,3036210006,8,2025-06-11
1581,Rafael,Gaviria,rafael.gaviria1581@gmail.com,3268080306,12,2020-05-31
1582,Armando,Molina,armando.molina1582@gmail.com,3025575347,3,2020-04-29
1583,Cecilia,Álvarez,cecilia.álvarez1583@gmail.com,3143952542,12,2020-06-21
1584,José,Hernández,josé.hernández1584@gmail.com,3271334013,1,2020-12-09
1585,Hernando,Cuéllar,hernando.cuéllar1585@gmail.com,3195999260,2,2024-07-25
1586,María,Ramírez,maría.ramírez1586@gmail.com,3117658793,13,2021-07-29
1587,Hernán,Perea,hernán.perea1587@gmail.com,3019392777,2,2025-11-07
1588,Tatiana,Cruz,tatiana.cruz1588@gmail.com,3299812402,5,2025-07-26
1589,Gerardo,Rueda,gerardo.rueda1589@gmail.com,3033051464,6,2023-09-10
1590,Esperanza,Bravo,esperanza.bravo1590@gmail.com,3264958384,7,2022-06-11
1591,José,Acevedo,josé.acevedo1591@gmail.com,3013938600,4,2023-01-29
1592,Paola,Gómez,paola.gómez1592@gmail.com,3165266545,9,2020-08-17
1593,Alicia,Hurtado,alicia.hurtado1593@gmail.com,3187286506,13,2021-04-07
1594,Gloria,Polo,gloria.polo1594@gmail.com,3188109870,8,2022-10-06
1595,Juan,Romero,juan.romero1595@gmail.com,3127090096,8,2024-02-15
1596,Claudia,Lara,claudia.lara1596@gmail.com,3101584005,13,2020-08-11
1597,César,Barrios,césar.barrios1597@gmail.com,3235244348,11,2024-04-24
1598,Amparo,Giraldo,amparo.giraldo1598@gmail.com,3153047722,11,2022-08-26
1599,Cecilia,Córdoba,cecilia.córdoba1599@gmail.com,3161131971,7,2022-11-12
1600,Cristhian,Zuluaga,cristhian.zuluaga1600@gmail.com,3114950370,5,2022-05-11
1601,Jorge,Buitrago,jorge.buitrago1601@gmail.com,3076321470,12,2024-07-22
1602,Alba,Peña,alba.peña1602@gmail.com,3042343763,8,2025-04-13
1603,María,Patiño,maría.patiño1603@gmail.com,3266582152,13,2024-09-26
1604,Sebastián,Rodríguez,sebastián.rodríguez1604@gmail.com,3025378351,11,2020-09-28
1605,Emilio,Jaimes,emilio.jaimes1605@gmail.com,3166482263,8,2020-04-22
1606,Alberto,Rodríguez,alberto.rodríguez1606@gmail.com,3028439100,12,2021-07-11
1607,Johana,Cifuentes,johana.cifuentes1607@gmail.com,3064356706,12,2023-06-05
1608,Viviana,Parada,viviana.parada1608@gmail.com,3192379624,2,2021-10-08
1609,Jorge,Salazar,jorge.salazar1609@gmail.com,3083182597,9,2024-08-07
1610,Leonor,Romero,leonor.romero1610@gmail.com,3179025640,13,2021-06-30
1611,Johana,Correa,johana.correa1611@gmail.com,3126495887,5,2022-03-24
1612,Javier,Bravo,javier.bravo1612@gmail.com,3067167297,3,2024-05-30
1613,Catalina,López,catalina.lópez1613@gmail.com,3194766269,1,2020-04-04
1614,José,Durán,josé.durán1614@gmail.com,3294837070,2,2025-03-09
1615,Santiago,Arias,santiago.arias1615@gmail.com,3043831255,1,2024-06-30
1616,Jorge,León,jorge.león1616@gmail.com,3265364723,3,2020-12-30
1617,Stella,González,stella.gonzález1617@gmail.com,3122968815,1,2025-11-23
1618,Patricia,Ojeda,patricia.ojeda1618@gmail.com,3179290445,2,2022-07-08
1619,Jorge,Prieto,jorge.prieto1619@gmail.com,3234196800,5,2023-03-25
1620,Beatriz,Amaya,beatriz.amaya1620@gmail.com,3277410129,3,2024-11-01
1621,Stiven,Jiménez,stiven.jiménez1621@gmail.com,3094616607,5,2022-02-14
1622,Milena,Cabrera,milena.cabrera1622@gmail.com,3127853897,3,2020-04-27
1623,Raúl,Cifuentes,raúl.cifuentes1623@gmail.com,3144950793,9,2025-01-21
1624,Francisco,Carvajal,francisco.carvajal1624@gmail.com,3058686718,2,2020-02-12
1625,Alexander,Duarte,alexander.duarte1625@gmail.com,3126423167,13,2024-06-16
1626,Óscar,Hoyos,óscar.hoyos1626@gmail.com,3237433986,13,2024-09-29
1627,Leider,Muñoz,leider.muñoz1627@gmail.com,3295298752,2,2021-01-25
1628,Yuliana,Giraldo,yuliana.giraldo1628@gmail.com,3201874304,6,2022-08-19
1629,María,Toro,maría.toro1629@gmail.com,3151763562,1,2022-11-04
1630,Carlos,Díaz,carlos.díaz1630@gmail.com,3297391073,5,2024-06-04
1631,Daniel,Torres,daniel.torres1631@gmail.com,3253218589,11,2020-06-17
1632,Andrés,Serna,andrés.serna1632@gmail.com,3225366969,3,2025-08-25
1633,Eliecer,Sandoval,eliecer.sandoval1633@gmail.com,3158853160,3,2021-01-02
1634,José,Meza,josé.meza1634@gmail.com,3188263354,3,2022-12-02
1635,Héctor,Pardo,héctor.pardo1635@gmail.com,3051740918,3,2025-08-06
1636,Rosa,López,rosa.lópez1636@gmail.com,3158215646,5,2022-12-14
1637,Carmen,Muñoz,carmen.muñoz1637@gmail.com,3249673362,6,2024-11-19
1638,Mario,Castellanos,mario.castellanos1638@gmail.com,3059242223,3,2024-12-07
1639,Rosa,Duarte,rosa.duarte1639@gmail.com,3033493443,1,2022-07-30
1640,Mary,López,mary.lópez1640@gmail.com,3008889444,5,2021-10-31
1641,Maritza,Sarmiento,maritza.sarmiento1641@gmail.com,3278322078,2,2025-07-20
1642,Viviana,Mesa,viviana.mesa1642@gmail.com,3076981414,13,2025-06-10
1643,Vanessa,Muñoz,vanessa.muñoz1643@gmail.com,3172887283,13,2021-08-29
1644,Elizabeth,Melo,elizabeth.melo1644@gmail.com,3052569976,4,2023-03-09
1645,Nelcy,Gaviria,nelcy.gaviria1645@gmail.com,3029535203,5,2022-05-19
1646,Juan,Barbosa,juan.barbosa1646@gmail.com,3209825074,9,2022-01-09
1647,Patricia,Campo,patricia.campo1647@gmail.com,3115129836,8,2021-01-21
1648,José,Gaviria,josé.gaviria1648@gmail.com,3105769447,12,2021-05-14
1649,Nidia,Jiménez,nidia.jiménez1649@gmail.com,3152779557,6,2021-09-21
1650,Luz,Márquez,luz.márquez1650@gmail.com,3018721431,13,2025-05-19
1651,Marcela,Ramírez,marcela.ramírez1651@gmail.com,3141097397,6,2020-06-28
1652,Maribel,Jaramillo,maribel.jaramillo1652@gmail.com,3298601790,6,2021-06-13
1653,Eliecer,Cruz,eliecer.cruz1653@gmail.com,3005747180,6,2020-08-15
1654,Valentina,Becerra,valentina.becerra1654@gmail.com,3217398678,2,2024-06-21
1655,Jaime,Reyes,jaime.reyes1655@gmail.com,3125027876,7,2020-12-31
1656,Fernando,Díaz,fernando.díaz1656@gmail.com,3033733691,7,2024-07-06
1657,Fernando,Rodríguez,fernando.rodríguez1657@gmail.com,3123023365,5,2025-07-03
1658,Esperanza,Ochoa,esperanza.ochoa1658@gmail.com,3143202624,6,2021-01-28
1659,Claudia,Cabrera,claudia.cabrera1659@gmail.com,3184353283,8,2024-12-29
1660,Josefa,Cabrera,josefa.cabrera1660@gmail.com,3175504336,9,2024-09-28
1661,Andrea,Ávila,andrea.ávila1661@gmail.com,3067177975,9,2022-02-02
1662,Fernando,Castillo,fernando.castillo1662@gmail.com,3162559399,1,2025-10-03
1663,Tulio,Flórez,tulio.flórez1663@gmail.com,3174761958,12,2021-09-27
1664,María,Ramírez,maría.ramírez1664@gmail.com,3189802632,2,2023-04-05
1665,Alicia,Rodríguez,alicia.rodríguez1665@gmail.com,3162328472,8,2023-05-15
1666,Paula,Roa,paula.roa1666@gmail.com,3026040020,4,2025-11-12
1667,Liliana,Buitrago,liliana.buitrago1667@gmail.com,3141800747,11,2020-11-09
1668,Antonio,Vargas,antonio.vargas1668@gmail.com,3082805768,11,2024-10-06
1669,Jhon,Herrera,jhon.herrera1669@gmail.com,3118795642,12,2022-11-03
1670,Carmen,Flórez,carmen.flórez1670@gmail.com,3142371865,11,2020-03-07
1671,Juan,Pérez,juan.pérez1671@gmail.com,3074012385,3,2024-05-28
1672,Augusto,Jiménez,augusto.jiménez1672@gmail.com,3017983542,13,2023-05-04
1673,Nancy,Padilla,nancy.padilla1673@gmail.com,3198633602,12,2025-01-16
1674,Juan,Quintero,juan.quintero1674@gmail.com,3246726640,3,2022-05-14
1675,Sergio,Barragán,sergio.barragán1675@gmail.com,3015350628,12,2021-03-11
1676,Nubia,Galeano,nubia.galeano1676@gmail.com,3181300567,1,2024-06-05
1677,Clara,Díaz,clara.díaz1677@gmail.com,3003881241,12,2025-05-08
1678,Marlon,Prada,marlon.prada1678@gmail.com,3169165848,5,2024-01-17
1679,Lilia,Torres,lilia.torres1679@gmail.com,3266077736,2,2021-05-27
1680,Miguel,Hernández,miguel.hernández1680@gmail.com,3004201127,2,2020-03-06
1681,Felipe,Fernández,felipe.fernández1681@gmail.com,3231449886,4,2025-05-24
1682,Claudia,Morales,claudia.morales1682@gmail.com,3225056398,7,2022-02-20
1683,Jesús,Gómez,jesús.gómez1683@gmail.com,3048774990,3,2025-04-25
1684,Germán,Muñoz,germán.muñoz1684@gmail.com,3102953854,3,2021-09-16
1685,Andrés,Martínez,andrés.martínez1685@gmail.com,3279137735,8,2020-03-21
1686,Johnny,Durán,johnny.durán1686@gmail.com,3195070650,4,2023-04-22
1687,Jesús,Rodríguez,jesús.rodríguez1687@gmail.com,3261854332,6,2020-02-02
1688,Eduardo,Guerrero,eduardo.guerrero1688@gmail.com,3067974052,8,2023-04-06
1689,Mery,Vásquez,mery.vásquez1689@gmail.com,3077705523,8,2025-10-03
1690,Emilia,Sánchez,emilia.sánchez1690@gmail.com,3299185628,4,2020-09-05
1691,Jhon,Méndez,jhon.méndez1691@gmail.com,3208080061,9,2023-07-17
1692,Karen,Durán,karen.durán1692@gmail.com,3215493758,12,2024-09-04
1693,Alexander,Ortiz,alexander.ortiz1693@gmail.com,3119301178,9,2023-11-21
1694,Alberto,Hernández,alberto.hernández1694@gmail.com,3161349082,3,2023-03-25
1695,Álvaro,López,álvaro.lópez1695@gmail.com,3238872548,6,2024-11-29
1696,Óscar,González,óscar.gonzález1696@gmail.com,3084685993,9,2023-10-21
1697,Martha,López,martha.lópez1697@gmail.com,3273200475,5,2024-05-17
1698,Alejandra,Ramírez,alejandra.ramírez1698@gmail.com,3158924295,3,2022-04-28
1699,Lina,Guzmán,lina.guzmán1699@gmail.com,3119101545,3,2021-12-10
1700,Alejandra,Narváez,alejandra.narváez1700@gmail.com,3029257506,2,2024-08-30
1701,Elizabeth,Gómez,elizabeth.gómez1701@gmail.com,3144937929,4,2020-07-11
1702,Yurani,Rojas,yurani.rojas1702@gmail.com,3055375632,6,2021-10-11
1703,Milton,Valencia,milton.valencia1703@gmail.com,3081536367,2,2023-10-15
1704,María,Sandoval,maría.sandoval1704@gmail.com,3114803231,2,2022-07-06
1705,Eliecer,Palacio,eliecer.palacio1705@gmail.com,3146709692,6,2020-07-10
1706,Enrique,Sánchez,enrique.sánchez1706@gmail.com,3243536352,13,2025-10-12
1707,Andrea,Molina,andrea.molina1707@gmail.com,3211845941,8,2025-02-15
1708,Daniel,López,daniel.lópez1708@gmail.com,3012709062,11,2020-06-20
1709,Rocío,Moreno,rocío.moreno1709@gmail.com,3213802571,12,2021-04-28
1710,Campo,Jiménez,campo.jiménez1710@gmail.com,3053634568,13,2023-04-11
1711,Margoth,López,margoth.lópez1711@gmail.com,3279487536,8,2021-02-10
1712,Carolina,Gómez,carolina.gómez1712@gmail.com,3056613782,3,2021-05-18
1713,Nancy,Meneses,nancy.meneses1713@gmail.com,3077975124,1,2022-10-01
1714,Eugenia,Daza,eugenia.daza1714@gmail.com,3155811005,11,2021-12-02
1715,Diana,Uribe,diana.uribe1715@gmail.com,3047248445,13,2024-08-26
1716,Luz,Melo,luz.melo1716@gmail.com,3133543614,11,2024-09-23
1717,Alexander,Pérez,alexander.pérez1717@gmail.com,3028194453,7,2024-08-03
1718,Edith,Mendoza,edith.mendoza1718@gmail.com,3187069566,1,2024-12-17
1719,Antonio,Monsalve,antonio.monsalve1719@gmail.com,3009679670,2,2020-12-13
1720,Andrea,Aguilar,andrea.aguilar1720@gmail.com,3157738583,3,2024-11-12
1721,Rosa,Castillo,rosa.castillo1721@gmail.com,3061622329,12,2021-09-10
1722,Emiro,Ortiz,emiro.ortiz1722@gmail.com,3209720433,5,2024-09-13
1723,Constanza,Gaitán,constanza.gaitán1723@gmail.com,3186105693,13,2023-07-08
1724,Francisco,Bernal,francisco.bernal1724@gmail.com,3105693941,11,2021-08-24
1725,Orlando,González,orlando.gonzález1725@gmail.com,3268485810,12,2022-04-20
1726,Jhon,Martínez,jhon.martínez1726@gmail.com,3298417942,13,2023-11-15
1727,James,Pérez,james.pérez1727@gmail.com,3264310073,5,2020-12-11
1728,Marta,Vega,marta.vega1728@gmail.com,3086611860,7,2021-05-31
1729,Francisco,Buitrago,francisco.buitrago1729@gmail.com,3285763519,4,2021-01-15
1730,Rosa,Rivera,rosa.rivera1730@gmail.com,3286238726,11,2023-10-27
1731,Clara,Gómez,clara.gómez1731@gmail.com,3221392951,1,2022-11-25
1732,Manuel,Velasco,manuel.velasco1732@gmail.com,3048092498,11,2021-03-28
1733,Abel,Hernández,abel.hernández1733@gmail.com,3207257547,5,2025-09-09
1734,Marco,González,marco.gonzález1734@gmail.com,3111800824,12,2021-05-25
1735,Elsa,Gómez,elsa.gómez1735@gmail.com,3141087466,8,2023-10-20
1736,Lina,Álvarez,lina.álvarez1736@gmail.com,3099947098,9,2022-08-15
1737,Diego,Buitrago,diego.buitrago1737@gmail.com,3145773713,12,2021-07-27
1738,Sebastián,Escobar,sebastián.escobar1738@gmail.com,3269718559,13,2022-10-11
1739,Carlos,Mantilla,carlos.mantilla1739@gmail.com,3059664623,9,2022-02-27
1740,Enrique,Quintero,enrique.quintero1740@gmail.com,3172643963,3,2024-10-09
1741,José,Bermúdez,josé.bermúdez1741@gmail.com,3112547674,1,2024-10-06
1742,Diana,Durán,diana.durán1742@gmail.com,3074603484,8,2020-11-15
1743,Tatiana,Herrera,tatiana.herrera1743@gmail.com,3187757085,9,2025-10-26
1744,Javier,Flórez,javier.flórez1744@gmail.com,3149368933,12,2024-09-30
1745,Pedro,Velásquez,pedro.velásquez1745@gmail.com,3177994796,3,2021-08-14
1746,Dagoberto,Martínez,dagoberto.martínez1746@gmail.com,3229132997,13,2025-02-17
1747,Jorge,Sánchez,jorge.sánchez1747@gmail.com,3089877514,2,2022-05-20
1748,Gustavo,Melo,gustavo.melo1748@gmail.com,3171547061,13,2021-10-04
1749,Gabriel,García,gabriel.garcía1749@gmail.com,3252992563,9,2024-07-31
1750,Nathalia,Moreno,nathalia.moreno1750@gmail.com,3017200623,9,2023-04-01
1751,Marcos,Martínez,marcos.martínez1751@gmail.com,3083572022,2,2024-03-01
1752,Inés,Franco,inés.franco1752@gmail.com,3156087859,5,2025-06-13
1753,Yamile,Moreno,yamile.moreno1753@gmail.com,3023384710,9,2024-09-23
1754,Irma,Meneses,irma.meneses1754@gmail.com,3045756043,4,2022-01-19
1755,Yésica,Zuluaga,yésica.zuluaga1755@gmail.com,3271034993,2,2023-11-29
1756,Wendy,González,wendy.gonzález1756@gmail.com,3008005748,8,2023-06-22
1757,Deicy,Arango,deicy.arango1757@gmail.com,3276667733,7,2025-04-30
1758,Sandra,Peña,sandra.peña1758@gmail.com,3293228175,3,2025-08-29
1759,Luis,Rodríguez,luis.rodríguez1759@gmail.com,3278548562,12,2025-01-13
1760,Andrea,Agudelo,andrea.agudelo1760@gmail.com,3052498456,9,2024-08-04
1761,David,Suárez,david.suárez1761@gmail.com,3137633663,6,2020-07-06
1762,José,Rojas,josé.rojas1762@gmail.com,3275653581,12,2020-12-28
1763,Enrique,Quiroga,enrique.quiroga1763@gmail.com,3006181610,11,2021-05-22
1764,Juliana,Martínez,juliana.martínez1764@gmail.com,3282428614,4,2020-08-04
1765,Inés,Cárdenas,inés.cárdenas1765@gmail.com,3284177535,8,2025-08-20
1766,Luis,Beltrán,luis.beltrán1766@gmail.com,3019923120,3,2020-03-18
1767,Elsy,Navarro,elsy.navarro1767@gmail.com,3135115227,13,2024-12-24
1768,Alejandro,González,alejandro.gonzález1768@gmail.com,3086375942,7,2020-07-03
1769,Rafael,Torres,rafael.torres1769@gmail.com,3106703524,7,2022-01-09
1770,Flor,Salcedo,flor.salcedo1770@gmail.com,3109856721,6,2024-04-13
1771,Octavio,Jiménez,octavio.jiménez1771@gmail.com,3112923417,2,2021-11-19
1772,José,Narváez,josé.narváez1772@gmail.com,3124064676,5,2021-01-02
1773,Luz,Pérez,luz.pérez1773@gmail.com,3047832964,12,2021-11-24
1774,Isabel,Becerra,isabel.becerra1774@gmail.com,3096457472,3,2020-04-21
1775,Óscar,González,óscar.gonzález1775@gmail.com,3206000018,7,2021-02-08
1776,David,Díaz,david.díaz1776@gmail.com,3127926017,6,2022-11-22
1777,Ramiro,Medina,ramiro.medina1777@gmail.com,3111870370,4,2022-09-08
1778,Ester,Ocampo,ester.ocampo1778@gmail.com,3294967662,8,2025-09-14
1779,Óscar,González,óscar.gonzález1779@gmail.com,3262930745,5,2020-09-05
1780,Fabiola,Carmona,fabiola.carmona1780@gmail.com,3177829609,2,2025-06-06
1781,Fredy,Fernández,fredy.fernández1781@gmail.com,3064921514,1,2023-01-07
1782,Ángel,Cardona,ángel.cardona1782@gmail.com,3292703045,4,2021-05-29
1783,Alexander,Arteaga,alexander.arteaga1783@gmail.com,3197824064,8,2020-12-09
1784,Marcela,Sierra,marcela.sierra1784@gmail.com,3284413440,3,2024-03-09
1785,Andrés,Martínez,andrés.martínez1785@gmail.com,3225113127,11,2024-10-01
1786,Freddy,Villa,freddy.villa1786@gmail.com,3271701154,1,2025-03-18
1787,Rita,Palacios,rita.palacios1787@gmail.com,3243808198,1,2020-09-03
1788,Marco,Díaz,marco.díaz1788@gmail.com,3145209218,12,2024-04-06
1789,Carlos,Ariza,carlos.ariza1789@gmail.com,3139561890,5,2020-07-05
1790,Carmen,Giraldo,carmen.giraldo1790@gmail.com,3082173318,5,2021-01-02
1791,Alberto,Nieto,alberto.nieto1791@gmail.com,3113342942,13,2023-02-18
1792,José,Flórez,josé.flórez1792@gmail.com,3139469478,6,2023-11-04
1793,Tomás,Ceballos,tomás.ceballos1793@gmail.com,3248595349,5,2022-10-04
1794,Cristian,Castro,cristian.castro1794@gmail.com,3256731597,4,2025-02-26
1795,Edilberto,Manrique,edilberto.manrique1795@gmail.com,3251266331,13,2021-07-01
1796,Nora,Hernández,nora.hernández1796@gmail.com,3208994829,1,2020-02-09
1797,Jessica,Bermúdez,jessica.bermúdez1797@gmail.com,3227931725,11,2025-06-25
1798,César,Jiménez,césar.jiménez1798@gmail.com,3182361450,12,2020-11-13
1799,Diego,Estrada,diego.estrada1799@gmail.com,3208468826,12,2021-05-20
1800,Alejandro,Rubio,alejandro.rubio1800@gmail.com,3167005668,7,2021-12-26
1801,Fernando,Ramírez,fernando.ramírez1801@gmail.com,3203093190,8,2024-02-26
1802,Antonio,Gutiérrez,antonio.gutiérrez1802@gmail.com,3071157090,4,2020-03-22
1803,Johanna,Sandoval,johanna.sandoval1803@gmail.com,3154213032,2,2023-05-26
1804,Yeferson,Bernal,yeferson.bernal1804@gmail.com,3234930196,8,2024-01-26
1805,Richard,Mora,richard.mora1805@gmail.com,3049268447,13,2022-05-06
1806,Jhon,Ruiz,jhon.ruiz1806@gmail.com,3037645223,2,2023-02-10
1807,Martha,Romero,martha.romero1807@gmail.com,3289288134,3,2022-03-04
1808,Yeimy,Jaramillo,yeimy.jaramillo1808@gmail.com,3293944885,2,2021-06-09
1809,Enrique,Guerrero,enrique.guerrero1809@gmail.com,3213137935,5,2022-07-22
1810,César,Sepúlveda,césar.sepúlveda1810@gmail.com,3244218734,12,2020-04-04
1811,Alexandra,Sanabria,alexandra.sanabria1811@gmail.com,3285243311,12,2025-02-02
1812,Mario,Guzmán,mario.guzmán1812@gmail.com,3061870113,6,2024-11-06
1813,María,Sánchez,maría.sánchez1813@gmail.com,3143042084,12,2025-10-23
1814,Enrique,Ramírez,enrique.ramírez1814@gmail.com,3177064491,11,2020-06-27
1815,César,Pérez,césar.pérez1815@gmail.com,3231787936,5,2024-09-16
1816,Alexandra,Vargas,alexandra.vargas1816@gmail.com,3276305659,1,2024-05-24
1817,Pedro,Barrios,pedro.barrios1817@gmail.com,3052372525,9,2020-04-13
1818,Elizabeth,Gallego,elizabeth.gallego1818@gmail.com,3238110523,2,2022-10-20
1819,María,Aguilar,maría.aguilar1819@gmail.com,3026523472,5,2020-09-14
1820,Sandra,Salas,sandra.salas1820@gmail.com,3211467627,8,2024-11-04
1821,Jairo,Leal,jairo.leal1821@gmail.com,3096608665,5,2022-10-09
1822,Jairo,Londoño,jairo.londoño1822@gmail.com,3074999003,6,2020-08-10
1823,Leidy,Páez,leidy.páez1823@gmail.com,3184971899,2,2024-12-01
1824,Orlando,Gutiérrez,orlando.gutiérrez1824@gmail.com,3073094239,2,2020-09-05
1825,Enrique,Carmona,enrique.carmona1825@gmail.com,3066255956,13,2020-09-23
1826,Yulieth,Arteaga,yulieth.arteaga1826@gmail.com,3008414160,1,2023-05-19
1827,Efrén,Álvarez,efrén.álvarez1827@gmail.com,3262103777,2,2020-08-16
1828,Luis,Rodríguez,luis.rodríguez1828@gmail.com,3205947882,7,2024-07-03
1829,Tatiana,Beltrán,tatiana.beltrán1829@gmail.com,3097897247,4,2020-02-13
1830,Julio,Polo,julio.polo1830@gmail.com,3168788136,7,2021-02-18
1831,Álvaro,Vallejo,álvaro.vallejo1831@gmail.com,3108618143,11,2023-09-06
1832,Diego,Jaimes,diego.jaimes1832@gmail.com,3232812049,2,2020-02-20
1833,Alfonso,Vásquez,alfonso.vásquez1833@gmail.com,3214248312,9,2021-05-31
1834,Alberto,Guevara,alberto.guevara1834@gmail.com,3285299767,6,2024-09-20
1835,Octavio,Jiménez,octavio.jiménez1835@gmail.com,3198459558,3,2022-09-22
1836,Gloria,Carrillo,gloria.carrillo1836@gmail.com,3002014873,3,2023-06-30
1837,Liliana,Pérez,liliana.pérez1837@gmail.com,3269608821,12,2024-01-05
1838,José,Rivera,josé.rivera1838@gmail.com,3193443176,3,2025-04-07
1839,Elisa,Velásquez,elisa.velásquez1839@gmail.com,3196752912,5,2024-02-19
1840,Carmen,Orozco,carmen.orozco1840@gmail.com,3083425991,1,2022-08-30
1841,Johana,Valencia,johana.valencia1841@gmail.com,3281916158,7,2023-11-09
1842,Camilo,Sánchez,camilo.sánchez1842@gmail.com,3034376603,2,2023-10-30
1843,Lucía,Ruiz,lucía.ruiz1843@gmail.com,3078841710,9,2023-09-18
1844,Luz,Montenegro,luz.montenegro1844@gmail.com,3296631448,9,2023-05-12
1845,David,Durán,david.durán1845@gmail.com,3153722606,2,2025-02-03
1846,Jackeline,Córdoba,jackeline.córdoba1846@gmail.com,3074681019,1,2022-07-02
1847,Clara,Páez,clara.páez1847@gmail.com,3238827187,9,2022-05-23
1848,Yolanda,Torres,yolanda.torres1848@gmail.com,3076561900,13,2024-03-19
1849,Rosa,García,rosa.garcía1849@gmail.com,3064091109,1,2024-01-26
1850,José,Guerrero,josé.guerrero1850@gmail.com,3017004341,1,2021-04-16
1851,Andrés,López,andrés.lópez1851@gmail.com,3048388822,4,2024-01-14
1852,Inés,Rojas,inés.rojas1852@gmail.com,3004340727,4,2023-03-09
1853,Vanessa,Mosquera,vanessa.mosquera1853@gmail.com,3035395611,13,2021-12-14
1854,Marina,Gallego,marina.gallego1854@gmail.com,3185126595,3,2022-03-13
1855,Andrés,Orjuela,andrés.orjuela1855@gmail.com,3025392083,2,2020-03-26
1856,Augusto,Bejarano,augusto.bejarano1856@gmail.com,3227357268,12,2021-03-30
1857,María,Camacho,maría.camacho1857@gmail.com,3136118265,8,2022-09-10
1858,Cindy,Rentería,cindy.rentería1858@gmail.com,3153874940,11,2024-11-11
1859,David,Beltrán,david.beltrán1859@gmail.com,3212987988,3,2021-06-19
1860,Andrey,Carrillo,andrey.carrillo1860@gmail.com,3039934785,7,2024-03-12
1861,Angélica,Ceballos,angélica.ceballos1861@gmail.com,3198206488,12,2022-09-28
1862,Danilo,Flórez,danilo.flórez1862@gmail.com,3094172607,11,2023-04-19
1863,Andrés,Gutiérrez,andrés.gutiérrez1863@gmail.com,3055146852,1,2023-02-21
1864,Emilio,Pinto,emilio.pinto1864@gmail.com,3089203901,4,2020-11-29
1865,Janeth,Arenas,janeth.arenas1865@gmail.com,3192088389,3,2025-09-14
1866,Cindy,Gómez,cindy.gómez1866@gmail.com,3187279143,8,2025-10-26
1867,Ernesto,Ramírez,ernesto.ramírez1867@gmail.com,3126399296,13,2024-03-11
1868,José,Núñez,josé.núñez1868@gmail.com,3279301232,8,2023-01-04
1869,Claudia,Arteaga,claudia.arteaga1869@gmail.com,3261614121,4,2022-06-18
1870,Andrés,Rodríguez,andrés.rodríguez1870@gmail.com,3074932320,7,2022-06-14
1871,Patricia,Camacho,patricia.camacho1871@gmail.com,3167326402,9,2021-10-05
1872,Iván,Leal,iván.leal1872@gmail.com,3142422018,3,2020-12-10
1873,Estela,López,estela.lópez1873@gmail.com,3179704367,6,2022-07-31
1874,Andrés,Narváez,andrés.narváez1874@gmail.com,3208805651,11,2023-10-09
1875,Jeisson,Guevara,jeisson.guevara1875@gmail.com,3178844203,7,2024-08-02
1876,Jorge,Ballesteros,jorge.ballesteros1876@gmail.com,3176318720,5,2024-04-15
1877,Mauricio,Sánchez,mauricio.sánchez1877@gmail.com,3028410303,4,2022-12-23
1878,Matilde,Quintero,matilde.quintero1878@gmail.com,3217024579,2,2023-04-21
1879,Andrea,Martínez,andrea.martínez1879@gmail.com,3282311290,5,2022-07-21
1880,William,Velásquez,william.velásquez1880@gmail.com,3012197032,6,2020-06-05
1881,Carlos,Torres,carlos.torres1881@gmail.com,3236599527,4,2023-09-10
1882,Beatriz,Giraldo,beatriz.giraldo1882@gmail.com,3145604751,4,2021-07-18
1883,Fernando,Mejía,fernando.mejía1883@gmail.com,3285381125,1,2023-05-11
1884,María,Sandoval,maría.sandoval1884@gmail.com,3157774826,7,2020-02-18
1885,Andrés,Bedoya,andrés.bedoya1885@gmail.com,3183504521,7,2022-07-21
1886,David,Tovar,david.tovar1886@gmail.com,3038959753,4,2025-10-13
1887,Juan,Bermúdez,juan.bermúdez1887@gmail.com,3288864124,13,2025-03-04
1888,Patricia,Chaparro,patricia.chaparro1888@gmail.com,3116252524,4,2024-10-22
1889,Sandra,Mesa,sandra.mesa1889@gmail.com,3264516248,8,2025-01-17
1890,Karen,García,karen.garcía1890@gmail.com,3207286425,3,2021-06-09
1891,Sebastián,Mendoza,sebastián.mendoza1891@gmail.com,3109385256,12,2023-12-23
1892,Dary,Durán,dary.durán1892@gmail.com,3138032125,7,2024-07-10
1893,Danna,Lozano,danna.lozano1893@gmail.com,3286027078,6,2020-04-05
1894,Marcela,Giraldo,marcela.giraldo1894@gmail.com,3203334293,3,2023-09-14
1895,Orlando,Vásquez,orlando.vásquez1895@gmail.com,3297557976,7,2022-04-16
1896,Darwin,Sánchez,darwin.sánchez1896@gmail.com,3119967263,7,2022-02-10
1897,Javier,Caro,javier.caro1897@gmail.com,3116517042,9,2025-01-23
1898,William,Padilla,william.padilla1898@gmail.com,3242564332,3,2021-03-03
1899,Alicia,Quiroga,alicia.quiroga1899@gmail.com,3283980239,1,2025-06-24
1900,Luis,Cortés,luis.cortés1900@gmail.com,3024338644,2,2024-04-29
1901,Paola,Rodríguez,paola.rodríguez1901@gmail.com,3134909752,5,2025-11-17
1902,Juan,Montoya,juan.montoya1902@gmail.com,3071963904,6,2025-10-24
1903,Gonzalo,Suárez,gonzalo.suárez1903@gmail.com,3026482325,7,2024-05-20
1904,César,Rentería,césar.rentería1904@gmail.com,3013166570,11,2024-09-09
1905,Nubia,Peña,nubia.peña1905@gmail.com,3117526217,4,2021-06-16
1906,Jorge,Molina,jorge.molina1906@gmail.com,3048251124,13,2025-04-28
1907,Cecilia,Torres,cecilia.torres1907@gmail.com,3096206200,9,2022-04-11
1908,Hernán,Ramírez,hernán.ramírez1908@gmail.com,3275621132,4,2020-01-31
1909,Rosa,Vera,rosa.vera1909@gmail.com,3072073239,7,2022-10-08
1910,Hernando,Melo,hernando.melo1910@gmail.com,3259236918,8,2025-03-10
1911,León,Portilla,león.portilla1911@gmail.com,3202528449,5,2025-02-12
1912,Esmeralda,Caicedo,esmeralda.caicedo1912@gmail.com,3147561407,9,2021-12-18
1913,Nancy,Martínez,nancy.martínez1913@gmail.com,3134012820,9,2024-11-04
1914,Diana,Bonilla,diana.bonilla1914@gmail.com,3164077684,13,2021-01-26
1915,Yurany,Valencia,yurany.valencia1915@gmail.com,3105021419,3,2023-01-26
1916,Carmen,Hoyos,carmen.hoyos1916@gmail.com,3285897094,12,2020-09-30
1917,Diana,Beltrán,diana.beltrán1917@gmail.com,3239279347,7,2021-05-11
1918,Raúl,Ruiz,raúl.ruiz1918@gmail.com,3112765375,11,2023-08-28
1919,Gina,Garzón,gina.garzón1919@gmail.com,3173765541,5,2022-04-29
1920,Viviana,Orozco,viviana.orozco1920@gmail.com,3208753883,1,2020-10-26
1921,Carlos,Morales,carlos.morales1921@gmail.com,3277394729,6,2024-06-23
1922,Valentina,Osorio,valentina.osorio1922@gmail.com,3061633753,1,2022-10-23
1923,María,Vargas,maría.vargas1923@gmail.com,3026488001,12,2025-03-16
1924,Inés,Mena,inés.mena1924@gmail.com,3172144829,2,2022-09-19
1925,Shirley,Villa,shirley.villa1925@gmail.com,3273353101,8,2023-02-17
1926,Marcela,Ardila,marcela.ardila1926@gmail.com,3021303099,9,2021-02-15
1927,Henry,Restrepo,henry.restrepo1927@gmail.com,3043082914,11,2024-05-19
1928,Clara,Suárez,clara.suárez1928@gmail.com,3011188082,12,2023-01-24
1929,Luis,Díaz,luis.díaz1929@gmail.com,3077007702,3,2022-06-06
1930,Alberto,Sepúlveda,alberto.sepúlveda1930@gmail.com,3209930492,4,2024-12-15
1931,Humberto,Hernández,humberto.hernández1931@gmail.com,3209772377,12,2021-02-25
1932,Andrés,Ortiz,andrés.ortiz1932@gmail.com,3148448860,1,2020-01-20
1933,Sergio,García,sergio.garcía1933@gmail.com,3064384602,4,2024-03-14
1934,Ana,Rodríguez,ana.rodríguez1934@gmail.com,3032533209,1,2024-09-23
1935,José,Gómez,josé.gómez1935@gmail.com,3006655878,4,2020-09-15
1936,Carlos,Parra,carlos.parra1936@gmail.com,3013816607,13,2021-11-15
1937,Juan,Fajardo,juan.fajardo1937@gmail.com,3069598324,2,2023-09-01
1938,Luis,Ríos,luis.ríos1938@gmail.com,3184180079,9,2022-04-28
1939,Wilfrido,Ortega,wilfrido.ortega1939@gmail.com,3268178640,2,2022-08-09
1940,Iván,Morales,iván.morales1940@gmail.com,3016982358,6,2021-12-12
1941,Inés,Perdomo,inés.perdomo1941@gmail.com,3066305630,1,2024-05-13
1942,Felipe,Jiménez,felipe.jiménez1942@gmail.com,3074692601,2,2023-02-14
1943,Antonia,Palacios,antonia.palacios1943@gmail.com,3297190456,1,2020-10-02
1944,Rosalba,Sierra,rosalba.sierra1944@gmail.com,3066058905,9,2025-08-08
1945,Alexander,Miranda,alexander.miranda1945@gmail.com,3083876606,5,2021-01-23
1946,Mario,Ávila,mario.ávila1946@gmail.com,3257519046,12,2021-06-28
1947,Claudia,Molina,claudia.molina1947@gmail.com,3126334600,12,2025-05-28
1948,Liseth,Díaz,liseth.díaz1948@gmail.com,3051296097,9,2025-01-12
1949,Efrain,Navarro,efrain.navarro1949@gmail.com,3184899452,11,2020-02-24
1950,Willian,Galvis,willian.galvis1950@gmail.com,3003081317,5,2022-08-26
1951,Marlén,Mosquera,marlén.mosquera1951@gmail.com,3265086019,9,2020-11-21
1952,Marina,Reyes,marina.reyes1952@gmail.com,3027283463,8,2023-04-29
1953,Luz,Arias,luz.arias1953@gmail.com,3027304004,4,2020-06-04
1954,María,Rojas,maría.rojas1954@gmail.com,3098444490,13,2023-09-08
1955,Nicolás,Morales,nicolás.morales1955@gmail.com,3046327414,12,2020-06-11
1956,Yuly,Cárdenas,yuly.cárdenas1956@gmail.com,3265839473,1,2022-07-27
1957,Luz,Puentes,luz.puentes1957@gmail.com,3256750028,4,2022-04-23
1958,Camila,Rueda,camila.rueda1958@gmail.com,3205166421,12,2022-06-30
1959,José,Salcedo,josé.salcedo1959@gmail.com,3269748847,6,2022-01-21
1960,Fredy,Ortiz,fredy.ortiz1960@gmail.com,3102084091,8,2020-10-13
1961,Luis,Pérez,luis.pérez1961@gmail.com,3003374513,4,2021-05-29
1962,Jesús,Morales,jesús.morales1962@gmail.com,3024428815,4,2025-09-09
1963,Jesús,Perea,jesús.perea1963@gmail.com,3068836205,5,2021-11-03
1964,José,Rivera,josé.rivera1964@gmail.com,3235109158,7,2021-12-23
1965,Nicolás,Delgado,nicolás.delgado1965@gmail.com,3236085186,5,2025-01-10
1966,Dayana,Salas,dayana.salas1966@gmail.com,3235561067,8,2020-11-23
1967,Derly,Ramos,derly.ramos1967@gmail.com,3167337047,3,2025-04-12
1968,Alberto,Sierra,alberto.sierra1968@gmail.com,3169477402,9,2024-11-10
1969,Isabel,Pérez,isabel.pérez1969@gmail.com,3071332374,7,2024-10-16
1970,Ana,Franco,ana.franco1970@gmail.com,3043563536,11,2021-12-20
1971,Laura,Díaz,laura.díaz1971@gmail.com,3168778776,5,2025-01-31
1972,Julieth,Becerra,julieth.becerra1972@gmail.com,3169067229,2,2023-09-26
1973,Paola,Moreno,paola.moreno1973@gmail.com,3074283565,3,2022-02-15
1974,Edwin,Pinzón,edwin.pinzón1974@gmail.com,3009400348,13,2024-03-12
1975,Yazmín,Acosta,yazmín.acosta1975@gmail.com,3167976304,7,2024-03-08
1976,Laura,Pérez,laura.pérez1976@gmail.com,3176164208,12,2020-10-18
1977,Hernán,Rodríguez,hernán.rodríguez1977@gmail.com,3103088386,7,2021-10-27
1978,María,Córdoba,maría.córdoba1978@gmail.com,3065282525,13,2023-11-28
1979,Cecilia,Méndez,cecilia.méndez1979@gmail.com,3277177044,13,2020-08-24
1980,María,Córdoba,maría.córdoba1980@gmail.com,3268114216,13,2022-10-07
1981,Luz,Muñoz,luz.muñoz1981@gmail.com,3071578940,6,2020-04-25
1982,Gloria,Bustos,gloria.bustos1982@gmail.com,3225384401,9,2025-02-08
1983,Alberto,Londoño,alberto.londoño1983@gmail.com,3225266245,4,2021-10-23
1984,María,Pinzón,maría.pinzón1984@gmail.com,3012548634,12,2024-04-23
1985,Alexander,Gutiérrez,alexander.gutiérrez1985@gmail.com,3192348021,11,2022-02-12
1986,Andrea,Cardona,andrea.cardona1986@gmail.com,3128161714,5,2023-05-22
1987,Faber,Gaviria,faber.gaviria1987@gmail.com,3287422127,9,2023-06-15
1988,Carolina,Serrano,carolina.serrano1988@gmail.com,3262491048,2,2023-11-11
1989,Alberto,Rosero,alberto.rosero1989@gmail.com,3044515255,13,2024-06-18
1990,Leonardo,Díaz,leonardo.díaz1990@gmail.com,3241107714,3,2025-07-07
1991,Alexander,Ortiz,alexander.ortiz1991@gmail.com,3012171745,13,2024-09-07
1992,Daniel,Herrera,daniel.herrera1992@gmail.com,3265837546,13,2024-10-31
1993,Marlene,Vega,marlene.vega1993@gmail.com,3027285607,3,2021-07-04
1994,Ángela,Flórez,ángela.flórez1994@gmail.com,3074053190,11,2021-03-27
1995,Sandra,Ramírez,sandra.ramírez1995@gmail.com,3194566389,3,2022-04-03
1996,Humberto,Mora,humberto.mora1996@gmail.com,3024219293,5,2024-08-01
1997,Mireya,Sánchez,mireya.sánchez1997@gmail.com,3192831995,12,2021-11-11
1998,Diana,Acosta,diana.acosta1998@gmail.com,3042437925,7,2021-05-25
1999,David,Gómez,david.gómez1999@gmail.com,3116740356,1,2022-08-19
2000,Julián,Mora,julián.mora2000@gmail.com,3172691296,1,2020-09-07
2001,Paola,Ramos,paola.ramos2001@gmail.com,3101702283,2,2022-05-14
2002,Carmen,Agudelo,carmen.agudelo2002@gmail.com,3207302626,9,2025-10-31
2003,Pablo,Triana,pablo.triana2003@gmail.com,3178939511,6,2024-10-25
2004,Iván,Bernal,iván.bernal2004@gmail.com,3156755884,6,2022-09-08
2005,José,Arias,josé.arias2005@gmail.com,3167349097,9,2020-08-22
2006,María,Contreras,maría.contreras2006@gmail.com,3152680697,1,2025-02-14
2007,Ángela,Arenas,ángela.arenas2007@gmail.com,3263329735,1,2021-05-18
2008,Dario,Flórez,dario.flórez2008@gmail.com,3245169769,6,2025-01-25
2009,Juan,Villamizar,juan.villamizar2009@gmail.com,3279638823,7,2022-02-08
2010,Cristian,Benavides,cristian.benavides2010@gmail.com,3051279010,12,2024-01-15
2011,Diana,Hernández,diana.hernández2011@gmail.com,3058454220,4,2025-06-07
2012,Paulina,Moreno,paulina.moreno2012@gmail.com,3192365149,6,2024-10-18
2013,Humberto,Gutiérrez,humberto.gutiérrez2013@gmail.com,3117456854,5,2022-03-10
2014,Henry,Parra,henry.parra2014@gmail.com,3229725065,9,2025-08-28
2015,Liliana,Blanco,liliana.blanco2015@gmail.com,3029353796,2,2023-05-19
2016,Fabián,Escobar,fabián.escobar2016@gmail.com,3288831655,3,2025-01-01
2017,Paola,Rodríguez,paola.rodríguez2017@gmail.com,3075041658,4,2022-05-16
2018,Jesús,Pacheco,jesús.pacheco2018@gmail.com,3012769487,7,2020-04-29
2019,Valentina,Morales,valentina.morales2019@gmail.com,3057433891,5,2022-06-21
2020,Lucía,Arango,lucía.arango2020@gmail.com,3248991026,12,2021-05-19
2021,Johana,Ordóñez,johana.ordóñez2021@gmail.com,3229968148,12,2025-07-08
2022,Estela,Morales,estela.morales2022@gmail.com,3054754845,9,2020-09-21
2023,Esperanza,Duarte,esperanza.duarte2023@gmail.com,3257325183,13,2024-04-12
2024,Alfonso,Peña,alfonso.peña2024@gmail.com,3288331010,4,2022-07-04
2025,Julián,Ramos,julián.ramos2025@gmail.com,3115881775,2,2021-04-01
2026,Eliana,Cortés,eliana.cortés2026@gmail.com,3054156740,13,2021-04-20
2027,Johana,Suárez,johana.suárez2027@gmail.com,3253137710,6,2024-04-06
2028,Johanna,Rueda,johanna.rueda2028@gmail.com,3206214340,1,2022-02-16
2029,Felipe,Ordóñez,felipe.ordóñez2029@gmail.com,3166362719,6,2021-06-01
2030,Alexander,Cano,alexander.cano2030@gmail.com,3294726916,2,2024-06-07
2031,Liseth,Bermúdez,liseth.bermúdez2031@gmail.com,3088727632,6,2021-08-15
2032,Cecilia,Rojas,cecilia.rojas2032@gmail.com,3139385800,12,2025-02-09
2033,Yenny,Quintero,yenny.quintero2033@gmail.com,3095754542,3,2020-05-20
2034,Luis,Benavides,luis.benavides2034@gmail.com,3256182338,11,2021-05-20
2035,Camilo,Pérez,camilo.pérez2035@gmail.com,3199024252,12,2022-06-02
2036,Octavio,Rodríguez,octavio.rodríguez2036@gmail.com,3147320122,1,2023-09-26
2037,Andrea,Sánchez,andrea.sánchez2037@gmail.com,3034776077,13,2020-08-03
2038,Robinson,Mejía,robinson.mejía2038@gmail.com,3077573445,5,2021-10-14
2039,Patricia,Torres,patricia.torres2039@gmail.com,3087581459,6,2024-09-26
2040,Ana,Gómez,ana.gómez2040@gmail.com,3276843624,7,2024-05-20
2041,Kelly,Bustamante,kelly.bustamante2041@gmail.com,3085748621,5,2022-03-10
2042,David,Guzmán,david.guzmán2042@gmail.com,3287606405,2,2021-06-20
2043,Alejandro,Hurtado,alejandro.hurtado2043@gmail.com,3191908038,13,2023-05-30
2044,Giovanny,Fonseca,giovanny.fonseca2044@gmail.com,3123307889,8,2025-05-30
2045,Jorge,Mendoza,jorge.mendoza2045@gmail.com,3124519295,4,2022-03-12
2046,Alejandra,Hoyos,alejandra.hoyos2046@gmail.com,3207077140,13,2021-02-21
2047,Ricardo,Gutiérrez,ricardo.gutiérrez2047@gmail.com,3227317557,7,2021-11-20
2048,María,Carvajal,maría.carvajal2048@gmail.com,3016965707,8,2022-01-05
2049,José,Moreno,josé.moreno2049@gmail.com,3019647567,12,2023-10-18
2050,Carolina,Gómez,carolina.gómez2050@gmail.com,3263492562,12,2024-07-12
2051,Daniela,Rodríguez,daniela.rodríguez2051@gmail.com,3002993175,4,2024-06-12
2052,Cecilia,Orjuela,cecilia.orjuela2052@gmail.com,3143893851,12,2024-03-17
2053,Julio,Romero,julio.romero2053@gmail.com,3218779155,12,2024-04-14
2054,Dary,Orozco,dary.orozco2054@gmail.com,3177162658,1,2021-05-06
2055,José,Daza,josé.daza2055@gmail.com,3013047685,8,2025-09-18
2056,Patricia,López,patricia.lópez2056@gmail.com,3009044647,5,2021-01-22
2057,Amparo,Salcedo,amparo.salcedo2057@gmail.com,3227441777,8,2024-11-11
2058,Néstor,Romero,néstor.romero2058@gmail.com,3193101118,2,2023-08-25
2059,Franklin,Castro,franklin.castro2059@gmail.com,3084101936,7,2020-03-21
2060,Alberto,Ramírez,alberto.ramírez2060@gmail.com,3189999580,11,2025-06-24
2061,Edinson,Córdoba,edinson.córdoba2061@gmail.com,3083081873,4,2021-04-25
2062,Beatriz,Parra,beatriz.parra2062@gmail.com,3094018851,1,2025-01-05
2063,Sandra,García,sandra.garcía2063@gmail.com,3111656713,3,2022-04-24
2064,Elizabeth,Erazo,elizabeth.erazo2064@gmail.com,3222473390,11,2022-11-17
2065,Ricardo,Arteaga,ricardo.arteaga2065@gmail.com,3013092406,11,2023-05-07
2066,Germán,Guerra,germán.guerra2066@gmail.com,3183879023,7,2020-01-01
2067,Carlos,Vélez,carlos.vélez2067@gmail.com,3041774541,11,2023-04-16
2068,Junior,Londoño,junior.londoño2068@gmail.com,3288464523,3,2025-07-01
2069,Ángel,Uribe,ángel.uribe2069@gmail.com,3259768884,6,2025-09-22
2070,Arnulfo,Cruz,arnulfo.cruz2070@gmail.com,3011750538,4,2020-05-30
2071,Miryam,Fernández,miryam.fernández2071@gmail.com,3026028286,4,2021-07-03
2072,María,González,maría.gonzález2072@gmail.com,3284624549,9,2024-01-10
2073,Patricia,Acevedo,patricia.acevedo2073@gmail.com,3128080237,2,2022-11-10
2074,Norbey,Buitrago,norbey.buitrago2074@gmail.com,3163740044,7,2025-02-11
2075,Ángela,Ruiz,ángela.ruiz2075@gmail.com,3048136077,13,2021-08-09
2076,Edward,Delgado,edward.delgado2076@gmail.com,3232183767,12,2023-01-08
2077,María,Roa,maría.roa2077@gmail.com,3237243511,9,2025-09-25
2078,Esther,López,esther.lópez2078@gmail.com,3228041170,3,2023-07-19
2079,Javier,Pinto,javier.pinto2079@gmail.com,3161434695,9,2022-10-10
2080,Ana,Montenegro,ana.montenegro2080@gmail.com,3043090797,11,2021-03-26
2081,Irene,Romero,irene.romero2081@gmail.com,3287824657,2,2023-09-11
2082,Kevin,Ortiz,kevin.ortiz2082@gmail.com,3217087100,6,2023-01-24
2083,Michael,Carrillo,michael.carrillo2083@gmail.com,3035591031,1,2021-02-05
2084,Steven,Sierra,steven.sierra2084@gmail.com,3137352396,2,2021-05-20
2085,Alejandra,Galvis,alejandra.galvis2085@gmail.com,3086143048,9,2025-06-28
2086,Omar,Rojas,omar.rojas2086@gmail.com,3086853574,13,2023-03-01
2087,Alejandra,Vargas,alejandra.vargas2087@gmail.com,3242662054,1,2021-11-30
2088,David,Sánchez,david.sánchez2088@gmail.com,3164031181,6,2025-12-17
2089,Sandra,Villegas,sandra.villegas2089@gmail.com,3297755367,8,2021-06-06
2090,Javier,Vergara,javier.vergara2090@gmail.com,3109616197,13,2021-09-28
2091,David,Cabrera,david.cabrera2091@gmail.com,3223393607,7,2022-12-31
2092,Andrés,Gómez,andrés.gómez2092@gmail.com,3055179399,12,2024-09-09
2093,Dahiana,Beltrán,dahiana.beltrán2093@gmail.com,3274071984,8,2023-12-20
2094,Emma,Rengifo,emma.rengifo2094@gmail.com,3185812035,5,2024-10-18
2095,Yesid,Salas,yesid.salas2095@gmail.com,3236120195,12,2020-12-22
2096,Concepción,Bustamante,concepción.bustamante2096@gmail.com,3166246854,2,2020-11-21
2097,Albeiro,Castro,albeiro.castro2097@gmail.com,3032570911,3,2020-08-23
2098,Inés,Escobar,inés.escobar2098@gmail.com,3049268659,1,2024-10-02
2099,Luz,Vera,luz.vera2099@gmail.com,3283288888,8,2025-08-01
2100,Ivonne,Ríos,ivonne.ríos2100@gmail.com,3283091977,7,2020-02-26
2101,José,Medina,josé.medina2101@gmail.com,3231122310,13,2024-10-06
2102,Eduardo,Pérez,eduardo.pérez2102@gmail.com,3286789156,4,2025-12-03
2103,Ismael,Benavides,ismael.benavides2103@gmail.com,3291710615,9,2025-01-11
2104,Aurora,Barrios,aurora.barrios2104@gmail.com,3084776024,3,2020-11-03
2105,María,Rojas,maría.rojas2105@gmail.com,3129618195,6,2020-07-27
2106,Carlos,Valencia,carlos.valencia2106@gmail.com,3177360154,3,2024-03-08
2107,David,Muñoz,david.muñoz2107@gmail.com,3055190365,11,2021-04-27
2108,Luis,Moreno,luis.moreno2108@gmail.com,3149105487,5,2022-12-20
2109,Jhoana,Ávila,jhoana.ávila2109@gmail.com,3007603872,4,2023-06-02
2110,Dora,Sierra,dora.sierra2110@gmail.com,3281594402,8,2025-06-22
2111,Laura,Bermúdez,laura.bermúdez2111@gmail.com,3051098836,9,2025-02-28
2112,Alicia,Márquez,alicia.márquez2112@gmail.com,3146937335,2,2020-01-22
2113,Blanca,Díaz,blanca.díaz2113@gmail.com,3127745583,6,2020-02-06
2114,Carmen,Escobar,carmen.escobar2114@gmail.com,3069255164,4,2020-12-13
2115,Ángela,López,ángela.lópez2115@gmail.com,3283578837,7,2021-05-22
2116,Alba,Moreno,alba.moreno2116@gmail.com,3103611044,12,2022-10-21
2117,Yohana,Flórez,yohana.flórez2117@gmail.com,3077633020,6,2023-05-10
2118,Milena,Olaya,milena.olaya2118@gmail.com,3164056507,11,2023-01-08
2119,Milena,Cifuentes,milena.cifuentes2119@gmail.com,3078371182,3,2021-07-26
2120,Gloria,Sierra,gloria.sierra2120@gmail.com,3161097479,6,2022-03-23
2121,Román,Gaitán,román.gaitán2121@gmail.com,3035779824,1,2021-07-01
2122,José,Camargo,josé.camargo2122@gmail.com,3166556840,1,2021-10-18
2123,Julián,Suárez,julián.suárez2123@gmail.com,3239041235,12,2022-12-24
2124,Luis,Jaramillo,luis.jaramillo2124@gmail.com,3069205196,11,2025-07-22
2125,Fanny,Barrios,fanny.barrios2125@gmail.com,3226450711,7,2025-08-17
2126,Luz,Aguilar,luz.aguilar2126@gmail.com,3263204822,2,2021-03-17
2127,Irene,Méndez,irene.méndez2127@gmail.com,3023609561,6,2025-08-10
2128,Norma,Quintero,norma.quintero2128@gmail.com,3031873083,12,2023-11-02
2129,Consuelo,Londoño,consuelo.londoño2129@gmail.com,3191134702,7,2025-05-20
2130,León,Muñoz,león.muñoz2130@gmail.com,3149152539,2,2024-10-22
2131,María,González,maría.gonzález2131@gmail.com,3093558453,13,2025-09-25
2132,Arturo,Corredor,arturo.corredor2132@gmail.com,3035716726,2,2022-12-15
2133,Alejandra,Escobar,alejandra.escobar2133@gmail.com,3238200092,4,2025-04-25
2134,Jesús,Pérez,jesús.pérez2134@gmail.com,3219427765,9,2022-01-12
2135,Julio,Mosquera,julio.mosquera2135@gmail.com,3093495209,4,2021-05-08
2136,Javier,Reyes,javier.reyes2136@gmail.com,3061643681,5,2022-02-26
2137,Felipe,Naranjo,felipe.naranjo2137@gmail.com,3061296308,9,2022-03-28
2138,Mery,Gutiérrez,mery.gutiérrez2138@gmail.com,3007381258,7,2025-11-20
2139,Fernando,Sánchez,fernando.sánchez2139@gmail.com,3134720771,6,2024-10-11
2140,Claudia,Arévalo,claudia.arévalo2140@gmail.com,3109554093,7,2020-07-30
2141,Gladys,Barrera,gladys.barrera2141@gmail.com,3115517199,6,2023-02-23
2142,Carlos,Miranda,carlos.miranda2142@gmail.com,3165143446,6,2020-07-13
2143,Patricia,Pérez,patricia.pérez2143@gmail.com,3001008991,1,2023-08-10
2144,Ángela,Ruiz,ángela.ruiz2144@gmail.com,3048919821,5,2021-02-16
2145,Margarita,Ortiz,margarita.ortiz2145@gmail.com,3125232271,8,2024-01-29
2146,Jorge,Ortiz,jorge.ortiz2146@gmail.com,3142871139,2,2020-02-25
2147,Hilda,Alvarado,hilda.alvarado2147@gmail.com,3283186206,6,2024-01-16
2148,Juliana,Fernández,juliana.fernández2148@gmail.com,3259872833,9,2024-03-02
2149,Tulio,Peña,tulio.peña2149@gmail.com,3044523774,9,2024-04-22
2150,Rosa,Rodríguez,rosa.rodríguez2150@gmail.com,3013189181,12,2021-05-07
2151,Miguel,Durán,miguel.durán2151@gmail.com,3094194945,4,2024-12-30
2152,Walter,Bermúdez,walter.bermúdez2152@gmail.com,3016752873,5,2025-04-26
2153,Ana,Pérez,ana.pérez2153@gmail.com,3083578194,1,2021-06-07
2154,Sandra,Martínez,sandra.martínez2154@gmail.com,3065236674,11,2023-11-23
2155,Henry,Caicedo,henry.caicedo2155@gmail.com,3172970130,7,2020-10-04
2156,María,Medina,maría.medina2156@gmail.com,3169787280,11,2020-03-30
2157,Sebastián,García,sebastián.garcía2157@gmail.com,3095599450,13,2021-06-12
2158,Lina,Sánchez,lina.sánchez2158@gmail.com,3102019943,13,2022-02-18
2159,Jesús,Rivas,jesús.rivas2159@gmail.com,3269305156,12,2025-12-20
2160,Natalia,Vargas,natalia.vargas2160@gmail.com,3213776934,8,2025-09-17
2161,Amparo,Pineda,amparo.pineda2161@gmail.com,3187547256,7,2023-01-17
2162,Marcela,Velasco,marcela.velasco2162@gmail.com,3021060407,3,2022-06-11
2163,María,Vergara,maría.vergara2163@gmail.com,3209603283,8,2025-08-25
2164,Humberto,Valencia,humberto.valencia2164@gmail.com,3285342524,5,2022-06-21
2165,Delia,Bastidas,delia.bastidas2165@gmail.com,3142998223,3,2022-07-06
2166,Andrés,Ortiz,andrés.ortiz2166@gmail.com,3084996614,5,2020-06-09
2167,Hilda,Tamayo,hilda.tamayo2167@gmail.com,3225659980,3,2023-01-12
2168,Jhon,Díaz,jhon.díaz2168@gmail.com,3034522752,11,2021-04-20
2169,Juan,Barrera,juan.barrera2169@gmail.com,3057192640,6,2020-12-06
2170,Fernando,Ospina,fernando.ospina2170@gmail.com,3285429825,13,2021-07-01
2171,José,Henao,josé.henao2171@gmail.com,3195947522,6,2020-08-22
2172,Natalia,Romero,natalia.romero2172@gmail.com,3206964017,4,2023-02-19
2173,Andrés,Cifuentes,andrés.cifuentes2173@gmail.com,3041262370,11,2021-03-11
2174,Vanesa,Morales,vanesa.morales2174@gmail.com,3265317535,12,2022-04-24
2175,Beatriz,Suárez,beatriz.suárez2175@gmail.com,3136440230,5,2022-04-15
2176,María,Ayala,maría.ayala2176@gmail.com,3263611230,8,2022-08-07
2177,Edgar,Herrera,edgar.herrera2177@gmail.com,3267184753,3,2025-05-16
2178,Yudy,Rodríguez,yudy.rodríguez2178@gmail.com,3074045291,8,2022-01-27
2179,Elkin,Erazo,elkin.erazo2179@gmail.com,3039229532,13,2022-01-08
2180,Paulina,Rodríguez,paulina.rodríguez2180@gmail.com,3241353115,5,2021-10-29
2181,Gabriela,Jiménez,gabriela.jiménez2181@gmail.com,3064151566,2,2021-08-10
2182,Ángela,Rodríguez,ángela.rodríguez2182@gmail.com,3065114676,8,2024-07-06
2183,Katherine,Peña,katherine.peña2183@gmail.com,3083303365,13,2020-02-18
2184,Luis,Medina,luis.medina2184@gmail.com,3217339692,7,2020-03-25
2185,Claudia,Daza,claudia.daza2185@gmail.com,3001733836,3,2022-10-14
2186,Ligia,Rivera,ligia.rivera2186@gmail.com,3043393028,12,2020-02-25
2187,Lina,Salazar,lina.salazar2187@gmail.com,3016677240,13,2020-12-14
2188,Daniela,Cabrera,daniela.cabrera2188@gmail.com,3029060201,9,2024-12-24
2189,Steven,Arévalo,steven.arévalo2189@gmail.com,3046565947,8,2021-09-24
2190,Manuel,Gutiérrez,manuel.gutiérrez2190@gmail.com,3005487177,12,2021-05-19
2191,Mauricio,Montes,mauricio.montes2191@gmail.com,3002724954,11,2023-04-30
2192,Jessica,Márquez,jessica.márquez2192@gmail.com,3087967320,3,2020-01-05
2193,Rosa,Gutiérrez,rosa.gutiérrez2193@gmail.com,3004802977,7,2024-04-27
2194,Fernando,Garzón,fernando.garzón2194@gmail.com,3055812480,4,2024-04-24
2195,Luisa,Trujillo,luisa.trujillo2195@gmail.com,3219251380,3,2021-03-27
2196,Liliana,Rodríguez,liliana.rodríguez2196@gmail.com,3015728058,6,2020-11-08
2197,Luz,Lozano,luz.lozano2197@gmail.com,3252985599,6,2020-12-13
2198,Rosa,López,rosa.lópez2198@gmail.com,3093535087,3,2024-10-21
2199,Alba,Forero,alba.forero2199@gmail.com,3254042807,12,2024-10-07
2200,Daniel,Moreno,daniel.moreno2200@gmail.com,3045815154,6,2021-03-01
2201,Milena,Rincón,milena.rincón2201@gmail.com,3177192680,5,2020-11-08
2202,Flor,Álvarez,flor.álvarez2202@gmail.com,3023459356,6,2021-08-28
2203,Francisco,Molano,francisco.molano2203@gmail.com,3179026757,2,2021-04-08
2204,Juana,Mercado,juana.mercado2204@gmail.com,3265672054,3,2021-01-05
2205,Sofía,Benítez,sofía.benítez2205@gmail.com,3124051311,7,2023-12-15
2206,Rodolfo,Martínez,rodolfo.martínez2206@gmail.com,3178110722,8,2024-08-22
2207,Iván,García,iván.garcía2207@gmail.com,3253318968,12,2022-10-04
2208,Heidy,Ramírez,heidy.ramírez2208@gmail.com,3169339992,11,2025-12-26
2209,Héctor,Figueroa,héctor.figueroa2209@gmail.com,3189996153,4,2024-04-24
2210,Pablo,González,pablo.gonzález2210@gmail.com,3098077313,11,2022-06-17
2211,Sebastián,Vargas,sebastián.vargas2211@gmail.com,3214945884,6,2020-01-12
2212,Ángel,Marín,ángel.marín2212@gmail.com,3007080036,11,2025-04-25
2213,Felipe,Gómez,felipe.gómez2213@gmail.com,3011999542,6,2024-01-18
2214,Miryam,Fuentes,miryam.fuentes2214@gmail.com,3048724035,3,2024-09-20
2215,José,Riascos,josé.riascos2215@gmail.com,3034767947,1,2021-07-18
2216,Enith,Carrillo,enith.carrillo2216@gmail.com,3027332741,13,2020-04-17
2217,Mercedes,Ruiz,mercedes.ruiz2217@gmail.com,3267235826,1,2021-03-10
2218,Antonio,Gómez,antonio.gómez2218@gmail.com,3292237660,8,2021-10-09
2219,Ramón,Guzmán,ramón.guzmán2219@gmail.com,3027127781,3,2020-11-19
2220,Johana,Henao,johana.henao2220@gmail.com,3011209341,9,2024-09-01
2221,Alejandra,Murcia,alejandra.murcia2221@gmail.com,3028881344,13,2021-07-27
2222,Wilson,Torres,wilson.torres2222@gmail.com,3286024905,8,2024-08-12
2223,Martha,Barrera,martha.barrera2223@gmail.com,3258448641,12,2020-02-24
2224,Camila,Pérez,camila.pérez2224@gmail.com,3113615355,1,2020-05-11
2225,Esperanza,González,esperanza.gonzález2225@gmail.com,3229443896,3,2020-02-14
2226,Fabián,Rodríguez,fabián.rodríguez2226@gmail.com,3168621830,11,2022-11-22
2227,María,Páez,maría.páez2227@gmail.com,3286134397,13,2022-07-20
2228,Linda,Hurtado,linda.hurtado2228@gmail.com,3125560510,2,2025-11-06
2229,Astrid,López,astrid.lópez2229@gmail.com,3124554492,7,2020-08-17
2230,Cecilia,López,cecilia.lópez2230@gmail.com,3064081870,13,2020-11-12
2231,David,Granados,david.granados2231@gmail.com,3279009715,6,2024-07-17
2232,Paulo,Pineda,paulo.pineda2232@gmail.com,3121917238,6,2024-10-03
2233,Luz,Franco,luz.franco2233@gmail.com,3042818665,2,2020-11-14
2234,Diego,Mercado,diego.mercado2234@gmail.com,3196628280,1,2022-09-08
2235,Carmen,Moreno,carmen.moreno2235@gmail.com,3122786178,2,2022-05-17
2236,Samir,Angulo,samir.angulo2236@gmail.com,3206186174,4,2022-04-06
2237,Rafael,Cifuentes,rafael.cifuentes2237@gmail.com,3205032154,5,2020-12-14
2238,Melissa,Ramírez,melissa.ramírez2238@gmail.com,3291752869,9,2025-06-04
2239,Eduardo,Mosquera,eduardo.mosquera2239@gmail.com,3006277781,2,2023-06-18
2240,Marcela,Burbano,marcela.burbano2240@gmail.com,3055737922,7,2025-08-10
2241,Leydi,Mendoza,leydi.mendoza2241@gmail.com,3057553873,13,2023-12-28
2242,Elizabeth,Benavides,elizabeth.benavides2242@gmail.com,3016558596,7,2025-08-24
2243,Liliana,Díaz,liliana.díaz2243@gmail.com,3083519714,1,2024-04-14
2244,Erika,Ardila,erika.ardila2244@gmail.com,3191627606,5,2021-10-22
2245,Esperanza,Serrano,esperanza.serrano2245@gmail.com,3072321253,12,2021-01-17
2246,Néstor,Cortés,néstor.cortés2246@gmail.com,3234617959,12,2021-07-30
2247,Patricia,Sánchez,patricia.sánchez2247@gmail.com,3229415785,11,2025-11-13
2248,Elizabeth,Ortiz,elizabeth.ortiz2248@gmail.com,3173201130,6,2023-04-06
2249,Victoria,Rodríguez,victoria.rodríguez2249@gmail.com,3198229326,1,2024-05-06
2250,Fernando,Rivera,fernando.rivera2250@gmail.com,3032258262,3,2025-07-30
2251,Rosa,Rodríguez,rosa.rodríguez2251@gmail.com,3003392808,5,2020-12-23
2252,Esteban,Guevara,esteban.guevara2252@gmail.com,3118630409,6,2021-11-26
2253,Daniela,Camargo,daniela.camargo2253@gmail.com,3122143565,5,2024-01-28
2254,Alexander,Montoya,alexander.montoya2254@gmail.com,3112193429,3,2025-03-02
2255,Ximena,Silva,ximena.silva2255@gmail.com,3175295408,8,2021-07-29
2256,Nelsy,Caicedo,nelsy.caicedo2256@gmail.com,3099191626,1,2024-01-28
2257,David,Ruiz,david.ruiz2257@gmail.com,3167862438,9,2021-06-12
2258,Jorge,González,jorge.gonzález2258@gmail.com,3159597975,9,2023-07-08
2259,José,Martínez,josé.martínez2259@gmail.com,3117932248,11,2025-01-17
2260,Fredy,Hernández,fredy.hernández2260@gmail.com,3101957285,13,2022-09-29
2261,Omar,Ramírez,omar.ramírez2261@gmail.com,3281133260,3,2021-03-07
2262,Leydi,López,leydi.lópez2262@gmail.com,3163654252,9,2024-06-23
2263,Carlos,Perea,carlos.perea2263@gmail.com,3037513301,8,2021-01-17
2264,Alexander,Silva,alexander.silva2264@gmail.com,3178859936,12,2025-12-31
2265,Diego,Muñoz,diego.muñoz2265@gmail.com,3112439863,3,2021-03-19
2266,Victoria,Calderón,victoria.calderón2266@gmail.com,3164346568,7,2023-09-08
2267,Patricia,Granados,patricia.granados2267@gmail.com,3056744913,9,2025-06-14
2268,Laura,Rincón,laura.rincón2268@gmail.com,3072918079,5,2025-02-04
2269,Alexis,García,alexis.garcía2269@gmail.com,3083612902,8,2021-08-19
2270,Francisco,Martínez,francisco.martínez2270@gmail.com,3236371840,9,2020-05-08
2271,Luis,Rico,luis.rico2271@gmail.com,3262046902,6,2024-10-27
2272,Marta,Arias,marta.arias2272@gmail.com,3131907270,4,2020-04-03
2273,Camilo,Bravo,camilo.bravo2273@gmail.com,3265527300,5,2021-12-22
2274,Mónica,Gómez,mónica.gómez2274@gmail.com,3022161974,5,2024-07-17
2275,Patricia,Suárez,patricia.suárez2275@gmail.com,3048573586,7,2025-11-19
2276,Danilo,Salamanca,danilo.salamanca2276@gmail.com,3044088321,1,2021-01-13
2277,Diana,Bonilla,diana.bonilla2277@gmail.com,3155981239,3,2022-03-24
2278,Andrés,Díaz,andrés.díaz2278@gmail.com,3169080330,8,2021-10-20
2279,Andrés,Vargas,andrés.vargas2279@gmail.com,3266950750,13,2024-05-12
2280,Antonio,Díaz,antonio.díaz2280@gmail.com,3084331283,2,2021-08-15
2281,César,Guerrero,césar.guerrero2281@gmail.com,3151238014,3,2025-02-21
2282,Sandra,Henao,sandra.henao2282@gmail.com,3076308442,2,2024-07-22
2283,Edith,Cruz,edith.cruz2283@gmail.com,3181061687,8,2021-05-29
2284,Enrique,Nieto,enrique.nieto2284@gmail.com,3272634873,1,2022-06-14
2285,Claudia,Díaz,claudia.díaz2285@gmail.com,3238049385,13,2021-11-11
2286,Mariela,Quintero,mariela.quintero2286@gmail.com,3264626181,6,2022-05-09
2287,Cecilia,Molano,cecilia.molano2287@gmail.com,3091241105,6,2024-01-30
2288,Lida,Romero,lida.romero2288@gmail.com,3046150025,11,2021-05-25
2289,Valentina,Arroyo,valentina.arroyo2289@gmail.com,3278650368,7,2024-08-07
2290,Camila,Arias,camila.arias2290@gmail.com,3158144563,11,2023-10-07
2291,Cristian,Osorio,cristian.osorio2291@gmail.com,3028697782,7,2024-03-08
2292,Daniel,León,daniel.león2292@gmail.com,3083728933,11,2024-11-20
2293,Luis,Rojas,luis.rojas2293@gmail.com,3148339925,12,2023-03-06
2294,Sebastián,Carmona,sebastián.carmona2294@gmail.com,3292664720,2,2021-03-01
2295,Johana,Burgos,johana.burgos2295@gmail.com,3007900127,2,2025-07-26
2296,Lady,Medina,lady.medina2296@gmail.com,3292672723,12,2024-12-24
2297,Daniel,Riascos,daniel.riascos2297@gmail.com,3291547533,12,2023-04-02
2298,Juan,Delgado,juan.delgado2298@gmail.com,3134739295,8,2024-04-09
2299,Alveiro,Suárez,alveiro.suárez2299@gmail.com,3038878148,2,2023-12-07
2300,Karen,Torres,karen.torres2300@gmail.com,3167640565,1,2024-03-14
2301,Guillermo,Rodríguez,guillermo.rodríguez2301@gmail.com,3085758092,5,2022-12-19
2302,Armando,Barrios,armando.barrios2302@gmail.com,3165052611,1,2024-08-25
2303,Esperanza,Cortés,esperanza.cortés2303@gmail.com,3001440348,3,2024-03-13
2304,Luis,Carmona,luis.carmona2304@gmail.com,3296326278,6,2021-11-29
2305,Lucía,Gómez,lucía.gómez2305@gmail.com,3265057252,11,2024-05-22
2306,Maritza,Hernández,maritza.hernández2306@gmail.com,3097598776,1,2024-10-23
2307,Victoria,Murillo,victoria.murillo2307@gmail.com,3063914492,7,2023-07-27
2308,Cristina,Arrieta,cristina.arrieta2308@gmail.com,3228338380,4,2021-02-11
2309,Andrea,Castillo,andrea.castillo2309@gmail.com,3229460029,2,2024-05-24
2310,Gerardo,Ardila,gerardo.ardila2310@gmail.com,3243668469,6,2022-04-14
2311,Daniel,Alzate,daniel.alzate2311@gmail.com,3011430171,7,2020-02-17
2312,Carolina,Luna,carolina.luna2312@gmail.com,3293567729,1,2020-11-18
2313,Eduardo,Escobar,eduardo.escobar2313@gmail.com,3261424293,13,2021-06-18
2314,Nicolás,Hurtado,nicolás.hurtado2314@gmail.com,3154129876,4,2022-06-27
2315,Karen,Ariza,karen.ariza2315@gmail.com,3139982810,4,2024-03-28
2316,Carlos,García,carlos.garcía2316@gmail.com,3105613144,2,2021-08-11
2317,Luz,Fuentes,luz.fuentes2317@gmail.com,3202735086,2,2025-02-23
2318,Doris,Ayala,doris.ayala2318@gmail.com,3212796448,3,2023-03-02
2319,Marta,Salas,marta.salas2319@gmail.com,3122556542,2,2025-07-17
2320,Gabriel,Torres,gabriel.torres2320@gmail.com,3137556539,2,2025-07-04
2321,Jesús,Agudelo,jesús.agudelo2321@gmail.com,3062234399,8,2020-11-08
2322,María,Castaño,maría.castaño2322@gmail.com,3067295723,6,2025-01-20
2323,Nidia,Suárez,nidia.suárez2323@gmail.com,3026012276,1,2022-01-01
2324,María,Montoya,maría.montoya2324@gmail.com,3291527651,2,2023-11-05
2325,Milena,Sierra,milena.sierra2325@gmail.com,3171084130,3,2025-11-07
2326,Inés,Martínez,inés.martínez2326@gmail.com,3243040002,4,2020-05-01
2327,Miguel,Medina,miguel.medina2327@gmail.com,3209690512,11,2021-09-16
2328,Cindy,Hurtado,cindy.hurtado2328@gmail.com,3052925830,4,2020-04-30
2329,José,Torres,josé.torres2329@gmail.com,3124686979,2,2021-06-02
2330,Nancy,Medina,nancy.medina2330@gmail.com,3149079485,4,2021-01-11
2331,Marcela,García,marcela.garcía2331@gmail.com,3185937884,8,2025-07-23
2332,Carlos,Martínez,carlos.martínez2332@gmail.com,3187709915,4,2022-10-21
2333,Pilar,García,pilar.garcía2333@gmail.com,3035715786,7,2021-02-25
2334,José,Perdomo,josé.perdomo2334@gmail.com,3296227531,3,2022-04-23
2335,Carmen,Hernández,carmen.hernández2335@gmail.com,3278272447,8,2024-10-01
2336,Luis,Reyes,luis.reyes2336@gmail.com,3246347715,9,2021-03-16
2337,Jesús,Ramírez,jesús.ramírez2337@gmail.com,3268202676,4,2023-12-16
2338,David,Galvis,david.galvis2338@gmail.com,3118539737,3,2020-05-18
2339,Esther,García,esther.garcía2339@gmail.com,3247875441,5,2025-12-12
2340,Jaime,Valencia,jaime.valencia2340@gmail.com,3161502309,2,2022-01-06
2341,Martín,López,martín.lópez2341@gmail.com,3164119134,6,2022-10-01
2342,Javier,Salazar,javier.salazar2342@gmail.com,3037235425,6,2021-08-17
2343,Doris,Ruiz,doris.ruiz2343@gmail.com,3111161614,6,2020-02-14
2344,Juan,Rodríguez,juan.rodríguez2344@gmail.com,3254586506,8,2023-08-10
2345,Viviana,Ojeda,viviana.ojeda2345@gmail.com,3082111241,7,2023-03-07
2346,David,Cerón,david.cerón2346@gmail.com,3239845994,4,2021-02-25
2347,Vanesa,Sánchez,vanesa.sánchez2347@gmail.com,3242255341,9,2024-09-23
2348,María,Figueroa,maría.figueroa2348@gmail.com,3266331518,6,2022-03-22
2349,Alejandra,Arias,alejandra.arias2349@gmail.com,3009286841,8,2020-07-10
2350,Rafael,Márquez,rafael.márquez2350@gmail.com,3163000834,2,2025-01-28
2351,Martha,Martínez,martha.martínez2351@gmail.com,3096484048,9,2024-04-17
2352,Mateo,Carmona,mateo.carmona2352@gmail.com,3091356829,5,2020-03-14
2353,Gabriel,Fonseca,gabriel.fonseca2353@gmail.com,3291077963,8,2023-03-10
2354,María,Aguirre,maría.aguirre2354@gmail.com,3061620894,11,2025-11-30
2355,Martha,Cardona,martha.cardona2355@gmail.com,3051273003,2,2025-04-08
2356,María,Rojas,maría.rojas2356@gmail.com,3066049913,5,2023-07-23
2357,Andrés,Ramírez,andrés.ramírez2357@gmail.com,3162338271,11,2023-07-06
2358,José,Muñoz,josé.muñoz2358@gmail.com,3191789750,7,2023-05-07
2359,Lidia,Ariza,lidia.ariza2359@gmail.com,3279276815,12,2021-05-12
2360,Isabel,Bermúdez,isabel.bermúdez2360@gmail.com,3192723751,1,2022-07-06
2361,María,Orozco,maría.orozco2361@gmail.com,3003327577,2,2023-08-15
2362,Alexander,Gómez,alexander.gómez2362@gmail.com,3264797376,3,2020-12-26
2363,Carolina,Gutiérrez,carolina.gutiérrez2363@gmail.com,3051082902,13,2020-08-03
2364,Fabián,Garzón,fabián.garzón2364@gmail.com,3102858975,1,2023-05-31
2365,Luz,Hoyos,luz.hoyos2365@gmail.com,3046525223,13,2024-04-03
2366,María,Giraldo,maría.giraldo2366@gmail.com,3123311285,9,2025-03-02
2367,Luisa,Melo,luisa.melo2367@gmail.com,3026357513,3,2024-08-19
2368,Alexander,Leal,alexander.leal2368@gmail.com,3273053083,11,2025-12-01
2369,María,Gaviria,maría.gaviria2369@gmail.com,3099018281,12,2025-06-30
2370,Jesús,Moreno,jesús.moreno2370@gmail.com,3159098468,4,2021-01-11
2371,Mery,Rendón,mery.rendón2371@gmail.com,3142389057,6,2022-09-19
2372,Diana,Ruiz,diana.ruiz2372@gmail.com,3232308903,2,2025-07-18
2373,Arturo,Contreras,arturo.contreras2373@gmail.com,3031220253,12,2022-06-04
2374,Rosa,Sierra,rosa.sierra2374@gmail.com,3164152731,8,2021-03-04
2375,Yineth,Carmona,yineth.carmona2375@gmail.com,3139852408,11,2023-07-07
2376,María,Vargas,maría.vargas2376@gmail.com,3173583673,11,2021-03-08
2377,Andrés,Quintero,andrés.quintero2377@gmail.com,3037100930,7,2025-01-27
2378,Helena,Sánchez,helena.sánchez2378@gmail.com,3284406122,7,2022-02-08
2379,Erika,Romero,erika.romero2379@gmail.com,3048098339,3,2023-06-12
2380,Antonio,Moreno,antonio.moreno2380@gmail.com,3213471111,8,2021-03-14
2381,Robert,Sierra,robert.sierra2381@gmail.com,3215035968,1,2025-03-02
2382,John,Pineda,john.pineda2382@gmail.com,3041479597,8,2025-12-14
2383,Henry,Naranjo,henry.naranjo2383@gmail.com,3155455671,2,2020-12-10
2384,Víctor,Gómez,víctor.gómez2384@gmail.com,3164557877,3,2024-06-13
2385,Luis,Castro,luis.castro2385@gmail.com,3269521598,6,2020-08-05
2386,Lucía,Triana,lucía.triana2386@gmail.com,3147203890,2,2020-07-20
2387,Alexander,López,alexander.lópez2387@gmail.com,3268089856,4,2023-04-19
2388,Nidia,Salamanca,nidia.salamanca2388@gmail.com,3063963613,9,2023-02-04
2389,David,Pineda,david.pineda2389@gmail.com,3299281506,11,2024-11-10
2390,Lorena,Moreno,lorena.moreno2390@gmail.com,3005176591,2,2022-06-18
2391,Lucía,Manrique,lucía.manrique2391@gmail.com,3001598744,9,2022-12-26
2392,Steven,Valencia,steven.valencia2392@gmail.com,3019927688,2,2023-02-02
2393,Andrés,Rojas,andrés.rojas2393@gmail.com,3097787380,7,2024-05-28
2394,Isabel,Ríos,isabel.ríos2394@gmail.com,3035500772,8,2022-04-22
2395,Francisco,Prieto,francisco.prieto2395@gmail.com,3036832315,12,2023-03-25
2396,Natalia,Rueda,natalia.rueda2396@gmail.com,3295831479,13,2020-01-13
2397,José,Hernández,josé.hernández2397@gmail.com,3029442968,13,2025-05-06
2398,Ronal,Obando,ronal.obando2398@gmail.com,3245003370,3,2023-07-14
2399,Milena,Saavedra,milena.saavedra2399@gmail.com,3213795846,3,2023-09-22
2400,Wilmer,Ruiz,wilmer.ruiz2400@gmail.com,3121213654,12,2025-04-27
2401,Luis,Núñez,luis.núñez2401@gmail.com,3151349416,3,2022-12-16
2402,Paola,Ruiz,paola.ruiz2402@gmail.com,3021163307,9,2023-12-13
2403,Fabio,Bonilla,fabio.bonilla2403@gmail.com,3191016885,8,2022-10-10
2404,Sebastián,Cuéllar,sebastián.cuéllar2404@gmail.com,3111757936,1,2023-04-05
2405,Fabiola,Peña,fabiola.peña2405@gmail.com,3089441397,3,2021-08-23
2406,Lida,Saavedra,lida.saavedra2406@gmail.com,3016110378,13,2023-10-06
2407,Kevin,Saavedra,kevin.saavedra2407@gmail.com,3176885129,11,2022-11-20
2408,Esperanza,Patiño,esperanza.patiño2408@gmail.com,3275253642,6,2025-02-22
2409,Sandra,Díaz,sandra.díaz2409@gmail.com,3056052190,13,2023-09-28
2410,Cristian,Ávila,cristian.ávila2410@gmail.com,3299126125,2,2023-01-10
2411,Mónica,Ospina,mónica.ospina2411@gmail.com,3281347746,3,2024-08-07
2412,Ángela,Moreno,ángela.moreno2412@gmail.com,3026992727,8,2020-05-06
2413,Eduardo,Mosquera,eduardo.mosquera2413@gmail.com,3098226291,6,2022-04-25
2414,Eduardo,Acosta,eduardo.acosta2414@gmail.com,3214252130,7,2021-03-18
2415,José,Calderón,josé.calderón2415@gmail.com,3188537488,11,2021-12-17
2416,Alejandro,Arias,alejandro.arias2416@gmail.com,3156556541,7,2024-09-05
2417,Hernando,Rincón,hernando.rincón2417@gmail.com,3144197278,1,2025-10-31
2418,Marcela,Ramírez,marcela.ramírez2418@gmail.com,3253062947,7,2025-02-06
2419,María,Cabrera,maría.cabrera2419@gmail.com,3255838692,2,2020-02-04
2420,María,Ortiz,maría.ortiz2420@gmail.com,3128823508,12,2021-09-07
2421,Rosario,Villamizar,rosario.villamizar2421@gmail.com,3243728089,5,2025-06-17
2422,Adalberto,Uribe,adalberto.uribe2422@gmail.com,3115944694,1,2025-02-02
2423,Patricia,Carmona,patricia.carmona2423@gmail.com,3035748242,9,2021-05-20
2424,Israel,Gaviria,israel.gaviria2424@gmail.com,3076130833,1,2024-10-28
2425,Emilse,Valencia,emilse.valencia2425@gmail.com,3101837217,5,2021-07-18
2426,Ester,Vargas,ester.vargas2426@gmail.com,3149422048,12,2021-09-27
2427,Karina,Gómez,karina.gómez2427@gmail.com,3043393173,13,2022-03-16
2428,Felipe,Flórez,felipe.flórez2428@gmail.com,3192354222,5,2022-06-15
2429,Eugenia,Ávila,eugenia.ávila2429@gmail.com,3076949741,4,2024-05-01
2430,Jairo,Vega,jairo.vega2430@gmail.com,3162646494,5,2023-05-22
2431,Andrés,Pardo,andrés.pardo2431@gmail.com,3243907524,9,2024-11-20
2432,Fabián,Guzmán,fabián.guzmán2432@gmail.com,3253334991,12,2022-03-28
2433,Yesenia,Niño,yesenia.niño2433@gmail.com,3127984561,11,2022-03-28
2434,María,Barragán,maría.barragán2434@gmail.com,3142436094,5,2025-03-03
2435,José,Medina,josé.medina2435@gmail.com,3227307661,7,2021-01-28
2436,Felipe,Velásquez,felipe.velásquez2436@gmail.com,3088413874,13,2023-07-07
2437,José,Barrera,josé.barrera2437@gmail.com,3258858093,6,2024-10-17
2438,Luz,Jiménez,luz.jiménez2438@gmail.com,3167882997,8,2020-04-23
2439,Fanny,Suárez,fanny.suárez2439@gmail.com,3208061842,2,2021-07-29
2440,Pablo,Restrepo,pablo.restrepo2440@gmail.com,3245070918,9,2025-09-28
2441,Rubiela,Ávila,rubiela.ávila2441@gmail.com,3125921482,1,2024-05-27
2442,Luz,Delgado,luz.delgado2442@gmail.com,3061099872,8,2025-10-22
2443,Isabel,Salcedo,isabel.salcedo2443@gmail.com,3102420343,1,2023-01-11
2444,Yesenia,Camargo,yesenia.camargo2444@gmail.com,3216594923,9,2021-02-02
2445,Martha,Patiño,martha.patiño2445@gmail.com,3199077690,13,2023-09-19
2446,Duván,Vélez,duván.vélez2446@gmail.com,3019570152,13,2020-08-05
2447,Marcela,Peña,marcela.peña2447@gmail.com,3239661473,3,2025-07-21
2448,Susana,Díaz,susana.díaz2448@gmail.com,3033596701,5,2023-06-27
2449,Juan,Amaya,juan.amaya2449@gmail.com,3209136197,9,2022-04-02
2450,Alejandra,Cárdenas,alejandra.cárdenas2450@gmail.com,3011000599,3,2021-05-10
2451,Tatiana,Aguirre,tatiana.aguirre2451@gmail.com,3215147429,4,2021-02-28
2452,Nicolás,Bautista,nicolás.bautista2452@gmail.com,3109485991,8,2024-05-19
2453,Óscar,González,óscar.gonzález2453@gmail.com,3016031885,7,2025-06-04
2454,Martha,Cardona,martha.cardona2454@gmail.com,3035366631,9,2024-12-03
2455,Juliana,Guzmán,juliana.guzmán2455@gmail.com,3293066894,7,2021-08-22
2456,Kelly,Mercado,kelly.mercado2456@gmail.com,3204100561,3,2022-09-12
2457,José,Quiroga,josé.quiroga2457@gmail.com,3084361332,8,2025-05-21
2458,Lizeth,Flórez,lizeth.flórez2458@gmail.com,3142678051,9,2025-07-12
2459,Sebastián,Barreto,sebastián.barreto2459@gmail.com,3147563066,7,2021-03-15
2460,Carlos,Navarro,carlos.navarro2460@gmail.com,3168127514,3,2020-04-24
2461,Milena,Salas,milena.salas2461@gmail.com,3173015388,9,2024-05-14
2462,Gloria,Amaya,gloria.amaya2462@gmail.com,3096079496,1,2024-12-25
2463,Mireya,Álvarez,mireya.álvarez2463@gmail.com,3053337125,8,2025-02-20
2464,Sebastián,Marín,sebastián.marín2464@gmail.com,3103656077,6,2025-08-12
2465,Antonio,González,antonio.gonzález2465@gmail.com,3236852464,13,2025-11-20
2466,Marcela,Ramírez,marcela.ramírez2466@gmail.com,3182053034,3,2021-09-12
2467,Antonio,Muñoz,antonio.muñoz2467@gmail.com,3196692359,8,2021-07-27
2468,Irma,Ordóñez,irma.ordóñez2468@gmail.com,3147609027,2,2025-06-04
2469,Andrés,Rodríguez,andrés.rodríguez2469@gmail.com,3174026182,9,2025-09-07
2470,Brayan,Moreno,brayan.moreno2470@gmail.com,3285349090,3,2023-08-20
2471,Juan,Acosta,juan.acosta2471@gmail.com,3296840068,9,2024-07-11
2472,Lucy,García,lucy.garcía2472@gmail.com,3001495294,13,2021-10-13
2473,Alberto,Vargas,alberto.vargas2473@gmail.com,3012782083,8,2025-05-05
2474,Luis,Beltrán,luis.beltrán2474@gmail.com,3134969777,2,2021-12-13
2475,Luis,Luna,luis.luna2475@gmail.com,3268047372,2,2020-09-10
2476,Luz,Sánchez,luz.sánchez2476@gmail.com,3242920551,1,2020-10-25
2477,Jesús,Gómez,jesús.gómez2477@gmail.com,3151494247,3,2023-08-08
2478,Guillermo,Soto,guillermo.soto2478@gmail.com,3077335562,3,2022-03-29
2479,Pedro,Jiménez,pedro.jiménez2479@gmail.com,3049239341,8,2023-03-17
2480,Marco,Martínez,marco.martínez2480@gmail.com,3033719411,7,2025-12-04
2481,Elvira,Díaz,elvira.díaz2481@gmail.com,3011406730,12,2021-01-29
2482,Javier,León,javier.león2482@gmail.com,3003358248,1,2024-01-12
2483,Eduardo,Hurtado,eduardo.hurtado2483@gmail.com,3192207374,6,2022-01-29
2484,Fabián,Díaz,fabián.díaz2484@gmail.com,3289324443,4,2022-04-29
2485,Yasmín,Escobar,yasmín.escobar2485@gmail.com,3279402873,6,2023-12-31
2486,Jhonatan,López,jhonatan.lópez2486@gmail.com,3283313134,2,2024-12-02
2487,Karen,Arias,karen.arias2487@gmail.com,3162188961,9,2020-11-16
2488,Lizeth,Martínez,lizeth.martínez2488@gmail.com,3086003418,2,2021-04-28
2489,Graciela,Caicedo,graciela.caicedo2489@gmail.com,3131863674,9,2023-09-17
2490,Margarita,Hernández,margarita.hernández2490@gmail.com,3035863655,5,2024-05-18
2491,Jhon,Castro,jhon.castro2491@gmail.com,3252140059,3,2023-03-25
2492,Andrés,Silva,andrés.silva2492@gmail.com,3085049993,11,2025-08-10
2493,Jhon,Ávila,jhon.ávila2493@gmail.com,3161950399,11,2021-03-30
2494,Sandra,Padilla,sandra.padilla2494@gmail.com,3275413298,12,2020-05-02
2495,Antonio,Ospino,antonio.ospino2495@gmail.com,3058070014,5,2022-04-01
2496,Marlén,Pacheco,marlén.pacheco2496@gmail.com,3103336875,4,2023-09-12
2497,Oswaldo,Rengifo,oswaldo.rengifo2497@gmail.com,3204953000,8,2020-10-25
2498,Alexandra,León,alexandra.león2498@gmail.com,3291593277,6,2020-10-16
2499,Valentina,Silva,valentina.silva2499@gmail.com,3192352134,11,2025-05-15
2500,Harvey,Romero,harvey.romero2500@gmail.com,3041700297,2,2020-05-25
2501,Carmen,Londoño,carmen.londoño2501@gmail.com,3184778984,12,2023-12-05
2502,José,Barrera,josé.barrera2502@gmail.com,3176090515,4,2020-03-28
2503,Emma,Díaz,emma.díaz2503@gmail.com,3004291258,11,2024-04-02
2504,Alberto,Blanco,alberto.blanco2504@gmail.com,3209089526,1,2024-05-04
2505,Agustín,Rodríguez,agustín.rodríguez2505@gmail.com,3128209482,13,2024-10-14
2506,María,Pineda,maría.pineda2506@gmail.com,3222939164,8,2021-04-28
2507,Paola,Miranda,paola.miranda2507@gmail.com,3256902041,4,2023-11-06
2508,Francisco,Anaya,francisco.anaya2508@gmail.com,3104995833,4,2021-01-11
2509,Fabiola,Quintero,fabiola.quintero2509@gmail.com,3204810540,7,2020-07-06
2510,Luis,Henao,luis.henao2510@gmail.com,3031954349,2,2020-08-20
2511,María,Ramírez,maría.ramírez2511@gmail.com,3074029855,5,2020-06-28
2512,Blanca,Angulo,blanca.angulo2512@gmail.com,3155097740,5,2021-06-15
2513,Natalia,Mora,natalia.mora2513@gmail.com,3269031276,12,2021-05-16
2514,Paula,Rodríguez,paula.rodríguez2514@gmail.com,3212281408,5,2022-04-23
2515,Manuel,Herrera,manuel.herrera2515@gmail.com,3154695807,8,2023-05-24
2516,Daniel,Garzón,daniel.garzón2516@gmail.com,3185910412,12,2022-09-27
2517,María,Díaz,maría.díaz2517@gmail.com,3246349565,13,2025-08-24
2518,Vanessa,Quintero,vanessa.quintero2518@gmail.com,3006815577,7,2025-06-14
2519,Javier,Alarcón,javier.alarcón2519@gmail.com,3114415085,3,2025-11-03
2520,Orlando,Jaimes,orlando.jaimes2520@gmail.com,3044536127,2,2024-03-05
2521,Yazmín,Pineda,yazmín.pineda2521@gmail.com,3221601759,4,2024-12-08
2522,Stiven,Montoya,stiven.montoya2522@gmail.com,3272916606,1,2025-08-05
2523,Mary,Páez,mary.páez2523@gmail.com,3045663517,9,2024-04-22
2524,Fabiola,Villamizar,fabiola.villamizar2524@gmail.com,3112001936,5,2024-04-21
2525,Fredy,Suárez,fredy.suárez2525@gmail.com,3107418764,7,2024-12-23
2526,Daniel,Ruiz,daniel.ruiz2526@gmail.com,3034451578,7,2022-01-25
2527,Andrés,Rojas,andrés.rojas2527@gmail.com,3269933732,1,2023-06-03
2528,Manuel,Vera,manuel.vera2528@gmail.com,3086835191,1,2023-10-09
2529,Sergio,Romero,sergio.romero2529@gmail.com,3194633007,1,2023-10-28
2530,Saúl,Castro,saúl.castro2530@gmail.com,3298282586,7,2020-08-21
2531,María,Castrillón,maría.castrillón2531@gmail.com,3087511414,13,2023-03-23
2532,Antonio,Benítez,antonio.benítez2532@gmail.com,3278110771,9,2025-10-26
2533,Carlos,Giraldo,carlos.giraldo2533@gmail.com,3127397002,8,2022-09-02
2534,Juan,Leal,juan.leal2534@gmail.com,3005709366,12,2023-01-28
2535,César,Rueda,césar.rueda2535@gmail.com,3035963118,6,2024-06-04
2536,Eugenia,Gómez,eugenia.gómez2536@gmail.com,3095601485,6,2023-01-05
2537,Rosario,Zapata,rosario.zapata2537@gmail.com,3241207016,2,2023-06-11
2538,Leidy,Cárdenas,leidy.cárdenas2538@gmail.com,3255437867,3,2024-12-22
2539,Jhoan,Rojas,jhoan.rojas2539@gmail.com,3108380453,1,2025-03-25
2540,Angie,González,angie.gonzález2540@gmail.com,3059056551,12,2022-06-11
2541,Julián,Castaño,julián.castaño2541@gmail.com,3102334575,5,2023-07-10
2542,Arley,Marín,arley.marín2542@gmail.com,3074016609,5,2023-02-05
2543,María,Ramos,maría.ramos2543@gmail.com,3173134439,4,2021-12-15
2544,José,Ramírez,josé.ramírez2544@gmail.com,3091831808,4,2021-04-13
2545,Martín,Ardila,martín.ardila2545@gmail.com,3204091294,12,2025-09-06
2546,José,Guevara,josé.guevara2546@gmail.com,3196323988,1,2022-07-22
2547,Isabel,Bohórquez,isabel.bohórquez2547@gmail.com,3045319211,1,2023-12-18
2548,Armando,Rico,armando.rico2548@gmail.com,3204937559,6,2021-03-23
2549,Javier,Hernández,javier.hernández2549@gmail.com,3088445941,2,2025-09-24
2550,Daniel,Cruz,daniel.cruz2550@gmail.com,3034423255,6,2024-03-01
2551,Alejandro,Guzmán,alejandro.guzmán2551@gmail.com,3262197778,12,2024-10-12
2552,María,Montenegro,maría.montenegro2552@gmail.com,3121414306,6,2024-01-15
2553,Eduardo,Hurtado,eduardo.hurtado2553@gmail.com,3167286684,8,2023-04-19
2554,Andrea,Correa,andrea.correa2554@gmail.com,3203689602,6,2020-07-01
2555,Luz,Guzmán,luz.guzmán2555@gmail.com,3121428411,2,2022-05-16
2556,Alexander,Álvarez,alexander.álvarez2556@gmail.com,3189525883,9,2023-11-10
2557,Carlos,Álvarez,carlos.álvarez2557@gmail.com,3061546929,12,2021-09-06
2558,Stiven,Ruiz,stiven.ruiz2558@gmail.com,3112297070,4,2025-08-24
2559,Elena,Castro,elena.castro2559@gmail.com,3288014220,11,2021-05-11
2560,Yolanda,Mendoza,yolanda.mendoza2560@gmail.com,3208924368,12,2025-11-18
2561,Paola,Sánchez,paola.sánchez2561@gmail.com,3276317360,5,2022-03-09
2562,Esperanza,Rodríguez,esperanza.rodríguez2562@gmail.com,3245094127,6,2022-09-22
2563,Antonio,Molina,antonio.molina2563@gmail.com,3138647410,6,2021-04-17
2564,Adriana,Romero,adriana.romero2564@gmail.com,3238465986,13,2024-08-06
2565,Yolanda,Hernández,yolanda.hernández2565@gmail.com,3116905321,11,2025-09-02
2566,Diego,Gutiérrez,diego.gutiérrez2566@gmail.com,3059122764,9,2022-08-01
2567,Olga,García,olga.garcía2567@gmail.com,3164854788,9,2021-05-28
2568,David,Quintero,david.quintero2568@gmail.com,3237838685,12,2021-07-19
2569,Raquel,Hernández,raquel.hernández2569@gmail.com,3245813134,6,2023-07-09
2570,Ofelia,Gil,ofelia.gil2570@gmail.com,3017853539,7,2025-08-30
2571,Sandra,Martínez,sandra.martínez2571@gmail.com,3099291304,12,2022-03-22
2572,Jennifer,Díaz,jennifer.díaz2572@gmail.com,3071260252,3,2021-05-09
2573,Juan,Vega,juan.vega2573@gmail.com,3148882947,13,2021-02-17
2574,Fredy,Bermúdez,fredy.bermúdez2574@gmail.com,3008238024,1,2021-11-14
2575,David,Álvarez,david.álvarez2575@gmail.com,3029638539,11,2024-05-08
2576,Víctor,Amaya,víctor.amaya2576@gmail.com,3153138306,7,2022-09-15
2577,Enrique,Lozano,enrique.lozano2577@gmail.com,3242996986,6,2023-10-10
2578,Dairo,Tovar,dairo.tovar2578@gmail.com,3292808110,13,2020-07-04
2579,Josefina,Hernández,josefina.hernández2579@gmail.com,3058531214,7,2025-01-16
2580,John,Villegas,john.villegas2580@gmail.com,3265853499,8,2021-07-05
2581,Vilma,Cárdenas,vilma.cárdenas2581@gmail.com,3229545877,2,2021-09-15
2582,Manuel,Blanco,manuel.blanco2582@gmail.com,3097205454,12,2025-01-31
2583,Yuri,Moreno,yuri.moreno2583@gmail.com,3158358269,3,2025-09-14
2584,Inés,Prieto,inés.prieto2584@gmail.com,3295685869,2,2022-08-09
2585,David,Barreto,david.barreto2585@gmail.com,3176722997,1,2025-10-21
2586,Socorro,Bermúdez,socorro.bermúdez2586@gmail.com,3299526649,7,2023-03-14
2587,Enrique,Angulo,enrique.angulo2587@gmail.com,3166344856,3,2021-08-09
2588,Alonso,Cárdenas,alonso.cárdenas2588@gmail.com,3038223223,11,2023-02-13
2589,María,Acosta,maría.acosta2589@gmail.com,3296274209,2,2023-11-23
2590,Dayana,Restrepo,dayana.restrepo2590@gmail.com,3122988957,5,2023-01-26
2591,Carolina,Solano,carolina.solano2591@gmail.com,3174751945,3,2023-03-27
2592,Alberto,Hernández,alberto.hernández2592@gmail.com,3192780388,4,2023-02-15
2593,Sandra,Figueroa,sandra.figueroa2593@gmail.com,3014470251,11,2025-09-14
2594,Orlando,Valencia,orlando.valencia2594@gmail.com,3001666811,11,2022-03-10
2595,Jesús,Alzate,jesús.alzate2595@gmail.com,3071432471,6,2022-04-12
2596,Andrés,Castillo,andrés.castillo2596@gmail.com,3198155525,13,2024-12-27
2597,Rosario,Beltrán,rosario.beltrán2597@gmail.com,3228614329,5,2021-03-24
2598,Luis,Quiroz,luis.quiroz2598@gmail.com,3218455879,7,2025-07-13
2599,Jenny,Herrera,jenny.herrera2599@gmail.com,3113295425,5,2021-04-22
2600,John,Vega,john.vega2600@gmail.com,3114731953,13,2020-10-31
2601,Julián,Mejía,julián.mejía2601@gmail.com,3129507058,6,2023-02-04
2602,Fabián,Vásquez,fabián.vásquez2602@gmail.com,3182242998,13,2023-07-13
2603,Leidy,Vergara,leidy.vergara2603@gmail.com,3062685083,13,2025-11-05
2604,Ana,Granados,ana.granados2604@gmail.com,3131597875,12,2020-02-02
2605,Carlos,Reyes,carlos.reyes2605@gmail.com,3027311740,4,2022-03-12
2606,Juan,Restrepo,juan.restrepo2606@gmail.com,3173540625,8,2022-02-05
2607,Luis,Pinto,luis.pinto2607@gmail.com,3275741235,3,2022-03-24
2608,Gloria,Arteaga,gloria.arteaga2608@gmail.com,3219662181,13,2022-05-27
2609,Patricia,González,patricia.gonzález2609@gmail.com,3062128456,8,2022-05-04
2610,John,Fuentes,john.fuentes2610@gmail.com,3221651169,7,2022-12-13
2611,Lizeth,Zapata,lizeth.zapata2611@gmail.com,3264937877,12,2023-11-29
2612,Alexander,López,alexander.lópez2612@gmail.com,3184020978,5,2022-08-07
2613,Víctor,Murcia,víctor.murcia2613@gmail.com,3179224559,12,2024-05-25
2614,Rubén,Acevedo,rubén.acevedo2614@gmail.com,3259069153,5,2021-01-30
2615,María,Sánchez,maría.sánchez2615@gmail.com,3015819613,7,2025-01-05
2616,Milena,Contreras,milena.contreras2616@gmail.com,3138128056,2,2021-12-22
2617,Sara,Escobar,sara.escobar2617@gmail.com,3152904822,6,2024-06-18
2618,Elena,Carrillo,elena.carrillo2618@gmail.com,3229115789,8,2024-08-14
2619,Valentina,Jaramillo,valentina.jaramillo2619@gmail.com,3231485910,5,2023-01-02
2620,Arley,Suárez,arley.suárez2620@gmail.com,3237861979,1,2023-08-16
2621,Vicente,Mejía,vicente.mejía2621@gmail.com,3157899279,7,2024-12-15
2622,Josué,Herrera,josué.herrera2622@gmail.com,3165373809,1,2023-01-04
2623,Andrea,Rodríguez,andrea.rodríguez2623@gmail.com,3136701595,12,2020-07-05
2624,Frank,Parra,frank.parra2624@gmail.com,3177875496,4,2021-11-13
2625,Carmen,Jiménez,carmen.jiménez2625@gmail.com,3232850788,9,2023-09-12
2626,Eliana,Caicedo,eliana.caicedo2626@gmail.com,3091334200,13,2020-03-27
2627,Luz,Narváez,luz.narváez2627@gmail.com,3116591646,6,2020-09-16
2628,Armando,Mosquera,armando.mosquera2628@gmail.com,3209701486,4,2024-01-23
2629,Nelson,Leal,nelson.leal2629@gmail.com,3233633903,11,2024-06-08
2630,Leidy,Narváez,leidy.narváez2630@gmail.com,3235868538,3,2024-03-11
2631,Helena,Ruiz,helena.ruiz2631@gmail.com,3164617421,11,2022-10-15
2632,Jenny,Flórez,jenny.flórez2632@gmail.com,3001336020,11,2021-02-23
2633,Luis,Durán,luis.durán2633@gmail.com,3269135271,1,2021-10-04
2634,Cielo,Díaz,cielo.díaz2634@gmail.com,3141406752,4,2022-10-09
2635,Kelly,Velandia,kelly.velandia2635@gmail.com,3043074382,7,2024-06-29
2636,Pedro,Sánchez,pedro.sánchez2636@gmail.com,3042424664,2,2020-10-29
2637,Leider,Camacho,leider.camacho2637@gmail.com,3261338131,1,2021-09-13
2638,Marcela,García,marcela.garcía2638@gmail.com,3097561970,4,2023-07-02
2639,María,Camargo,maría.camargo2639@gmail.com,3169595901,13,2020-04-05
2640,Derly,Mendoza,derly.mendoza2640@gmail.com,3148699159,4,2021-02-12
2641,Heriberto,García,heriberto.garcía2641@gmail.com,3198908785,7,2023-04-07
2642,Jorge,Guerrero,jorge.guerrero2642@gmail.com,3114728785,7,2023-02-14
2643,Aida,Angulo,aida.angulo2643@gmail.com,3149945677,11,2022-09-28
2644,Alberto,Osorio,alberto.osorio2644@gmail.com,3109338861,13,2024-05-31
2645,Gloria,Palacios,gloria.palacios2645@gmail.com,3182817044,8,2022-07-06
2646,Luis,Cardona,luis.cardona2646@gmail.com,3207666403,4,2025-01-05
2647,Maritza,Díaz,maritza.díaz2647@gmail.com,3172827851,12,2023-06-26
2648,Alberto,Escobar,alberto.escobar2648@gmail.com,3122403154,2,2021-11-24
2649,Edgar,Moreno,edgar.moreno2649@gmail.com,3075193784,2,2021-08-01
2650,José,Peña,josé.peña2650@gmail.com,3198944257,11,2022-08-10
2651,Luis,Morales,luis.morales2651@gmail.com,3075228258,7,2023-06-29
2652,Robert,Jaramillo,robert.jaramillo2652@gmail.com,3253526849,1,2023-08-09
2653,Diego,González,diego.gonzález2653@gmail.com,3297820513,1,2023-01-03
2654,Yazmín,Barrios,yazmín.barrios2654@gmail.com,3239199476,11,2025-08-09
2655,Isabel,Ariza,isabel.ariza2655@gmail.com,3136399544,8,2025-06-01
2656,Jader,Castrillón,jader.castrillón2656@gmail.com,3282366240,2,2024-10-09
2657,Jaime,Restrepo,jaime.restrepo2657@gmail.com,3217302966,3,2020-02-25
2658,Ana,Naranjo,ana.naranjo2658@gmail.com,3083038057,3,2022-03-19
2659,Andrea,Ortega,andrea.ortega2659@gmail.com,3111655350,7,2025-07-21
2660,Jairo,Salamanca,jairo.salamanca2660@gmail.com,3089173748,3,2024-09-08
2661,Ana,Acevedo,ana.acevedo2661@gmail.com,3105978656,2,2024-11-18
2662,Orlando,Álvarez,orlando.álvarez2662@gmail.com,3149765761,6,2024-03-02
2663,Luz,Herrera,luz.herrera2663@gmail.com,3223374271,5,2025-11-13
2664,Jaime,Correa,jaime.correa2664@gmail.com,3237228596,11,2022-10-26
2665,José,Correa,josé.correa2665@gmail.com,3174533569,6,2021-07-08
2666,Felipe,Salazar,felipe.salazar2666@gmail.com,3088950226,1,2023-07-25
2667,Ever,Bautista,ever.bautista2667@gmail.com,3123522438,8,2020-10-01
2668,Nancy,Gómez,nancy.gómez2668@gmail.com,3044148654,4,2021-01-19
2669,Harold,Zambrano,harold.zambrano2669@gmail.com,3276553847,2,2020-09-07
2670,Daniel,Londoño,daniel.londoño2670@gmail.com,3273624846,2,2023-12-06
2671,Luz,Ortega,luz.ortega2671@gmail.com,3284792145,6,2020-02-27
2672,Claudia,Martínez,claudia.martínez2672@gmail.com,3045767876,7,2023-06-06
2673,Sneider,Montes,sneider.montes2673@gmail.com,3197765720,5,2022-04-09
2674,Antonio,Gutiérrez,antonio.gutiérrez2674@gmail.com,3093557213,2,2022-06-05
2675,Ana,Mora,ana.mora2675@gmail.com,3125411361,9,2021-02-23
2676,Hernando,Castro,hernando.castro2676@gmail.com,3087424776,6,2023-02-09
2677,Marcela,Castro,marcela.castro2677@gmail.com,3298942448,4,2021-11-19
2678,Esteban,Rodríguez,esteban.rodríguez2678@gmail.com,3034631318,2,2021-08-23
2679,Martha,Pérez,martha.pérez2679@gmail.com,3028976962,1,2023-08-17
2680,Juan,Sánchez,juan.sánchez2680@gmail.com,3003298057,11,2024-12-05
2681,Liseth,Arévalo,liseth.arévalo2681@gmail.com,3176487648,5,2025-08-11
2682,Beatriz,Bermúdez,beatriz.bermúdez2682@gmail.com,3037597584,7,2024-04-28
2683,Dolly,Vera,dolly.vera2683@gmail.com,3276955771,5,2025-11-08
2684,Nelson,Herrera,nelson.herrera2684@gmail.com,3182311972,9,2022-05-26
2685,Ana,Sánchez,ana.sánchez2685@gmail.com,3043397195,7,2024-12-13
2686,Oswaldo,Sánchez,oswaldo.sánchez2686@gmail.com,3143017289,11,2024-11-18
2687,Gisela,Chacón,gisela.chacón2687@gmail.com,3253986552,1,2024-02-06
2688,Ángel,Moreno,ángel.moreno2688@gmail.com,3158114847,4,2022-02-21
2689,Carmenza,Henao,carmenza.henao2689@gmail.com,3154003215,13,2020-02-13
2690,Laura,Ardila,laura.ardila2690@gmail.com,3077056430,11,2022-03-09
2691,Johanna,Bedoya,johanna.bedoya2691@gmail.com,3096207491,6,2021-01-20
2692,Alfonso,González,alfonso.gonzález2692@gmail.com,3149435472,1,2023-01-23
2693,Claudia,Castillo,claudia.castillo2693@gmail.com,3049031838,7,2020-06-28
2694,Karen,Cano,karen.cano2694@gmail.com,3245599873,12,2020-08-22
2695,Alfonso,Lozano,alfonso.lozano2695@gmail.com,3208898869,9,2025-02-04
2696,Lizeth,Rueda,lizeth.rueda2696@gmail.com,3128943146,13,2021-03-01
2697,Cielo,Sánchez,cielo.sánchez2697@gmail.com,3051483804,9,2021-09-19
2698,Gabriel,Rodríguez,gabriel.rodríguez2698@gmail.com,3223208690,2,2024-09-14
2699,Edison,Cardona,edison.cardona2699@gmail.com,3008438648,12,2020-09-12
2700,Javier,Burgos,javier.burgos2700@gmail.com,3115655311,4,2020-03-09
2701,Manuel,Gómez,manuel.gómez2701@gmail.com,3153838932,9,2024-02-09
2702,Gerardo,Henao,gerardo.henao2702@gmail.com,3207764121,7,2020-09-08
2703,Jefferson,Mejía,jefferson.mejía2703@gmail.com,3039414204,3,2022-12-28
2704,Gerardo,Andrade,gerardo.andrade2704@gmail.com,3028438998,1,2023-02-02
2705,Mary,Ortiz,mary.ortiz2705@gmail.com,3239480309,7,2021-12-09
2706,Diana,Hoyos,diana.hoyos2706@gmail.com,3206220474,5,2023-12-07
2707,Socorro,Perdomo,socorro.perdomo2707@gmail.com,3058822415,9,2020-12-18
2708,César,Ardila,césar.ardila2708@gmail.com,3272479112,2,2021-01-05
2709,Juan,Ramírez,juan.ramírez2709@gmail.com,3014114839,6,2020-03-23
2710,Gladys,Barrios,gladys.barrios2710@gmail.com,3004649478,12,2024-03-14
2711,Gloria,Vásquez,gloria.vásquez2711@gmail.com,3115139478,5,2022-02-21
2712,Javier,Serrano,javier.serrano2712@gmail.com,3226209108,1,2024-04-02
2713,María,López,maría.lópez2713@gmail.com,3243986412,5,2021-07-29
2714,Sandra,Marín,sandra.marín2714@gmail.com,3257945478,4,2022-02-10
2715,Marina,Gutiérrez,marina.gutiérrez2715@gmail.com,3133971447,5,2022-11-28
2716,Elena,Rodríguez,elena.rodríguez2716@gmail.com,3275438331,2,2025-06-29
2717,Andrea,Rico,andrea.rico2717@gmail.com,3197100417,6,2025-11-12
2718,Alexander,Perea,alexander.perea2718@gmail.com,3121616245,9,2024-04-28
2719,Leandro,Henao,leandro.henao2719@gmail.com,3084534335,13,2024-11-12
2720,Camilo,González,camilo.gonzález2720@gmail.com,3144480382,6,2025-08-25
2721,Esteban,Hernández,esteban.hernández2721@gmail.com,3242522658,11,2022-05-13
2722,Alexander,Maldonado,alexander.maldonado2722@gmail.com,3138846505,5,2020-05-08
2723,Carlos,Parada,carlos.parada2723@gmail.com,3084127701,8,2021-07-26
2724,Johan,Vélez,johan.vélez2724@gmail.com,3196418889,6,2024-03-27
2725,Johana,Correa,johana.correa2725@gmail.com,3291567905,6,2021-03-04
2726,Segundo,Henao,segundo.henao2726@gmail.com,3251132511,3,2024-09-22
2727,Harold,Castro,harold.castro2727@gmail.com,3156648416,12,2021-02-14
2728,Graciela,Rentería,graciela.rentería2728@gmail.com,3056138452,3,2025-03-27
2729,Ángel,Valencia,ángel.valencia2729@gmail.com,3221364903,8,2025-02-12
2730,Cecilia,García,cecilia.garcía2730@gmail.com,3298297560,13,2024-06-23
2731,Jaime,Flórez,jaime.flórez2731@gmail.com,3135237501,13,2024-03-08
2732,Nelly,Martínez,nelly.martínez2732@gmail.com,3259095972,12,2024-07-01
2733,Edward,Ortiz,edward.ortiz2733@gmail.com,3104930952,11,2021-03-17
2734,Edna,Rincón,edna.rincón2734@gmail.com,3165519127,9,2024-06-29
2735,Adrián,León,adrián.león2735@gmail.com,3203751899,11,2021-11-12
2736,Gloria,Rincón,gloria.rincón2736@gmail.com,3199792694,4,2021-07-25
2737,Isabel,Solano,isabel.solano2737@gmail.com,3051902615,2,2023-06-20
2738,Marina,Franco,marina.franco2738@gmail.com,3058695935,7,2021-11-08
2739,Yeison,Forero,yeison.forero2739@gmail.com,3103474488,4,2021-12-05
2740,Sandra,García,sandra.garcía2740@gmail.com,3142348473,3,2022-08-25
2741,Carlos,Vargas,carlos.vargas2741@gmail.com,3062512749,13,2022-09-29
2742,Cindy,Triana,cindy.triana2742@gmail.com,3087279004,1,2025-05-09
2743,Milena,Bedoya,milena.bedoya2743@gmail.com,3052676269,8,2024-06-02
2744,Milton,Vergara,milton.vergara2744@gmail.com,3238923978,12,2024-03-21
2745,Mónica,Bermúdez,mónica.bermúdez2745@gmail.com,3132607674,7,2021-06-10
2746,Anderson,Córdoba,anderson.córdoba2746@gmail.com,3127708932,6,2023-03-05
2747,José,Ballesteros,josé.ballesteros2747@gmail.com,3267607712,11,2020-10-20
2748,Concepción,Mejía,concepción.mejía2748@gmail.com,3171451244,4,2021-12-30
2749,Santiago,Ocampo,santiago.ocampo2749@gmail.com,3057078057,6,2025-08-15
2750,Julián,Montoya,julián.montoya2750@gmail.com,3097680364,2,2022-07-31
2751,María,Posada,maría.posada2751@gmail.com,3074153622,1,2022-05-15
2752,Leonardo,Ramos,leonardo.ramos2752@gmail.com,3162557770,6,2024-04-22
2753,Carlos,Betancur,carlos.betancur2753@gmail.com,3228142250,3,2023-03-13
2754,Clara,Carrillo,clara.carrillo2754@gmail.com,3169064003,1,2022-12-05
2755,Yenny,Barrera,yenny.barrera2755@gmail.com,3123743794,7,2025-10-20
2756,Andrey,López,andrey.lópez2756@gmail.com,3072386477,6,2021-02-19
2757,Andrés,Salamanca,andrés.salamanca2757@gmail.com,3261205092,3,2023-07-30
2758,Ana,Cruz,ana.cruz2758@gmail.com,3099505552,7,2025-02-05
2759,Sebastián,Jaimes,sebastián.jaimes2759@gmail.com,3077739464,7,2020-08-11
2760,Gloria,Gómez,gloria.gómez2760@gmail.com,3165339410,13,2021-04-19
2761,Kelly,Ramírez,kelly.ramírez2761@gmail.com,3279423195,6,2025-04-23
2762,Jhon,Triana,jhon.triana2762@gmail.com,3259976215,6,2021-04-02
2763,Fernando,Mosquera,fernando.mosquera2763@gmail.com,3069920640,7,2020-11-23
2764,Andrea,Barrera,andrea.barrera2764@gmail.com,3006655862,13,2022-11-22
2765,Felipe,Hernández,felipe.hernández2765@gmail.com,3088633454,7,2020-07-17
2766,Elena,Pinzón,elena.pinzón2766@gmail.com,3141668478,2,2025-06-28
2767,Juan,Rincón,juan.rincón2767@gmail.com,3151840094,9,2024-02-21
2768,Luz,Ríos,luz.ríos2768@gmail.com,3166661668,12,2023-04-28
2769,Natalia,Lozano,natalia.lozano2769@gmail.com,3085483468,3,2023-04-16
2770,Hernán,Cardona,hernán.cardona2770@gmail.com,3161293919,8,2023-08-22
2771,Reinel,Gómez,reinel.gómez2771@gmail.com,3102873734,6,2020-05-29
2772,Luz,Mesa,luz.mesa2772@gmail.com,3265171264,3,2020-12-10
2773,María,González,maría.gonzález2773@gmail.com,3213114845,13,2021-08-15
2774,Mario,Soto,mario.soto2774@gmail.com,3278232666,5,2023-11-15
2775,Dolores,Buitrago,dolores.buitrago2775@gmail.com,3195095330,13,2025-11-14
2776,Omar,Sánchez,omar.sánchez2776@gmail.com,3271681842,2,2023-08-30
2777,Carlos,Velandia,carlos.velandia2777@gmail.com,3103462063,9,2021-02-18
2778,María,Hernández,maría.hernández2778@gmail.com,3182321455,6,2023-05-21
2779,Jesús,Ortega,jesús.ortega2779@gmail.com,3161375532,3,2022-11-18
2780,Gerardo,Gómez,gerardo.gómez2780@gmail.com,3218271837,2,2022-02-23
2781,Diego,Hernández,diego.hernández2781@gmail.com,3246086875,9,2025-10-06
2782,Carolina,Martínez,carolina.martínez2782@gmail.com,3231819251,6,2025-04-21
2783,Viviana,Alzate,viviana.alzate2783@gmail.com,3065610156,13,2022-01-30
2784,Aida,Pérez,aida.pérez2784@gmail.com,3181767426,9,2024-06-20
2785,Juan,Figueroa,juan.figueroa2785@gmail.com,3045574801,1,2024-07-25
2786,Sandra,Zapata,sandra.zapata2786@gmail.com,3007951217,12,2021-06-15
2787,Orlando,Torres,orlando.torres2787@gmail.com,3148758476,9,2023-07-27
2788,Ricardo,Osorio,ricardo.osorio2788@gmail.com,3034771933,1,2023-08-22
2789,Edwin,Riascos,edwin.riascos2789@gmail.com,3015829008,13,2025-03-01
2790,Javier,Valencia,javier.valencia2790@gmail.com,3266515543,11,2024-05-12
2791,Efrén,Escobar,efrén.escobar2791@gmail.com,3181210843,6,2023-10-27
2792,Marcela,Perea,marcela.perea2792@gmail.com,3158455510,3,2025-03-07
2793,William,Cabrera,william.cabrera2793@gmail.com,3274533909,11,2021-11-27
2794,Juan,Quintero,juan.quintero2794@gmail.com,3265289809,7,2020-05-12
2795,Paola,Hernández,paola.hernández2795@gmail.com,3292318832,12,2025-06-15
2796,Marleny,Benavides,marleny.benavides2796@gmail.com,3252394052,4,2025-12-09
2797,Luis,Mendoza,luis.mendoza2797@gmail.com,3145895978,6,2025-01-23
2798,Robinson,Gómez,robinson.gómez2798@gmail.com,3271496011,3,2021-11-13
2799,Diana,Sanabria,diana.sanabria2799@gmail.com,3258239885,7,2020-04-05
2800,David,Castaño,david.castaño2800@gmail.com,3189233534,4,2024-03-17
2801,María,Reyes,maría.reyes2801@gmail.com,3227348982,9,2021-05-20
2802,María,Díaz,maría.díaz2802@gmail.com,3064662556,4,2021-03-29
2803,Andrea,Arango,andrea.arango2803@gmail.com,3243996787,3,2024-06-30
2804,Sergio,Guerrero,sergio.guerrero2804@gmail.com,3266905993,4,2024-09-08
2805,Mario,Perdomo,mario.perdomo2805@gmail.com,3246358701,6,2021-03-08
2806,Eduardo,Rojas,eduardo.rojas2806@gmail.com,3259427273,11,2025-12-21
2807,Jorge,Guzmán,jorge.guzmán2807@gmail.com,3137777424,8,2025-03-15
2808,Jessica,Rico,jessica.rico2808@gmail.com,3173633482,3,2024-06-26
2809,David,Gómez,david.gómez2809@gmail.com,3109936647,6,2025-03-15
2810,Gloria,Sierra,gloria.sierra2810@gmail.com,3222649587,7,2024-09-08
2811,Leandro,Pineda,leandro.pineda2811@gmail.com,3164168795,12,2020-04-28
2812,Julio,Romero,julio.romero2812@gmail.com,3233324853,9,2025-08-23
2813,María,Moreno,maría.moreno2813@gmail.com,3097858110,1,2023-08-24
2814,Paola,Contreras,paola.contreras2814@gmail.com,3233792716,9,2025-04-16
2815,Diana,Morales,diana.morales2815@gmail.com,3217212534,1,2024-05-13
2816,Cristian,Montoya,cristian.montoya2816@gmail.com,3284238532,3,2025-02-18
2817,Marina,Fuentes,marina.fuentes2817@gmail.com,3133939552,8,2022-03-29
2818,Alexander,Castro,alexander.castro2818@gmail.com,3125915420,2,2020-05-06
2819,Elena,Bautista,elena.bautista2819@gmail.com,3098737309,8,2022-09-30
2820,Manuel,Tamayo,manuel.tamayo2820@gmail.com,3298443265,4,2021-12-25
2821,Emilia,Díaz,emilia.díaz2821@gmail.com,3182864909,9,2023-09-18
2822,Enrique,Gómez,enrique.gómez2822@gmail.com,3038754634,13,2020-10-13
2823,Jorge,Gutiérrez,jorge.gutiérrez2823@gmail.com,3007817366,11,2025-04-09
2824,Edilma,Quintero,edilma.quintero2824@gmail.com,3117997602,5,2021-05-10
2825,Ricardo,Uribe,ricardo.uribe2825@gmail.com,3299961899,13,2020-04-07
2826,María,Mena,maría.mena2826@gmail.com,3172003047,5,2024-06-19
2827,Elías,Díaz,elías.díaz2827@gmail.com,3207096391,7,2025-09-26
2828,Julián,Reyes,julián.reyes2828@gmail.com,3278190522,2,2021-02-28
2829,Martha,Lara,martha.lara2829@gmail.com,3042875419,13,2021-11-23
2830,Óscar,Vega,óscar.vega2830@gmail.com,3166701478,3,2022-09-22
2831,Camila,Ramírez,camila.ramírez2831@gmail.com,3135437702,2,2023-09-13
2832,Javier,Valencia,javier.valencia2832@gmail.com,3218688025,13,2025-07-06
2833,Jaime,Valencia,jaime.valencia2833@gmail.com,3046745238,5,2024-12-26
2834,Diana,Daza,diana.daza2834@gmail.com,3175327209,9,2023-02-01
2835,Gabriel,Rivera,gabriel.rivera2835@gmail.com,3203349162,3,2025-11-07
2836,Inés,Ortega,inés.ortega2836@gmail.com,3104708126,6,2024-01-25
2837,Yeny,Naranjo,yeny.naranjo2837@gmail.com,3246144946,13,2021-10-10
2838,Milena,Chaparro,milena.chaparro2838@gmail.com,3248973956,13,2024-12-06
2839,Yasmín,Giraldo,yasmín.giraldo2839@gmail.com,3243591094,13,2021-06-10
2840,Marcela,Pinzón,marcela.pinzón2840@gmail.com,3095904531,7,2022-11-19
2841,Fernando,Obando,fernando.obando2841@gmail.com,3231469840,4,2023-05-25
2842,Alejandra,Hernández,alejandra.hernández2842@gmail.com,3091202445,5,2024-01-31
2843,Eduardo,Martínez,eduardo.martínez2843@gmail.com,3289670766,7,2025-05-07
2844,Marcela,Melo,marcela.melo2844@gmail.com,3226774944,12,2021-09-30
2845,Dolores,Pérez,dolores.pérez2845@gmail.com,3286273015,11,2024-03-13
2846,Nubia,Rivas,nubia.rivas2846@gmail.com,3173837377,11,2025-05-28
2847,Alberto,Angulo,alberto.angulo2847@gmail.com,3077373200,1,2020-09-22
2848,Fernando,Ávila,fernando.ávila2848@gmail.com,3136189331,4,2022-07-07
2849,Carolina,Manrique,carolina.manrique2849@gmail.com,3043006411,12,2022-03-17
2850,Guillermo,García,guillermo.garcía2850@gmail.com,3178706139,9,2020-02-19
2851,Esteban,Rincón,esteban.rincón2851@gmail.com,3284831434,13,2022-04-09
2852,Ronal,Vega,ronal.vega2852@gmail.com,3107685573,12,2021-02-08
2853,Fredy,Castro,fredy.castro2853@gmail.com,3182127390,5,2025-12-30
2854,Miguel,Galvis,miguel.galvis2854@gmail.com,3282332904,1,2025-01-03
2855,Esther,Valencia,esther.valencia2855@gmail.com,3285160278,4,2022-11-14
2856,Carlos,Galindo,carlos.galindo2856@gmail.com,3225111878,4,2025-02-11
2857,Juan,Sánchez,juan.sánchez2857@gmail.com,3005458768,11,2023-02-10
2858,Carlos,Rodríguez,carlos.rodríguez2858@gmail.com,3032068187,3,2025-11-10
2859,Aurelio,Gómez,aurelio.gómez2859@gmail.com,3104485165,4,2022-09-26
2860,Nelcy,Solano,nelcy.solano2860@gmail.com,3299007468,8,2021-02-06
2861,María,Contreras,maría.contreras2861@gmail.com,3206349555,12,2020-10-26
2862,Yina,Bautista,yina.bautista2862@gmail.com,3072952975,8,2020-12-07
2863,Armando,Cárdenas,armando.cárdenas2863@gmail.com,3132675639,11,2022-05-30
2864,Daniela,Velásquez,daniela.velásquez2864@gmail.com,3276032509,9,2020-02-09
2865,María,Ariza,maría.ariza2865@gmail.com,3262871060,13,2024-12-18
2866,Bernardo,Hernández,bernardo.hernández2866@gmail.com,3238654679,1,2022-10-28
2867,Elizabeth,Jaimes,elizabeth.jaimes2867@gmail.com,3195542317,8,2021-12-24
2868,Andrea,Acosta,andrea.acosta2868@gmail.com,3189108087,11,2023-03-08
2869,Viviana,Narváez,viviana.narváez2869@gmail.com,3245432538,11,2022-10-16
2870,Esteban,Cano,esteban.cano2870@gmail.com,3149439984,5,2024-12-07
2871,María,Cárdenas,maría.cárdenas2871@gmail.com,3029180242,1,2023-07-31
2872,Ángel,Pulido,ángel.pulido2872@gmail.com,3279317941,3,2022-01-02
2873,Mariana,Angulo,mariana.angulo2873@gmail.com,3066111027,2,2024-12-20
2874,Astrid,Restrepo,astrid.restrepo2874@gmail.com,3184064453,4,2021-03-21
2875,Fernando,Estrada,fernando.estrada2875@gmail.com,3036153966,11,2023-06-04
2876,Patricia,Santos,patricia.santos2876@gmail.com,3188916759,2,2023-05-14
2877,Nelly,Gómez,nelly.gómez2877@gmail.com,3233593718,6,2021-10-02
2878,Jennifer,Ortiz,jennifer.ortiz2878@gmail.com,3063881944,3,2021-10-05
2879,Gregorio,Ríos,gregorio.ríos2879@gmail.com,3188948628,12,2024-09-03
2880,William,Mesa,william.mesa2880@gmail.com,3244837345,5,2025-04-17
2881,Ana,Rangel,ana.rangel2881@gmail.com,3153432470,5,2023-09-28
2882,Felipe,Martínez,felipe.martínez2882@gmail.com,3256290638,8,2023-06-15
2883,Giovanny,Gil,giovanny.gil2883@gmail.com,3197602542,7,2020-01-24
2884,Sergio,González,sergio.gonzález2884@gmail.com,3107858320,6,2021-07-27
2885,Dora,Beltrán,dora.beltrán2885@gmail.com,3141326813,13,2022-04-08
2886,Dora,Díaz,dora.díaz2886@gmail.com,3045945871,6,2020-04-06
2887,Luis,Martínez,luis.martínez2887@gmail.com,3167415713,6,2022-03-27
2888,Camilo,Ramírez,camilo.ramírez2888@gmail.com,3099437990,8,2023-01-27
2889,Yeferson,Moreno,yeferson.moreno2889@gmail.com,3015079175,3,2023-08-26
2890,Martha,Acosta,martha.acosta2890@gmail.com,3278883139,1,2024-05-16
2891,Samuel,Murillo,samuel.murillo2891@gmail.com,3275191722,5,2024-03-16
2892,Andrey,Rojas,andrey.rojas2892@gmail.com,3011941446,12,2023-11-04
2893,Mauricio,Torres,mauricio.torres2893@gmail.com,3187198322,8,2023-03-10
2894,Dayana,Ortiz,dayana.ortiz2894@gmail.com,3073252923,13,2020-10-30
2895,Manuel,Castro,manuel.castro2895@gmail.com,3163546321,3,2023-05-09
2896,Patricia,Herrera,patricia.herrera2896@gmail.com,3232476481,8,2022-10-01
2897,Denis,Silva,denis.silva2897@gmail.com,3195374141,11,2025-12-15
2898,Paola,Blanco,paola.blanco2898@gmail.com,3103356654,2,2023-07-09
2899,Javier,Lozano,javier.lozano2899@gmail.com,3174603961,3,2023-08-08
2900,Margarita,Beltrán,margarita.beltrán2900@gmail.com,3138731003,6,2023-09-26
2901,Francisco,Garcés,francisco.garcés2901@gmail.com,3045284192,9,2020-04-04
2902,Edwin,Ibarra,edwin.ibarra2902@gmail.com,3017891727,7,2024-06-11
2903,Patricia,Galindo,patricia.galindo2903@gmail.com,3109865037,1,2025-09-29
2904,Yineth,García,yineth.garcía2904@gmail.com,3108335114,1,2025-08-27
2905,Ernesto,Gutiérrez,ernesto.gutiérrez2905@gmail.com,3189254549,5,2023-09-29
2906,Jefferson,González,jefferson.gonzález2906@gmail.com,3212267561,9,2021-01-12
2907,Esperanza,Benavides,esperanza.benavides2907@gmail.com,3219921493,3,2025-10-04
2908,Yurani,Pulido,yurani.pulido2908@gmail.com,3098859233,9,2022-02-20
2909,José,Pineda,josé.pineda2909@gmail.com,3065645022,8,2025-01-22
2910,Margarita,Tamayo,margarita.tamayo2910@gmail.com,3226543686,2,2022-01-14
2911,Andrés,Hernández,andrés.hernández2911@gmail.com,3296701061,8,2025-12-01
2912,Erika,Marín,erika.marín2912@gmail.com,3261360433,7,2023-04-18
2913,Jorge,Jiménez,jorge.jiménez2913@gmail.com,3097542233,1,2020-02-04
2914,Luz,Bohórquez,luz.bohórquez2914@gmail.com,3058166381,3,2022-11-26
2915,Cristina,Erazo,cristina.erazo2915@gmail.com,3096479762,11,2025-02-17
2916,Jorge,Peña,jorge.peña2916@gmail.com,3236949960,13,2021-09-17
2917,Nubia,Jaimes,nubia.jaimes2917@gmail.com,3024458525,5,2022-01-13
2918,Teresa,Vega,teresa.vega2918@gmail.com,3009949336,9,2020-06-10
2919,Jhon,Sepúlveda,jhon.sepúlveda2919@gmail.com,3086847188,2,2023-09-03
2920,Mabel,Suárez,mabel.suárez2920@gmail.com,3134503204,4,2023-05-25
2921,Marcela,Angulo,marcela.angulo2921@gmail.com,3065547933,4,2022-06-08
2922,Carolina,Muñoz,carolina.muñoz2922@gmail.com,3103303715,8,2021-05-19
2923,Yeny,Manrique,yeny.manrique2923@gmail.com,3108448286,13,2022-05-04
2924,Ángel,Gómez,ángel.gómez2924@gmail.com,3108496267,8,2024-06-23
2925,Sonia,Cárdenas,sonia.cárdenas2925@gmail.com,3037383812,9,2021-05-25
2926,Claudia,Salgado,claudia.salgado2926@gmail.com,3029501071,9,2025-10-16
2927,Alejandro,Gutiérrez,alejandro.gutiérrez2927@gmail.com,3024517141,2,2025-06-26
2928,Franco,Villa,franco.villa2928@gmail.com,3297012792,13,2023-07-21
2929,Jhon,Soto,jhon.soto2929@gmail.com,3134528709,2,2025-09-07
2930,Lucía,Moreno,lucía.moreno2930@gmail.com,3175282963,11,2021-04-03
2931,María,Ruiz,maría.ruiz2931@gmail.com,3101121728,7,2024-09-16
2932,Carmen,Muñoz,carmen.muñoz2932@gmail.com,3116950561,6,2023-06-23
2933,Rosa,Londoño,rosa.londoño2933@gmail.com,3066044815,4,2020-12-11
2934,María,Ruiz,maría.ruiz2934@gmail.com,3268908133,1,2023-01-30
2935,Nubia,Arias,nubia.arias2935@gmail.com,3251761173,3,2022-10-16
2936,Andrés,Pérez,andrés.pérez2936@gmail.com,3091155591,3,2025-10-25
2937,Karen,Cáceres,karen.cáceres2937@gmail.com,3028882149,1,2020-09-07
2938,Karina,Sierra,karina.sierra2938@gmail.com,3235917143,6,2024-08-26
2939,Milena,Cruz,milena.cruz2939@gmail.com,3063892727,3,2025-10-25
2940,Angélica,Rodríguez,angélica.rodríguez2940@gmail.com,3027124824,2,2021-10-27
2941,Jairo,Obando,jairo.obando2941@gmail.com,3074423842,5,2024-07-11
2942,Vanessa,Rueda,vanessa.rueda2942@gmail.com,3255449004,9,2023-08-08
2943,Danna,Gutiérrez,danna.gutiérrez2943@gmail.com,3006563023,1,2025-04-11
2944,Ariel,Puentes,ariel.puentes2944@gmail.com,3027839304,1,2024-03-24
2945,Carlos,Sánchez,carlos.sánchez2945@gmail.com,3283847768,3,2021-02-14
2946,Carlos,Fajardo,carlos.fajardo2946@gmail.com,3054736280,2,2024-09-15
2947,Vanesa,Barrios,vanesa.barrios2947@gmail.com,3018980743,8,2024-08-27
2948,Miguel,Maldonado,miguel.maldonado2948@gmail.com,3273254948,9,2020-01-03
2949,Isabel,Caicedo,isabel.caicedo2949@gmail.com,3178876684,5,2021-06-09
2950,Natalia,Castillo,natalia.castillo2950@gmail.com,3187133460,9,2021-01-29
2951,Héctor,Marín,héctor.marín2951@gmail.com,3174293151,3,2022-06-17
2952,Andrea,Martínez,andrea.martínez2952@gmail.com,3223392356,4,2020-12-02
2953,Jorge,Orozco,jorge.orozco2953@gmail.com,3217775286,5,2021-03-07
2954,Inés,Rubio,inés.rubio2954@gmail.com,3035205556,3,2023-05-18
2955,Yaneth,Rodríguez,yaneth.rodríguez2955@gmail.com,3179722758,11,2022-12-28
2956,Andrés,Marín,andrés.marín2956@gmail.com,3058080336,6,2021-08-17
2957,Javier,López,javier.lópez2957@gmail.com,3207459731,12,2020-07-15
2958,José,Ramírez,josé.ramírez2958@gmail.com,3021240278,3,2020-05-19
2959,Yolanda,Calderón,yolanda.calderón2959@gmail.com,3027656588,6,2020-02-17
2960,Vicente,Gamboa,vicente.gamboa2960@gmail.com,3279117569,6,2022-02-08
2961,Consuelo,Sánchez,consuelo.sánchez2961@gmail.com,3297805792,8,2022-05-29
2962,Guillermo,Arias,guillermo.arias2962@gmail.com,3195409130,11,2024-12-06
2963,Alicia,Gutiérrez,alicia.gutiérrez2963@gmail.com,3049631725,6,2023-10-13
2964,Judith,Rendón,judith.rendón2964@gmail.com,3046720745,8,2025-02-12
2965,Omar,López,omar.lópez2965@gmail.com,3216744099,11,2022-12-12
2966,Miguel,Marín,miguel.marín2966@gmail.com,3058155726,12,2020-04-14
2967,Wilfredo,Arenas,wilfredo.arenas2967@gmail.com,3222586848,4,2025-02-16
2968,Nancy,Cifuentes,nancy.cifuentes2968@gmail.com,3015961248,3,2023-11-24
2969,Marcos,Salazar,marcos.salazar2969@gmail.com,3178317619,11,2020-12-05
2970,Yesid,Hernández,yesid.hernández2970@gmail.com,3227669918,11,2022-03-09
2971,Juan,García,juan.garcía2971@gmail.com,3031280502,4,2023-12-20
2972,Laura,Ortega,laura.ortega2972@gmail.com,3293546298,9,2025-12-13
2973,Arturo,Ospino,arturo.ospino2973@gmail.com,3209944877,6,2022-08-01
2974,Patricia,Olaya,patricia.olaya2974@gmail.com,3283797658,6,2021-10-12
2975,Alfonso,López,alfonso.lópez2975@gmail.com,3024795970,13,2021-09-14
2976,Amanda,Caro,amanda.caro2976@gmail.com,3298113803,4,2023-02-14
2977,Fabiola,Cortés,fabiola.cortés2977@gmail.com,3065974384,7,2025-11-07
2978,Camilo,Tovar,camilo.tovar2978@gmail.com,3178851806,6,2021-07-11
2979,Marcela,Díaz,marcela.díaz2979@gmail.com,3241005932,2,2022-10-26
2980,Nidia,Cortés,nidia.cortés2980@gmail.com,3286227870,4,2020-09-30
2981,María,Luna,maría.luna2981@gmail.com,3063353898,3,2025-05-23
2982,Hernán,Suárez,hernán.suárez2982@gmail.com,3037563888,3,2024-09-12
2983,Luis,Restrepo,luis.restrepo2983@gmail.com,3194244232,4,2023-12-06
2984,María,Rodríguez,maría.rodríguez2984@gmail.com,3035634166,3,2024-07-02
2985,Lina,Arteaga,lina.arteaga2985@gmail.com,3093547556,4,2024-12-21
2986,Hernán,Ortega,hernán.ortega2986@gmail.com,3046494025,1,2021-04-25
2987,Jesús,Santos,jesús.santos2987@gmail.com,3249795303,2,2025-04-13
2988,Elvira,Rincón,elvira.rincón2988@gmail.com,3076013404,2,2025-02-04
2989,Eduardo,Vargas,eduardo.vargas2989@gmail.com,3016727358,5,2020-06-16
2990,Paola,Castro,paola.castro2990@gmail.com,3142893100,12,2025-03-25
2991,Norbey,Martínez,norbey.martínez2991@gmail.com,3193826222,13,2025-06-18
2992,Mauricio,Murillo,mauricio.murillo2992@gmail.com,3139771788,2,2020-12-28
2993,Carlos,Salas,carlos.salas2993@gmail.com,3297082569,4,2025-07-18
2994,Antonio,Acosta,antonio.acosta2994@gmail.com,3268074517,1,2021-03-06
2995,Jhon,González,jhon.gonzález2995@gmail.com,3145222335,12,2025-09-11
2996,José,Córdoba,josé.córdoba2996@gmail.com,3165215259,6,2020-12-06
2997,Santiago,Pérez,santiago.pérez2997@gmail.com,3019146156,4,2025-07-20
2998,Luz,Ruiz,luz.ruiz2998@gmail.com,3098277403,12,2022-12-24
2999,Henry,Hernández,henry.hernández2999@gmail.com,3077305252,9,2025-10-26
3000,Claudia,Ortiz,claudia.ortiz3000@gmail.com,3261706341,9,2021-03-17
