IdCompra,FechaCompra,IdProveedor,Total
1,2025-11-12,7,478597000
2,2024-05-01,43,52704000
3,2024-04-29,25,41819000
4,2025-06-09,8,238486000
5,2024-12-21,61,121419000
6,2025-09-15,76,139285000
7,2025-05-03,49,455855000
8,2025-02-14,57,151700000
9,2024-01-20,32,85674000
10,2024-03-20,72,38664000
11,2024-05-30,43,112418000
12,2025-04-02,4,142332000
13,2024-11-15,74,974474000
14,2025-03-12,30,448294000
15,2025-08-12,64,125301000
16,2024-12-03,58,191958000
17,2024-02-05,67,118297000
18,2024-09-20,73,62572000
19,2024-04-03,5,61346000
20,2025-12-22,35,353598000
21,2025-10-29,79,93914000
22,2024-01-26,54,104119000
23,2024-07-04,4,33351000
24,2024-11-14,31,71271000
25,2024-03-15,32,160362000
26,2025-12-25,70,75516000
27,2024-10-02,5,279694000
28,2025-03-14,65,66129000
29,2025-02-21,36,179752000
30,2024-05-08,70,288606000
31,2025-06-24,48,24855000
32,2024-08-05,30,288565000
33,2024-10-28,39,172638000
34,2024-07-31,25,309840000
35,2024-06-15,64,178480000
36,2024-03-23,61,492812000
37,2025-10-11,5,215184000
38,2024-11-02,68,264986000
39,2024-03-22,22,596519000
40,2024-09-02,55,118680000
41,2024-01-19,17,120557000
42,2024-11-05,43,254334000
43,2024-12-07,78,325889000
44,2025-02-04,53,139102000
45,2025-01-14,6,326981000
46,2024-07-15,35,58927000
47,2024-08-20,57,346975000
48,2024-08-08,46,26872000
49,2024-05-29,53,295511000
50,2025-04-19,12,157166000
51,2025-09-25,62,625336000
52,2024-11-06,56,25785000
53,2024-09-21,7,231563000
54,2024-03-19,18,23342000
55,2025-07-09,15,113124000
56,2024-12-02,23,287054000
57,2025-03-07,29,316760000
58,2025-01-31,43,181232000
59,2024-04-06,61,74860000
60,2024-10-28,16,194888000
61,2025-03-21,9,193445000
62,2024-04-08,32,200146000
63,2025-10-31,74,33672000
64,2025-09-16,22,29264000
65,2025-10-09,65,117080000
66,2024-11-22,26,221454000
67,2025-03-01,52,282350000
68,2025-09-16,59,281414000
69,2024-07-27,26,147304000
70,2025-12-12,17,408014000
71,2024-12-28,31,625799000
72,2024-07-05,43,2736000
73,2024-08-06,43,7888000
74,2024-06-07,45,394909000
75,2025-09-07,3,192452000
76,2025-06-30,57,152163000
77,2025-12-28,33,454398000
78,2025-08-26,35,210516000
79,2025-05-27,66,142900000
80,2025-11-28,75,8960000
81,2024-03-20,43,312889000
82,2025-06-23,1,328785000
83,2024-03-05,29,56218000
84,2025-07-31,66,227075000
85,2024-03-15,49,346312000
86,2024-07-04,61,29214000
87,2025-12-25,30,87304000
88,2025-11-04,18,291724000
89,2024-05-09,50,91161000
90,2025-08-02,25,123072000
91,2025-09-24,24,284393000
92,2025-06-03,45,874656000
93,2025-12-26,66,190630000
94,2024-10-13,35,98005000
95,2025-10-23,5,186664000
96,2025-03-19,53,46690000
97,2024-08-10,18,474307000
98,2024-10-10,31,324737000
99,2025-11-21,39,59915000
100,2024-04-23,58,104675000
101,2025-03-21,15,397608000
102,2024-03-25,14,56889000
103,2024-01-01,15,46109000
104,2024-06-22,75,233084000
105,2024-01-31,60,344579000
106,2024-10-14,57,60830000
107,2024-02-26,5,243991000
108,2025-08-14,42,82161000
109,2025-01-12,55,43419000
110,2024-05-06,62,420912000
111,2024-02-22,1,197763000
112,2025-01-24,69,56580000
113,2025-02-12,14,127900000
114,2024-04-08,77,120200000
115,2024-07-17,48,65935000
116,2025-04-27,44,464072000
117,2025-04-28,34,184212000
118,2025-12-09,3,32887000
119,2025-01-17,78,259481000
120,2025-09-18,65,147675000
121,2025-03-26,72,21524000
122,2025-12-31,30,112325000
123,2024-10-11,19,35356000
124,2024-10-05,74,180059000
125,2025-02-10,43,119357000
126,2025-12-17,62,39501000
127,2025-10-22,36,415008000
128,2024-07-15,21,721391000
129,2025-01-05,63,228508000
130,2024-06-19,25,108409000
131,2024-12-25,40,488795000
132,2024-10-18,24,102366000
133,2025-08-17,64,539200000
134,2024-04-07,73,119272000
135,2025-11-27,12,192767000
136,2024-08-25,72,124866000
137,2024-05-09,51,12068000
138,2024-11-05,50,144530000
139,2024-12-08,53,455783000
140,2024-12-27,2,139077000
141,2024-04-11,52,97377000
142,2025-07-03,12,25650000
143,2024-07-12,20,8469000
144,2024-12-12,54,28548000
145,2024-06-08,39,140502000
146,2025-03-20,10,108114000
147,2025-03-07,45,428814000
148,2025-08-20,61,687335000
149,2024-12-20,51,9443000
150,2024-12-29,58,126801000
151,2024-06-23,4,298892000
152,2025-01-20,35,165082000
153,2025-12-06,21,238560000
154,2024-02-09,6,429733000
155,2025-04-15,42,15062000
156,2024-04-22,1,202644000
157,2025-03-10,79,240273000
158,2024-04-17,76,389325000
159,2025-06-29,77,315444000
160,2025-01-10,1,308566000
161,2024-03-10,72,136645000
162,2025-03-16,12,102042000
163,2024-01-24,45,34344000
164,2025-03-03,22,131345000
165,2025-04-22,15,514914000
166,2024-01-12,19,192245000
167,2024-06-04,14,99513000
168,2024-08-27,67,161655000
169,2025-08-07,67,753513000
170,2024-09-20,18,91126000
171,2025-08-10,39,29837000
172,2025-12-01,38,137323000
173,2025-12-04,25,244005000
174,2024-03-05,37,26715000
175,2025-11-02,3,230470000
176,2024-07-21,24,289415000
177,2025-03-08,63,59168000
178,2024-12-01,8,18559000
179,2025-12-17,12,400988000
180,2025-01-06,26,339344000
181,2025-06-16,31,357787000
182,2025-03-05,17,590493000
183,2024-06-14,10,90149000
184,2024-12-29,72,107037000
185,2025-10-15,6,217612000
186,2024-02-25,65,159158000
187,2025-03-31,39,302835000
188,2025-03-31,4,350148000
189,2025-11-14,65,45282000
190,2025-09-28,42,90110000
191,2025-08-06,23,316835000
192,2024-12-27,76,270546000
193,2024-09-14,53,136744000
194,2024-02-15,61,258900000
195,2025-12-24,1,720868000
196,2024-07-30,52,205337000
197,2025-07-30,42,378012000
198,2024-09-05,18,53427000
199,2024-10-21,52,776244000
200,2024-05-19,37,26413000
201,2024-11-01,26,268930000
202,2024-10-02,73,32185000
203,2025-10-18,10,98372000
204,2024-07-06,38,402935000
205,2024-09-27,25,172197000
206,2025-03-07,5,278665000
207,2024-04-23,5,111121000
208,2025-12-24,28,118380000
209,2025-02-01,31,449637000
210,2024-03-07,9,175795000
211,2025-08-19,18,166646000
212,2025-08-30,66,400829000
213,2024-07-21,32,331387000
214,2024-12-12,49,270079000
215,2025-09-29,28,7420000
216,2025-10-21,2,348975000
217,2024-04-20,53,85600000
218,2024-07-06,8,3358000
219,2024-09-18,16,965160000
220,2024-08-11,27,44872000
221,2024-03-21,44,553702000
222,2025-12-31,46,163583000
223,2025-09-28,45,258287000
224,2025-06-04,50,857890000
225,2025-06-30,36,365795000
226,2025-12-25,69,120460000
227,2025-12-06,47,23276000
228,2024-06-28,11,209933000
229,2024-10-06,10,152208000
230,2024-09-28,49,421701000
231,2024-10-27,13,407025000
232,2025-02-07,50,360351000
233,2024-03-09,15,8417000
234,2025-04-10,48,483801000
235,2024-02-28,5,51176000
236,2025-07-19,28,262194000
237,2025-08-10,24,35822000
238,2024-01-20,13,47627000
239,2024-07-15,25,238875000
240,2024-01-19,40,7524000
241,2024-12-14,74,236530000
242,2025-05-13,35,760213000
243,2025-04-04,47,69666000
244,2025-07-11,12,100972000
245,2025-11-10,73,76997000
246,2025-07-06,68,155556000
247,2024-05-16,69,67158000
248,2024-04-17,5,341700000
249,2025-10-21,68,388091000
250,2024-02-26,29,375772000
251,2024-11-26,31,67974000
252,2025-04-01,38,301982000
253,2025-11-29,42,436285000
254,2024-03-26,61,217383000
255,2025-05-06,9,176476000
256,2025-07-20,45,565956000
257,2025-02-03,47,195729000
258,2025-02-28,47,113035000
259,2025-02-21,20,285736000
260,2024-04-02,58,249395000
261,2024-11-19,20,762413000
262,2024-03-29,59,325502000
263,2024-08-10,12,195038000
264,2025-12-05,36,508951000
265,2025-11-22,28,47929000
266,2024-04-14,49,269670000
267,2024-07-17,65,324560000
268,2025-05-27,71,601955000
269,2025-07-30,68,160414000
270,2024-11-06,70,181557000
271,2025-10-19,16,24735000
272,2024-09-07,52,534131000
273,2024-08-10,11,200470000
274,2024-06-06,21,513665000
275,2025-11-05,4,376454000
276,2024-05-01,55,50524000
277,2025-05-27,33,387474000
278,2025-07-08,61,172040000
279,2024-02-11,73,221165000
280,2024-05-25,68,91351000
281,2024-10-11,48,231372000
282,2025-05-22,13,36200000
283,2025-02-20,66,71148000
284,2025-01-23,40,299183000
285,2024-04-22,72,218592000
286,2025-05-26,15,200263000
287,2024-10-28,23,79221000
288,2024-07-31,72,57275000
289,2025-02-15,40,535655000
290,2024-04-16,25,238256000
291,2025-11-08,78,20698000
292,2025-01-05,26,161567000
293,2024-06-16,49,216612000
294,2024-11-22,58,785115000
295,2025-06-23,3,441117000
296,2025-06-20,1,190575000
297,2025-05-16,8,225100000
298,2024-02-09,37,179174000
299,2024-08-18,7,630076000
300,2025-10-13,76,486687000
301,2025-05-29,47,41402000
302,2025-10-13,19,219392000
303,2025-04-18,34,74126000
304,2025-11-18,33,164588000
305,2025-12-15,77,131037000
306,2024-11-30,65,201131000
307,2024-12-03,38,85437000
308,2025-12-28,74,9371000
309,2024-12-15,48,314267000
310,2025-03-18,55,554317000
311,2024-04-15,47,148770000
312,2024-07-04,78,60642000
313,2024-06-23,36,55053000
314,2024-12-23,40,1007343000
315,2024-08-31,28,500074000
316,2024-08-30,28,130961000
317,2024-08-11,47,266524000
318,2024-05-06,74,190502000
319,2024-01-01,70,299474000
320,2025-12-22,73,277718000
321,2024-01-23,16,852945000
322,2025-12-17,17,222725000
323,2024-06-01,8,168276000
324,2024-10-09,66,390612000
325,2024-12-06,23,248584000
326,2024-08-05,26,37305000
327,2024-02-27,52,147344000
328,2024-03-07,68,204356000
329,2024-09-25,4,173668000
330,2024-01-22,6,104230000
331,2025-11-08,47,99218000
332,2024-10-07,16,189267000
333,2024-11-17,39,362868000
334,2024-04-13,8,18000000
335,2024-01-08,59,456733000
336,2024-04-04,60,128731000
337,2024-01-24,5,101821000
338,2025-02-21,29,644474000
339,2024-01-03,22,457665000
340,2024-03-02,12,336495000
341,2025-02-25,63,215273000
342,2025-11-29,79,266232000
343,2025-03-01,43,792116000
344,2025-02-06,41,358060000
345,2024-11-01,20,407706000
346,2025-04-22,29,49065000
347,2025-09-24,75,324756000
348,2025-09-04,32,59118000
349,2024-11-22,28,259530000
350,2025-10-06,23,313834000
351,2024-03-06,56,579444000
352,2024-01-12,13,122217000
353,2025-04-13,21,9069000
354,2024-04-06,11,11937000
355,2024-10-28,36,9078000
356,2025-12-21,3,124579000
357,2025-03-09,2,56638000
358,2025-06-30,11,323202000
359,2025-10-15,66,156888000
360,2025-09-25,67,194581000
361,2025-02-22,8,181244000
362,2024-12-29,38,60952000
363,2024-04-02,30,209554000
364,2024-10-05,2,263364000
365,2025-05-16,61,119049000
366,2024-10-04,76,31230000
367,2025-02-27,11,297546000
368,2024-09-30,66,164903000
369,2025-06-17,53,338650000
370,2025-07-02,31,281284000
371,2024-12-03,27,161716000
372,2024-10-02,75,41016000
373,2024-01-21,13,156968000
374,2025-08-18,17,157041000
375,2024-09-20,66,207761000
376,2025-03-22,60,58891000
377,2025-06-26,63,177084000
378,2024-03-23,38,105084000
379,2024-10-09,80,611957000
380,2025-02-26,50,333117000
381,2025-11-04,37,590371000
382,2025-03-06,8,26602000
383,2024-07-21,13,265969000
384,2024-03-26,56,273815000
385,2025-02-06,27,38635000
386,2024-04-18,30,15192000
387,2024-12-29,41,418027000
388,2025-07-26,24,295165000
389,2025-10-25,32,245127000
390,2024-07-27,78,40068000
391,2025-06-29,53,338711000
392,2024-10-20,25,800000
393,2024-07-11,11,42173000
394,2024-05-17,8,5248000
395,2025-01-03,31,295264000
396,2025-02-25,47,516927000
397,2025-04-28,43,103441000
398,2024-06-14,26,113846000
399,2024-05-02,43,92404000
400,2025-09-04,63,370993000
401,2025-04-23,46,559656000
402,2024-01-22,5,43742000
403,2025-07-21,27,371191000
404,2024-06-05,31,174876000
405,2025-03-26,35,479386000
406,2024-12-18,73,210555000
407,2025-07-02,46,222140000
408,2025-11-23,80,50092000
409,2025-11-03,26,35692000
410,2025-05-28,29,202994000
411,2025-10-27,80,72761000
412,2025-02-06,38,115565000
413,2024-01-29,30,350455000
414,2025-12-02,63,26765000
415,2025-12-06,7,185502000
416,2025-07-06,3,51912000
417,2025-04-24,58,82219000
418,2024-04-17,55,116592000
419,2025-10-12,30,305761000
420,2025-10-11,55,366034000
421,2025-11-26,2,67907000
422,2025-04-01,66,389132000
423,2025-05-11,11,127539000
424,2025-08-03,50,519438000
425,2025-11-22,12,127986000
426,2024-11-19,74,78441000
427,2024-12-27,3,51550000
428,2024-02-11,20,164395000
429,2025-08-07,66,449903000
430,2025-05-19,48,404411000
431,2024-09-04,52,113854000
432,2025-06-02,55,43274000
433,2025-11-04,57,37270000
434,2025-02-27,25,209137000
435,2025-11-11,2,254383000
436,2024-04-10,1,369788000
437,2024-03-12,39,265561000
438,2025-09-28,53,479772000
439,2024-03-10,56,198240000
440,2025-09-28,70,249615000
441,2024-09-20,28,75416000
442,2025-11-24,4,376856000
443,2024-01-12,77,335475000
444,2024-02-25,62,113063000
445,2024-12-23,23,117185000
446,2024-04-14,28,463871000
447,2025-07-24,35,209352000
448,2024-08-11,77,457919000
449,2024-03-28,6,506758000
450,2025-02-27,70,183257000
451,2025-07-17,74,79065000
452,2025-03-16,36,59718000
453,2025-02-13,55,404790000
454,2024-11-22,79,62155000
455,2024-05-28,36,9428000
456,2025-12-16,67,487224000
457,2025-02-28,78,182822000
458,2024-09-01,40,130014000
459,2025-04-17,64,271232000
460,2024-11-23,71,55648000
461,2025-05-22,23,405261000
462,2025-03-31,3,120366000
463,2025-10-06,60,502013000
464,2024-11-15,51,137166000
465,2025-02-27,62,72808000
466,2025-06-07,44,59010000
467,2025-10-30,54,249981000
468,2024-03-25,10,125666000
469,2025-07-12,65,306386000
470,2025-10-07,34,104587000
471,2025-02-18,38,285557000
472,2025-07-15,31,207681000
473,2025-08-20,76,243923000
474,2025-05-07,73,400686000
475,2024-04-26,22,272959000
476,2025-08-28,12,181261000
477,2024-06-30,54,322719000
478,2024-05-14,76,67576000
479,2024-02-22,66,11188000
480,2024-10-13,13,174916000
481,2024-09-26,10,13826000
482,2024-04-28,51,391541000
483,2024-08-06,46,190519000
484,2024-06-03,20,84613000
485,2025-01-15,37,525571000
486,2025-05-24,24,50021000
487,2024-03-21,69,43414000
488,2024-01-31,35,238187000
489,2025-09-25,18,39049000
490,2025-04-29,30,67935000
491,2024-10-11,29,184145000
492,2024-06-07,59,237202000
493,2025-12-13,4,116896000
494,2024-05-29,25,436688000
495,2024-05-03,26,165585000
496,2024-10-16,15,388217000
497,2025-02-18,37,496201000
498,2024-04-13,59,344849000
499,2025-07-23,18,117762000
500,2024-02-29,47,244454000
501,2024-04-21,73,52992000
502,2024-01-28,73,649155000
503,2025-01-08,80,116514000
504,2025-06-04,1,171694000
505,2025-12-29,21,200764000
506,2025-06-14,35,150515000
507,2024-10-25,40,108601000
508,2025-07-07,13,172039000
509,2025-03-02,8,257833000
510,2024-07-22,27,428786000
511,2024-11-19,11,89697000
512,2024-01-07,49,54249000
513,2024-07-26,66,409524000
514,2024-08-09,18,277507000
515,2025-03-14,10,10243000
516,2025-11-23,20,60522000
517,2024-11-05,4,253268000
518,2024-02-09,45,181572000
519,2025-11-03,11,60760000
520,2025-02-09,76,59287000
521,2024-02-18,24,278703000
522,2025-11-23,38,228718000
523,2024-08-08,40,250934000
524,2025-05-19,38,243410000
525,2024-04-25,55,235746000
526,2024-04-05,32,174128000
527,2024-07-06,18,129038000
528,2024-07-02,64,64925000
529,2025-01-04,1,339122000
530,2025-03-01,5,128548000
531,2025-09-18,80,149387000
532,2024-05-26,3,192068000
533,2025-06-05,17,321886000
534,2025-03-31,8,114312000
535,2024-07-31,23,369061000
536,2024-01-03,29,628725000
537,2025-11-25,76,174982000
538,2025-07-23,31,46705000
539,2024-03-20,54,118389000
540,2025-11-23,4,86814000
541,2024-04-20,19,198239000
542,2025-01-21,8,14356000
543,2025-07-12,75,273467000
544,2024-04-02,27,1200000
545,2025-02-08,69,63096000
546,2025-07-07,70,255688000
547,2025-05-29,45,513800000
548,2024-05-09,3,213653000
549,2025-08-26,40,120700000
550,2025-06-02,36,92484000
551,2025-07-24,67,365409000
552,2024-03-20,29,255723000
553,2025-01-28,63,11821000
554,2025-08-21,19,676840000
555,2024-06-15,8,81060000
556,2025-07-20,61,197504000
557,2025-03-10,56,290590000
558,2024-02-05,59,563915000
559,2024-04-09,53,24254000
560,2025-05-02,41,447354000
561,2025-07-18,27,931664000
562,2024-07-21,79,415007000
563,2025-03-31,28,202680000
564,2024-03-20,74,76659000
565,2024-07-09,46,244047000
566,2025-12-13,28,180435000
567,2025-12-05,28,171414000
568,2024-09-08,67,145769000
569,2024-02-24,54,149199000
570,2025-07-22,60,861422000
571,2024-11-03,67,359917000
572,2025-04-11,63,141854000
573,2025-04-09,36,181804000
574,2025-03-22,55,347323000
575,2024-05-10,12,210487000
576,2025-12-25,14,13188000
577,2024-07-05,12,97228000
578,2025-06-04,77,213885000
579,2024-04-16,74,154678000
580,2025-06-12,11,40520000
581,2024-12-04,49,92836000
582,2024-09-26,44,296801000
583,2024-10-26,3,43275000
584,2024-09-14,5,129056000
585,2025-05-17,24,99932000
586,2024-10-26,49,284415000
587,2025-08-11,79,160330000
588,2025-09-02,26,343271000
589,2024-07-05,33,168333000
590,2025-01-20,73,259691000
591,2025-06-22,55,105812000
592,2024-03-30,36,399754000
593,2024-09-15,1,116063000
594,2025-04-08,26,149365000
595,2024-03-29,41,153527000
596,2024-02-22,49,278666000
597,2024-05-20,52,262040000
598,2025-01-16,40,46698000
599,2025-01-20,11,234514000
600,2024-04-20,71,382192000
601,2025-03-06,26,237120000
602,2024-04-08,79,285730000
603,2024-07-07,62,49047000
604,2024-09-23,76,189463000
605,2025-11-15,62,452990000
606,2024-08-15,31,39672000
607,2024-10-21,68,176443000
608,2025-03-04,63,476782000
609,2024-08-06,16,45420000
610,2024-08-21,41,48135000
611,2025-06-24,48,161826000
612,2024-04-21,19,29580000
613,2025-10-06,24,69176000
614,2024-11-02,65,283056000
615,2025-11-14,13,415784000
616,2025-04-15,25,473053000
617,2024-11-06,51,9955000
618,2025-10-30,57,61187000
619,2025-09-23,75,186041000
620,2025-02-24,41,293524000
621,2025-10-05,26,112246000
622,2025-10-03,36,199400000
623,2024-09-15,52,449178000
624,2024-07-16,33,124450000
625,2025-04-22,13,80562000
626,2025-07-07,20,44957000
627,2024-10-14,1,77716000
628,2024-09-17,11,77735000
629,2024-03-24,64,107329000
630,2024-12-28,10,194724000
631,2025-02-28,8,119205000
632,2025-01-29,9,124486000
633,2024-01-24,1,89707000
634,2024-10-25,40,35672000
635,2025-11-22,71,388635000
636,2024-07-17,77,172959000
637,2025-03-31,58,445000000
638,2024-06-09,7,87817000
639,2024-02-20,46,98595000
640,2025-05-14,12,116529000
641,2025-09-10,28,230880000
642,2025-04-20,67,274450000
643,2025-08-07,12,208611000
644,2024-11-05,46,528005000
645,2024-09-13,18,294464000
646,2025-02-06,20,94687000
647,2025-12-28,22,403054000
648,2024-11-14,52,50334000
649,2024-10-09,56,553473000
650,2025-02-06,1,118521000
651,2024-02-26,46,306994000
652,2024-04-02,36,244157000
653,2024-11-11,27,223231000
654,2024-04-15,17,33235000
655,2024-08-30,71,121196000
656,2025-01-12,68,254612000
657,2025-05-19,7,416287000
658,2024-05-25,3,84708000
659,2024-01-17,7,157792000
660,2024-04-20,25,290672000
661,2024-01-05,71,53784000
662,2024-10-23,44,148005000
663,2025-05-31,44,43555000
664,2025-08-11,33,551392000
665,2024-03-12,14,201929000
666,2024-01-13,57,131738000
667,2024-10-14,79,151452000
668,2025-11-04,17,12765000
669,2024-11-30,20,35738000
670,2024-10-14,18,138394000
671,2025-08-30,75,124470000
672,2025-12-18,58,131245000
673,2024-12-07,44,65251000
674,2025-05-25,36,233170000
675,2024-12-15,61,165463000
676,2024-06-14,67,417737000
677,2024-03-11,63,143611000
678,2025-08-31,2,78854000
679,2025-04-14,41,542967000
680,2025-03-12,7,21580000
681,2024-12-04,47,294612000
682,2025-12-17,12,21297000
683,2025-02-09,73,269799000
684,2024-01-24,25,27168000
685,2024-02-16,9,19998000
686,2025-12-25,55,208303000
687,2025-12-07,49,269975000
688,2024-10-16,29,470987000
689,2025-07-11,11,735703000
690,2025-01-30,76,203272000
691,2025-08-01,21,105819000
692,2025-01-12,65,51228000
693,2025-06-30,75,536338000
694,2025-01-28,43,39140000
695,2025-03-06,55,244207000
696,2024-09-03,16,86735000
697,2024-06-08,34,167589000
698,2025-03-16,62,181268000
699,2024-12-14,7,47999000
700,2025-08-08,45,558364000
701,2024-02-09,71,321647000
702,2025-08-14,52,334669000
703,2025-02-27,38,81830000
704,2025-11-09,54,52873000
705,2024-04-03,68,41791000
706,2024-05-04,67,89927000
707,2025-05-03,52,48475000
708,2025-05-03,63,141807000
709,2024-04-29,59,40990000
710,2025-10-27,22,400988000
711,2024-06-21,30,124809000
712,2024-11-01,78,334078000
713,2024-01-11,79,238190000
714,2024-09-16,59,130580000
715,2024-03-10,1,442008000
716,2024-10-10,76,43667000
717,2025-10-23,75,372911000
718,2024-12-27,57,179024000
719,2025-07-17,48,90608000
720,2024-09-09,35,102873000
721,2024-04-30,61,368912000
722,2024-07-31,11,35265000
723,2024-04-01,80,409180000
724,2025-04-14,8,294219000
725,2025-03-24,80,117134000
726,2024-01-29,68,216865000
727,2025-05-11,5,115276000
728,2024-04-02,49,144595000
729,2025-10-07,73,290499000
730,2024-09-24,4,115601000
731,2025-07-28,45,200455000
732,2025-11-06,16,258262000
733,2025-08-05,64,260352000
734,2024-11-04,56,69524000
735,2024-03-07,22,132035000
736,2024-04-24,4,170055000
737,2024-03-16,7,35842000
738,2024-05-24,28,788253000
739,2025-04-21,20,38874000
740,2025-12-21,60,130480000
741,2024-08-19,36,56160000
742,2024-03-20,2,496184000
743,2024-04-30,27,254697000
744,2025-03-19,16,141987000
745,2025-02-03,69,14917000
746,2024-08-11,72,372495000
747,2024-08-21,14,136264000
748,2024-04-20,75,114491000
749,2024-08-04,33,341713000
750,2024-04-05,41,13248000
751,2024-04-10,14,900626000
752,2025-10-24,28,291935000
753,2025-11-30,22,88202000
754,2024-10-12,56,187509000
755,2025-06-16,47,155408000
756,2024-05-20,44,111032000
757,2025-08-18,13,298070000
758,2024-03-09,27,154562000
759,2024-12-01,69,237870000
760,2025-07-27,36,376767000
761,2025-03-09,38,395152000
762,2025-06-07,11,467972000
763,2025-05-22,60,72080000
764,2025-05-07,1,117713000
765,2025-12-14,65,51806000
766,2024-12-25,64,153650000
767,2024-07-13,63,185909000
768,2024-12-31,58,75212000
769,2025-11-10,1,72313000
770,2024-07-22,69,264796000
771,2024-07-10,80,169767000
772,2024-03-15,3,141145000
773,2024-04-23,23,305479000
774,2025-10-29,51,238771000
775,2025-12-28,73,160469000
776,2025-01-16,46,162257000
777,2025-01-09,9,168295000
778,2025-10-18,38,30249000
779,2025-03-07,72,94292000
780,2025-08-10,60,109086000
781,2024-01-17,18,15318000
782,2024-03-06,51,145733000
783,2025-04-01,75,213828000
784,2024-07-21,80,173958000
785,2025-11-01,11,89216000
786,2024-05-01,75,114776000
787,2025-09-11,40,94994000
788,2024-02-14,72,238548000
789,2024-05-29,62,636063000
790,2024-07-02,35,301436000
791,2024-11-06,18,13004000
792,2024-09-02,78,95886000
793,2025-05-06,55,156455000
794,2024-06-03,80,26124000
795,2024-10-15,34,84486000
796,2024-10-28,7,218243000
797,2024-10-17,44,157462000
798,2025-12-01,41,16416000
799,2024-04-13,25,43502000
800,2025-05-24,6,70175000
801,2025-06-01,8,110795000
802,2024-08-17,11,44285000
803,2024-08-29,26,123267000
804,2025-04-23,80,455031000
805,2025-01-28,34,342208000
806,2024-07-19,46,42142000
807,2024-08-17,42,72240000
808,2024-06-11,21,94316000
809,2025-07-20,57,179955000
810,2025-06-29,18,167585000
811,2024-11-12,16,262495000
812,2025-04-15,39,117035000
813,2025-02-10,47,234259000
814,2024-08-03,8,305773000
815,2025-02-25,58,147934000
816,2025-04-27,11,583463000
817,2025-12-13,19,10302000
818,2024-05-15,12,398222000
819,2024-03-31,48,490520000
820,2024-04-26,4,216314000
821,2024-03-22,58,949391000
822,2024-09-23,58,213729000
823,2025-06-25,38,230536000
824,2024-05-10,16,52177000
825,2025-06-27,1,324257000
826,2024-12-23,28,274454000
827,2024-01-12,6,151642000
828,2025-06-29,74,36946000
829,2025-05-02,65,273476000
830,2024-10-11,74,180871000
831,2025-09-08,24,138039000
832,2024-08-03,69,34272000
833,2025-03-02,69,595958000
834,2025-03-26,29,109576000
835,2024-11-07,8,231628000
836,2025-07-03,63,88725000
837,2025-06-24,45,63945000
838,2024-03-06,26,218379000
839,2024-11-13,29,307966000
840,2024-04-20,2,521313000
841,2025-06-14,63,277988000
842,2025-02-18,35,224135000
843,2024-12-26,52,2300000
844,2024-11-15,56,162982000
845,2025-04-21,7,166045000
846,2024-11-17,31,278121000
847,2025-02-14,51,196671000
848,2025-09-17,45,277884000
849,2024-08-16,76,221061000
850,2024-01-28,53,176051000
851,2024-02-01,5,171785000
852,2025-11-25,45,210982000
853,2024-06-03,80,84465000
854,2024-06-22,19,121920000
855,2024-06-06,21,56076000
856,2024-06-13,77,246616000
857,2024-08-17,43,19524000
858,2025-12-07,76,411007000
859,2025-10-30,64,186818000
860,2024-04-09,62,310445000
861,2025-04-28,26,75342000
862,2025-12-13,29,281627000
863,2025-12-21,5,106464000
864,2024-09-08,68,94050000
865,2024-03-09,32,96785000
866,2025-03-16,50,195275000
867,2024-06-25,32,92409000
868,2025-01-17,60,97676000
869,2025-01-20,61,82824000
870,2024-04-01,28,76027000
871,2024-12-23,49,314562000
872,2025-08-16,41,1548000
873,2025-09-16,24,374570000
874,2025-10-03,47,5272000
875,2025-10-05,3,268279000
876,2025-01-11,56,58800000
877,2025-07-23,49,232717000
878,2025-04-24,8,168638000
879,2024-01-04,37,215799000
880,2024-03-09,12,61930000
881,2024-06-19,19,49752000
882,2025-12-03,28,129886000
883,2024-02-05,1,395913000
884,2025-12-31,69,669552000
885,2024-11-26,41,117201000
886,2024-11-26,20,200790000
887,2024-11-21,24,273282000
888,2024-06-17,66,26252000
889,2025-08-19,69,140078000
890,2024-07-15,30,59128000
891,2024-10-04,68,57251000
892,2025-03-10,13,538610000
893,2024-07-21,21,288190000
894,2024-04-08,44,158894000
895,2025-09-01,2,282996000
896,2024-01-07,2,69315000
897,2024-09-26,27,258368000
898,2024-03-26,38,395022000
899,2024-04-20,9,228634000
900,2024-04-21,68,15402000
901,2025-10-22,17,276312000
902,2024-02-20,5,16282000
903,2025-12-17,41,673107000
904,2024-01-09,68,115447000
905,2024-01-25,11,29202000
906,2025-01-21,13,8675000
907,2025-11-16,46,188352000
908,2025-04-17,11,199548000
909,2025-04-11,39,548768000
910,2024-04-27,61,679307000
911,2025-03-19,38,291635000
912,2024-06-17,35,245989000
913,2024-05-05,26,35048000
914,2025-01-12,16,259070000
915,2025-10-18,11,136633000
916,2025-09-22,66,171125000
917,2025-07-20,21,389843000
918,2024-07-10,41,967590000
919,2025-06-15,37,297059000
920,2024-05-04,25,189560000
921,2024-05-19,38,510861000
922,2025-01-17,61,71496000
923,2025-01-18,33,158960000
924,2024-07-02,57,35238000
925,2024-07-18,65,325565000
926,2024-03-03,33,227963000
927,2024-02-18,39,338460000
928,2024-12-23,6,45726000
929,2024-12-25,26,216393000
930,2025-08-16,25,12925000
931,2024-06-10,75,287527000
932,2025-09-04,46,286903000
933,2024-11-06,47,461407000
934,2024-11-10,17,152756000
935,2025-04-20,62,590317000
936,2024-02-03,31,124943000
937,2025-08-07,61,554136000
938,2024-05-30,61,378318000
939,2024-12-03,16,37042000
940,2025-10-17,17,70892000
941,2024-04-05,39,121436000
942,2024-12-27,73,536149000
943,2024-07-12,15,129184000
944,2025-06-23,28,219938000
945,2025-09-29,15,181346000
946,2025-12-05,15,389071000
947,2025-04-24,53,358253000
948,2025-11-23,67,71957000
949,2024-01-27,71,324797000
950,2025-11-04,9,336651000
951,2025-07-04,70,200174000
952,2024-01-02,3,419553000
953,2025-05-08,37,11016000
954,2024-12-16,76,279017000
955,2024-04-01,49,449021000
956,2025-12-20,64,512659000
957,2024-07-05,60,414810000
958,2024-02-23,61,99163000
959,2024-01-09,11,245725000
960,2025-10-21,14,137229000
961,2025-06-23,53,221141000
962,2025-10-21,36,265604000
963,2024-01-27,28,83819000
964,2025-02-19,24,855600000
965,2024-05-28,66,632938000
966,2024-05-03,46,268247000
967,2025-10-04,32,16252000
968,2024-02-26,4,331871000
969,2024-06-13,25,94077000
970,2025-04-09,75,319654000
971,2025-03-13,39,307726000
972,2024-02-17,39,198902000
973,2024-09-30,64,59370000
974,2025-11-18,79,13551000
975,2024-03-10,28,191205000
976,2024-10-17,5,644287000
977,2025-01-26,71,32813000
978,2025-04-25,63,104713000
979,2024-06-04,11,20452000
980,2025-03-16,80,133877000
981,2024-08-19,5,83547000
982,2025-04-04,72,146539000
983,2025-08-22,1,89053000
984,2024-09-27,35,14484000
985,2024-05-31,30,470577000
986,2025-06-14,36,354748000
987,2024-02-21,21,30454000
988,2024-04-14,75,153800000
989,2025-10-16,57,92924000
990,2024-06-15,43,126361000
991,2025-06-18,21,211840000
992,2024-09-15,60,326486000
993,2025-08-23,5,226766000
994,2025-03-23,29,146598000
995,2024-05-29,46,72904000
996,2024-10-09,72,56411000
997,2025-09-03,4,10859000
998,2024-03-19,15,108733000
999,2025-09-26,62,266485000
1000,2024-02-21,43,28812000
1001,2025-08-14,7,97674000
1002,2025-12-27,26,274789000
1003,2024-04-23,75,100790000
1004,2024-12-24,53,631106000
1005,2025-06-07,46,105763000
1006,2025-05-18,74,402124000
1007,2024-04-27,67,55525000
1008,2025-09-22,9,230562000
1009,2025-04-21,6,250060000
1010,2025-10-28,32,547593000
1011,2024-07-01,16,58842000
1012,2024-08-04,7,191501000
1013,2025-08-01,80,614350000
1014,2024-01-13,77,187795000
1015,2024-12-15,45,422775000
1016,2025-02-28,66,169965000
1017,2024-08-27,55,14220000
1018,2024-02-03,53,353924000
1019,2024-02-19,46,307158000
1020,2024-10-30,34,106204000
1021,2024-10-22,12,147157000
1022,2025-07-19,71,73430000
1023,2025-09-19,20,223165000
1024,2024-10-27,54,506923000
1025,2024-10-23,63,218335000
1026,2024-03-02,47,88544000
1027,2025-02-25,49,146719000
1028,2025-04-16,61,174409000
1029,2024-02-06,38,179714000
1030,2025-01-17,61,158788000
1031,2025-09-12,45,409481000
1032,2025-11-25,77,197705000
1033,2025-08-31,27,68542000
1034,2024-09-18,14,234929000
1035,2025-10-27,79,45565000
1036,2024-04-20,28,1652000
1037,2024-12-07,9,97820000
1038,2025-09-14,79,419980000
1039,2024-01-06,13,318809000
1040,2024-03-24,33,313256000
1041,2025-12-03,51,60513000
1042,2025-07-29,16,201233000
1043,2025-02-17,50,19419000
1044,2025-07-25,28,310042000
1045,2025-05-27,77,34304000
1046,2024-03-05,38,90245000
1047,2024-10-30,15,359092000
1048,2024-08-06,34,237323000
1049,2024-07-03,4,28457000
1050,2025-03-08,1,12999000
1051,2024-01-28,13,8801000
1052,2025-09-14,9,130329000
1053,2024-03-05,40,128577000
1054,2025-03-10,1,132248000
1055,2024-02-10,24,295590000
1056,2024-02-02,78,212583000
1057,2025-08-12,1,93593000
1058,2025-06-04,7,127886000
1059,2025-10-13,25,132398000
1060,2024-11-03,58,53418000
1061,2025-10-03,31,88982000
1062,2024-01-21,44,159223000
1063,2024-09-04,10,272725000
1064,2024-05-12,16,183575000
1065,2025-11-15,39,32658000
1066,2025-04-03,47,90492000
1067,2025-04-04,15,106909000
1068,2024-11-02,55,557380000
1069,2024-12-13,15,73297000
1070,2024-08-30,4,101646000
1071,2024-11-10,26,116719000
1072,2025-01-10,48,276087000
1073,2024-10-18,69,89238000
1074,2024-11-02,1,133042000
1075,2024-12-28,32,87618000
1076,2025-08-09,2,121166000
1077,2024-01-30,60,33969000
1078,2025-01-25,76,70570000
1079,2024-06-26,24,246924000
1080,2025-12-03,73,81772000
1081,2024-07-01,60,93605000
1082,2024-06-19,80,384474000
1083,2025-10-08,16,462340000
1084,2025-07-29,78,78351000
1085,2025-10-08,48,169918000
1086,2025-09-19,16,229721000
1087,2025-01-21,46,184724000
1088,2024-07-05,68,626509000
1089,2024-10-12,71,80653000
1090,2025-12-23,26,244143000
1091,2025-08-23,59,512300000
1092,2025-11-18,19,69636000
1093,2024-04-07,64,32276000
1094,2024-06-22,6,173502000
1095,2025-10-23,41,202284000
1096,2024-10-08,27,155976000
1097,2025-03-22,66,154551000
1098,2024-12-23,19,687086000
1099,2025-12-03,70,15959000
1100,2024-09-14,21,133536000
1101,2024-09-02,75,303641000
1102,2025-03-24,14,381498000
1103,2024-05-21,75,212915000
1104,2024-04-16,1,461065000
1105,2025-09-23,41,248094000
1106,2025-09-01,49,152572000
1107,2024-07-17,6,343068000
1108,2024-03-23,67,402254000
1109,2025-08-23,49,140273000
1110,2024-09-01,52,454816000
1111,2024-10-28,51,395055000
1112,2025-01-17,66,24585000
1113,2024-11-24,37,182788000
1114,2024-10-24,61,189793000
1115,2024-09-29,34,124396000
1116,2024-05-03,32,28650000
1117,2024-06-03,19,21024000
1118,2025-06-11,22,766708000
1119,2025-07-03,65,105734000
1120,2025-11-26,45,255525000
1121,2024-09-06,42,223749000
1122,2024-07-05,23,276703000
1123,2024-02-05,78,21906000
1124,2024-04-06,4,208626000
1125,2025-04-02,33,304927000
1126,2024-01-08,7,80580000
1127,2024-04-29,59,100998000
1128,2025-01-27,39,20161000
1129,2025-07-05,2,150697000
1130,2025-04-01,43,290248000
1131,2024-11-26,44,473387000
1132,2025-04-02,60,46788000
1133,2024-03-15,62,84461000
1134,2024-03-02,70,42716000
1135,2025-06-07,32,123899000
1136,2024-12-15,21,273474000
1137,2025-11-06,56,176184000
1138,2025-07-04,61,89196000
1139,2025-12-06,63,54605000
1140,2024-02-07,56,8305000
1141,2024-05-14,37,345224000
1142,2024-02-22,52,637265000
1143,2024-09-03,29,103775000
1144,2024-03-11,4,11256000
1145,2024-03-28,3,166343000
1146,2025-04-25,5,57282000
1147,2025-11-24,44,125849000
1148,2024-05-03,42,96224000
1149,2025-08-24,61,33076000
1150,2024-06-03,15,195226000
1151,2025-05-19,49,82347000
1152,2025-05-06,47,49180000
1153,2025-01-30,42,256928000
1154,2025-09-06,67,188847000
1155,2025-12-10,80,302609000
1156,2024-06-30,1,247222000
1157,2024-02-29,63,265576000
1158,2024-01-20,44,279892000
1159,2024-09-19,41,67719000
1160,2025-12-18,71,780886000
1161,2024-12-08,11,46485000
1162,2025-05-31,34,104584000
1163,2024-12-07,19,121071000
1164,2024-10-04,36,245224000
1165,2024-06-14,11,144412000
1166,2025-06-12,29,180870000
1167,2025-06-17,57,69356000
1168,2024-12-29,23,133052000
1169,2024-06-23,38,11044000
1170,2025-03-21,58,254374000
1171,2025-02-09,74,42038000
1172,2025-12-12,5,444569000
1173,2025-09-24,33,192459000
1174,2024-08-27,31,126493000
1175,2024-09-26,73,109254000
1176,2025-03-10,71,30348000
1177,2024-10-19,31,292374000
1178,2024-05-22,41,180503000
1179,2024-11-05,1,323757000
1180,2024-01-07,52,144952000
1181,2024-07-31,60,78491000
1182,2025-06-22,8,266473000
1183,2025-04-23,29,33408000
1184,2024-02-08,11,702857000
1185,2024-09-30,53,4508000
1186,2024-08-07,68,265260000
1187,2024-04-13,52,199139000
1188,2025-09-06,64,75351000
1189,2024-01-21,8,152419000
1190,2024-01-08,11,89207000
1191,2024-03-22,69,210327000
1192,2025-09-30,32,80310000
1193,2024-03-05,49,125373000
1194,2025-11-04,66,249710000
1195,2025-12-15,77,250674000
1196,2024-03-20,46,249726000
1197,2025-09-17,34,63560000
1198,2024-10-17,9,169737000
1199,2024-01-12,4,494857000
1200,2025-07-16,6,891000
1201,2024-05-13,11,38368000
1202,2025-06-02,6,79520000
1203,2024-05-11,18,254453000
1204,2025-01-27,58,23146000
1205,2025-04-30,66,302703000
1206,2024-10-14,39,182264000
1207,2025-11-10,45,140760000
1208,2024-10-04,48,185515000
1209,2025-01-06,44,16685000
1210,2024-12-17,72,87936000
1211,2025-04-15,72,335948000
1212,2024-01-02,80,75014000
1213,2024-12-24,63,184617000
1214,2025-10-22,1,54984000
1215,2024-01-21,9,49354000
1216,2024-11-02,30,314452000
1217,2024-04-22,76,39020000
1218,2024-09-25,36,26866000
1219,2024-12-12,27,111757000
1220,2025-06-17,30,128096000
1221,2025-08-29,30,170361000
1222,2025-01-22,26,74685000
1223,2025-03-18,46,179187000
1224,2024-03-10,66,495190000
1225,2025-01-14,66,36972000
1226,2024-03-07,5,158409000
1227,2025-10-09,46,439470000
1228,2025-07-17,5,262424000
1229,2024-05-23,72,438099000
1230,2024-09-20,38,57265000
1231,2024-10-30,40,91723000
1232,2024-03-14,1,206334000
1233,2025-07-28,23,162216000
1234,2024-03-15,74,76992000
1235,2025-08-19,16,36253000
1236,2024-01-12,45,513709000
1237,2024-07-02,21,196649000
1238,2024-01-13,59,323189000
1239,2025-01-26,59,116707000
1240,2025-01-02,1,420098000
1241,2024-07-11,21,105794000
1242,2024-10-06,73,119329000
1243,2024-12-29,68,217992000
1244,2024-11-23,36,656036000
1245,2025-09-01,41,154502000
1246,2025-03-10,21,4897000
1247,2025-04-08,46,231239000
1248,2024-02-10,47,96311000
1249,2025-09-04,28,267403000
1250,2025-03-07,39,35048000
1251,2024-11-22,13,15540000
1252,2025-05-15,42,668246000
1253,2025-01-10,16,250488000
1254,2024-11-06,26,111208000
1255,2024-12-16,11,18155000
1256,2024-05-22,69,507528000
1257,2024-03-18,61,182262000
1258,2025-09-01,28,295513000
1259,2024-12-29,51,30025000
1260,2025-05-29,51,174123000
1261,2024-10-15,65,70011000
1262,2025-08-01,36,79411000
1263,2025-08-05,63,469642000
1264,2024-03-04,73,489015000
1265,2025-10-13,64,118480000
1266,2025-01-16,58,630173000
1267,2024-05-10,43,408252000
1268,2025-05-25,42,209641000
1269,2025-01-16,30,379334000
1270,2024-07-27,46,328795000
1271,2024-10-29,76,363175000
1272,2024-01-23,6,406374000
1273,2025-11-20,59,268098000
1274,2025-06-17,33,363090000
1275,2024-01-07,12,116360000
1276,2024-06-11,15,91145000
1277,2024-04-15,10,178384000
1278,2025-09-22,53,74629000
1279,2024-11-20,14,135529000
1280,2025-07-16,2,628879000
1281,2025-02-06,52,149245000
1282,2024-10-11,29,342885000
1283,2025-01-26,76,298153000
1284,2025-05-01,73,81784000
1285,2025-03-04,73,475943000
1286,2025-01-27,48,95650000
1287,2024-10-30,67,140605000
1288,2025-12-03,58,151154000
1289,2024-12-17,43,186205000
1290,2024-11-14,12,471610000
1291,2024-11-12,64,289498000
1292,2024-10-17,56,473996000
1293,2025-01-26,40,25015000
1294,2025-01-23,26,269591000
1295,2025-03-03,3,522534000
1296,2025-12-10,4,276696000
1297,2024-07-31,68,237092000
1298,2025-04-03,37,108109000
1299,2025-10-05,65,47896000
1300,2025-09-24,53,437204000
1301,2025-08-24,43,142712000
1302,2024-08-24,73,213309000
1303,2025-10-19,51,239882000
1304,2025-07-27,50,295227000
1305,2024-06-06,33,197390000
1306,2025-07-11,64,279594000
1307,2025-04-30,6,96006000
1308,2024-01-13,74,113228000
1309,2025-08-03,27,25160000
1310,2025-05-24,34,156570000
1311,2024-10-05,71,291039000
1312,2025-01-16,50,90019000
1313,2024-02-28,54,128362000
1314,2025-09-24,43,436799000
1315,2025-03-13,12,68795000
1316,2025-03-25,24,168731000
1317,2024-04-23,2,201993000
1318,2024-09-22,79,169969000
1319,2025-05-10,22,479870000
1320,2024-12-30,34,157034000
1321,2025-05-01,19,12299000
1322,2024-11-10,30,175889000
1323,2024-06-02,44,26107000
1324,2024-06-06,11,118115000
1325,2024-11-10,43,17190000
1326,2024-08-08,35,75812000
1327,2025-05-04,58,62644000
1328,2024-09-25,5,107874000
1329,2025-03-11,10,155334000
1330,2024-06-22,45,93450000
1331,2024-05-26,33,234068000
1332,2024-08-29,3,225479000
1333,2025-05-17,66,100643000
1334,2025-02-08,20,46799000
1335,2024-08-27,46,308255000
1336,2025-03-01,30,494320000
1337,2025-02-14,65,51784000
1338,2024-03-15,18,476962000
1339,2025-05-08,33,3570000
1340,2025-01-13,28,125237000
1341,2025-07-05,70,142022000
1342,2025-10-06,42,260964000
1343,2025-04-10,8,285629000
1344,2024-08-16,38,275567000
1345,2025-02-09,65,567459000
1346,2024-01-05,4,590807000
1347,2025-08-25,34,204870000
1348,2024-09-08,39,124024000
1349,2025-09-28,76,313131000
1350,2025-05-10,47,543986000
1351,2024-08-07,23,342854000
1352,2025-11-30,10,62090000
1353,2024-05-11,8,31964000
1354,2025-02-17,55,488294000
1355,2024-11-13,27,196433000
1356,2024-09-02,9,231625000
1357,2024-08-23,70,34196000
1358,2024-04-14,52,108032000
1359,2025-06-10,14,560672000
1360,2025-10-12,47,199093000
1361,2024-08-04,25,393463000
1362,2024-10-26,32,5040000
1363,2025-03-08,8,299097000
1364,2024-04-12,53,2300000
1365,2024-02-24,21,140140000
1366,2025-08-21,79,347912000
1367,2025-03-24,78,32190000
1368,2024-05-25,42,441707000
1369,2025-03-05,35,315548000
1370,2025-03-16,61,175130000
1371,2025-11-24,62,32175000
1372,2025-11-17,49,143110000
1373,2025-04-20,73,58443000
1374,2024-01-18,11,367774000
1375,2024-11-06,31,65861000
1376,2024-07-29,15,32575000
1377,2025-02-10,34,156915000
1378,2024-07-17,78,105191000
1379,2024-09-30,3,21607000
1380,2024-01-22,57,306700000
1381,2025-05-07,47,198760000
1382,2025-09-28,5,128581000
1383,2025-03-21,47,526072000
1384,2024-01-25,10,404515000
1385,2025-01-12,35,301096000
1386,2025-08-24,52,433657000
1387,2024-08-28,27,847310000
1388,2025-01-11,13,53679000
1389,2024-07-02,70,168745000
1390,2024-11-07,20,227457000
1391,2024-04-11,43,183100000
1392,2025-08-02,23,117508000
1393,2024-03-12,24,339956000
1394,2024-07-12,10,222958000
1395,2024-09-28,52,413825000
1396,2024-01-08,67,225662000
1397,2025-03-20,28,169438000
1398,2025-10-09,61,414413000
1399,2025-01-24,54,180792000
1400,2025-02-12,19,217136000
1401,2024-06-15,13,149296000
1402,2025-11-08,40,220921000
1403,2024-10-23,18,116320000
1404,2024-02-23,44,132657000
1405,2024-10-29,41,444811000
1406,2024-01-30,59,74214000
1407,2025-06-02,71,217216000
1408,2024-06-30,43,166030000
1409,2025-07-08,31,299798000
1410,2024-05-29,57,152544000
1411,2025-10-04,28,57221000
1412,2025-11-02,34,101460000
1413,2024-07-06,65,104891000
1414,2024-01-26,61,267915000
1415,2024-03-24,48,221492000
1416,2024-09-29,10,2655000
1417,2024-04-18,42,350787000
1418,2025-12-27,15,193245000
1419,2025-03-11,61,497162000
1420,2024-07-08,56,66562000
1421,2025-10-24,42,70565000
1422,2025-10-01,5,167420000
1423,2025-07-30,67,151697000
1424,2025-03-29,44,389698000
1425,2024-05-25,34,214776000
1426,2025-08-13,37,292119000
1427,2025-05-11,76,615761000
1428,2024-01-08,34,89068000
1429,2024-06-29,21,180467000
1430,2024-03-02,44,111859000
1431,2024-02-17,67,18580000
1432,2024-01-06,42,578250000
1433,2025-10-12,58,81152000
1434,2024-12-28,55,314020000
1435,2025-07-01,51,244123000
1436,2024-08-10,20,37875000
1437,2024-09-16,61,68082000
1438,2025-02-02,70,139192000
1439,2025-05-28,17,207656000
1440,2024-04-01,57,131916000
1441,2025-08-04,40,248515000
1442,2024-04-08,48,316083000
1443,2024-12-03,78,204292000
1444,2025-02-04,52,457450000
1445,2024-02-04,73,299482000
1446,2024-04-28,8,258668000
1447,2025-10-09,40,566725000
1448,2024-06-17,49,31090000
1449,2024-04-25,73,31997000
1450,2024-09-30,10,160991000
1451,2025-05-30,64,123104000
1452,2025-02-17,59,143974000
1453,2024-11-10,67,322428000
1454,2025-04-20,17,120299000
1455,2025-08-13,15,276364000
1456,2024-03-07,66,149400000
1457,2024-06-30,23,11661000
1458,2025-05-26,57,102177000
1459,2025-03-05,42,46988000
1460,2024-03-14,8,533470000
1461,2024-11-10,67,256136000
1462,2024-09-10,72,226529000
1463,2024-10-15,27,282306000
1464,2025-01-07,68,81966000
1465,2025-10-09,39,137214000
1466,2025-01-24,13,29550000
1467,2025-05-12,16,114828000
1468,2025-10-31,20,193709000
1469,2024-05-05,52,251640000
1470,2025-06-05,18,169033000
1471,2024-07-08,42,52683000
1472,2024-09-12,33,106313000
1473,2024-02-05,24,496861000
1474,2025-07-28,39,345362000
1475,2025-11-30,39,98496000
1476,2025-10-22,65,418240000
1477,2024-10-15,44,104173000
1478,2025-12-05,32,107839000
1479,2025-02-04,18,55168000
1480,2025-06-05,47,82217000
1481,2025-04-29,57,347645000
1482,2025-12-31,30,63506000
1483,2025-01-29,14,305677000
1484,2024-06-02,76,106591000
1485,2025-06-21,13,119983000
1486,2025-11-14,49,401772000
1487,2025-08-03,33,200011000
1488,2025-08-05,74,189042000
1489,2025-12-31,58,70559000
1490,2025-08-22,25,97966000
1491,2025-08-20,57,117200000
1492,2025-10-08,26,454800000
1493,2024-06-09,24,231997000
1494,2024-10-06,73,388928000
1495,2024-09-04,21,163767000
1496,2025-06-30,67,336920000
1497,2025-03-24,80,129239000
1498,2024-04-21,23,227244000
1499,2024-05-12,34,70652000
1500,2025-06-26,68,147649000
1501,2024-01-13,33,72811000
1502,2025-07-10,66,59832000
1503,2025-06-25,25,249049000
1504,2024-06-12,72,371758000
1505,2024-07-27,9,28120000
1506,2024-06-09,28,211515000
1507,2025-10-07,78,39664000
1508,2024-04-03,55,302503000
1509,2025-02-26,34,438665000
1510,2025-10-24,3,250661000
1511,2024-06-06,11,142744000
1512,2025-10-31,12,338438000
1513,2024-09-30,72,21129000
1514,2025-03-25,35,357238000
1515,2025-11-17,9,173646000
1516,2024-02-14,53,59816000
1517,2025-05-04,11,45526000
1518,2024-11-12,58,69879000
1519,2025-09-20,13,334212000
1520,2024-04-06,54,79908000
1521,2024-05-16,35,162460000
1522,2024-08-27,71,216769000
1523,2024-08-31,4,212878000
1524,2024-12-17,59,383111000
1525,2025-05-14,54,202011000
1526,2025-09-06,59,183725000
1527,2025-12-19,4,202248000
1528,2025-09-23,17,136828000
1529,2025-05-31,12,189919000
1530,2024-07-12,48,31394000
1531,2024-05-09,40,48959000
1532,2025-05-25,48,120891000
1533,2025-01-24,1,47548000
1534,2025-04-05,26,14414000
1535,2025-11-11,66,44110000
1536,2024-12-12,51,72632000
1537,2024-07-10,5,42639000
1538,2024-02-29,30,319014000
1539,2024-02-16,33,99810000
1540,2024-05-22,23,719974000
1541,2025-05-19,79,86940000
1542,2024-09-05,69,99572000
1543,2024-12-06,62,229077000
1544,2024-08-13,39,23467000
1545,2025-02-13,41,250193000
1546,2025-09-09,46,67331000
1547,2025-11-26,15,66837000
1548,2025-10-19,51,583546000
1549,2024-01-10,38,644186000
1550,2024-12-22,77,236374000
1551,2025-06-26,47,55500000
1552,2024-12-29,2,51456000
1553,2025-06-12,65,34167000
1554,2025-04-23,35,115645000
1555,2025-08-06,39,50775000
1556,2025-07-18,16,139282000
1557,2025-12-19,52,32462000
1558,2024-10-28,69,160044000
1559,2024-06-18,41,546500000
1560,2025-01-01,20,84639000
1561,2024-01-10,21,90824000
1562,2025-07-05,11,268890000
1563,2025-04-09,65,171864000
1564,2024-03-25,24,170486000
1565,2024-06-01,68,438794000
1566,2024-10-10,14,270250000
1567,2024-12-30,40,286884000
1568,2025-09-21,51,369748000
1569,2025-02-04,61,132851000
1570,2024-11-15,57,96498000
1571,2025-05-30,51,176948000
1572,2024-02-15,57,19561000
1573,2024-08-17,73,143736000
1574,2024-01-16,53,276353000
1575,2025-06-13,55,325624000
1576,2024-01-23,12,23826000
1577,2025-02-09,80,322228000
1578,2025-06-10,47,342932000
1579,2024-07-06,13,282538000
1580,2024-10-17,70,43254000
1581,2025-12-01,67,64864000
1582,2025-10-20,15,277100000
1583,2025-11-30,80,223411000
1584,2025-01-13,59,257832000
1585,2024-03-23,46,143624000
1586,2024-03-11,15,424511000
1587,2025-07-30,40,34779000
1588,2025-06-07,16,64505000
1589,2024-11-30,7,171225000
1590,2025-12-25,22,154872000
1591,2024-08-24,76,168968000
1592,2024-08-14,43,36849000
1593,2024-03-19,1,45139000
1594,2025-05-02,62,10209000
1595,2024-01-18,4,84234000
1596,2024-12-26,78,46632000
1597,2024-03-10,7,214078000
1598,2025-05-26,77,351491000
1599,2025-12-01,79,28120000
1600,2025-04-19,68,575045000
1601,2025-01-05,29,271022000
1602,2025-10-09,62,100228000
1603,2024-10-14,34,190254000
1604,2024-05-29,50,768005000
1605,2025-02-20,79,238107000
1606,2024-09-27,57,278432000
1607,2024-03-10,19,158666000
1608,2025-08-20,29,679037000
1609,2024-03-04,30,12956000
1610,2024-06-21,40,119531000
1611,2024-12-15,6,340145000
1612,2025-02-10,55,137659000
1613,2025-02-04,64,280758000
1614,2024-04-03,77,139450000
1615,2025-10-08,3,117525000
1616,2025-06-19,55,297542000
1617,2025-01-31,12,238931000
1618,2024-08-28,9,180843000
1619,2024-11-06,24,136279000
1620,2025-06-02,71,115643000
1621,2024-12-31,31,448586000
1622,2024-08-01,27,155481000
1623,2025-12-25,34,95977000
1624,2025-03-13,17,366550000
1625,2025-06-02,36,29604000
1626,2024-07-30,48,12624000
1627,2025-03-30,59,266140000
1628,2025-07-03,80,388215000
1629,2024-12-12,60,586107000
1630,2024-03-24,21,360547000
1631,2025-12-20,59,210617000
1632,2025-03-05,29,58596000
1633,2025-07-31,28,428938000
1634,2024-11-28,55,62548000
1635,2024-11-24,41,40810000
1636,2024-03-29,34,141048000
1637,2024-06-10,80,52223000
1638,2024-01-07,15,63325000
1639,2024-10-07,5,317484000
1640,2024-09-11,46,529560000
1641,2024-06-23,31,150735000
1642,2024-05-16,71,535736000
1643,2025-09-07,68,140135000
1644,2025-11-30,59,222293000
1645,2025-09-02,78,22386000
1646,2024-05-15,40,100899000
1647,2025-09-12,27,206078000
1648,2025-09-10,75,177858000
1649,2025-03-24,48,278793000
1650,2025-09-28,69,84032000
1651,2025-10-13,67,220268000
1652,2025-04-18,63,144066000
1653,2024-07-17,5,503219000
1654,2025-06-11,27,291540000
1655,2025-09-16,13,266770000
1656,2024-04-24,29,486848000
1657,2024-09-16,22,707079000
1658,2025-07-13,46,394668000
1659,2025-12-22,10,65008000
1660,2025-07-09,19,12611000
1661,2025-01-31,60,143080000
1662,2025-12-01,72,153089000
1663,2025-06-02,11,151913000
1664,2024-10-21,14,427487000
1665,2024-11-14,79,460829000
1666,2025-05-17,72,297128000
1667,2024-08-09,48,221221000
1668,2025-05-23,42,534389000
1669,2025-03-05,20,86700000
1670,2025-09-28,49,142259000
1671,2025-01-17,33,302475000
1672,2024-01-21,1,396106000
1673,2024-12-07,68,110948000
1674,2024-08-17,26,82314000
1675,2025-06-28,9,189801000
1676,2024-09-14,43,176474000
1677,2025-08-19,5,447789000
1678,2025-04-06,46,314945000
1679,2024-06-01,66,56276000
1680,2024-05-09,16,134517000
1681,2024-07-11,8,331717000
1682,2024-02-29,78,200930000
1683,2025-01-28,25,21655000
1684,2025-05-13,1,126821000
1685,2024-01-30,38,154176000
1686,2025-04-27,7,120296000
1687,2025-05-11,36,11675000
1688,2024-04-06,74,218673000
1689,2025-01-31,75,304137000
1690,2024-04-27,50,176649000
1691,2024-08-27,1,222287000
1692,2025-12-18,68,275926000
1693,2025-10-23,64,322567000
1694,2024-03-09,29,494186000
1695,2024-09-11,71,225640000
1696,2024-09-12,27,142129000
1697,2024-08-02,19,341329000
1698,2025-09-10,63,234759000
1699,2025-07-07,56,77326000
1700,2025-09-14,39,418682000
1701,2025-03-19,23,207528000
1702,2024-04-04,74,187813000
1703,2025-04-25,47,111325000
1704,2024-03-14,28,446353000
1705,2024-05-27,73,187262000
1706,2024-04-14,34,518444000
1707,2024-04-24,53,347767000
1708,2025-10-11,18,46219000
1709,2025-06-15,72,7832000
1710,2025-06-14,69,317471000
1711,2024-07-19,25,131549000
1712,2024-01-23,41,187659000
1713,2024-10-07,80,130814000
1714,2024-12-28,34,75694000
1715,2025-01-06,57,271085000
1716,2025-11-25,39,137158000
1717,2025-06-23,17,209890000
1718,2025-02-09,14,585790000
1719,2024-12-05,51,4280000
1720,2025-07-13,17,52380000
1721,2025-12-15,35,167772000
1722,2024-06-19,73,57168000
1723,2025-03-25,79,165797000
1724,2024-11-15,67,303460000
1725,2024-09-27,37,328425000
1726,2024-06-30,54,96821000
1727,2024-12-29,21,106521000
1728,2024-12-06,24,71882000
1729,2024-08-05,67,128251000
1730,2024-03-29,46,19542000
1731,2024-02-25,32,171518000
1732,2025-11-16,48,468768000
1733,2024-09-18,75,132051000
1734,2024-09-19,37,41952000
1735,2025-04-07,40,13224000
1736,2024-12-31,42,454892000
1737,2024-06-07,54,113197000
1738,2024-11-26,73,227118000
1739,2025-03-21,80,105930000
1740,2024-11-28,26,12573000
1741,2024-04-16,60,225887000
1742,2024-12-02,77,82660000
1743,2025-03-02,13,166979000
1744,2024-10-06,23,296502000
1745,2024-06-27,48,187284000
1746,2024-11-12,75,18614000
1747,2025-10-13,13,255838000
1748,2025-12-22,76,106727000
1749,2024-12-26,46,109339000
1750,2025-02-21,70,95984000
1751,2025-02-11,17,194753000
1752,2024-11-23,63,382603000
1753,2025-10-24,58,451264000
1754,2025-04-24,14,240477000
1755,2024-06-15,57,122559000
1756,2025-11-04,59,376119000
1757,2024-12-09,52,919896000
1758,2025-02-13,42,209408000
1759,2025-12-04,73,105686000
1760,2024-04-22,56,161783000
1761,2024-01-07,63,193708000
1762,2025-09-30,36,212145000
1763,2024-05-31,65,483249000
1764,2025-01-02,34,87805000
1765,2025-03-06,70,305499000
1766,2025-01-16,69,159952000
1767,2024-07-24,33,306877000
1768,2024-01-19,6,95502000
1769,2024-05-16,65,458356000
1770,2025-09-27,33,602362000
1771,2024-10-31,16,218014000
1772,2025-07-15,51,222482000
1773,2025-05-11,3,131349000
1774,2025-12-10,15,303734000
1775,2024-10-31,52,322501000
1776,2024-04-20,8,407695000
1777,2024-09-18,40,141173000
1778,2025-07-30,28,308489000
1779,2025-06-01,54,489911000
1780,2025-01-07,75,539662000
1781,2024-04-25,74,161814000
1782,2024-08-12,39,811466000
1783,2025-06-12,57,178770000
1784,2025-10-11,9,78724000
1785,2025-10-16,46,367194000
1786,2025-05-06,8,89414000
1787,2024-10-26,25,329853000
1788,2025-10-21,19,296658000
1789,2024-10-05,80,29788000
1790,2025-03-02,43,545482000
1791,2025-03-15,55,349608000
1792,2024-09-04,3,255600000
1793,2024-04-29,30,48514000
1794,2024-09-27,60,33832000
1795,2024-10-31,28,46410000
1796,2025-08-24,39,263987000
1797,2024-04-06,56,48942000
1798,2024-12-21,44,5696000
1799,2025-03-06,75,142690000
1800,2024-04-14,36,96424000
1801,2025-07-31,61,272886000
1802,2025-10-05,3,682207000
1803,2024-01-13,69,321365000
1804,2024-08-05,54,26200000
1805,2025-10-29,73,217161000
1806,2024-05-12,31,381090000
1807,2025-01-12,36,187789000
1808,2024-06-12,76,711495000
1809,2024-11-18,31,157365000
1810,2024-01-30,78,236126000
1811,2024-02-16,46,240503000
1812,2024-05-25,1,159063000
1813,2024-01-18,61,69943000
1814,2025-08-24,49,77607000
1815,2024-02-28,73,269600000
1816,2024-01-20,39,857834000
1817,2024-12-12,12,368168000
1818,2024-09-23,15,189388000
1819,2025-11-19,16,148168000
1820,2024-09-22,41,448402000
1821,2025-05-04,56,8436000
1822,2024-10-09,35,88363000
1823,2024-08-11,2,29463000
1824,2024-01-26,21,96800000
1825,2025-02-08,22,913561000
1826,2024-01-19,7,523221000
1827,2024-07-20,41,17839000
1828,2025-03-26,74,324266000
1829,2025-01-22,79,46129000
1830,2025-05-06,23,955154000
1831,2024-12-01,41,238558000
1832,2025-01-21,62,182538000
1833,2025-08-24,73,219667000
1834,2024-06-23,18,354161000
1835,2025-04-09,27,39922000
1836,2025-04-29,80,121347000
1837,2024-07-31,34,66594000
1838,2024-08-14,4,192630000
1839,2025-09-30,31,151190000
1840,2024-06-01,72,191710000
1841,2024-10-03,14,51946000
1842,2025-08-25,32,292953000
1843,2024-08-26,6,126057000
1844,2024-12-03,76,365999000
1845,2024-06-27,3,176892000
1846,2025-09-22,75,51640000
1847,2025-04-09,44,277178000
1848,2025-10-24,43,112784000
1849,2024-01-10,19,272754000
1850,2025-04-29,10,59209000
1851,2025-06-02,6,14684000
1852,2024-06-18,36,474908000
1853,2025-11-24,30,84599000
1854,2024-08-27,59,376676000
1855,2025-04-11,79,225927000
1856,2024-03-12,76,300312000
1857,2025-01-25,43,1646000
1858,2025-03-30,7,331992000
1859,2025-07-23,10,55002000
1860,2024-11-22,27,53361000
1861,2025-12-30,43,208425000
1862,2024-11-02,50,34647000
1863,2025-12-10,18,102323000
1864,2025-10-03,17,91120000
1865,2024-12-14,55,151277000
1866,2025-01-14,35,267121000
1867,2024-06-20,80,88659000
1868,2024-04-09,32,67499000
1869,2025-10-12,35,15147000
1870,2025-08-08,78,114793000
1871,2024-10-02,37,185141000
1872,2024-01-30,52,225783000
1873,2025-02-25,6,99420000
1874,2024-11-03,9,327977000
1875,2024-06-03,41,3294000
1876,2024-10-24,46,4002000
1877,2025-08-23,72,53232000
1878,2025-07-23,54,85423000
1879,2024-03-12,67,154901000
1880,2024-01-14,78,52900000
1881,2025-01-01,45,92230000
1882,2024-03-06,15,437148000
1883,2025-05-15,34,151594000
1884,2024-11-09,46,72330000
1885,2025-03-12,24,297304000
1886,2024-09-27,18,56555000
1887,2024-09-20,9,75480000
1888,2024-04-23,29,181401000
1889,2024-08-25,69,39651000
1890,2024-09-08,8,392773000
1891,2024-02-05,37,911366000
1892,2024-12-23,1,174472000
1893,2024-08-18,41,273557000
1894,2025-10-19,43,230313000
1895,2024-01-31,61,490148000
1896,2024-02-16,27,382195000
1897,2025-06-19,10,16804000
1898,2025-06-02,45,323880000
1899,2025-08-12,49,195549000
1900,2025-06-15,78,66083000
1901,2024-03-14,23,71565000
1902,2024-09-20,70,494819000
1903,2025-07-15,16,613882000
1904,2024-08-01,21,321124000
1905,2024-09-28,69,472004000
1906,2024-08-30,23,195327000
1907,2025-10-15,12,345150000
1908,2024-01-21,27,236989000
1909,2025-10-26,47,606247000
1910,2025-02-10,60,519967000
1911,2024-11-23,76,420057000
1912,2024-06-27,15,45464000
1913,2024-10-18,45,314752000
1914,2024-03-13,32,184036000
1915,2025-12-17,23,138614000
1916,2025-05-24,26,372315000
1917,2025-05-23,65,254169000
1918,2024-01-01,51,606219000
1919,2025-11-23,19,175040000
1920,2024-11-28,70,217251000
1921,2025-03-15,23,418628000
1922,2024-04-05,72,21386000
1923,2025-06-03,6,219748000
1924,2025-05-15,6,192138000
1925,2025-11-05,61,190708000
1926,2025-12-18,72,278001000
1927,2025-01-11,17,351155000
1928,2025-07-18,43,86632000
1929,2024-01-04,14,128480000
1930,2024-11-05,44,427267000
1931,2025-06-03,37,127676000
1932,2025-08-07,78,273705000
1933,2025-09-15,73,497351000
1934,2024-09-28,64,77791000
1935,2024-06-13,18,65685000
1936,2024-07-17,31,495404000
1937,2024-01-13,46,191187000
1938,2024-07-03,11,306729000
1939,2025-05-27,60,300419000
1940,2025-12-11,25,308530000
1941,2024-12-29,26,143106000
1942,2024-08-04,61,60416000
1943,2024-05-06,51,73656000
1944,2024-08-28,71,158591000
1945,2024-11-04,74,46888000
1946,2025-01-18,23,102644000
1947,2025-02-11,17,110888000
1948,2025-12-19,45,276631000
1949,2024-06-16,4,111472000
1950,2025-10-19,64,831786000
1951,2025-10-29,60,191633000
1952,2024-02-26,58,331582000
1953,2024-01-24,73,68722000
1954,2025-04-10,68,59178000
1955,2024-06-28,74,97101000
1956,2024-06-22,46,285652000
1957,2024-12-28,18,249268000
1958,2024-10-10,71,431149000
1959,2025-09-17,75,45459000
1960,2025-11-14,55,371077000
1961,2024-12-24,69,58390000
1962,2024-06-18,58,75360000
1963,2024-05-22,74,78237000
1964,2025-05-03,67,54618000
1965,2025-05-31,47,21798000
1966,2024-02-17,62,422262000
1967,2024-07-27,65,231206000
1968,2024-11-04,51,177653000
1969,2024-08-10,31,111069000
1970,2024-07-20,45,100134000
1971,2024-07-28,71,27740000
1972,2024-10-07,22,312276000
1973,2025-07-02,79,222880000
1974,2025-12-30,47,553774000
1975,2024-05-29,23,164688000
1976,2024-11-04,15,28947000
1977,2024-03-05,36,176504000
1978,2024-10-20,31,349924000
1979,2025-12-06,63,323391000
1980,2025-10-25,48,89193000
1981,2025-04-13,50,303642000
1982,2024-06-22,10,373259000
1983,2025-03-24,77,39165000
1984,2024-06-01,69,46739000
1985,2024-09-06,65,146485000
1986,2025-11-09,12,278423000
1987,2024-09-05,55,97482000
1988,2025-06-02,42,427641000
1989,2025-10-12,77,460281000
1990,2025-03-18,6,407539000
1991,2024-08-17,1,227222000
1992,2024-02-27,8,387400000
1993,2025-09-29,77,89871000
1994,2024-06-21,55,39769000
1995,2024-12-16,35,141635000
1996,2024-03-26,25,201021000
1997,2025-12-08,21,293370000
1998,2024-11-16,50,500590000
1999,2024-07-27,72,120411000
2000,2025-01-23,44,22445000
2001,2025-06-20,37,162955000
2002,2025-04-04,49,62566000
2003,2025-11-25,37,203984000
2004,2025-11-13,64,52643000
2005,2025-10-29,9,167021000
2006,2024-12-29,26,32166000
2007,2024-10-04,19,294559000
2008,2024-04-14,22,108972000
2009,2025-03-09,22,177537000
2010,2025-02-08,7,122103000
2011,2025-08-11,47,191364000
2012,2025-04-03,24,507501000
2013,2025-07-19,37,89457000
2014,2025-01-09,2,94808000
2015,2024-03-04,69,149085000
2016,2024-06-24,38,281706000
2017,2024-09-13,16,100627000
2018,2025-03-06,49,126383000
2019,2024-01-08,2,119996000
2020,2024-12-07,33,214107000
2021,2024-01-03,52,236959000
2022,2024-09-08,56,74385000
2023,2024-05-06,25,345569000
2024,2025-07-28,55,419187000
2025,2025-03-07,62,23982000
2026,2025-06-04,69,114448000
2027,2024-01-24,6,558087000
2028,2025-09-14,27,94014000
2029,2024-11-27,74,212242000
2030,2025-03-12,4,158590000
2031,2024-09-02,6,4946000
2032,2025-11-01,32,109995000
2033,2024-12-30,9,841993000
2034,2025-09-17,34,286716000
2035,2024-06-22,29,94938000
2036,2025-07-03,75,220425000
2037,2024-05-01,67,588901000
2038,2025-07-31,53,224916000
2039,2024-06-15,42,274183000
2040,2024-08-24,46,23943000
2041,2025-03-17,58,42916000
2042,2024-06-27,78,35150000
2043,2024-02-03,15,205895000
2044,2025-12-20,64,85823000
2045,2024-11-19,39,343156000
2046,2024-04-12,56,307010000
2047,2025-09-08,41,70753000
2048,2024-08-13,66,435678000
2049,2024-07-31,73,508661000
2050,2024-03-24,60,362432000
2051,2025-02-02,55,90021000
2052,2025-04-09,28,274197000
2053,2024-03-24,74,182858000
2054,2025-07-05,74,732624000
2055,2024-03-11,80,139657000
2056,2025-11-02,20,123934000
2057,2025-06-20,43,279283000
2058,2024-01-29,40,249729000
2059,2025-04-19,61,56838000
2060,2025-12-04,68,104797000
2061,2025-01-26,63,81699000
2062,2025-10-13,60,40949000
2063,2025-03-18,60,2691000
2064,2025-09-30,56,79771000
2065,2024-02-17,25,177454000
2066,2025-08-26,60,82160000
2067,2024-02-02,61,217027000
2068,2025-04-22,5,109390000
2069,2025-07-11,73,254774000
2070,2025-03-30,64,348330000
2071,2024-07-04,46,170807000
2072,2024-12-31,21,11507000
2073,2025-05-08,61,257180000
2074,2024-11-30,53,57384000
2075,2025-07-15,54,86795000
2076,2025-08-30,25,138883000
2077,2025-10-05,25,138190000
2078,2025-05-23,41,228546000
2079,2025-04-19,70,592624000
2080,2025-11-29,11,98552000
2081,2024-11-08,31,41193000
2082,2025-01-02,33,116200000
2083,2025-01-12,52,82801000
2084,2024-03-07,50,455367000
2085,2025-10-11,73,133760000
2086,2024-04-16,57,186716000
2087,2024-08-02,35,46386000
2088,2024-04-10,42,325615000
2089,2025-01-21,55,6240000
2090,2024-10-18,18,215500000
2091,2025-01-04,14,424345000
2092,2024-11-20,18,86493000
2093,2024-04-15,1,48108000
2094,2025-08-10,3,236816000
2095,2024-02-15,79,246739000
2096,2025-10-01,63,410421000
2097,2025-02-17,68,286659000
2098,2024-12-28,11,8160000
2099,2025-03-28,34,469948000
2100,2025-01-26,53,229984000
2101,2024-07-28,29,15075000
2102,2024-12-12,48,130708000
2103,2024-06-22,41,156865000
2104,2025-12-01,22,364791000
2105,2025-05-05,52,83727000
2106,2025-01-25,38,108616000
2107,2025-12-06,20,118918000
2108,2024-11-10,34,198765000
2109,2025-11-15,54,19572000
2110,2025-10-04,27,63243000
2111,2024-12-27,7,105462000
2112,2025-11-18,27,188230000
2113,2024-04-19,49,36298000
2114,2024-01-27,14,138637000
2115,2025-02-27,74,94737000
2116,2024-03-29,78,196755000
2117,2024-02-16,40,140528000
2118,2024-05-31,79,30110000
2119,2024-05-05,58,82421000
2120,2025-12-09,62,410976000
2121,2025-11-14,69,208546000
2122,2024-07-08,4,6513000
2123,2025-11-19,75,180565000
2124,2024-05-17,78,811190000
2125,2025-05-01,5,463855000
2126,2025-08-26,28,689662000
2127,2024-01-29,48,140994000
2128,2025-02-10,34,213475000
2129,2024-12-21,74,138508000
2130,2025-11-03,38,237338000
2131,2025-03-06,3,1915000
2132,2025-05-12,52,272991000
2133,2024-01-26,36,111306000
2134,2025-09-23,39,257223000
2135,2025-12-26,4,416298000
2136,2024-08-25,80,51596000
2137,2024-03-04,33,497206000
2138,2025-02-14,24,203045000
2139,2024-08-14,43,560263000
2140,2025-09-15,12,301058000
2141,2025-10-27,68,451498000
2142,2025-12-06,16,72936000
2143,2024-09-18,45,79765000
2144,2025-04-15,7,99054000
2145,2025-10-22,2,74774000
2146,2025-03-22,74,76298000
2147,2025-05-11,22,189168000
2148,2024-11-07,14,481857000
2149,2025-09-03,37,394903000
2150,2024-08-24,43,110217000
2151,2025-07-18,23,136219000
2152,2024-10-02,46,65598000
2153,2024-10-26,33,316193000
2154,2025-02-04,13,75216000
2155,2025-01-01,37,561782000
2156,2025-09-15,42,133205000
2157,2025-12-10,77,152520000
2158,2025-11-01,31,304825000
2159,2025-01-09,64,64068000
2160,2024-02-16,40,108452000
2161,2024-01-27,70,180918000
2162,2025-01-04,36,120621000
2163,2024-02-26,37,128759000
2164,2024-09-23,20,163981000
2165,2024-01-21,43,247044000
2166,2025-04-08,8,140191000
2167,2025-11-07,13,73863000
2168,2025-04-09,50,64672000
2169,2024-11-03,64,260978000
2170,2024-04-25,30,283359000
2171,2025-03-29,38,503248000
2172,2024-09-20,34,99687000
2173,2025-11-16,8,98031000
2174,2025-04-03,45,634197000
2175,2025-10-26,15,315327000
2176,2024-08-04,13,30381000
2177,2025-11-30,80,76012000
2178,2024-03-13,5,83733000
2179,2025-01-31,76,2023000
2180,2024-06-21,35,144749000
2181,2024-12-15,13,68210000
2182,2025-07-13,62,15950000
2183,2024-10-07,70,39949000
2184,2025-11-03,17,43524000
2185,2024-05-30,76,385332000
2186,2025-01-19,78,583710000
2187,2025-10-11,79,174556000
2188,2024-08-12,34,55221000
2189,2024-09-15,18,5421000
2190,2025-03-16,20,138928000
2191,2025-01-30,41,816000
2192,2024-07-14,48,202525000
2193,2024-11-16,6,446835000
2194,2024-03-10,68,26976000
2195,2024-09-26,1,258250000
2196,2024-12-01,28,109070000
2197,2024-12-13,45,160412000
2198,2024-05-04,17,119124000
2199,2025-11-14,68,403921000
2200,2025-09-21,1,296042000
2201,2024-03-31,52,56095000
2202,2025-02-15,16,318173000
2203,2025-07-31,54,321090000
2204,2025-02-03,65,91006000
2205,2025-08-16,32,424441000
2206,2025-12-10,10,92608000
2207,2024-11-02,34,41622000
2208,2025-12-17,12,212818000
2209,2025-11-02,32,89822000
2210,2025-07-23,80,172076000
2211,2025-09-11,77,101117000
2212,2025-08-26,34,345772000
2213,2025-03-29,53,171755000
2214,2025-05-29,47,559546000
2215,2024-05-06,17,90698000
2216,2025-09-29,79,68022000
2217,2025-11-03,44,312423000
2218,2025-04-27,32,89973000
2219,2024-09-13,50,140146000
2220,2025-04-10,77,176130000
2221,2025-04-02,41,178756000
2222,2024-05-19,80,243775000
2223,2025-07-23,71,276641000
2224,2025-09-11,57,134829000
2225,2024-08-12,45,107306000
2226,2025-12-18,73,16684000
2227,2025-11-07,70,197058000
2228,2024-09-12,25,29581000
2229,2025-03-24,18,383347000
2230,2025-07-08,47,145676000
2231,2024-08-02,52,315449000
2232,2025-01-10,8,98706000
2233,2024-01-13,58,81078000
2234,2024-09-17,77,166622000
2235,2024-10-19,61,91277000
2236,2024-08-02,17,352741000
2237,2025-07-19,19,530365000
2238,2025-08-18,18,468716000
2239,2024-12-03,49,116720000
2240,2024-11-11,67,34116000
2241,2025-07-16,16,88098000
2242,2024-03-30,23,73685000
2243,2024-05-27,54,53019000
2244,2024-04-03,59,206557000
2245,2024-08-24,38,393207000
2246,2024-01-07,49,398441000
2247,2024-06-10,40,255028000
2248,2024-12-12,57,91342000
2249,2024-12-20,13,83917000
2250,2025-04-24,21,211100000
2251,2025-10-26,20,180664000
2252,2024-11-11,23,41501000
2253,2025-09-13,51,262189000
2254,2025-01-09,70,75447000
2255,2025-09-06,70,256383000
2256,2024-05-13,75,271606000
2257,2024-04-23,52,39208000
2258,2025-11-20,2,57550000
2259,2025-05-26,59,322763000
2260,2025-02-23,40,170922000
2261,2024-12-19,72,30680000
2262,2024-01-22,43,89139000
2263,2024-02-06,10,99856000
2264,2025-03-22,65,252901000
2265,2025-08-13,33,69016000
2266,2024-05-05,43,150837000
2267,2024-10-09,57,76293000
2268,2025-03-13,12,56184000
2269,2025-02-09,51,85764000
2270,2025-06-18,60,129420000
2271,2024-01-04,50,98772000
2272,2025-10-17,67,658506000
2273,2024-06-04,9,47391000
2274,2024-09-22,50,238838000
2275,2025-10-02,8,375174000
2276,2025-04-05,77,285149000
2277,2024-02-26,47,333378000
2278,2025-03-21,69,5265000
2279,2024-08-02,2,137520000
2280,2024-01-31,79,256684000
2281,2025-09-14,20,164278000
2282,2024-08-09,52,32932000
2283,2024-05-25,62,263859000
2284,2024-11-14,38,437079000
2285,2024-06-15,74,231377000
2286,2025-02-05,46,158053000
2287,2024-05-28,31,250143000
2288,2024-06-22,42,359119000
2289,2024-05-26,10,9175000
2290,2025-07-08,15,91704000
2291,2024-05-12,25,229332000
2292,2024-02-29,1,79758000
2293,2025-07-22,15,285882000
2294,2024-12-03,29,141223000
2295,2025-03-28,70,300944000
2296,2025-06-01,61,161767000
2297,2024-08-13,65,110279000
2298,2025-10-29,68,147368000
2299,2025-10-01,54,507402000
2300,2024-11-25,43,7488000
2301,2025-12-06,72,182258000
2302,2025-10-02,41,242483000
2303,2024-12-03,19,207687000
2304,2024-11-03,71,3672000
2305,2024-03-29,5,167616000
2306,2025-10-05,1,221199000
2307,2024-08-14,56,170332000
2308,2024-04-24,73,403141000
2309,2024-11-12,42,213000000
2310,2024-04-12,36,420090000
2311,2024-12-28,60,122133000
2312,2024-07-13,77,136029000
2313,2025-12-18,44,276907000
2314,2024-01-07,22,171208000
2315,2024-07-03,65,395831000
2316,2024-10-10,66,568631000
2317,2025-06-26,65,117288000
2318,2024-01-24,49,20270000
2319,2025-11-16,14,343976000
2320,2024-03-07,57,480165000
2321,2024-11-05,61,479005000
2322,2024-08-17,29,116445000
2323,2025-02-13,53,68103000
2324,2024-01-20,16,96617000
2325,2025-04-23,36,541788000
2326,2024-06-07,49,469768000
2327,2024-09-26,2,454913000
2328,2024-11-12,2,98124000
2329,2025-07-02,51,177068000
2330,2024-12-15,66,149569000
2331,2024-03-31,32,467190000
2332,2024-08-26,80,330770000
2333,2025-05-20,56,692994000
2334,2025-11-26,59,44816000
2335,2024-12-09,11,77738000
2336,2024-05-09,29,459174000
2337,2025-09-16,10,17559000
2338,2025-12-17,22,91731000
2339,2024-12-27,24,82498000
2340,2024-12-26,49,256703000
2341,2024-06-18,40,109376000
2342,2025-11-17,52,470457000
2343,2025-06-17,28,102605000
2344,2024-08-06,22,130640000
2345,2024-12-20,22,181467000
2346,2025-10-16,4,180164000
2347,2025-02-20,54,784729000
2348,2024-06-04,64,220240000
2349,2025-11-13,32,195093000
2350,2025-06-09,26,25538000
2351,2024-06-06,2,334215000
2352,2024-10-25,80,247916000
2353,2025-03-23,24,364977000
2354,2025-05-23,21,335347000
2355,2024-10-14,23,402692000
2356,2024-03-13,44,164468000
2357,2024-09-12,10,459954000
2358,2025-12-16,55,58264000
2359,2025-09-07,42,260243000
2360,2025-10-16,78,283202000
2361,2025-07-06,28,12496000
2362,2025-02-18,54,119316000
2363,2025-07-12,51,113698000
2364,2025-05-07,67,342181000
2365,2024-04-03,34,173034000
2366,2025-11-23,46,397823000
2367,2025-09-07,65,486929000
2368,2024-07-18,50,671529000
2369,2024-02-08,69,52888000
2370,2025-05-03,46,158960000
2371,2025-10-11,35,190760000
2372,2025-09-30,28,768298000
2373,2024-03-19,3,202726000
2374,2025-01-27,30,54857000
2375,2024-08-17,75,168320000
2376,2024-09-03,66,361882000
2377,2024-05-03,32,90914000
2378,2024-03-17,50,177514000
2379,2024-09-19,51,122343000
2380,2025-10-06,9,206328000
2381,2025-08-19,44,100248000
2382,2025-11-04,57,75323000
2383,2024-12-18,19,225144000
2384,2025-01-08,21,82004000
2385,2025-12-14,67,253853000
2386,2024-02-17,26,376800000
2387,2025-02-22,34,130222000
2388,2024-06-04,63,98741000
2389,2025-09-13,59,299930000
2390,2024-05-29,3,195891000
2391,2024-03-05,51,82442000
2392,2024-12-09,16,240466000
2393,2025-04-05,57,66370000
2394,2024-03-17,5,128403000
2395,2025-04-08,1,73247000
2396,2025-09-23,69,247182000
2397,2025-10-13,77,43701000
2398,2025-11-09,51,96200000
2399,2025-12-20,33,190333000
2400,2024-11-29,39,126785000
2401,2024-06-04,58,68589000
2402,2024-12-20,21,276261000
2403,2024-04-29,41,604715000
2404,2024-06-20,16,32742000
2405,2025-02-11,27,315727000
2406,2025-10-26,5,270934000
2407,2025-02-09,57,65032000
2408,2024-11-23,68,135963000
2409,2025-12-31,34,413660000
2410,2024-08-12,16,260964000
2411,2024-08-15,55,199518000
2412,2024-05-25,67,189850000
2413,2025-06-08,32,160027000
2414,2025-07-23,58,300546000
2415,2024-06-06,72,145370000
2416,2025-07-22,32,264561000
2417,2025-08-11,14,71390000
2418,2025-12-15,75,50650000
2419,2025-10-25,5,145044000
2420,2024-04-08,17,185654000
2421,2025-05-16,77,389252000
2422,2024-10-29,63,224402000
2423,2025-09-04,73,156690000
2424,2025-03-13,47,798387000
2425,2024-11-10,70,333532000
2426,2024-01-18,57,129528000
2427,2024-04-06,21,315129000
2428,2024-03-24,47,99266000
2429,2025-09-24,35,176795000
2430,2025-03-23,52,118775000
2431,2025-11-04,68,165856000
2432,2024-12-03,20,86695000
2433,2024-10-07,69,134851000
2434,2025-11-18,18,106670000
2435,2024-10-11,31,181346000
2436,2025-07-15,25,220251000
2437,2024-10-15,41,48160000
2438,2024-03-17,72,41182000
2439,2025-10-31,23,58106000
2440,2024-12-12,74,356509000
2441,2025-12-17,44,19068000
2442,2025-03-30,67,256020000
2443,2024-10-24,60,406450000
2444,2025-12-04,46,210341000
2445,2025-04-07,18,365146000
2446,2024-03-14,59,147685000
2447,2025-02-21,15,100701000
2448,2025-12-17,24,317442000
2449,2024-11-22,67,641323000
2450,2025-02-21,63,175541000
2451,2024-03-26,29,257596000
2452,2025-11-07,79,164795000
2453,2025-08-02,2,68252000
2454,2025-03-03,56,14330000
2455,2025-10-17,17,279061000
2456,2024-02-15,32,551252000
2457,2025-02-05,58,131777000
2458,2024-10-08,65,46980000
2459,2024-10-03,78,271687000
2460,2025-04-09,2,400110000
2461,2025-12-06,48,360493000
2462,2025-11-28,79,19125000
2463,2025-04-22,1,77293000
2464,2024-10-20,12,42110000
2465,2025-06-24,32,250487000
2466,2025-02-26,42,379402000
2467,2024-10-17,18,190748000
2468,2024-07-10,8,53868000
2469,2025-08-14,9,510003000
2470,2025-01-17,26,203552000
2471,2025-12-27,31,331167000
2472,2025-02-15,58,481831000
2473,2024-12-25,71,558144000
2474,2024-12-19,51,429323000
2475,2025-09-12,19,259741000
2476,2024-03-27,51,345148000
2477,2025-02-25,8,16766000
2478,2024-08-03,35,191821000
2479,2024-09-21,47,271122000
2480,2024-07-05,71,219224000
2481,2025-01-26,37,14193000
2482,2024-01-27,33,155295000
2483,2024-04-26,68,26166000
2484,2025-02-24,17,426526000
2485,2024-04-22,11,184668000
2486,2024-02-13,39,116431000
2487,2025-01-06,34,78694000
2488,2025-09-08,12,338765000
2489,2024-11-21,59,203351000
2490,2025-04-27,28,202652000
2491,2025-04-25,12,563115000
2492,2025-11-14,80,419294000
2493,2024-07-08,39,52930000
2494,2025-01-07,45,219501000
2495,2024-02-08,77,358107000
2496,2024-11-14,66,22483000
2497,2025-04-11,8,63330000
2498,2024-06-28,37,154937000
2499,2024-07-11,12,155471000
2500,2024-06-14,22,486150000
2501,2025-11-17,29,117910000
2502,2025-08-21,34,82562000
2503,2024-02-04,27,79018000
2504,2025-06-28,10,122830000
2505,2025-04-06,19,204913000
2506,2024-10-28,43,319008000
2507,2024-01-04,45,278468000
2508,2025-03-07,37,207694000
2509,2025-05-31,9,37620000
2510,2025-10-23,28,180070000
2511,2024-12-15,61,247495000
2512,2025-01-21,2,29714000
2513,2024-08-21,79,59298000
2514,2025-06-19,7,168220000
2515,2025-05-24,56,148004000
2516,2024-04-03,63,241064000
2517,2025-03-29,11,169924000
2518,2024-12-09,20,285028000
2519,2024-05-08,32,12617000
2520,2025-06-29,52,37144000
2521,2024-03-10,34,70437000
2522,2024-06-07,55,241546000
2523,2025-03-12,2,134028000
2524,2024-01-20,55,753892000
2525,2025-01-30,33,67974000
2526,2025-04-11,40,1156000
2527,2024-01-03,40,78618000
2528,2024-05-26,13,59034000
2529,2025-06-08,76,205355000
2530,2024-06-19,17,38417000
2531,2024-03-29,40,19320000
2532,2024-06-21,66,44318000
2533,2024-12-25,55,396318000
2534,2025-03-01,44,134604000
2535,2025-04-20,68,505530000
2536,2024-11-01,20,382611000
2537,2024-08-13,14,366118000
2538,2024-04-06,13,126760000
2539,2024-07-17,13,148765000
2540,2025-11-26,12,405195000
2541,2025-07-03,19,108841000
2542,2024-09-26,25,167473000
2543,2025-10-15,49,207506000
2544,2024-10-06,46,63840000
2545,2024-03-07,12,84230000
2546,2025-04-28,16,161477000
2547,2024-07-21,21,1600000
2548,2025-11-08,36,241866000
2549,2025-07-24,7,306999000
2550,2025-04-07,1,255667000
2551,2024-07-13,47,64177000
2552,2025-08-17,61,153342000
2553,2025-10-15,72,125991000
2554,2024-02-26,36,174614000
2555,2025-09-03,41,128628000
2556,2024-01-01,3,265745000
2557,2024-04-07,50,87261000
2558,2025-07-11,41,64618000
2559,2025-12-23,21,266661000
2560,2025-07-22,74,135766000
2561,2024-01-28,65,822170000
2562,2024-07-05,31,164209000
2563,2025-12-14,65,17693000
2564,2025-03-09,43,31490000
2565,2024-02-01,71,499190000
2566,2024-05-08,38,183040000
2567,2025-10-12,18,417531000
2568,2025-04-12,4,115601000
2569,2024-12-11,57,239300000
2570,2024-03-13,68,327501000
2571,2024-11-26,38,234921000
2572,2024-05-09,41,77710000
2573,2024-03-19,9,167814000
2574,2024-08-07,38,155499000
2575,2024-06-27,61,64286000
2576,2024-10-13,46,468083000
2577,2024-01-31,40,501196000
2578,2025-01-22,43,314198000
2579,2024-09-23,79,210149000
2580,2025-01-04,77,23223000
2581,2024-11-04,78,344700000
2582,2024-07-23,65,121370000
2583,2024-04-09,77,1046207000
2584,2025-11-17,52,351339000
2585,2024-09-09,64,301139000
2586,2024-10-29,51,218975000
2587,2025-09-27,70,298821000
2588,2025-08-16,61,273927000
2589,2025-06-12,3,352092000
2590,2024-07-22,33,103829000
2591,2024-07-05,78,52404000
2592,2024-04-01,14,300593000
2593,2024-08-21,73,439220000
2594,2025-03-06,63,252762000
2595,2024-08-21,16,193352000
2596,2025-09-29,72,120872000
2597,2024-08-15,60,45199000
2598,2025-07-29,70,55298000
2599,2025-02-06,58,161831000
2600,2025-08-20,49,235256000
2601,2024-02-23,8,56254000
2602,2025-02-12,52,142474000
2603,2025-03-23,50,17430000
2604,2024-10-22,34,618125000
2605,2024-12-09,27,202904000
2606,2025-12-22,7,228999000
2607,2024-07-31,18,168635000
2608,2025-07-24,33,674845000
2609,2024-01-11,23,185384000
2610,2025-01-17,76,71265000
2611,2024-04-20,3,24218000
2612,2024-03-28,21,188160000
2613,2025-05-20,76,91867000
2614,2025-11-09,16,210182000
2615,2025-03-30,77,31964000
2616,2025-01-27,36,299513000
2617,2025-07-26,67,56837000
2618,2024-11-16,75,74198000
2619,2024-05-06,3,130261000
2620,2025-10-04,64,189826000
2621,2024-07-13,78,228294000
2622,2024-02-24,66,254893000
2623,2024-01-26,49,168757000
2624,2025-07-18,26,115917000
2625,2024-07-24,8,336467000
2626,2024-04-19,53,115582000
2627,2024-12-24,66,11704000
2628,2025-01-20,47,238352000
2629,2025-03-18,20,111747000
2630,2024-04-21,5,126223000
2631,2024-09-03,67,145916000
2632,2025-12-28,41,194457000
2633,2024-02-23,78,180182000
2634,2024-11-05,6,210657000
2635,2024-11-15,63,435120000
2636,2025-04-15,23,114083000
2637,2024-11-24,39,442774000
2638,2025-07-02,3,362838000
2639,2024-01-06,53,104587000
2640,2025-06-15,68,47060000
2641,2025-11-26,36,57082000
2642,2025-06-02,67,143798000
2643,2024-12-24,64,180711000
2644,2024-07-22,66,75176000
2645,2025-10-25,73,133204000
2646,2024-01-28,5,129623000
2647,2025-01-29,44,215024000
2648,2025-09-25,58,355136000
2649,2025-09-02,24,135641000
2650,2024-02-01,71,192260000
2651,2024-08-04,37,269704000
2652,2024-01-21,9,107206000
2653,2025-04-21,49,216982000
2654,2025-10-25,26,493943000
2655,2024-06-06,20,60655000
2656,2024-02-14,63,23345000
2657,2024-05-08,69,62312000
2658,2024-10-28,45,60312000
2659,2024-06-11,53,221816000
2660,2025-03-07,75,385367000
2661,2025-08-02,76,200998000
2662,2024-05-04,10,58347000
2663,2024-10-07,44,235806000
2664,2024-03-02,36,94348000
2665,2025-08-07,29,213562000
2666,2024-01-27,21,409732000
2667,2025-02-01,77,180632000
2668,2024-04-19,58,416999000
2669,2024-12-08,56,123726000
2670,2024-07-26,73,135424000
2671,2025-04-28,55,38329000
2672,2024-10-27,53,343886000
2673,2025-08-16,39,375811000
2674,2024-01-09,48,176733000
2675,2024-11-27,14,160481000
2676,2025-11-07,8,663716000
2677,2025-08-06,16,237116000
2678,2025-06-07,1,419799000
2679,2025-05-27,52,127867000
2680,2024-06-09,45,135546000
2681,2025-12-16,51,27496000
2682,2024-04-29,72,87713000
2683,2025-01-12,16,276762000
2684,2024-08-18,27,130488000
2685,2024-12-10,39,39262000
2686,2025-03-30,67,363887000
2687,2024-06-04,15,34919000
2688,2024-12-04,35,79019000
2689,2025-08-20,79,207554000
2690,2024-04-22,60,186570000
2691,2025-10-07,12,579816000
2692,2024-12-04,25,134122000
2693,2025-04-30,39,170594000
2694,2025-02-20,4,195457000
2695,2025-03-23,7,666730000
2696,2024-12-31,20,234883000
2697,2025-02-17,12,138719000
2698,2025-09-17,10,156534000
2699,2025-05-14,72,118176000
2700,2024-08-22,14,253868000
2701,2025-11-19,33,27626000
2702,2024-07-07,57,503534000
2703,2024-05-29,79,494317000
2704,2024-04-10,24,55240000
2705,2025-08-13,28,164257000
2706,2024-08-04,1,161831000
2707,2024-06-14,21,581737000
2708,2025-11-18,56,198310000
2709,2024-12-27,13,319671000
2710,2025-09-08,2,124134000
2711,2024-06-11,1,468211000
2712,2024-01-12,8,144331000
2713,2025-11-14,37,194775000
2714,2025-02-23,13,245248000
2715,2025-07-29,15,88190000
2716,2025-08-23,13,86360000
2717,2024-10-09,36,589082000
2718,2024-09-18,52,127270000
2719,2025-05-24,60,188307000
2720,2025-03-24,53,17576000
2721,2025-02-14,40,42364000
2722,2025-07-31,65,75946000
2723,2024-12-31,8,360450000
2724,2024-01-02,77,20082000
2725,2025-03-18,18,186424000
2726,2025-06-15,31,42395000
2727,2025-08-18,79,197517000
2728,2024-12-16,2,333649000
2729,2025-09-20,19,225099000
2730,2024-12-10,3,47525000
2731,2025-10-19,39,205903000
2732,2025-12-10,6,384069000
2733,2024-06-24,40,77349000
2734,2025-11-02,43,816406000
2735,2025-12-13,28,121172000
2736,2025-10-14,7,93085000
2737,2025-03-04,13,69089000
2738,2024-09-19,63,68769000
2739,2025-03-05,61,85753000
2740,2025-08-11,10,51453000
2741,2024-06-05,49,324312000
2742,2024-11-29,26,384956000
2743,2024-10-19,64,1042096000
2744,2025-09-25,52,171203000
2745,2024-09-28,74,40176000
2746,2024-06-09,58,451500000
2747,2024-08-25,6,366728000
2748,2025-10-02,62,568186000
2749,2024-11-21,30,62482000
2750,2025-06-26,21,352447000
2751,2024-06-04,27,71358000
2752,2024-12-04,40,13842000
2753,2025-10-01,49,535696000
2754,2024-03-31,34,109150000
2755,2024-08-05,29,157602000
2756,2024-04-29,17,58932000
2757,2025-10-14,27,268328000
2758,2024-02-26,39,335598000
2759,2025-08-13,31,117118000
2760,2025-11-27,1,203772000
2761,2024-12-23,66,422583000
2762,2025-10-21,33,529407000
2763,2025-05-05,41,120673000
2764,2025-02-25,60,64237000
2765,2024-06-08,52,333790000
2766,2025-08-18,17,136506000
2767,2024-04-18,67,80020000
2768,2024-01-07,41,158755000
2769,2024-04-27,45,58129000
2770,2025-09-15,9,119146000
2771,2024-08-24,1,339861000
2772,2024-04-28,76,208325000
2773,2024-04-01,78,64821000
2774,2025-06-24,45,140464000
2775,2024-12-11,25,62659000
2776,2024-04-16,33,146656000
2777,2025-01-22,54,26567000
2778,2024-04-28,31,51878000
2779,2025-02-20,38,62044000
2780,2024-12-16,56,397920000
2781,2024-06-09,60,216982000
2782,2025-10-11,62,131869000
2783,2025-10-22,76,370258000
2784,2024-03-17,3,69246000
2785,2024-07-20,44,141899000
2786,2024-11-20,45,160804000
2787,2024-01-31,66,802400000
2788,2024-09-26,24,193340000
2789,2025-08-13,9,49060000
2790,2025-04-09,36,66881000
2791,2024-02-19,25,361779000
2792,2024-10-09,80,242551000
2793,2024-09-12,47,38395000
2794,2025-04-25,69,300606000
2795,2024-09-09,2,618877000
2796,2025-07-24,22,33582000
2797,2025-04-04,72,269763000
2798,2025-10-04,18,401598000
2799,2025-04-25,12,293976000
2800,2025-06-25,63,740990000
2801,2025-09-30,57,214334000
2802,2025-05-02,39,95642000
2803,2025-03-13,47,249701000
2804,2025-11-02,1,180459000
2805,2025-06-07,46,207679000
2806,2024-12-09,34,288716000
2807,2025-04-19,79,327164000
2808,2024-06-23,18,483774000
2809,2025-06-27,10,111948000
2810,2024-05-14,77,184151000
2811,2024-05-16,40,257659000
2812,2024-10-03,49,78136000
2813,2024-02-20,48,201850000
2814,2025-02-12,72,445238000
2815,2025-10-13,59,161358000
2816,2024-10-26,12,223034000
2817,2025-10-01,15,74353000
2818,2025-02-24,31,95061000
2819,2024-06-12,58,784201000
2820,2024-06-01,72,62611000
2821,2024-08-04,80,653449000
2822,2024-12-04,38,323274000
2823,2024-02-01,6,28112000
2824,2024-06-09,47,108596000
2825,2025-07-08,46,315594000
2826,2024-04-30,68,149880000
2827,2025-01-13,70,197522000
2828,2024-02-10,71,65486000
2829,2025-02-17,13,81363000
2830,2025-08-10,66,44836000
2831,2024-07-04,21,294539000
2832,2024-12-14,12,83761000
2833,2024-12-26,57,444128000
2834,2025-03-12,54,75030000
2835,2025-09-27,67,247333000
2836,2024-05-20,54,263213000
2837,2024-10-17,70,67461000
2838,2025-02-21,17,354058000
2839,2024-02-26,2,689228000
2840,2024-10-21,10,373671000
2841,2024-05-10,31,363178000
2842,2025-06-08,55,503192000
2843,2025-12-01,20,51637000
2844,2024-04-20,71,116897000
2845,2025-04-28,73,28058000
2846,2024-08-25,76,501688000
2847,2025-03-05,59,886341000
2848,2024-12-13,42,157448000
2849,2025-04-25,45,620610000
2850,2025-11-08,71,143618000
2851,2025-02-24,49,38335000
2852,2024-11-18,59,218856000
2853,2025-12-13,17,260667000
2854,2024-11-03,63,355719000
2855,2025-06-11,78,814450000
2856,2025-09-17,2,366969000
2857,2025-08-13,6,135784000
2858,2025-02-17,7,75380000
2859,2024-08-25,26,163260000
2860,2024-01-12,12,38532000
2861,2024-05-07,13,160699000
2862,2024-05-20,40,146644000
2863,2025-06-02,65,389354000
2864,2024-06-06,42,23198000
2865,2024-07-21,2,127919000
2866,2025-06-02,7,117459000
2867,2024-05-14,5,97426000
2868,2025-03-03,57,132746000
2869,2024-11-09,72,56955000
2870,2024-05-16,18,42568000
2871,2025-02-15,79,399577000
2872,2025-12-14,59,65844000
2873,2025-01-22,22,14311000
2874,2024-01-20,37,153504000
2875,2025-09-24,63,183740000
2876,2024-03-26,47,163452000
2877,2025-05-01,3,18291000
2878,2024-07-20,79,176166000
2879,2024-05-26,13,62912000
2880,2025-09-14,6,341117000
2881,2024-08-15,5,24303000
2882,2024-03-07,61,24072000
2883,2024-10-05,46,434669000
2884,2024-03-03,18,51236000
2885,2024-11-26,58,308243000
2886,2024-05-29,16,214930000
2887,2024-05-22,53,51600000
2888,2025-03-14,50,141551000
2889,2025-11-04,28,144958000
2890,2024-06-18,6,255813000
2891,2024-09-30,64,293274000
2892,2024-07-08,62,850618000
2893,2024-08-12,6,204792000
2894,2024-01-07,63,165695000
2895,2024-06-05,72,163013000
2896,2024-12-11,30,292833000
2897,2024-05-11,33,355014000
2898,2024-01-14,20,391288000
2899,2025-12-23,80,53428000
2900,2024-12-06,47,183302000
2901,2025-11-24,29,334398000
2902,2024-07-29,38,29302000
2903,2024-11-24,19,189135000
2904,2024-06-01,47,182323000
2905,2025-03-28,35,472347000
2906,2024-06-24,38,408556000
2907,2024-01-07,66,86742000
2908,2025-05-23,61,391362000
2909,2025-08-07,77,595894000
2910,2025-08-26,72,146232000
2911,2024-10-23,5,411624000
2912,2024-07-17,54,138469000
2913,2024-06-21,4,213149000
2914,2025-12-03,29,85234000
2915,2024-04-08,21,420432000
2916,2024-01-23,55,309157000
2917,2025-11-22,75,147282000
2918,2025-12-20,6,443288000
2919,2024-11-09,39,189302000
2920,2024-09-25,10,179291000
2921,2025-05-23,9,97446000
2922,2025-12-13,56,238515000
2923,2024-05-12,9,74284000
2924,2025-07-18,56,28762000
2925,2024-12-18,78,36710000
2926,2024-08-24,33,105306000
2927,2025-08-03,22,293775000
2928,2024-05-29,33,102178000
2929,2025-06-28,5,518838000
2930,2024-08-13,12,229228000
2931,2024-03-05,67,254473000
2932,2024-02-24,32,354457000
2933,2025-12-28,11,48175000
2934,2025-01-01,64,110160000
2935,2025-10-01,14,160677000
2936,2025-04-06,23,27650000
2937,2025-03-27,70,433636000
2938,2025-04-23,49,42021000
2939,2024-04-27,66,851678000
2940,2025-05-20,70,274956000
2941,2024-07-11,80,304509000
2942,2025-10-09,25,263508000
2943,2025-08-19,18,211133000
2944,2024-03-01,23,163143000
2945,2025-01-22,20,146068000
2946,2024-06-13,60,44389000
2947,2025-08-14,49,277630000
2948,2024-04-27,76,68003000
2949,2024-10-02,23,714134000
2950,2024-07-02,34,262440000
2951,2025-05-03,45,44350000
2952,2025-02-28,12,553064000
2953,2024-11-21,16,155196000
2954,2025-01-15,79,177022000
2955,2025-09-07,23,340702000
2956,2025-06-12,14,159380000
2957,2025-06-08,18,155190000
2958,2025-09-16,61,38253000
2959,2025-05-11,57,4230000
2960,2024-08-01,49,158180000
2961,2025-03-18,60,183178000
2962,2024-10-15,16,291341000
2963,2024-06-26,29,71521000
2964,2025-01-12,23,237585000
2965,2025-11-16,68,85118000
2966,2024-03-19,74,16253000
2967,2025-08-19,77,136024000
2968,2024-03-02,37,25348000
2969,2025-11-04,55,237185000
2970,2024-04-14,11,121171000
2971,2024-11-03,18,175681000
2972,2024-02-24,36,95936000
2973,2025-12-27,26,219897000
2974,2024-03-03,11,55867000
2975,2024-02-01,48,405971000
2976,2025-08-23,70,46376000
2977,2024-10-18,79,101867000
2978,2025-11-06,27,159806000
2979,2024-03-16,29,297819000
2980,2025-03-17,51,123867000
2981,2024-07-09,68,116104000
2982,2025-09-23,25,283268000
2983,2024-01-29,8,123861000
2984,2025-06-14,46,200693000
2985,2024-06-21,42,160331000
2986,2025-11-29,73,93617000
2987,2024-07-31,72,296556000
2988,2025-10-10,27,330497000
2989,2025-07-22,69,248356000
2990,2025-11-09,79,300866000
2991,2024-11-10,55,467286000
2992,2024-05-19,41,135047000
2993,2025-12-08,35,121599000
2994,2025-01-07,73,345308000
2995,2025-03-12,34,115558000
2996,2025-12-30,16,407648000
2997,2025-12-19,78,861228000
2998,2025-07-10,77,367468000
2999,2024-03-21,1,48776000
3000,2025-09-15,64,3249000
3001,2024-12-23,21,84200000
3002,2024-07-25,4,194566000
3003,2024-11-25,3,60603000
3004,2024-05-10,41,62631000
3005,2024-07-22,59,139007000
3006,2024-03-10,72,9588000
3007,2025-09-15,18,115299000
3008,2024-07-22,10,198996000
3009,2024-02-28,44,344247000
3010,2025-07-20,49,544036000
3011,2025-08-18,25,160524000
3012,2025-07-26,76,30960000
3013,2025-02-16,29,314730000
3014,2025-12-01,12,418457000
3015,2024-12-14,38,161790000
3016,2024-05-09,47,18104000
3017,2024-12-06,20,86446000
3018,2024-03-12,66,706880000
3019,2024-07-10,46,4019000
3020,2024-02-11,36,308598000
3021,2024-11-30,73,396305000
3022,2024-12-10,75,119067000
3023,2025-12-23,71,81583000
3024,2025-03-11,9,355466000
3025,2025-09-16,55,129109000
3026,2025-08-06,12,33128000
3027,2025-10-23,50,85521000
3028,2024-09-17,77,336960000
3029,2024-06-12,59,271990000
3030,2025-07-07,71,154758000
3031,2025-09-22,73,635695000
3032,2025-08-12,76,98799000
3033,2024-09-18,13,34399000
3034,2025-06-15,17,36666000
3035,2024-12-16,52,10260000
3036,2025-01-16,29,193184000
3037,2025-07-26,62,625269000
3038,2025-06-30,58,211200000
3039,2025-05-28,23,26616000
3040,2024-03-07,28,767748000
3041,2025-02-01,74,86989000
3042,2025-04-17,42,331788000
3043,2024-01-06,57,151262000
3044,2024-10-21,66,266112000
3045,2024-09-29,21,421784000
3046,2024-04-14,68,285915000
3047,2024-07-02,22,99584000
3048,2025-06-25,61,172165000
3049,2025-03-03,14,312151000
3050,2025-11-30,7,192315000
3051,2025-05-22,71,135609000
3052,2025-02-12,2,108810000
3053,2024-03-23,29,287372000
3054,2025-01-14,66,29918000
3055,2025-07-17,40,436844000
3056,2024-08-31,12,459072000
3057,2025-10-06,10,202201000
3058,2024-11-04,55,95814000
3059,2025-12-09,48,314853000
3060,2025-07-25,72,250515000
3061,2024-03-07,48,651922000
3062,2024-05-22,27,170025000
3063,2025-02-04,77,154416000
3064,2025-07-15,79,472379000
3065,2024-12-04,58,55582000
3066,2025-10-10,27,395694000
3067,2024-09-15,7,164132000
3068,2025-09-02,76,72401000
3069,2025-10-05,50,242660000
3070,2024-06-29,23,18105000
3071,2025-09-18,75,149062000
3072,2025-05-10,74,182121000
3073,2024-07-06,9,390112000
3074,2025-12-01,78,437399000
3075,2025-06-14,25,238930000
3076,2025-08-21,21,603377000
3077,2024-07-05,8,107407000
3078,2025-05-07,60,702110000
3079,2025-05-13,33,103905000
3080,2025-09-21,18,18504000
3081,2024-05-14,70,75683000
3082,2024-12-24,55,856698000
3083,2024-01-25,73,171618000
3084,2024-02-27,64,63198000
3085,2024-07-17,41,201243000
3086,2024-03-31,4,421140000
3087,2024-08-14,14,338232000
3088,2025-01-11,13,354800000
3089,2024-05-31,55,288935000
3090,2025-05-31,5,72734000
3091,2025-09-08,54,458518000
3092,2025-01-08,51,107155000
3093,2024-07-10,77,62348000
3094,2024-07-15,15,247326000
3095,2025-07-31,77,275192000
3096,2024-09-12,29,198379000
3097,2025-05-26,15,7395000
3098,2024-11-15,48,191556000
3099,2025-04-11,70,471082000
3100,2025-08-09,14,176772000
3101,2024-06-14,40,104626000
3102,2024-02-03,76,68024000
3103,2025-03-07,13,111242000
3104,2024-03-27,74,515314000
3105,2025-10-03,20,81681000
3106,2024-07-13,8,42625000
3107,2024-12-09,10,386078000
3108,2024-02-25,49,150690000
3109,2024-12-25,16,188320000
3110,2025-04-21,66,162166000
3111,2024-06-01,60,394607000
3112,2024-11-07,50,111570000
3113,2024-07-13,15,249599000
3114,2024-09-20,70,296309000
3115,2024-07-04,61,376750000
3116,2025-09-19,40,83697000
3117,2024-04-28,9,610409000
3118,2024-10-02,67,92701000
3119,2024-06-06,54,200807000
3120,2025-04-27,68,363263000
3121,2025-05-31,58,158594000
3122,2024-11-03,57,130603000
3123,2025-03-24,54,85830000
3124,2024-05-21,9,29156000
3125,2025-01-27,10,54449000
3126,2025-09-17,6,484531000
3127,2024-01-30,69,320825000
3128,2025-06-25,64,45386000
3129,2025-10-22,44,180380000
3130,2024-05-22,36,214541000
3131,2025-04-27,41,387437000
3132,2025-07-14,63,20384000
3133,2024-11-30,48,205978000
3134,2025-10-27,18,398613000
3135,2025-09-12,20,461569000
3136,2025-04-18,79,217110000
3137,2025-03-20,42,148524000
3138,2024-10-02,26,155290000
3139,2025-01-15,25,116554000
3140,2025-12-26,6,391048000
3141,2025-01-26,4,134648000
3142,2025-01-31,66,193996000
3143,2024-06-24,76,187869000
3144,2025-05-01,38,313988000
3145,2025-12-08,41,263266000
3146,2025-11-09,27,306686000
3147,2025-03-26,77,582676000
3148,2025-01-09,4,84726000
3149,2025-01-01,18,162202000
3150,2024-09-10,49,344152000
3151,2025-10-21,32,47137000
3152,2025-10-05,68,54299000
3153,2024-01-16,28,47479000
3154,2025-10-21,59,65224000
3155,2025-04-25,46,110797000
3156,2024-11-16,4,25688000
3157,2024-12-20,70,210902000
3158,2025-12-28,33,125193000
3159,2024-10-30,48,112461000
3160,2024-04-01,69,63555000
3161,2024-12-06,76,209165000
3162,2025-07-26,55,28695000
3163,2025-02-02,18,277591000
3164,2024-07-08,22,113023000
3165,2024-03-24,51,238218000
3166,2024-01-08,77,48804000
3167,2024-06-19,32,206061000
3168,2025-11-20,53,272660000
3169,2024-04-13,43,1100000
3170,2025-04-10,14,253770000
3171,2025-07-29,68,574590000
3172,2025-03-08,26,42840000
3173,2024-05-17,46,284546000
3174,2024-12-11,45,92801000
3175,2025-12-20,3,209753000
3176,2025-10-19,55,38125000
3177,2025-11-13,70,311364000
3178,2024-12-22,7,13068000
3179,2024-03-14,71,118211000
3180,2025-01-17,54,123096000
3181,2025-03-02,79,236417000
3182,2024-08-29,42,67979000
3183,2025-03-15,39,124223000
3184,2024-08-05,22,68195000
3185,2025-02-17,23,131424000
3186,2025-12-03,34,101185000
3187,2025-11-28,74,180796000
3188,2024-10-08,80,136960000
3189,2024-07-04,51,309271000
3190,2024-01-02,17,78719000
3191,2025-10-17,70,576490000
3192,2025-02-04,1,214559000
3193,2025-08-10,80,51061000
3194,2025-02-25,43,506892000
3195,2024-04-21,15,185551000
3196,2025-08-14,18,98694000
3197,2024-06-14,51,170178000
3198,2025-03-25,1,295960000
3199,2025-08-11,25,118732000
3200,2025-01-17,67,258296000
3201,2025-03-16,20,101682000
3202,2024-05-19,77,355938000
3203,2025-11-27,27,268594000
3204,2024-10-25,34,233640000
3205,2024-02-06,76,21681000
3206,2025-04-07,7,348932000
3207,2024-12-24,51,525627000
3208,2024-02-10,26,463980000
3209,2024-12-11,46,87523000
3210,2024-08-31,52,424523000
3211,2024-02-21,79,10230000
3212,2025-01-13,38,121748000
3213,2025-06-06,77,532857000
3214,2024-12-12,47,184526000
3215,2025-07-27,25,90341000
3216,2025-01-02,25,103518000
3217,2024-05-20,2,343418000
3218,2025-10-15,29,495280000
3219,2025-03-27,55,89676000
3220,2024-08-20,34,168652000
3221,2025-12-31,63,469865000
3222,2024-06-13,5,64358000
3223,2024-04-24,2,20160000
3224,2025-05-18,30,83511000
3225,2024-06-24,62,411885000
3226,2025-03-06,73,223412000
3227,2025-09-02,21,122216000
3228,2024-03-15,12,36469000
3229,2024-07-25,41,341658000
3230,2025-11-20,5,90270000
3231,2024-03-06,56,214647000
3232,2025-11-13,66,104514000
3233,2024-07-21,77,328841000
3234,2024-02-19,43,89184000
3235,2024-02-07,37,42489000
3236,2025-07-18,20,642051000
3237,2024-11-12,74,410078000
3238,2024-11-21,25,310906000
3239,2024-09-11,41,345277000
3240,2024-02-16,4,95471000
3241,2024-04-28,55,33835000
3242,2024-02-26,41,222441000
3243,2025-10-22,53,375042000
3244,2024-10-11,12,79882000
3245,2024-04-21,68,192651000
3246,2024-06-09,26,24055000
3247,2025-04-07,73,5478000
3248,2024-04-17,61,11440000
3249,2024-11-02,68,33884000
3250,2024-06-13,3,37970000
3251,2025-02-27,21,25203000
3252,2024-10-02,45,169732000
3253,2025-10-10,78,351351000
3254,2025-07-20,5,309288000
3255,2025-02-05,27,153589000
3256,2025-12-30,24,553475000
3257,2025-12-12,16,339782000
3258,2025-08-31,18,623890000
3259,2025-05-08,32,284539000
3260,2025-01-31,69,64662000
3261,2025-03-06,37,54195000
3262,2024-06-19,65,89947000
3263,2025-03-18,29,51025000
3264,2025-09-17,27,200707000
3265,2024-01-30,16,159751000
3266,2024-01-20,32,219184000
3267,2024-04-26,55,116472000
3268,2024-07-02,43,271458000
3269,2025-01-09,39,131586000
3270,2025-07-21,19,49316000
3271,2024-05-26,8,16772000
3272,2025-12-11,47,150724000
3273,2025-08-23,1,100011000
3274,2024-01-07,72,228051000
3275,2024-11-11,38,163297000
3276,2025-04-27,79,208814000
3277,2025-09-09,70,10953000
3278,2025-03-14,2,126917000
3279,2024-10-25,80,84337000
3280,2024-05-08,60,31514000
3281,2025-03-12,67,95640000
3282,2025-01-04,25,83205000
3283,2025-06-22,70,316182000
3284,2025-02-09,20,306810000
3285,2024-12-27,66,189779000
3286,2025-03-19,43,121980000
3287,2025-10-28,9,384169000
3288,2025-04-26,25,69034000
3289,2024-12-10,40,41338000
3290,2024-01-26,47,45612000
3291,2025-10-24,43,230915000
3292,2024-10-10,27,53009000
3293,2024-08-19,43,679588000
3294,2024-05-28,39,223594000
3295,2025-07-13,44,364608000
3296,2025-07-27,32,327393000
3297,2024-03-08,18,215138000
3298,2024-04-09,39,358737000
3299,2024-10-22,34,451437000
3300,2024-09-27,4,39404000
3301,2025-04-13,66,147126000
3302,2024-08-16,33,205233000
3303,2024-05-27,15,298989000
3304,2025-11-08,77,211989000
3305,2025-03-13,80,688687000
3306,2024-02-29,9,182212000
3307,2025-10-23,35,205916000
3308,2024-02-07,33,170738000
3309,2024-09-24,5,384578000
3310,2025-01-21,47,151356000
3311,2024-09-27,1,395919000
3312,2025-04-02,4,249298000
3313,2025-03-27,79,50082000
3314,2025-10-10,7,419458000
3315,2024-04-03,28,272270000
3316,2025-05-31,15,255011000
3317,2025-09-18,73,57438000
3318,2025-05-31,76,231501000
3319,2024-02-04,12,594389000
3320,2025-05-23,71,798621000
3321,2024-12-27,75,300869000
3322,2025-12-21,1,377708000
3323,2024-10-29,7,124953000
3324,2024-04-30,28,235508000
3325,2025-09-02,20,68619000
3326,2024-07-28,72,70275000
3327,2025-11-24,52,89530000
3328,2024-09-24,18,55221000
3329,2024-08-07,68,623852000
3330,2025-02-09,69,244594000
3331,2024-07-24,33,227813000
3332,2025-01-27,51,179388000
3333,2025-11-23,67,429809000
3334,2024-03-06,5,86927000
3335,2024-11-15,77,43206000
3336,2025-08-25,38,162400000
3337,2024-12-11,18,209266000
3338,2025-02-01,43,134660000
3339,2025-06-24,42,30126000
3340,2025-03-17,68,153978000
3341,2025-07-29,15,205468000
3342,2024-08-08,29,117990000
3343,2024-08-26,17,179940000
3344,2024-08-19,46,280209000
3345,2024-09-22,79,278218000
3346,2024-04-29,37,84554000
3347,2024-08-13,39,194252000
3348,2024-11-25,42,122825000
3349,2025-10-23,69,49120000
3350,2025-07-17,14,262598000
3351,2024-04-28,49,387121000
3352,2025-12-13,51,238653000
3353,2025-09-13,61,420394000
3354,2024-11-26,66,587452000
3355,2025-07-03,18,71733000
3356,2024-12-04,15,228732000
3357,2024-10-25,4,100622000
3358,2025-04-07,79,167569000
3359,2025-08-27,27,256182000
3360,2025-12-07,32,118424000
3361,2024-04-16,19,172826000
3362,2025-01-24,59,15148000
3363,2025-10-25,9,158879000
3364,2024-05-10,71,13962000
3365,2025-11-29,10,96259000
3366,2024-07-31,18,111598000
3367,2025-01-01,72,181376000
3368,2025-05-16,29,292488000
3369,2024-08-08,21,133853000
3370,2024-04-28,50,248820000
3371,2025-08-07,49,199328000
3372,2024-04-09,55,215838000
3373,2024-10-16,77,24839000
3374,2025-08-12,59,548684000
3375,2025-11-22,28,114416000
3376,2024-10-29,78,269230000
3377,2024-09-04,78,65560000
3378,2024-02-27,80,272667000
3379,2024-07-15,49,167972000
3380,2024-10-13,50,254831000
3381,2025-02-03,40,31040000
3382,2024-08-11,66,367908000
3383,2025-05-12,78,351438000
3384,2025-11-26,74,246531000
3385,2024-09-12,70,69979000
3386,2024-12-11,23,55878000
3387,2024-06-24,49,466871000
3388,2025-01-11,24,56569000
3389,2024-12-15,76,280477000
3390,2024-02-27,7,64493000
3391,2024-03-12,43,364622000
3392,2024-05-15,18,52272000
3393,2025-08-23,75,107020000
3394,2025-03-27,2,248168000
3395,2024-10-03,57,760415000
3396,2025-01-22,45,164480000
3397,2025-07-16,46,289889000
3398,2025-12-22,32,625074000
3399,2025-02-18,69,284072000
3400,2025-10-16,25,150059000
3401,2025-10-20,61,46971000
3402,2025-11-27,24,221680000
3403,2024-01-25,65,424551000
3404,2025-01-11,43,160309000
3405,2025-10-21,59,394932000
3406,2025-12-11,69,58164000
3407,2024-10-01,55,219155000
3408,2025-03-02,13,92371000
3409,2025-12-13,75,284792000
3410,2024-09-24,66,345173000
3411,2024-10-25,55,359524000
3412,2024-09-10,80,215588000
3413,2025-09-21,26,197411000
3414,2025-01-03,49,342203000
3415,2025-02-15,27,327338000
3416,2024-10-24,13,29770000
3417,2025-09-25,77,316306000
3418,2025-08-05,80,221576000
3419,2024-11-08,21,99864000
3420,2024-10-05,42,824938000
3421,2024-03-21,13,25002000
3422,2025-11-22,80,431789000
3423,2024-04-13,43,450986000
3424,2025-01-17,78,220236000
3425,2024-05-11,13,39286000
3426,2025-06-01,28,411525000
3427,2025-10-08,17,6204000
3428,2025-10-20,59,282561000
3429,2024-01-12,68,517746000
3430,2025-12-09,36,245443000
3431,2025-09-13,28,151064000
3432,2024-12-01,67,88887000
3433,2024-08-29,44,417241000
3434,2025-01-08,40,38190000
3435,2024-08-09,13,553947000
3436,2025-07-07,77,201801000
3437,2024-07-10,24,32392000
3438,2025-11-17,34,273285000
3439,2025-02-09,41,216354000
3440,2025-07-25,26,129406000
3441,2025-05-14,5,94724000
3442,2025-02-09,57,77807000
3443,2025-10-26,60,582403000
3444,2025-04-16,68,286409000
3445,2024-10-07,6,210344000
3446,2024-04-27,58,434854000
3447,2025-08-04,76,365645000
3448,2025-08-09,17,87049000
3449,2025-02-18,56,122826000
3450,2025-10-22,19,219703000
3451,2024-03-23,21,131043000
3452,2024-06-05,60,130884000
3453,2025-07-05,16,245592000
3454,2024-12-24,44,118078000
3455,2025-05-04,50,59440000
3456,2025-11-24,35,42918000
3457,2024-04-24,75,41909000
3458,2024-09-04,53,150126000
3459,2025-10-10,68,6125000
3460,2025-06-26,24,160496000
3461,2024-03-27,1,168966000
3462,2025-11-06,21,59251000
3463,2024-09-25,5,5100000
3464,2024-09-28,44,14568000
3465,2024-06-05,27,438788000
3466,2024-01-02,48,63945000
3467,2025-04-29,59,231008000
3468,2024-06-03,59,316158000
3469,2024-04-28,14,396800000
3470,2024-03-23,60,83834000
3471,2025-03-23,33,10532000
3472,2024-01-06,21,195901000
3473,2025-11-05,14,38271000
3474,2024-11-20,74,176512000
3475,2025-08-25,40,389523000
3476,2024-11-26,43,389622000
3477,2024-10-19,68,123928000
3478,2024-03-20,62,345840000
3479,2025-10-15,9,275291000
3480,2025-08-05,23,350582000
3481,2024-10-19,8,7896000
3482,2024-11-18,47,106200000
3483,2024-11-30,15,571296000
3484,2025-02-13,37,57414000
3485,2024-04-08,23,423151000
3486,2025-07-16,28,557574000
3487,2025-06-28,57,246568000
3488,2025-07-21,32,220057000
3489,2025-04-28,60,267036000
3490,2024-07-25,70,25269000
3491,2024-08-17,11,285566000
3492,2024-09-11,3,240853000
3493,2024-09-20,6,129191000
3494,2025-02-01,33,247678000
3495,2024-05-29,41,123110000
3496,2024-11-15,76,99582000
3497,2024-02-13,66,87332000
3498,2025-09-14,21,38471000
3499,2025-10-28,29,55222000
3500,2025-04-18,55,209690000
3501,2025-10-23,5,79668000
3502,2024-01-24,49,179689000
3503,2025-07-10,79,208592000
3504,2025-05-05,29,114736000
3505,2025-04-11,51,44044000
3506,2024-12-01,27,88780000
3507,2025-08-16,65,83312000
3508,2024-03-22,28,357294000
3509,2024-09-21,33,83200000
3510,2024-03-11,35,133398000
3511,2025-08-25,22,463553000
3512,2025-01-16,54,315069000
3513,2025-08-14,8,330495000
3514,2024-04-02,40,40247000
3515,2024-08-12,20,38940000
3516,2025-08-29,68,254936000
3517,2025-05-31,2,58550000
3518,2024-12-04,13,297346000
3519,2024-02-08,31,422313000
3520,2025-11-01,3,774927000
3521,2025-08-13,56,63839000
3522,2024-10-29,21,124893000
3523,2025-05-21,72,95570000
3524,2025-06-27,46,87866000
3525,2025-11-12,52,84150000
3526,2025-06-07,13,19796000
3527,2024-03-13,47,362446000
3528,2024-06-21,45,42768000
3529,2025-12-12,64,342874000
3530,2024-03-13,61,296098000
3531,2024-04-02,66,151603000
3532,2024-11-04,15,26747000
3533,2025-11-23,25,182170000
3534,2024-09-13,63,112717000
3535,2024-10-04,62,409340000
3536,2024-04-07,37,26288000
3537,2024-03-31,60,195856000
3538,2025-06-30,77,65589000
3539,2024-02-17,72,183611000
3540,2025-02-28,5,319765000
3541,2024-10-12,8,67465000
3542,2024-07-23,24,769695000
3543,2024-04-11,53,213530000
3544,2025-02-09,34,63528000
3545,2024-09-10,61,138637000
3546,2025-04-02,30,231962000
3547,2025-03-10,2,442541000
3548,2025-12-15,39,9794000
3549,2024-05-05,67,157797000
3550,2024-05-23,41,356568000
3551,2025-02-18,74,325953000
3552,2025-07-21,76,310608000
3553,2024-07-12,63,420043000
3554,2024-05-13,30,21888000
3555,2025-03-15,22,248567000
3556,2024-04-15,15,277508000
3557,2024-08-02,37,392824000
3558,2024-12-15,20,197705000
3559,2025-05-26,55,202942000
3560,2025-08-14,48,272926000
3561,2024-05-19,18,153521000
3562,2025-06-15,69,150260000
3563,2024-02-20,29,133353000
3564,2025-11-28,56,232809000
3565,2024-01-29,25,4620000
3566,2025-07-24,58,233638000
3567,2024-06-28,44,99450000
3568,2024-03-20,47,348804000
3569,2024-09-17,20,213263000
3570,2024-11-15,66,17220000
3571,2025-02-12,19,601963000
3572,2024-08-27,43,9950000
3573,2025-07-16,29,304070000
3574,2025-04-24,52,172074000
3575,2024-08-02,41,93635000
3576,2025-08-03,39,28206000
3577,2025-03-07,44,188861000
3578,2024-12-18,37,527882000
3579,2024-10-01,52,351371000
3580,2025-10-02,77,126695000
3581,2024-08-20,56,400088000
3582,2024-08-21,56,87402000
3583,2025-06-11,5,15085000
3584,2025-09-22,72,100306000
3585,2024-03-10,10,608654000
3586,2024-06-16,59,797675000
3587,2024-10-23,55,224180000
3588,2025-08-28,56,261851000
3589,2025-05-17,8,238000
3590,2025-09-05,48,207630000
3591,2024-05-10,27,161962000
3592,2024-02-05,75,744699000
3593,2025-07-28,15,62617000
3594,2025-09-19,57,240095000
3595,2025-01-07,40,134305000
3596,2025-12-07,3,121149000
3597,2024-12-28,79,30976000
3598,2025-03-23,74,24413000
3599,2024-07-21,73,131879000
3600,2025-09-22,31,127516000
3601,2024-02-09,15,187685000
3602,2025-09-02,10,240853000
3603,2024-02-01,70,186255000
3604,2025-12-02,1,132619000
3605,2024-04-20,45,270948000
3606,2025-09-17,36,53793000
3607,2025-05-11,14,180937000
3608,2025-08-23,20,55401000
3609,2025-12-20,18,482242000
3610,2025-05-01,1,101565000
3611,2024-08-05,50,296419000
3612,2025-04-10,33,122987000
3613,2025-05-05,55,188109000
3614,2025-04-28,75,62265000
3615,2025-04-18,75,120258000
3616,2024-05-26,4,132908000
3617,2024-06-02,14,228589000
3618,2025-02-23,75,129909000
3619,2024-02-22,5,58994000
3620,2025-10-17,43,216918000
3621,2025-07-23,15,149273000
3622,2025-06-27,74,162824000
3623,2025-05-07,75,198174000
3624,2024-07-08,37,27420000
3625,2025-10-19,55,47919000
3626,2025-10-21,61,143222000
3627,2025-06-30,33,12713000
3628,2024-10-09,18,73352000
3629,2025-05-22,53,226315000
3630,2024-10-31,74,122998000
3631,2024-10-20,63,91843000
3632,2024-12-21,70,53740000
3633,2024-03-01,19,77462000
3634,2025-04-19,33,374978000
3635,2025-11-17,56,396161000
3636,2024-11-23,52,885000
3637,2025-11-13,25,236535000
3638,2024-12-10,9,18115000
3639,2025-10-07,18,149153000
3640,2024-08-31,60,125602000
3641,2025-07-07,23,432570000
3642,2024-07-04,8,106460000
3643,2025-10-02,30,241828000
3644,2024-05-13,43,82003000
3645,2024-06-19,79,156869000
3646,2024-05-29,25,284609000
3647,2025-03-29,47,69916000
3648,2025-05-04,44,550032000
3649,2025-09-24,54,25172000
3650,2025-12-13,15,142621000
3651,2024-06-04,62,255673000
3652,2024-02-11,46,428584000
3653,2025-10-14,26,216852000
3654,2024-01-04,63,223904000
3655,2025-02-26,43,443362000
3656,2025-02-15,40,351786000
3657,2024-07-21,36,253578000
3658,2024-08-17,9,43694000
3659,2024-06-25,28,122247000
3660,2025-08-12,79,92496000
3661,2025-01-08,34,407784000
3662,2025-12-26,40,97122000
3663,2025-09-27,42,266451000
3664,2025-04-12,21,219794000
3665,2024-05-04,44,150396000
3666,2025-04-09,59,116875000
3667,2025-09-05,36,224285000
3668,2024-01-22,25,134043000
3669,2025-12-21,53,154507000
3670,2025-10-26,37,206080000
3671,2025-01-08,19,229356000
3672,2025-02-27,22,56804000
3673,2024-11-15,25,26964000
3674,2024-10-29,48,109994000
3675,2025-10-04,46,289760000
3676,2025-07-19,50,430463000
3677,2024-02-12,37,147369000
3678,2025-01-19,1,167094000
3679,2024-05-12,6,79344000
3680,2025-06-23,79,18876000
3681,2025-08-03,33,216415000
3682,2025-04-26,3,31759000
3683,2024-02-16,57,119437000
3684,2025-11-12,61,236785000
3685,2025-01-07,77,68636000
3686,2024-05-19,70,19885000
3687,2025-05-09,68,104394000
3688,2024-04-15,60,494407000
3689,2025-08-28,46,395115000
3690,2024-04-01,6,140767000
3691,2025-09-26,28,277843000
3692,2024-12-20,49,130851000
3693,2025-03-25,63,168250000
3694,2025-11-26,73,65017000
3695,2025-03-26,38,55644000
3696,2024-10-30,9,127717000
3697,2025-06-28,3,351906000
3698,2024-03-28,39,117301000
3699,2024-03-08,31,459462000
3700,2024-05-21,25,294314000
3701,2025-12-05,79,33527000
3702,2024-02-10,58,476677000
3703,2025-07-26,24,273345000
3704,2024-11-19,56,91607000
3705,2025-04-13,66,234870000
3706,2024-09-27,55,55540000
3707,2025-06-23,78,109305000
3708,2024-10-07,80,71414000
3709,2025-07-09,19,278467000
3710,2025-01-11,76,68176000
3711,2024-10-19,23,649539000
3712,2024-01-03,64,374952000
3713,2024-02-22,57,106880000
3714,2025-10-16,76,185279000
3715,2024-10-30,2,258508000
3716,2025-07-08,68,252771000
3717,2025-11-15,74,552660000
3718,2024-09-09,46,74303000
3719,2025-08-10,18,198073000
3720,2024-06-30,28,7775000
3721,2025-08-01,54,44226000
3722,2025-04-25,1,279786000
3723,2025-11-27,67,46793000
3724,2024-10-22,15,234800000
3725,2024-04-09,36,62016000
3726,2024-11-17,80,116404000
3727,2025-06-29,78,170066000
3728,2024-03-06,55,52524000
3729,2025-09-18,19,196465000
3730,2024-03-02,13,296180000
3731,2024-12-22,35,29017000
3732,2024-01-19,59,73260000
3733,2024-05-21,2,641111000
3734,2025-12-19,48,59673000
3735,2024-08-25,2,3738000
3736,2024-05-23,11,725747000
3737,2025-12-04,20,18100000
3738,2024-01-28,21,406820000
3739,2025-09-28,14,122659000
3740,2024-12-10,49,102644000
3741,2025-06-07,10,25026000
3742,2024-02-27,11,295781000
3743,2025-11-23,30,33455000
3744,2025-01-02,11,265735000
3745,2025-01-24,76,157535000
3746,2025-05-03,32,132212000
3747,2024-03-06,27,165887000
3748,2024-03-04,32,200250000
3749,2025-12-24,70,224073000
3750,2025-02-23,75,71700000
3751,2025-05-23,58,85224000
3752,2025-11-17,43,634761000
3753,2024-02-26,67,138071000
3754,2025-03-02,26,435863000
3755,2025-10-23,13,245589000
3756,2025-03-09,24,114384000
3757,2024-07-10,68,295282000
3758,2025-07-27,79,562199000
3759,2024-01-22,51,203780000
3760,2024-06-21,49,94955000
3761,2024-06-26,2,36001000
3762,2024-01-04,25,905756000
3763,2025-09-21,24,179300000
3764,2025-07-10,52,176178000
3765,2024-01-20,11,89798000
3766,2024-03-07,12,316606000
3767,2024-06-21,21,113025000
3768,2024-02-18,42,498579000
3769,2025-05-12,19,548754000
3770,2025-03-14,73,137535000
3771,2025-11-08,9,281071000
3772,2024-11-10,71,74970000
3773,2025-08-29,72,37214000
3774,2025-04-13,46,89402000
3775,2025-04-06,20,475133000
3776,2024-10-17,17,256083000
3777,2025-08-22,33,226967000
3778,2024-11-16,6,430644000
3779,2024-06-02,34,205184000
3780,2024-07-30,40,421303000
3781,2025-04-15,42,240685000
3782,2025-09-12,75,155969000
3783,2024-07-21,12,193038000
3784,2024-01-24,38,99488000
3785,2025-05-18,47,157452000
3786,2024-07-16,30,148550000
3787,2024-12-16,41,21846000
3788,2025-06-04,71,114348000
3789,2024-12-06,64,180410000
3790,2025-02-03,39,21910000
3791,2024-12-06,4,121413000
3792,2025-07-13,68,125222000
3793,2024-09-28,37,133260000
3794,2025-05-04,21,70797000
3795,2025-06-10,58,501464000
3796,2025-08-02,41,597346000
3797,2024-09-06,11,130676000
3798,2025-01-05,21,61239000
3799,2024-08-16,5,243883000
3800,2025-06-24,50,503264000
3801,2025-12-13,12,41513000
3802,2024-09-18,77,59232000
3803,2024-10-13,27,224840000
3804,2025-06-12,10,160718000
3805,2024-07-23,79,253433000
3806,2024-07-18,40,106828000
3807,2025-09-09,63,27281000
3808,2024-05-05,1,130573000
3809,2024-11-07,58,115392000
3810,2025-07-16,76,88162000
3811,2025-03-11,47,93824000
3812,2025-11-27,68,274239000
3813,2025-12-11,11,148686000
3814,2024-10-23,21,198847000
3815,2024-06-08,3,183696000
3816,2025-12-14,18,2730000
3817,2024-11-01,31,111462000
3818,2024-12-28,69,69500000
3819,2024-06-04,22,15768000
3820,2025-08-24,15,46120000
3821,2025-06-06,62,417530000
3822,2024-09-30,63,294443000
3823,2024-01-02,66,64925000
3824,2024-04-26,49,180820000
3825,2025-10-14,64,531673000
3826,2025-05-24,80,252943000
3827,2025-06-28,4,104127000
3828,2025-02-12,4,91664000
3829,2025-01-16,23,99781000
3830,2024-10-17,28,306865000
3831,2024-05-19,50,529009000
3832,2024-11-08,43,160550000
3833,2025-10-04,21,352051000
3834,2024-08-11,64,88196000
3835,2025-03-19,74,209968000
3836,2025-06-21,66,568321000
3837,2024-01-14,32,289735000
3838,2024-10-04,33,6618000
3839,2025-12-15,28,585245000
3840,2025-12-12,46,103565000
3841,2025-07-22,71,219057000
3842,2024-04-16,24,293642000
3843,2025-04-01,25,242013000
3844,2024-03-18,10,82114000
3845,2025-10-30,74,297471000
3846,2024-08-28,30,68108000
3847,2024-08-17,61,282224000
3848,2025-05-24,45,59028000
3849,2024-03-06,66,27327000
3850,2025-04-24,31,100873000
3851,2024-05-15,49,144441000
3852,2024-04-03,44,21807000
3853,2024-10-04,53,101798000
3854,2025-11-10,77,157966000
3855,2024-03-22,36,76001000
3856,2024-08-06,8,20026000
3857,2025-12-21,36,831825000
3858,2024-01-09,70,319153000
3859,2024-01-23,26,128125000
3860,2024-09-25,4,149239000
3861,2024-08-31,38,247380000
3862,2024-10-01,62,362772000
3863,2025-09-26,38,158644000
3864,2024-03-16,80,76943000
3865,2025-09-05,53,98840000
3866,2025-11-03,14,462474000
3867,2024-01-06,32,149438000
3868,2024-08-30,66,264405000
3869,2024-08-19,50,134126000
3870,2024-12-17,54,388735000
3871,2024-11-15,80,202079000
3872,2025-07-30,15,41598000
3873,2025-10-14,32,59261000
3874,2024-02-06,77,151191000
3875,2025-01-30,50,152071000
3876,2025-02-05,12,386112000
3877,2024-05-31,29,364630000
3878,2025-08-03,53,383371000
3879,2025-01-29,29,14124000
3880,2024-09-07,5,311552000
3881,2024-01-07,10,180317000
3882,2025-05-30,77,70861000
3883,2025-08-23,43,377863000
3884,2024-01-02,63,33731000
3885,2025-08-05,40,179523000
3886,2025-12-25,2,356011000
3887,2024-11-07,33,36247000
3888,2024-04-03,71,101384000
3889,2024-02-15,55,232514000
3890,2025-10-15,52,314136000
3891,2024-09-01,16,258410000
3892,2024-10-28,45,336840000
3893,2024-01-15,34,667192000
3894,2025-07-06,51,95604000
3895,2024-05-23,55,297680000
3896,2025-02-13,11,197832000
3897,2024-09-18,12,89970000
3898,2025-11-16,68,76986000
3899,2024-10-29,28,100455000
3900,2024-12-13,60,170622000
3901,2025-02-06,57,88756000
3902,2025-09-19,12,237714000
3903,2024-10-06,48,65250000
3904,2024-09-17,27,20419000
3905,2024-07-18,62,613137000
3906,2024-03-14,45,265228000
3907,2024-05-22,18,27136000
3908,2024-02-01,62,196986000
3909,2024-08-29,48,246060000
3910,2024-08-21,44,70218000
3911,2025-03-16,77,188476000
3912,2025-12-01,1,183297000
3913,2025-01-29,61,336125000
3914,2025-09-29,5,179478000
3915,2025-12-21,54,31042000
3916,2024-09-06,53,112417000
3917,2024-04-13,41,371718000
3918,2025-02-24,26,138555000
3919,2024-06-18,60,250240000
3920,2025-08-04,62,403001000
3921,2024-07-31,77,339442000
3922,2025-08-24,52,267995000
3923,2025-09-19,75,425399000
3924,2025-07-31,38,234260000
3925,2024-05-13,4,401908000
3926,2024-04-07,27,207789000
3927,2025-01-05,35,3150000
3928,2025-06-27,25,80200000
3929,2025-01-03,53,52896000
3930,2025-03-13,49,209806000
3931,2024-11-07,68,117156000
3932,2025-01-20,70,249421000
3933,2025-12-24,34,184524000
3934,2024-02-07,47,317756000
3935,2024-07-20,79,105726000
3936,2025-12-16,73,34045000
3937,2024-11-17,43,138667000
3938,2024-03-26,5,398602000
3939,2025-10-01,16,42441000
3940,2024-04-15,27,320756000
3941,2025-08-23,61,251318000
3942,2024-10-03,77,206832000
3943,2025-03-09,40,112901000
3944,2025-04-06,49,163835000
3945,2024-08-07,74,155806000
3946,2025-01-31,7,114955000
3947,2025-03-15,31,457783000
3948,2025-09-25,65,48184000
3949,2024-08-15,14,186667000
3950,2024-02-22,43,470162000
3951,2025-06-05,49,21510000
3952,2025-01-06,44,446184000
3953,2024-01-24,3,347955000
3954,2024-05-10,80,125206000
3955,2024-02-19,27,96303000
3956,2025-11-12,9,73949000
3957,2025-02-28,21,142753000
3958,2024-12-31,12,126547000
3959,2025-10-12,11,182716000
3960,2025-11-25,12,187869000
3961,2024-08-16,33,128098000
3962,2025-10-08,2,21946000
3963,2025-04-10,6,208957000
3964,2025-11-01,43,405206000
3965,2025-11-07,77,129272000
3966,2024-11-02,3,295298000
3967,2024-05-26,29,296431000
3968,2024-02-12,19,124311000
3969,2025-06-16,72,141881000
3970,2024-08-29,3,256827000
3971,2025-07-16,40,214000000
3972,2024-02-13,9,27179000
3973,2025-09-11,25,72378000
3974,2025-08-12,24,161983000
3975,2025-01-31,44,121529000
3976,2025-06-24,40,78786000
3977,2025-03-17,57,319552000
3978,2025-09-06,56,154639000
3979,2024-02-22,55,27628000
3980,2024-01-29,39,121134000
3981,2025-09-10,27,160099000
3982,2024-12-18,65,89221000
3983,2025-07-03,5,234156000
3984,2024-08-08,1,4399000
3985,2025-08-20,8,239406000
3986,2025-07-07,37,180984000
3987,2024-03-03,33,189307000
3988,2025-04-09,13,173497000
3989,2024-04-04,61,185468000
3990,2025-03-22,29,27890000
3991,2025-11-08,46,339465000
3992,2024-06-27,35,29486000
3993,2024-02-08,42,185213000
3994,2024-01-29,44,96910000
3995,2024-12-02,13,236524000
3996,2024-08-18,62,57306000
3997,2025-08-24,79,273801000
3998,2025-05-29,17,511743000
3999,2024-07-22,7,110778000
4000,2025-06-22,31,291252000
4001,2024-04-11,42,605881000
4002,2025-11-24,42,29820000
4003,2024-07-06,52,25100000
4004,2025-10-09,60,242344000
4005,2025-04-25,43,334450000
4006,2025-05-11,23,241756000
4007,2025-05-29,28,76111000
4008,2025-03-12,38,94426000
4009,2024-03-28,26,456920000
4010,2024-01-20,74,182089000
4011,2025-11-28,44,158545000
4012,2024-08-04,27,448651000
4013,2025-03-01,22,133307000
4014,2024-03-29,31,27696000
4015,2024-11-03,64,1083990000
4016,2025-07-06,36,248143000
4017,2024-03-25,22,132476000
4018,2024-07-22,68,268839000
4019,2025-02-18,80,234837000
4020,2024-10-29,47,173908000
4021,2024-11-02,2,2310000
4022,2025-05-12,50,174482000
4023,2024-08-24,32,72635000
4024,2025-09-22,76,67257000
4025,2025-05-29,54,74131000
4026,2024-05-17,22,190256000
4027,2025-01-22,79,126740000
4028,2024-02-14,3,204000
4029,2024-05-17,11,173434000
4030,2024-03-23,58,389795000
4031,2024-05-18,47,91143000
4032,2024-02-18,58,136527000
4033,2024-08-15,73,225594000
4034,2024-03-18,53,277667000
4035,2024-03-02,33,36540000
4036,2025-07-11,35,21850000
4037,2024-10-05,59,93153000
4038,2025-01-18,55,130300000
4039,2025-08-01,31,54665000
4040,2024-05-01,80,54645000
4041,2025-05-31,59,102851000
4042,2025-12-09,42,175495000
4043,2025-08-18,51,18730000
4044,2024-04-06,58,129557000
4045,2024-01-09,68,341955000
4046,2024-03-03,57,674687000
4047,2024-11-05,75,25599000
4048,2025-03-16,44,392008000
4049,2024-01-02,61,119177000
4050,2024-10-26,19,223432000
4051,2024-11-11,17,486216000
4052,2025-11-15,43,317772000
4053,2024-04-09,39,248843000
4054,2025-08-16,68,42136000
4055,2025-05-09,72,202981000
4056,2024-04-23,19,131881000
4057,2025-04-27,16,285305000
4058,2024-04-01,69,790402000
4059,2024-04-15,79,187070000
4060,2025-08-27,68,91130000
4061,2024-05-27,9,75926000
4062,2024-07-15,42,32880000
4063,2025-07-30,64,347343000
4064,2024-11-12,74,521919000
4065,2025-03-02,37,317432000
4066,2024-04-24,15,643232000
4067,2024-09-24,12,1750000
4068,2025-03-12,2,25023000
4069,2025-11-15,32,40285000
4070,2025-01-17,69,657916000
4071,2025-03-14,55,538442000
4072,2025-04-22,65,341139000
4073,2024-11-22,71,98124000
4074,2024-01-21,69,234840000
4075,2024-03-07,69,108955000
4076,2025-05-25,64,111521000
4077,2025-06-25,47,191475000
4078,2024-09-25,66,392940000
4079,2025-06-09,48,297909000
4080,2025-03-07,32,116169000
4081,2024-03-20,67,96849000
4082,2024-05-15,4,75638000
4083,2024-08-19,4,458936000
4084,2025-01-01,39,110288000
4085,2024-10-21,23,175924000
4086,2025-04-21,15,260891000
4087,2024-08-17,79,111295000
4088,2025-09-27,61,73604000
4089,2024-08-30,39,303901000
4090,2025-04-04,61,682806000
4091,2024-03-18,33,348065000
4092,2025-09-18,43,299172000
4093,2024-09-06,28,121690000
4094,2025-08-03,79,122683000
4095,2024-06-30,59,92642000
4096,2024-07-18,65,91983000
4097,2025-03-11,23,100988000
4098,2024-12-03,43,216606000
4099,2024-01-02,7,548048000
4100,2025-03-02,46,282562000
4101,2025-12-04,56,105982000
4102,2025-11-24,18,25571000
4103,2025-07-18,26,497328000
4104,2024-10-30,11,306481000
4105,2025-09-08,64,226547000
4106,2024-11-15,46,165557000
4107,2025-01-06,65,52171000
4108,2025-11-07,15,88339000
4109,2025-05-16,58,242000000
4110,2025-09-28,23,255180000
4111,2024-08-20,23,14149000
4112,2024-09-11,58,222489000
4113,2024-09-21,78,619201000
4114,2025-07-18,19,51684000
4115,2025-11-03,1,186421000
4116,2025-10-29,63,261104000
4117,2025-07-27,70,160723000
4118,2024-11-19,72,242600000
4119,2025-10-03,4,133436000
4120,2025-11-15,77,182338000
4121,2024-11-24,40,68602000
4122,2024-06-10,17,230726000
4123,2024-02-24,80,254902000
4124,2025-12-20,17,58197000
4125,2025-09-23,60,191889000
4126,2025-11-12,2,150198000
4127,2024-12-08,50,70572000
4128,2025-10-21,35,125924000
4129,2025-04-21,42,70977000
4130,2024-07-11,57,400309000
4131,2024-05-09,17,157608000
4132,2025-04-26,25,55400000
4133,2024-05-16,18,333190000
4134,2025-12-30,51,74324000
4135,2025-03-16,18,206513000
4136,2025-03-28,15,121654000
4137,2024-06-30,6,312203000
4138,2024-12-23,50,792000
4139,2024-03-22,53,282204000
4140,2025-02-12,42,72960000
4141,2024-07-10,60,75193000
4142,2025-11-02,17,127460000
4143,2024-09-28,66,555728000
4144,2025-09-16,67,69207000
4145,2024-02-01,7,566769000
4146,2024-03-14,62,49488000
4147,2025-02-02,33,326405000
4148,2024-11-06,79,447646000
4149,2024-02-07,61,175364000
4150,2024-01-27,73,296231000
4151,2024-02-17,75,2587000
4152,2024-10-04,16,348609000
4153,2024-12-15,10,259046000
4154,2024-08-25,9,123476000
4155,2024-11-25,47,84175000
4156,2024-02-04,65,41054000
4157,2025-09-18,3,244147000
4158,2025-02-13,30,8880000
4159,2025-09-27,78,84963000
4160,2024-09-26,58,109394000
4161,2024-01-16,42,181683000
4162,2024-10-23,74,14710000
4163,2025-09-06,17,410638000
4164,2024-06-14,2,195595000
4165,2025-05-01,37,96698000
4166,2024-10-13,29,185523000
4167,2024-01-27,5,139704000
4168,2025-07-17,53,454696000
4169,2025-07-18,32,347806000
4170,2024-08-09,55,228751000
4171,2024-12-23,44,104644000
4172,2025-03-30,6,222202000
4173,2024-05-03,57,115686000
4174,2025-09-04,54,101357000
4175,2025-04-27,28,322200000
4176,2024-01-24,30,51421000
4177,2024-05-27,68,148640000
4178,2024-05-05,30,403901000
4179,2025-03-04,21,381604000
4180,2024-06-04,21,101875000
4181,2024-11-19,21,218760000
4182,2025-02-26,7,84666000
4183,2025-03-08,32,209303000
4184,2025-01-03,5,83849000
4185,2024-07-21,62,47570000
4186,2024-07-16,70,36296000
4187,2024-06-09,8,144458000
4188,2024-01-24,59,182382000
4189,2024-04-13,16,219215000
4190,2024-06-11,71,31491000
4191,2025-12-14,27,96115000
4192,2024-04-17,39,87111000
4193,2025-12-05,24,135987000
4194,2024-06-10,23,210590000
4195,2024-08-09,62,287419000
4196,2024-01-15,62,96521000
4197,2024-05-27,3,31859000
4198,2025-02-17,18,232634000
4199,2024-07-08,29,62518000
4200,2024-11-21,9,24116000
4201,2024-03-06,62,387822000
4202,2024-02-22,66,228696000
4203,2024-05-09,4,113388000
4204,2025-10-05,37,408152000
4205,2025-05-20,34,126405000
4206,2024-05-10,57,408691000
4207,2024-03-17,59,138282000
4208,2025-05-12,28,52646000
4209,2025-06-06,21,148844000
4210,2024-09-18,32,227789000
4211,2024-07-26,41,458868000
4212,2025-02-26,51,134316000
4213,2025-12-25,73,367242000
4214,2025-03-12,70,55461000
4215,2024-10-19,67,343922000
4216,2025-05-08,10,78108000
4217,2025-06-24,6,90058000
4218,2024-02-20,21,124187000
4219,2025-06-20,22,104008000
4220,2024-12-23,3,113461000
4221,2025-06-26,55,712861000
4222,2025-04-15,19,152671000
4223,2024-10-03,38,140195000
4224,2024-12-21,43,92370000
4225,2024-06-05,63,136113000
4226,2024-02-23,72,203389000
4227,2025-01-13,5,254550000
4228,2025-09-05,13,315903000
4229,2024-09-26,4,139211000
4230,2024-09-24,3,115303000
4231,2024-09-05,71,359046000
4232,2024-07-04,40,489639000
4233,2024-11-07,46,321259000
4234,2025-11-14,1,449656000
4235,2024-10-25,17,28019000
4236,2024-07-22,62,146942000
4237,2025-07-03,21,563956000
4238,2025-09-18,17,61207000
4239,2025-06-18,30,49518000
4240,2024-12-17,65,20584000
4241,2024-06-09,42,117039000
4242,2025-10-26,32,139776000
4243,2024-11-16,77,289637000
4244,2025-03-08,50,33800000
4245,2025-10-09,67,82136000
4246,2024-08-24,58,127647000
4247,2025-08-24,14,133080000
4248,2025-02-28,68,350056000
4249,2024-02-01,31,500856000
4250,2025-11-25,9,450929000
4251,2024-11-20,80,102282000
4252,2024-09-18,49,27368000
4253,2024-10-06,30,196618000
4254,2025-12-01,8,260866000
4255,2024-10-04,51,112348000
4256,2024-12-18,47,32770000
4257,2025-11-14,4,95826000
4258,2025-06-12,73,294837000
4259,2025-01-01,54,612684000
4260,2025-10-25,59,426297000
4261,2024-06-11,55,325984000
4262,2024-05-27,6,91548000
4263,2024-11-13,80,261731000
4264,2024-09-05,8,241085000
4265,2025-02-21,57,12013000
4266,2024-03-18,78,471488000
4267,2024-08-18,53,140143000
4268,2024-12-28,3,115582000
4269,2025-07-01,28,400460000
4270,2025-08-06,68,275698000
4271,2025-09-24,22,306478000
4272,2024-02-15,4,20431000
4273,2025-11-01,22,157867000
4274,2024-11-12,20,245578000
4275,2024-09-16,25,170537000
4276,2025-10-19,34,96403000
4277,2025-05-24,11,308749000
4278,2025-12-04,2,278297000
4279,2024-02-02,63,20947000
4280,2025-11-08,15,151632000
4281,2025-05-27,56,994460000
4282,2024-11-01,42,264682000
4283,2024-06-05,55,95584000
4284,2025-03-23,36,192948000
4285,2025-12-27,34,81376000
4286,2024-06-19,4,248920000
4287,2024-12-22,63,132679000
4288,2024-08-03,8,192921000
4289,2025-01-11,71,325271000
4290,2024-04-26,53,15614000
4291,2025-10-27,40,272933000
4292,2024-03-10,10,35096000
4293,2024-06-27,12,72512000
4294,2024-02-26,19,82235000
4295,2024-12-24,19,305987000
4296,2024-12-27,63,77580000
4297,2025-01-16,72,191854000
4298,2025-08-25,79,652791000
4299,2024-12-20,27,192375000
4300,2025-07-10,9,6950000
4301,2025-12-19,39,333766000
4302,2025-08-18,20,126355000
4303,2025-10-02,47,23115000
4304,2024-02-12,39,79517000
4305,2024-03-01,22,68068000
4306,2025-12-04,15,149401000
4307,2025-09-01,28,36066000
4308,2025-07-06,35,63067000
4309,2025-09-30,24,669615000
4310,2025-07-18,44,30454000
4311,2025-01-22,75,235700000
4312,2024-07-26,34,262001000
4313,2025-10-29,38,409483000
4314,2025-08-17,15,277563000
4315,2025-01-08,22,183125000
4316,2025-03-13,60,60676000
4317,2025-07-15,51,464891000
4318,2024-10-24,51,17300000
4319,2025-05-10,28,221132000
4320,2024-01-03,68,132347000
4321,2024-05-13,3,29310000
4322,2024-11-25,78,191176000
4323,2024-03-10,14,499968000
4324,2025-11-29,38,28058000
4325,2024-08-15,44,651223000
4326,2024-07-31,33,117390000
4327,2025-05-04,57,454933000
4328,2024-03-06,55,169779000
4329,2025-08-24,5,313396000
4330,2024-04-11,71,507797000
4331,2024-09-17,41,808437000
4332,2025-03-14,70,142983000
4333,2025-06-10,27,69724000
4334,2025-12-13,38,338714000
4335,2024-05-09,54,15497000
4336,2024-12-05,14,249236000
4337,2025-03-17,36,160077000
4338,2024-10-05,36,900047000
4339,2025-01-20,75,253842000
4340,2024-07-15,31,319987000
4341,2025-05-05,19,237843000
4342,2024-02-21,44,115138000
4343,2024-01-18,65,185857000
4344,2024-09-12,7,261676000
4345,2025-07-20,53,193053000
4346,2025-10-05,39,70640000
4347,2024-09-09,42,443482000
4348,2024-04-23,35,590477000
4349,2024-06-15,38,6048000
4350,2024-05-09,78,604190000
4351,2025-07-28,17,78456000
4352,2024-02-18,70,102482000
4353,2025-09-18,5,563250000
4354,2025-05-06,47,303212000
4355,2025-01-21,18,373826000
4356,2025-06-28,5,195348000
4357,2025-08-06,35,448482000
4358,2025-12-14,11,465004000
4359,2025-08-18,66,225038000
4360,2025-03-01,17,429350000
4361,2025-09-25,19,259506000
4362,2024-02-18,36,262180000
4363,2024-01-30,55,271172000
4364,2025-03-20,17,55301000
4365,2025-03-20,8,520339000
4366,2024-08-25,79,69980000
4367,2024-09-07,28,80556000
4368,2024-01-31,19,47628000
4369,2025-08-04,5,227626000
4370,2024-03-11,26,34731000
4371,2025-04-10,60,140072000
4372,2025-09-23,27,170126000
4373,2025-05-14,14,249560000
4374,2025-09-24,11,183696000
4375,2024-02-09,16,132327000
4376,2025-11-15,45,301524000
4377,2024-03-15,28,335456000
4378,2024-03-22,13,445690000
4379,2024-05-14,29,371143000
4380,2025-09-07,36,138537000
4381,2024-09-25,55,132094000
4382,2024-04-16,14,60056000
4383,2024-05-03,31,58840000
4384,2024-01-17,17,67086000
4385,2025-11-09,21,214161000
4386,2025-02-26,49,498283000
4387,2024-08-03,74,25229000
4388,2025-09-12,80,53602000
4389,2025-05-15,27,247866000
4390,2025-10-07,26,114520000
4391,2025-03-14,8,313848000
4392,2024-02-11,28,491908000
4393,2025-06-11,61,515570000
4394,2025-07-12,38,99304000
4395,2024-10-14,37,71228000
4396,2024-01-07,42,77252000
4397,2025-01-19,79,317413000
4398,2025-05-23,43,127531000
4399,2025-10-07,50,420561000
4400,2024-10-10,63,268700000
4401,2024-12-21,14,81051000
4402,2024-05-29,70,90861000
4403,2024-09-24,8,215291000
4404,2025-06-10,67,582886000
4405,2024-08-04,47,378116000
4406,2024-11-26,33,67460000
4407,2025-10-21,30,48826000
4408,2025-09-16,68,14680000
4409,2024-07-31,77,232095000
4410,2025-07-20,20,43598000
4411,2024-02-18,67,186909000
4412,2024-09-24,19,134331000
4413,2024-12-14,67,128362000
4414,2025-11-14,6,165299000
4415,2025-06-08,45,112060000
4416,2025-04-12,43,183311000
4417,2024-01-19,6,116454000
4418,2025-05-19,3,409553000
4419,2025-09-30,32,429143000
4420,2025-11-23,64,273762000
4421,2024-12-02,20,159908000
4422,2024-10-31,59,151415000
4423,2025-07-12,68,91734000
4424,2024-03-30,31,255116000
4425,2025-12-21,27,494724000
4426,2025-09-08,48,177512000
4427,2025-03-18,35,31304000
4428,2025-07-25,35,171604000
4429,2025-01-24,75,159110000
4430,2024-07-21,58,31157000
4431,2025-01-21,60,240920000
4432,2024-02-25,36,27367000
4433,2024-08-18,25,202638000
4434,2025-01-09,73,149412000
4435,2025-09-21,45,134032000
4436,2024-08-20,65,161541000
4437,2024-02-14,65,311868000
4438,2024-04-19,48,109185000
4439,2024-02-12,27,47931000
4440,2025-12-11,79,90356000
4441,2024-12-23,52,264844000
4442,2025-08-26,71,61639000
4443,2025-02-13,12,28774000
4444,2024-07-15,16,37598000
4445,2025-11-29,66,97825000
4446,2025-02-05,12,169269000
4447,2025-01-27,66,44661000
4448,2025-03-09,60,320501000
4449,2024-11-30,70,303254000
4450,2024-08-20,20,120688000
4451,2025-12-04,24,289617000
4452,2024-02-16,23,74343000
4453,2025-12-05,25,90172000
4454,2024-02-25,48,269214000
4455,2024-01-24,30,124239000
4456,2025-10-04,47,51813000
4457,2024-02-15,21,181419000
4458,2024-10-13,9,450159000
4459,2025-11-03,65,179146000
4460,2024-09-01,46,35516000
4461,2025-05-06,7,33544000
4462,2024-02-19,17,13885000
4463,2024-10-14,8,378078000
4464,2025-05-21,80,162073000
4465,2025-07-02,17,128857000
4466,2025-01-03,41,97588000
4467,2024-02-15,72,147734000
4468,2025-09-19,19,93734000
4469,2024-11-06,17,579081000
4470,2025-06-18,38,251761000
4471,2025-07-30,18,52787000
4472,2025-06-01,44,220092000
4473,2025-02-19,1,186802000
4474,2025-08-14,68,543033000
4475,2025-11-17,29,359702000
4476,2025-02-24,78,457870000
4477,2025-03-22,5,136018000
4478,2025-09-22,68,690697000
4479,2024-05-31,55,332946000
4480,2025-07-09,68,45408000
4481,2024-01-19,32,133044000
4482,2025-05-13,37,56514000
4483,2024-10-29,39,152194000
4484,2024-05-29,78,52947000
4485,2024-07-16,39,284928000
4486,2025-09-09,54,153365000
4487,2025-04-02,13,102846000
4488,2025-11-27,14,252140000
4489,2024-01-30,7,224834000
4490,2024-09-10,74,449061000
4491,2024-07-27,62,113564000
4492,2024-12-17,6,154101000
4493,2025-11-12,53,251830000
4494,2025-12-03,27,182564000
4495,2024-10-05,80,262866000
4496,2024-07-05,35,120012000
4497,2024-10-17,19,186518000
4498,2025-09-30,60,341137000
4499,2024-05-08,80,175980000
4500,2024-09-17,71,116118000
4501,2024-06-10,31,547786000
4502,2024-04-30,19,301004000
4503,2024-04-09,46,320577000
4504,2025-07-28,11,449065000
4505,2025-04-27,22,66109000
4506,2024-03-15,64,5572000
4507,2024-02-01,43,256797000
4508,2024-08-03,40,377544000
4509,2024-03-26,65,93566000
4510,2025-08-19,69,246232000
4511,2024-11-17,35,178437000
4512,2024-11-25,3,56213000
4513,2025-03-28,31,442185000
4514,2024-08-26,27,132359000
4515,2025-04-01,35,687471000
4516,2025-09-27,28,218514000
4517,2024-01-28,17,29283000
4518,2024-11-14,32,273179000
4519,2025-03-24,74,282604000
4520,2025-09-17,43,109099000
4521,2024-05-20,74,12369000
4522,2025-06-25,21,106610000
4523,2024-11-16,51,82242000
4524,2025-10-14,8,163772000
4525,2024-10-07,40,191709000
4526,2025-08-04,31,135741000
4527,2024-05-20,4,206311000
4528,2024-04-02,11,139074000
4529,2025-01-27,68,11881000
4530,2024-10-31,60,146492000
4531,2025-08-20,69,269017000
4532,2024-06-25,43,323858000
4533,2025-12-08,70,89385000
4534,2024-09-05,47,267939000
4535,2024-04-28,68,302100000
4536,2024-03-03,46,192349000
4537,2024-05-23,42,256452000
4538,2024-09-26,64,390663000
4539,2025-03-15,34,210630000
4540,2025-03-08,31,11454000
4541,2025-04-05,33,205192000
4542,2024-12-18,54,232341000
4543,2025-04-19,17,33740000
4544,2024-06-28,19,161346000
4545,2024-02-01,17,436679000
4546,2025-11-27,10,256119000
4547,2024-05-20,3,279116000
4548,2025-08-27,43,60588000
4549,2024-01-18,78,192867000
4550,2025-11-14,24,85455000
4551,2024-02-02,63,119270000
4552,2024-12-06,56,476918000
4553,2025-02-19,37,256927000
4554,2025-03-04,16,89657000
4555,2024-02-02,35,320296000
4556,2025-08-08,69,378082000
4557,2024-06-30,64,68542000
4558,2025-02-11,59,311955000
4559,2025-06-19,44,165289000
4560,2024-01-27,29,35317000
4561,2025-10-08,77,182050000
4562,2024-11-05,75,555333000
4563,2024-02-12,16,54928000
4564,2024-09-25,45,287411000
4565,2024-05-14,52,17460000
4566,2025-05-27,9,452441000
4567,2024-11-08,28,89146000
4568,2024-10-25,33,280728000
4569,2024-04-11,12,45425000
4570,2024-08-27,16,121371000
4571,2025-04-12,63,455586000
4572,2024-10-30,1,390646000
4573,2025-08-09,20,329477000
4574,2024-06-20,65,31546000
4575,2024-07-02,67,17879000
4576,2024-02-10,37,118077000
4577,2025-02-15,8,131581000
4578,2024-12-25,29,552536000
4579,2024-03-05,77,103728000
4580,2025-09-09,58,73764000
4581,2024-08-03,61,352054000
4582,2024-06-10,2,311483000
4583,2024-09-28,50,551174000
4584,2024-09-15,55,48026000
4585,2025-03-28,42,174001000
4586,2024-04-14,20,310987000
4587,2025-08-18,69,36747000
4588,2025-02-08,46,105901000
4589,2024-12-31,62,40392000
4590,2024-06-05,28,365186000
4591,2024-09-04,13,344776000
4592,2024-01-21,65,392154000
4593,2025-09-23,65,132032000
4594,2025-03-29,56,339890000
4595,2025-07-04,23,96999000
4596,2025-04-15,27,280314000
4597,2024-07-18,31,86065000
4598,2025-08-13,76,114724000
4599,2024-11-13,45,587448000
4600,2024-05-08,76,308435000
4601,2024-08-01,47,174639000
4602,2025-07-22,73,225192000
4603,2025-03-02,77,316708000
4604,2025-03-27,15,348777000
4605,2024-01-16,56,576376000
4606,2024-09-28,19,278042000
4607,2025-08-30,2,141086000
4608,2024-05-25,50,175819000
4609,2024-06-24,46,353212000
4610,2025-06-13,53,591534000
4611,2025-12-30,41,174833000
4612,2024-06-28,50,203586000
4613,2025-10-25,47,203399000
4614,2024-04-11,74,161853000
4615,2024-06-15,75,149997000
4616,2024-02-25,13,131859000
4617,2025-11-12,3,119556000
4618,2025-03-03,55,56359000
4619,2025-04-19,45,99625000
4620,2024-02-07,3,197870000
4621,2025-04-28,12,87942000
4622,2025-01-08,79,58761000
4623,2024-03-13,15,377007000
4624,2025-01-31,62,334580000
4625,2025-04-16,74,94592000
4626,2025-06-06,52,38717000
4627,2024-04-26,27,193297000
4628,2025-05-30,30,250184000
4629,2024-04-14,61,176136000
4630,2024-09-12,26,114305000
4631,2024-04-12,8,206158000
4632,2024-03-14,19,436047000
4633,2024-01-09,6,311841000
4634,2025-01-17,36,420198000
4635,2025-03-31,75,201248000
4636,2024-06-04,1,83052000
4637,2025-08-11,71,592181000
4638,2024-04-13,39,390230000
4639,2024-06-13,80,565689000
4640,2025-09-26,45,341400000
4641,2025-06-14,68,271171000
4642,2025-11-19,2,399066000
4643,2025-09-04,53,226092000
4644,2025-10-29,47,81676000
4645,2024-02-21,41,107058000
4646,2024-04-19,1,162397000
4647,2025-10-16,3,151580000
4648,2024-05-19,21,285312000
4649,2025-01-06,8,5355000
4650,2025-08-31,32,133168000
4651,2024-03-26,75,44576000
4652,2024-02-20,47,68172000
4653,2025-05-17,41,7835000
4654,2024-01-15,39,254238000
4655,2024-01-03,54,130835000
4656,2025-06-27,1,133477000
4657,2025-05-16,48,157339000
4658,2024-07-17,3,535634000
4659,2024-11-19,37,302450000
4660,2024-04-10,62,177593000
4661,2024-09-20,23,41745000
4662,2025-10-05,80,200270000
4663,2024-08-19,52,136210000
4664,2025-08-10,61,358318000
4665,2024-08-29,35,29626000
4666,2025-10-04,64,396670000
4667,2025-11-29,59,29230000
4668,2024-02-06,77,196868000
4669,2024-04-01,42,189513000
4670,2024-01-27,31,107497000
4671,2024-08-07,44,166182000
4672,2025-03-12,47,30350000
4673,2025-09-15,79,156840000
4674,2025-02-07,77,21217000
4675,2025-03-06,19,124978000
4676,2024-02-20,70,358953000
4677,2024-03-29,46,203747000
4678,2025-11-14,68,7992000
4679,2025-10-26,38,77244000
4680,2025-01-04,72,187025000
4681,2024-10-31,27,157074000
4682,2024-05-18,64,347756000
4683,2025-03-21,71,344678000
4684,2025-06-03,61,28151000
4685,2025-12-06,12,220098000
4686,2025-01-12,35,177308000
4687,2025-07-18,74,6772000
4688,2024-05-20,64,58136000
4689,2024-03-31,37,172204000
4690,2025-11-25,67,129250000
4691,2025-05-29,74,98064000
4692,2024-08-07,56,69095000
4693,2025-07-28,34,245336000
4694,2024-07-30,62,444318000
4695,2024-03-08,12,47928000
4696,2025-01-02,14,132987000
4697,2025-04-23,33,157914000
4698,2024-03-19,59,73053000
4699,2024-08-19,16,199979000
4700,2025-02-03,79,38048000
4701,2024-03-14,40,673157000
4702,2025-11-29,63,93726000
4703,2025-07-13,70,56694000
4704,2025-10-28,65,93082000
4705,2024-01-21,57,307644000
4706,2024-12-26,27,175370000
4707,2024-10-18,62,197700000
4708,2025-03-17,31,387911000
4709,2024-01-29,34,77224000
4710,2025-01-17,39,122340000
4711,2024-06-06,13,125964000
4712,2025-09-26,28,588038000
4713,2025-09-23,44,517828000
4714,2024-01-06,74,275171000
4715,2024-07-02,79,63383000
4716,2025-11-10,36,57618000
4717,2024-12-22,68,159575000
4718,2025-09-11,63,32676000
4719,2025-04-02,20,50435000
4720,2025-02-08,80,31239000
4721,2024-07-14,60,237214000
4722,2025-06-20,69,337275000
4723,2025-07-06,80,48100000
4724,2025-08-14,18,121845000
4725,2025-08-11,75,43188000
4726,2025-03-12,29,361553000
4727,2025-03-09,71,309393000
4728,2024-01-27,34,122031000
4729,2024-09-17,73,5905000
4730,2025-10-17,59,142567000
4731,2024-10-04,7,120891000
4732,2025-12-14,52,37472000
4733,2024-04-30,11,264176000
4734,2025-02-24,46,290302000
4735,2024-06-01,25,552722000
4736,2024-01-23,3,119782000
4737,2024-09-19,9,228808000
4738,2025-12-03,71,110766000
4739,2025-05-17,72,69014000
4740,2025-01-24,54,37326000
4741,2025-06-06,19,93178000
4742,2025-01-16,7,265613000
4743,2025-05-02,13,127284000
4744,2024-04-18,52,201861000
4745,2025-12-04,45,274353000
4746,2025-07-16,17,90565000
4747,2024-11-18,70,115464000
4748,2024-09-28,74,51345000
4749,2025-03-20,74,561487000
4750,2024-12-24,27,329047000
4751,2024-10-30,35,18480000
4752,2025-07-28,14,250465000
4753,2024-04-28,30,194231000
4754,2024-01-06,2,188391000
4755,2025-03-05,70,31768000
4756,2024-06-29,43,81586000
4757,2025-04-22,45,80967000
4758,2025-06-24,60,102535000
4759,2024-07-26,69,12786000
4760,2024-01-06,54,591286000
4761,2025-06-05,62,18633000
4762,2024-11-22,42,58618000
4763,2024-03-30,50,51511000
4764,2025-12-10,43,74343000
4765,2025-07-24,69,110691000
4766,2024-06-02,26,290169000
4767,2025-01-17,50,440817000
4768,2025-12-04,9,138102000
4769,2024-09-01,21,277637000
4770,2025-05-13,68,237658000
4771,2024-05-31,35,293072000
4772,2024-10-05,46,194748000
4773,2024-01-04,48,117673000
4774,2025-01-16,65,165571000
4775,2024-10-21,30,60080000
4776,2024-09-18,27,30948000
4777,2025-09-18,60,144382000
4778,2025-10-20,33,557997000
4779,2025-01-08,74,63591000
4780,2025-06-18,27,80546000
4781,2025-04-17,12,52065000
4782,2025-12-29,44,334424000
4783,2025-05-28,67,318509000
4784,2025-06-13,48,366866000
4785,2025-11-03,15,284241000
4786,2024-12-27,40,524373000
4787,2025-07-07,65,513623000
4788,2024-10-25,65,264080000
4789,2025-05-03,69,284106000
4790,2024-01-26,47,20664000
4791,2024-12-07,36,11159000
4792,2025-01-15,5,825699000
4793,2024-09-14,36,187212000
4794,2025-09-13,28,38079000
4795,2025-10-18,14,165701000
4796,2025-03-25,16,39691000
4797,2025-07-28,30,156274000
4798,2024-12-16,40,111124000
4799,2025-06-28,4,243865000
4800,2024-03-04,7,591860000
4801,2024-02-14,29,465478000
4802,2024-07-31,13,218060000
4803,2024-11-10,69,38768000
4804,2025-11-02,66,225363000
4805,2024-03-09,80,9340000
4806,2025-12-25,16,90551000
4807,2024-02-04,8,193930000
4808,2025-06-25,41,211619000
4809,2024-10-21,38,441255000
4810,2025-02-23,63,92019000
4811,2024-06-06,34,280039000
4812,2025-08-15,62,101937000
4813,2024-01-08,71,197942000
4814,2024-11-27,49,429070000
4815,2025-10-22,79,364196000
4816,2024-09-13,12,4981000
4817,2024-10-25,60,368887000
4818,2024-08-08,10,198850000
4819,2025-07-13,37,349254000
4820,2024-09-17,48,218284000
4821,2024-12-28,78,169293000
4822,2025-02-22,34,385184000
4823,2025-11-03,80,6578000
4824,2024-10-29,55,22570000
4825,2024-05-23,26,174536000
4826,2025-10-06,76,150016000
4827,2025-09-28,38,242782000
4828,2025-03-30,51,528107000
4829,2025-07-27,3,44303000
4830,2025-06-04,23,72366000
4831,2024-11-29,68,284407000
4832,2024-09-22,46,36136000
4833,2024-01-01,19,556164000
4834,2025-07-15,55,83141000
4835,2025-08-16,25,269219000
4836,2024-07-02,70,241909000
4837,2025-10-02,34,210274000
4838,2024-04-01,59,58882000
4839,2024-07-12,69,380721000
4840,2024-05-02,64,173857000
4841,2024-04-11,41,195931000
4842,2025-04-03,12,88149000
4843,2024-02-29,2,209619000
4844,2025-04-15,77,200970000
4845,2024-07-01,11,54399000
4846,2024-12-21,5,145137000
4847,2025-11-16,22,527679000
4848,2025-09-05,76,59414000
4849,2024-08-06,56,121155000
4850,2024-07-25,49,193105000
4851,2025-10-16,1,218021000
4852,2024-01-27,35,259807000
4853,2024-07-18,63,281127000
4854,2024-08-26,59,567125000
4855,2024-06-23,42,151537000
4856,2024-09-19,66,430085000
4857,2025-01-08,27,102915000
4858,2024-06-27,49,372414000
4859,2024-11-20,21,258300000
4860,2024-12-30,67,102236000
4861,2024-04-17,56,366121000
4862,2024-08-18,68,125205000
4863,2025-05-12,29,69420000
4864,2024-03-16,66,16857000
4865,2024-11-03,4,247977000
4866,2025-04-13,26,517984000
4867,2025-02-20,24,188128000
4868,2024-09-09,48,193920000
4869,2024-11-20,25,318012000
4870,2025-10-11,70,778535000
4871,2025-01-24,73,202408000
4872,2024-07-11,24,279568000
4873,2025-04-19,69,57072000
4874,2025-01-19,18,329545000
4875,2025-08-16,50,145860000
4876,2025-03-27,33,165002000
4877,2025-09-06,7,197125000
4878,2024-01-02,80,135572000
4879,2025-09-11,64,114725000
4880,2025-12-06,39,49168000
4881,2025-11-15,56,22311000
4882,2025-09-03,22,236946000
4883,2025-05-26,47,461170000
4884,2024-02-14,10,136816000
4885,2025-04-26,71,225043000
4886,2024-07-10,7,216962000
4887,2024-05-11,57,156397000
4888,2025-01-29,29,24178000
4889,2024-02-04,6,9896000
4890,2024-09-17,8,422952000
4891,2024-02-17,13,63925000
4892,2024-05-22,55,344482000
4893,2024-04-12,55,243812000
4894,2024-02-15,33,255507000
4895,2024-10-26,59,203151000
4896,2025-01-08,65,119681000
4897,2024-01-10,17,85197000
4898,2024-12-21,73,479230000
4899,2025-12-25,64,271668000
4900,2025-11-15,49,257827000
4901,2025-09-20,42,70795000
4902,2025-05-30,48,199956000
4903,2025-01-03,41,140306000
4904,2024-09-02,65,691019000
4905,2025-12-11,49,133804000
4906,2025-03-03,71,98055000
4907,2025-12-27,20,256069000
4908,2024-10-01,67,217188000
4909,2025-03-14,54,117136000
4910,2025-12-23,42,239557000
4911,2025-07-29,71,10764000
4912,2025-01-15,34,252168000
4913,2024-06-27,5,326047000
4914,2024-07-18,69,72586000
4915,2025-06-19,30,232084000
4916,2024-06-27,38,15745000
4917,2025-06-27,3,116733000
4918,2024-09-13,13,206896000
4919,2025-07-21,36,314367000
4920,2024-04-02,48,17210000
4921,2025-05-22,15,284569000
4922,2025-09-12,60,86105000
4923,2024-06-14,77,94577000
4924,2025-02-20,34,191191000
4925,2024-09-09,19,81464000
4926,2025-03-31,7,34452000
4927,2024-10-31,58,178128000
4928,2024-07-07,31,134525000
4929,2025-03-30,57,163041000
4930,2025-05-19,37,270524000
4931,2025-04-27,22,170544000
4932,2025-02-16,53,144710000
4933,2025-07-16,55,595444000
4934,2024-09-04,43,63679000
4935,2025-01-17,45,40833000
4936,2024-02-23,18,361488000
4937,2025-04-13,8,53122000
4938,2025-04-03,8,129576000
4939,2024-12-29,20,175787000
4940,2024-09-22,8,163669000
4941,2025-07-19,2,15912000
4942,2025-03-22,50,196136000
4943,2025-07-06,15,296148000
4944,2025-02-04,68,382325000
4945,2025-08-23,51,141417000
4946,2024-10-28,11,133471000
4947,2025-03-08,14,228628000
4948,2025-07-29,65,15834000
4949,2025-12-02,46,2562000
4950,2025-11-15,41,86127000
4951,2025-08-24,38,61560000
4952,2025-02-10,49,351921000
4953,2024-05-13,37,50591000
4954,2024-09-24,17,122631000
4955,2025-01-14,9,337038000
4956,2025-04-15,48,253010000
4957,2025-01-25,36,369358000
4958,2025-01-12,79,6038000
4959,2025-12-03,56,490475000
4960,2025-10-04,1,705683000
4961,2025-11-07,38,97587000
4962,2024-05-07,52,126327000
4963,2025-10-06,46,51909000
4964,2024-09-27,51,67160000
4965,2025-05-20,2,199429000
4966,2025-06-24,9,156032000
4967,2025-12-07,10,128537000
4968,2025-10-08,16,219555000
4969,2025-05-09,78,352011000
4970,2025-04-20,79,177353000
4971,2025-05-01,42,150185000
4972,2025-09-20,32,143944000
4973,2025-08-31,24,114018000
4974,2025-01-08,6,306425000
4975,2025-05-15,80,301039000
4976,2024-01-18,57,160237000
4977,2025-06-08,10,213111000
4978,2024-09-24,55,130070000
4979,2024-08-12,30,9975000
4980,2024-12-12,40,176384000
4981,2024-08-08,43,253756000
4982,2025-05-07,72,258322000
4983,2025-02-20,59,325902000
4984,2024-07-04,76,322173000
4985,2024-05-21,19,386347000
4986,2025-08-31,25,492688000
4987,2025-06-26,47,14200000
4988,2024-04-03,64,513683000
4989,2025-05-26,42,72248000
4990,2024-03-23,55,423682000
4991,2025-07-23,35,194122000
4992,2025-01-11,34,374590000
4993,2024-02-21,17,79932000
4994,2024-01-08,56,261304000
4995,2024-03-28,3,36493000
4996,2025-12-07,55,166688000
4997,2024-01-30,36,305070000
4998,2025-11-11,61,74028000
4999,2025-10-15,42,75337000
5000,2024-09-18,76,560824000
