IdDetalleCompra,IdCompra,IdProducto,Cantidad,Costo
1,412,101,34,271000
2,4121,138,66,23000
3,2570,65,70,909000
4,2973,139,21,4090000
5,4537,223,11,327000
6,790,89,89,1369000
7,1905,648,78,24000
8,4908,441,56,1093000
9,2631,203,74,1505000
10,947,15,91,1157000
11,2366,787,27,1328000
12,1161,394,45,432000
13,4294,128,74,731000
14,1518,24,17,387000
15,189,230,30,351000
16,3430,690,8,433000
17,4230,515,32,2004000
18,257,509,100,122000
19,4138,551,18,44000
20,173,785,96,2223000
21,3806,678,24,961000
22,2905,133,60,1731000
23,4703,445,8,148000
24,2258,636,74,365000
25,422,384,86,1059000
26,18,786,74,220000
27,25,188,82,272000
28,4115,461,79,2291000
29,2164,91,28,42000
30,938,413,93,3703000
31,1253,261,84,129000
32,1830,157,95,2436000
33,316,647,12,20000
34,4503,673,98,737000
35,2356,765,50,174000
36,1078,607,27,292000
37,3674,649,18,1218000
38,538,93,45,353000
39,1808,162,81,5033000
40,4960,518,98,2170000
41,4093,696,28,505000
42,4314,20,97,1123000
43,2810,53,62,1705000
44,909,217,16,2463000
45,4259,338,48,465000
46,1120,701,59,2669000
47,4973,373,16,1222000
48,2423,134,81,256000
49,2310,303,76,1263000
50,3611,361,24,419000
51,1766,344,94,505000
52,524,422,89,175000
53,888,532,11,1843000
54,3125,77,27,15000
55,4301,407,80,1533000
56,2442,685,36,937000
57,4819,654,61,36000
58,2846,421,51,624000
59,3934,563,99,543000
60,4245,191,62,1171000
61,3417,554,22,450000
62,1796,689,42,2194000
63,533,130,50,2932000
64,4838,292,76,106000
65,3469,702,42,1663000
66,4833,308,28,3663000
67,173,718,69,238000
68,1601,740,34,4885000
69,266,626,10,970000
70,1880,723,86,22000
71,4991,378,82,479000
72,2995,506,66,128000
73,2911,259,19,2119000
74,3385,329,94,30000
75,1512,390,53,400000
76,4399,717,39,581000
77,2366,550,55,142000
78,1337,329,95,24000
79,4515,710,44,4134000
80,2750,322,83,593000
81,2289,736,8,475000
82,351,610,60,3422000
83,539,444,47,32000
84,4187,29,26,1062000
85,2219,612,93,480000
86,4513,75,94,2032000
87,3855,631,54,1047000
88,4788,92,70,1349000
89,2,333,36,1464000
90,4547,681,82,937000
91,4440,687,49,1844000
92,586,545,65,1005000
93,1653,456,76,34000
94,2373,261,49,142000
95,2536,629,46,1882000
96,1749,354,20,1319000
97,3020,575,30,1507000
98,4424,384,46,837000
99,3641,221,38,3289000
100,3857,164,94,715000
101,2059,303,28,1067000
102,2008,26,32,99000
103,298,633,14,271000
104,943,530,22,145000
105,1923,186,12,51000
106,3093,744,74,64000
107,2023,290,50,157000
108,1331,402,7,130000
109,1467,630,34,2918000
110,3354,575,84,1164000
111,3160,775,55,845000
112,588,118,93,75000
113,3078,444,42,33000
114,2331,201,90,724000
115,445,23,35,556000
116,4800,523,79,3173000
117,2587,116,5,3603000
118,1423,97,85,111000
119,491,703,37,2109000
120,1779,403,83,179000
121,4397,518,77,2579000
122,3457,71,53,697000
123,911,291,65,110000
124,2738,416,17,827000
125,55,61,26,112000
126,232,442,12,1978000
127,4664,447,85,1253000
128,2901,285,87,2696000
129,2003,373,37,1457000
130,3922,738,78,1501000
131,1042,635,39,2292000
132,3161,29,15,1291000
133,3467,505,51,46000
134,3860,328,30,296000
135,1995,592,66,124000
136,3669,387,71,374000
137,42,206,18,217000
138,124,738,45,1761000
139,4645,11,96,255000
140,4689,341,77,1431000
141,2606,570,7,748000
142,1631,645,58,1775000
143,4221,375,82,3219000
144,4582,17,41,1973000
145,2112,88,63,1825000
146,1165,88,75,1369000
147,1179,519,38,581000
148,2783,501,83,1772000
149,4425,310,90,3851000
150,4704,670,38,685000
151,3585,339,22,2289000
152,283,125,79,218000
153,1017,650,17,700000
154,4248,571,19,1283000
155,532,302,20,424000
156,4986,567,86,3497000
157,4844,734,84,257000
158,1393,724,43,929000
159,4918,362,6,2910000
160,660,645,14,1763000
161,3039,684,78,124000
162,1688,455,68,112000
163,3959,770,74,341000
164,4276,279,8,3834000
165,350,582,80,1005000
166,3485,142,37,494000
167,4754,607,63,281000
168,3873,78,31,260000
169,3895,691,39,1089000
170,2689,637,23,815000
171,139,64,64,978000
172,3174,736,9,365000
173,1208,430,25,1491000
174,3127,730,51,55000
175,2774,168,94,576000
176,131,568,68,1936000
177,4206,80,82,137000
178,1162,219,13,908000
179,1585,188,22,252000
180,3007,483,16,609000
181,316,535,11,415000
182,2400,622,30,406000
183,3322,166,19,266000
184,395,508,76,1337000
185,1591,16,12,709000
186,3330,478,57,460000
187,2251,667,39,138000
188,4756,241,18,1139000
189,2410,614,44,98000
190,509,370,51,1113000
191,697,156,8,591000
192,995,95,26,414000
193,1193,728,13,481000
194,1906,351,73,44000
195,2030,54,24,276000
196,1158,627,9,448000
197,2229,663,70,619000
198,2325,561,54,682000
199,2562,265,64,220000
200,2502,219,55,1080000
201,167,356,48,179000
202,3480,17,80,2492000
203,3533,101,36,285000
204,1550,363,51,807000
205,473,229,61,263000
206,2649,529,88,433000
207,3370,59,78,589000
208,1159,323,14,1110000
209,4820,351,7,53000
210,3558,83,52,3548000
211,3877,507,49,58000
212,2530,304,27,149000
213,3378,99,75,132000
214,2874,7,19,691000
215,3743,377,95,121000
216,3341,762,74,160000
217,2039,589,27,675000
218,2134,502,37,511000
219,2757,355,92,478000
220,4393,207,88,1388000
221,2708,554,5,557000
222,1324,659,97,995000
223,1678,799,35,213000
224,148,429,97,3025000
225,4096,153,30,598000
226,3847,619,42,1705000
227,2763,377,40,103000
228,3579,589,81,651000
229,2569,687,77,1703000
230,4955,633,23,273000
231,4459,648,29,33000
232,7,201,45,781000
233,138,755,14,92000
234,3178,335,32,360000
235,1974,616,61,4020000
236,3172,171,98,240000
237,4179,634,86,1251000
238,2472,647,48,19000
239,3076,772,17,290000
240,3405,220,51,53000
241,3857,154,57,1102000
242,4828,668,21,2118000
243,2839,622,69,420000
244,325,708,44,2988000
245,1791,595,16,2709000
246,4675,438,100,335000
247,4365,694,88,82000
248,4189,32,18,1207000
249,1160,583,64,4144000
250,2165,500,24,34000
251,1557,311,12,205000
252,3191,233,38,4402000
253,2929,68,78,130000
254,3887,736,60,459000
255,80,12,56,160000
256,4232,5,58,1040000
257,4537,527,52,584000
258,1763,284,39,3671000
259,2703,589,40,694000
260,4825,702,12,1298000
261,4173,684,30,113000
262,2980,214,13,890000
263,256,635,88,2666000
264,1031,514,58,3382000
265,964,739,12,75000
266,2939,233,76,4692000
267,1896,455,14,89000
268,4821,347,49,426000
269,3863,135,40,154000
270,532,255,60,216000
271,3912,441,57,1019000
272,139,280,26,478000
273,3096,75,16,1609000
274,2037,203,96,2001000
275,3473,452,78,158000
276,2419,596,18,258000
277,2808,143,20,408000
278,3602,391,57,76000
279,2578,226,92,1416000
280,3504,101,38,251000
281,305,270,22,1006000
282,773,3,70,1158000
283,3776,739,94,91000
284,476,483,93,522000
285,241,668,76,2112000
286,3386,292,51,99000
287,2618,506,43,160000
288,1122,799,83,218000
289,4233,28,17,1312000
290,148,250,99,248000
291,3029,419,14,909000
292,1816,495,55,366000
293,4198,703,34,1538000
294,2040,700,42,162000
295,2049,520,91,1739000
296,2906,156,98,754000
297,2753,10,88,3780000
298,4462,244,28,150000
299,2238,490,26,324000
300,4783,681,88,765000
301,2894,114,32,355000
302,1888,771,81,263000
303,547,64,55,1125000
304,914,267,32,847000
305,3168,345,79,1620000
306,1940,323,91,1170000
307,1575,62,89,746000
308,79,675,9,526000
309,2956,149,82,1478000
310,1330,30,10,1567000
311,3422,497,78,1304000
312,1509,701,33,2567000
313,371,173,48,1365000
314,3651,787,53,1486000
315,301,327,58,512000
316,3822,370,15,1116000
317,329,54,29,327000
318,808,641,51,787000
319,1380,113,18,680000
320,2653,201,53,586000
321,4118,687,32,1641000
322,2589,598,9,869000
323,3024,75,84,1983000
324,2969,649,11,1069000
325,4651,679,16,352000
326,164,780,56,1271000
327,4866,619,78,1654000
328,4313,546,16,1534000
329,2498,323,72,900000
330,4901,333,5,1605000
331,1933,369,32,568000
332,16,793,68,126000
333,4518,661,15,3008000
334,3449,190,69,1130000
335,3569,53,63,1564000
336,3354,394,47,516000
337,2123,602,17,1908000
338,2869,527,66,560000
339,4500,315,78,382000
340,1380,318,64,461000
341,561,116,50,3719000
342,2751,565,10,289000
343,1777,506,87,133000
344,2984,226,89,1659000
345,204,457,25,1538000
346,2403,90,100,919000
347,472,168,11,441000
348,4409,92,14,1190000
349,4428,256,46,218000
350,3738,715,100,125000
351,1478,20,13,802000
352,1639,364,21,188000
353,3656,271,13,1270000
354,3115,246,82,4048000
355,2867,111,13,2158000
356,3710,608,32,52000
357,413,532,38,1894000
358,1634,240,25,216000
359,4271,775,63,964000
360,2842,215,37,247000
361,1455,266,78,890000
362,4544,522,48,1004000
363,4204,388,16,691000
364,1276,215,26,266000
365,2196,444,75,46000
366,1128,678,6,1040000
367,1563,130,72,2387000
368,3769,553,72,1888000
369,1253,691,39,1131000
370,404,789,27,1844000
371,2095,383,61,1519000
372,2082,118,32,101000
373,472,735,23,236000
374,1825,659,64,861000
375,727,457,5,1480000
376,4587,721,33,459000
377,3705,573,14,295000
378,1979,322,53,615000
379,4040,241,34,888000
380,3801,185,25,359000
381,898,741,82,1514000
382,199,487,67,3645000
383,1118,780,89,1261000
384,557,290,100,132000
385,3317,474,17,2487000
386,2105,367,21,637000
387,4686,638,99,312000
388,4551,400,92,993000
389,295,359,87,248000
390,2593,251,16,2235000
391,2103,207,64,1275000
392,4882,500,38,34000
393,4214,179,79,444000
394,185,618,55,1216000
395,3445,775,76,921000
396,1347,639,31,378000
397,4569,777,17,926000
398,697,453,50,655000
399,1121,293,14,304000
400,228,480,69,1100000
401,4971,251,5,2199000
402,1986,726,43,231000
403,3216,397,48,1671000
404,993,45,92,141000
405,859,481,82,1446000
406,4122,758,77,1175000
407,1678,215,51,270000
408,918,741,74,1816000
409,3528,490,37,309000
410,562,494,30,3347000
411,2603,756,69,118000
412,445,196,33,93000
413,602,124,57,439000
414,3938,201,30,683000
415,4707,408,32,1415000
416,2409,181,60,131000
417,815,454,93,982000
418,4145,79,57,4201000
419,2270,608,85,40000
420,4253,482,50,596000
421,4533,649,40,937000
422,2408,358,79,1473000
423,814,548,20,586000
424,2763,165,75,873000
425,918,565,19,317000
426,3781,448,33,63000
427,3297,259,75,1855000
428,2787,584,76,1021000
429,2826,581,85,381000
430,2857,145,7,1126000
431,2076,569,35,1527000
432,4393,488,70,657000
433,1121,494,35,2963000
434,1531,328,55,298000
435,856,703,72,2043000
436,801,479,84,577000
437,1081,65,74,662000
438,209,677,79,4310000
439,342,54,75,299000
440,1974,710,53,3755000
441,4406,207,47,1252000
442,1322,170,74,256000
443,2055,617,11,606000
444,1090,219,99,1089000
445,4447,67,36,1089000
446,4999,127,85,259000
447,3607,673,99,859000
448,4576,216,27,1126000
449,3692,479,50,420000
450,2093,74,64,291000
451,2180,707,61,430000
452,180,326,76,25000
453,2589,340,50,1485000
454,2258,506,6,130000
455,1314,183,64,1138000
456,4813,449,82,120000
457,40,346,33,151000
458,1989,643,54,85000
459,4348,244,73,164000
460,3926,466,95,712000
461,563,338,76,530000
462,4434,273,100,1377000
463,3001,580,74,723000
464,2952,310,45,4825000
465,2124,375,35,2219000
466,4439,786,66,164000
467,384,671,64,4048000
468,984,435,50,238000
469,553,220,65,50000
470,1803,418,34,324000
471,681,112,67,2069000
472,2238,366,20,592000
473,2058,559,53,458000
474,3760,34,65,98000
475,4433,545,10,1311000
476,2416,429,16,3399000
477,2735,723,57,29000
478,2281,612,23,517000
479,268,325,36,879000
480,3887,448,38,77000
481,809,755,60,70000
482,1469,237,36,3012000
483,2710,85,15,22000
484,2065,72,22,1244000
485,4872,308,71,3759000
486,4000,739,17,86000
487,4375,549,43,2260000
488,1426,50,22,1709000
489,1657,159,29,810000
490,346,492,31,230000
491,115,292,70,101000
492,4937,533,17,2210000
493,1150,105,84,1793000
494,300,670,28,678000
495,689,149,20,1825000
496,2346,238,88,590000
497,2421,372,51,354000
498,2216,452,52,186000
499,790,620,73,1459000
500,4125,323,89,1051000
501,218,69,23,146000
502,2371,402,55,139000
503,2915,375,100,2624000
504,2686,685,27,890000
505,3832,776,59,50000
506,4712,716,63,974000
507,207,90,69,911000
508,1847,308,56,3905000
509,258,596,14,300000
510,4628,799,96,189000
511,2673,35,38,162000
512,4176,127,10,283000
513,4033,631,68,1125000
514,3769,187,94,22000
515,1778,435,29,169000
516,4731,343,66,1611000
517,874,329,52,31000
518,2148,525,23,3153000
519,1258,520,63,1802000
520,1343,267,79,925000
521,3469,340,98,1772000
522,3010,308,70,3847000
523,2047,14,27,1095000
524,2725,230,43,306000
525,3208,567,99,3751000
526,2986,113,59,577000
527,4646,331,25,314000
528,262,342,79,1013000
529,4819,656,40,2547000
530,3795,556,46,3843000
531,1687,124,7,439000
532,2799,491,34,138000
533,2275,158,54,80000
534,2023,536,40,152000
535,3236,237,89,3293000
536,1470,659,59,1038000
537,1223,36,35,1623000
538,1484,232,52,1122000
539,3355,245,99,616000
540,3021,109,45,3427000
541,1292,426,82,456000
542,480,550,27,137000
543,3808,295,56,351000
544,3379,80,37,107000
545,4141,786,21,203000
546,3799,413,34,5239000
547,3095,391,50,67000
548,2130,239,31,1598000
549,2503,644,96,44000
550,479,374,55,201000
551,1567,179,72,486000
552,1022,512,31,51000
553,4419,461,71,1894000
554,770,632,82,102000
555,807,151,38,1106000
556,2574,384,25,919000
557,1041,351,62,48000
558,4701,177,82,1145000
559,2840,124,47,460000
560,4543,467,64,115000
561,4033,298,66,321000
562,438,279,100,3380000
563,4001,675,82,511000
564,1803,575,77,1536000
565,3894,218,92,813000
566,1743,353,46,677000
567,2263,473,51,809000
568,3036,624,25,136000
569,1706,774,79,3796000
570,2060,76,67,957000
571,248,283,70,474000
572,3494,655,67,1005000
573,312,562,43,48000
574,1499,332,72,327000
575,2064,624,73,102000
576,527,473,66,606000
577,1230,461,14,2196000
578,3507,80,13,114000
579,1118,341,53,1822000
580,2016,75,46,2304000
581,2039,524,62,864000
582,2374,100,77,535000
583,3399,681,71,902000
584,3268,494,54,3680000
585,1325,304,84,134000
586,4226,74,94,308000
587,4253,198,60,654000
588,3428,7,62,907000
589,2878,279,58,2865000
590,2641,418,48,287000
591,3126,404,54,3613000
592,2942,440,99,289000
593,1624,738,37,1892000
594,4673,81,24,2977000
595,24,297,77,225000
596,1196,395,45,2606000
597,211,436,68,336000
598,4350,782,32,3610000
599,590,631,5,1038000
600,3802,187,53,22000
601,4784,594,69,3673000
602,2017,69,60,182000
603,4908,362,40,3661000
604,3102,326,41,20000
605,4915,685,11,669000
606,1121,426,63,499000
607,2608,355,88,443000
608,2982,553,86,2245000
609,1691,345,55,1881000
610,4361,612,72,415000
611,3165,789,29,1594000
612,3059,706,57,280000
613,2123,215,32,268000
614,3475,639,87,392000
615,67,783,25,490000
616,774,241,85,1079000
617,2771,699,9,389000
618,683,300,78,351000
619,3650,596,77,301000
620,1498,86,94,1827000
621,840,427,46,46000
622,305,756,84,88000
623,4679,512,85,44000
624,398,29,84,1015000
625,3712,236,58,4004000
626,587,662,13,300000
627,4181,231,67,1602000
628,3111,455,96,110000
629,847,150,10,1564000
630,298,165,90,934000
631,922,612,72,425000
632,2303,681,62,911000
633,820,78,32,342000
634,1147,762,21,139000
635,3925,673,60,764000
636,2904,67,59,1217000
637,2932,235,69,617000
638,2806,665,37,707000
639,1350,284,74,3923000
640,2357,614,64,131000
641,4939,524,32,929000
642,4483,5,10,891000
643,4063,735,14,279000
644,1361,94,85,801000
645,3674,266,67,909000
646,506,555,69,1197000
647,1500,105,76,1705000
648,3758,160,92,1394000
649,3941,140,35,3100000
650,1860,134,100,215000
651,1600,623,29,777000
652,3015,165,53,1266000
653,399,192,51,1561000
654,2238,486,18,1680000
655,1205,214,26,871000
656,2798,425,71,1699000
657,3103,781,24,337000
658,367,526,45,72000
659,1239,632,23,100000
660,902,379,19,126000
661,1851,578,36,84000
662,595,118,20,83000
663,650,670,66,542000
664,1685,155,26,1378000
665,3944,465,20,1620000
666,3098,608,59,42000
667,1910,214,23,926000
668,3601,509,65,136000
669,1961,316,8,68000
670,3671,75,52,1897000
671,3655,623,45,813000
672,248,397,29,1517000
673,4983,535,71,391000
674,4208,100,96,519000
675,2918,148,13,1141000
676,1376,694,44,89000
677,4636,322,32,715000
678,75,6,95,974000
679,4787,435,76,194000
680,1241,406,7,442000
681,3980,648,68,28000
682,1285,237,96,3608000
683,1367,510,45,119000
684,4195,594,13,2597000
685,2405,321,67,1348000
686,3506,461,27,2052000
687,3027,767,6,462000
688,2125,656,55,2530000
689,827,611,51,427000
690,2639,643,81,97000
691,4307,210,58,603000
692,4141,289,30,677000
693,1679,747,26,199000
694,457,384,82,886000
695,2058,702,54,1369000
696,2378,522,30,1025000
697,2537,549,92,1939000
698,2262,451,88,27000
699,4744,242,98,1722000
700,1755,23,96,485000
701,1357,647,14,18000
702,640,428,33,1025000
703,744,186,46,42000
704,3756,576,80,172000
705,2204,37,36,399000
706,243,370,45,1319000
707,870,61,18,102000
708,2415,790,46,296000
709,3674,307,48,269000
710,4360,240,30,210000
711,3265,610,52,2834000
712,3942,98,36,2731000
713,4899,480,81,857000
714,4453,230,45,303000
715,2342,500,8,32000
716,373,298,85,295000
717,3812,789,57,2134000
718,959,159,18,684000
719,3618,106,44,1970000
720,3880,586,99,994000
721,2482,377,66,98000
722,1854,259,35,1731000
723,948,421,77,681000
724,4772,679,47,426000
725,3607,351,14,49000
726,4030,66,77,1145000
727,855,117,14,426000
728,652,554,53,493000
729,1784,433,16,351000
730,2021,1,67,1400000
731,3952,677,50,4007000
732,2643,467,10,123000
733,822,273,91,1239000
734,2921,212,58,242000
735,1902,275,66,3813000
736,2138,132,21,307000
737,98,728,37,505000
738,4809,139,62,3602000
739,3847,735,7,206000
740,3151,230,12,324000
741,706,103,21,1818000
742,3559,588,80,679000
743,4938,754,57,335000
744,1682,612,86,447000
745,2658,550,42,137000
746,2637,283,43,380000
747,3573,256,29,202000
748,1644,342,92,1106000
749,2194,326,76,24000
750,3396,728,89,563000
751,3096,338,90,565000
752,4141,589,49,838000
753,2989,160,83,1684000
754,1159,301,59,719000
755,2679,168,14,445000
756,3027,506,52,175000
757,4336,372,71,393000
758,521,676,25,1966000
759,871,166,44,351000
760,1279,557,56,249000
761,4610,593,56,274000
762,4639,671,92,4542000
763,3809,713,99,263000
764,1887,690,81,427000
765,356,715,8,143000
766,1182,441,99,1322000
767,2449,538,63,867000
768,1903,559,56,554000
769,2067,788,10,773000
770,3582,746,14,1341000
771,1754,466,5,577000
772,4162,346,98,105000
773,1968,612,97,565000
774,2471,687,60,1454000
775,44,200,43,796000
776,1476,469,72,1520000
777,862,598,77,768000
778,1602,338,32,520000
779,4470,730,11,61000
780,3534,332,32,292000
781,2359,289,41,628000
782,3343,21,90,200000
783,2614,799,52,275000
784,795,746,45,1240000
785,3743,307,37,344000
786,288,426,82,390000
787,3785,429,22,3702000
788,3433,697,67,2965000
789,255,207,78,1449000
790,1934,463,26,2318000
791,4399,785,22,2088000
792,2199,227,95,2083000
793,548,179,33,445000
794,600,480,37,1070000
795,4734,223,44,239000
796,221,582,55,874000
797,3913,281,89,592000
798,2370,726,70,213000
799,883,616,57,5299000
800,2117,197,21,1576000
801,3385,735,37,205000
802,495,795,57,1208000
803,1834,547,53,406000
804,4787,3,97,1235000
805,4129,792,9,3081000
806,3916,509,97,141000
807,2654,588,57,660000
808,71,271,66,932000
809,499,120,55,131000
810,391,710,57,4585000
811,4864,326,12,18000
812,4382,578,93,106000
813,1706,657,55,1777000
814,1521,384,67,1068000
815,3315,497,85,1326000
816,4698,268,10,514000
817,1073,336,10,43000
818,3551,204,89,490000
819,1856,10,30,4582000
820,2718,755,49,103000
821,3495,662,87,343000
822,3435,221,72,4392000
823,4147,482,92,583000
824,1323,68,92,136000
825,3324,57,86,347000
826,921,606,73,3607000
827,3757,464,59,1297000
828,2904,68,73,116000
829,4423,256,36,220000
830,2178,758,22,1438000
831,383,317,67,2971000
832,4204,419,24,956000
833,338,777,9,1094000
834,3647,186,51,46000
835,1052,485,20,530000
836,1963,342,26,751000
837,4834,713,48,276000
838,4564,417,53,1061000
839,4031,555,58,1308000
840,1345,231,65,1610000
841,1732,387,18,484000
842,898,379,78,91000
843,2611,51,48,170000
844,3424,171,53,201000
845,751,610,76,3650000
846,3775,221,83,3698000
847,1048,313,30,91000
848,2449,525,25,2757000
849,4553,621,65,957000
850,3327,197,6,1621000
851,74,243,40,1076000
852,1534,257,42,40000
853,2477,640,32,443000
854,4139,325,81,617000
855,2926,772,29,301000
856,4673,795,5,927000
857,574,692,20,418000
858,4046,699,97,473000
859,3154,166,15,316000
860,4286,513,56,567000
861,3002,370,63,1035000
862,4288,512,74,53000
863,1737,485,24,534000
864,2956,557,28,286000
865,1245,546,57,1515000
866,3343,563,16,571000
867,99,651,29,1339000
868,4493,107,46,718000
869,313,249,53,171000
870,121,343,8,1574000
871,2682,118,99,101000
872,693,64,56,902000
873,896,153,75,702000
874,1964,613,18,165000
875,1493,231,47,1849000
876,4793,596,96,296000
877,3560,365,47,2155000
878,1524,629,65,2584000
879,3147,697,70,2809000
880,2909,595,19,3132000
881,4147,492,69,201000
882,2343,229,81,215000
883,3632,12,45,192000
884,3180,507,48,73000
885,4734,520,95,1724000
886,1304,237,78,2925000
887,3236,630,59,2079000
888,987,381,34,181000
889,3071,321,94,1232000
890,2362,617,6,589000
891,3491,530,77,179000
892,4193,454,26,904000
893,1329,209,64,1083000
894,2742,333,72,1307000
895,3653,542,18,842000
896,4813,83,50,3642000
897,3312,694,44,82000
898,3804,243,18,841000
899,4568,565,29,361000
900,3519,208,20,1922000
901,4105,56,69,808000
902,2536,196,20,102000
903,4610,111,90,2851000
904,4095,539,73,1266000
905,770,197,44,1474000
906,2768,483,68,446000
907,263,126,22,861000
908,2716,251,7,1817000
909,229,631,44,1115000
910,4894,204,75,426000
911,4089,176,92,406000
912,395,63,59,116000
913,3494,141,23,994000
914,2787,275,65,3960000
915,594,1,91,997000
916,1589,23,79,438000
917,3417,20,22,772000
918,3601,230,28,324000
919,2194,593,96,262000
920,2183,577,97,129000
921,570,637,6,703000
922,4921,618,12,1525000
923,2949,153,91,598000
924,103,537,86,304000
925,1071,239,41,1802000
926,270,398,77,1247000
927,641,219,96,832000
928,1460,104,75,914000
929,3521,510,11,145000
930,2476,171,69,234000
931,159,619,65,1291000
932,3,212,44,268000
933,1471,206,6,243000
934,270,627,68,563000
935,493,83,26,4103000
936,1070,220,33,57000
937,1220,794,10,84000
938,674,547,46,372000
939,647,658,37,1003000
940,1059,94,35,786000
941,1924,32,79,1000000
942,2614,758,89,1596000
943,836,67,28,1100000
944,3857,525,87,3084000
945,2856,48,74,4050000
946,2251,117,63,425000
947,1608,493,64,3403000
948,107,696,83,596000
949,2829,184,19,65000
950,220,624,16,142000
951,911,6,49,999000
952,2589,5,89,814000
953,1355,155,75,1392000
954,3492,501,97,2347000
955,2534,683,81,1332000
956,2166,281,70,550000
957,4494,337,62,1796000
958,4027,671,13,3265000
959,2371,315,66,362000
960,3006,288,94,102000
961,2947,396,50,80000
962,486,360,24,695000
963,2130,219,77,918000
964,3075,750,51,3854000
965,3200,399,56,160000
966,1586,350,20,96000
967,2471,380,92,824000
968,1900,745,7,704000
969,559,185,67,362000
970,4922,751,94,213000
971,1943,156,99,744000
972,614,759,37,289000
973,2633,205,23,4036000
974,1622,236,6,4158000
975,2414,644,36,43000
976,1250,443,75,163000
977,1128,219,5,785000
978,216,550,81,122000
979,1286,399,10,132000
980,1291,757,82,3439000
981,4628,699,72,403000
982,1476,334,99,575000
983,4161,538,40,956000
984,956,279,29,2738000
985,2803,682,99,224000
986,1855,290,59,147000
987,2037,514,76,3113000
988,1065,431,15,160000
989,1378,13,97,769000
990,475,162,33,4203000
991,4856,469,84,1678000
992,4854,747,13,179000
993,4663,357,25,251000
994,550,145,57,1312000
995,197,62,25,878000
996,1020,602,61,1615000
997,1160,55,84,77000
998,1225,342,39,948000
999,2267,386,75,199000
1000,3580,751,12,193000
1001,4634,80,89,135000
1002,183,614,74,145000
1003,723,720,10,1373000
1004,1072,159,53,837000
1005,1745,489,29,2519000
1006,2062,171,25,225000
1007,4610,362,60,3619000
1008,4668,280,12,400000
1009,4325,737,90,1437000
1010,3917,546,50,1439000
1011,2108,190,92,1136000
1012,4058,19,92,13000
1013,3860,732,41,249000
1014,1628,591,46,1564000
1015,2097,450,54,2641000
1016,1308,600,44,740000
1017,2168,123,24,416000
1018,3993,259,50,2089000
1019,2586,70,32,1405000
1020,1655,216,86,1122000
1021,401,765,84,152000
1022,4674,399,75,167000
1023,4320,648,85,28000
1024,591,123,24,433000
1025,1913,623,66,1123000
1026,2177,223,84,267000
1027,1633,233,78,3409000
1028,2524,275,96,5033000
1029,3121,105,52,1988000
1030,1895,262,9,1106000
1031,4191,215,76,285000
1032,1136,701,19,2364000
1033,1471,378,37,519000
1034,4601,432,25,345000
1035,3840,483,45,566000
1036,4153,278,85,2015000
1037,3126,279,76,3172000
1038,1491,732,26,201000
1039,1904,659,30,1184000
1040,3760,14,26,1184000
1041,3358,410,21,1197000
1042,4194,430,55,1130000
1043,2595,77,8,12000
1044,968,17,35,2615000
1045,840,491,49,109000
1046,2862,19,73,15000
1047,548,650,57,703000
1048,2674,600,29,693000
1049,4176,789,23,1842000
1050,1284,681,16,829000
1051,3799,301,58,554000
1052,1678,635,82,2379000
1053,3236,351,98,47000
1054,4909,461,17,1804000
1055,982,526,58,77000
1056,3225,715,39,179000
1057,4415,288,9,118000
1058,381,682,45,319000
1059,437,412,87,363000
1060,3113,117,7,337000
1061,3701,342,15,969000
1062,3305,796,18,1068000
1063,2077,665,25,889000
1064,3615,435,29,197000
1065,448,314,28,2200000
1066,2399,117,39,327000
1067,3334,460,37,655000
1068,933,454,71,840000
1069,3802,353,72,554000
1070,3663,480,97,1237000
1071,4489,30,46,1592000
1072,2591,49,64,672000
1073,4518,126,18,757000
1074,1602,312,46,1248000
1075,1040,85,40,20000
1076,1896,345,99,1721000
1077,341,247,95,1216000
1078,825,702,71,1445000
1079,3525,379,90,104000
1080,892,325,83,885000
1081,4304,30,17,1598000
1082,766,782,36,3346000
1083,456,689,40,2349000
1084,3833,118,61,85000
1085,301,402,13,108000
1086,3013,658,59,1294000
1087,133,234,95,3475000
1088,2424,393,60,2328000
1089,736,72,32,1162000
1090,443,703,70,1586000
1091,2532,332,9,294000
1092,1866,685,45,730000
1093,204,33,16,419000
1094,1917,577,50,143000
1095,2741,661,30,3530000
1096,3518,336,44,60000
1097,4329,537,79,316000
1098,3837,266,13,1029000
1099,2965,795,8,1043000
1100,3533,589,49,879000
1101,4350,195,10,792000
1102,4254,633,31,331000
1103,588,610,6,2733000
1104,3086,410,38,1584000
1105,339,30,59,1169000
1106,4248,200,53,771000
1107,3011,342,67,790000
1108,3038,551,69,44000
1109,4356,611,28,512000
1110,1041,206,62,229000
1111,1101,79,26,3003000
1112,661,459,28,151000
1113,2141,61,48,113000
1114,4309,153,80,741000
1115,3943,69,90,174000
1116,587,788,87,618000
1117,2435,188,8,217000
1118,4284,773,95,1204000
1119,3288,510,8,149000
1120,2635,581,26,355000
1121,456,157,68,1907000
1122,4638,362,93,3496000
1123,3913,242,23,1759000
1124,1166,293,12,227000
1125,3485,581,33,342000
1126,4398,561,45,691000
1127,3282,598,42,830000
1128,1979,487,42,3103000
1129,1390,68,38,116000
1130,4550,129,12,241000
1131,52,476,63,206000
1132,4009,109,95,3305000
1133,462,19,78,17000
1134,2632,547,38,347000
1135,2987,211,82,124000
1136,3958,510,79,148000
1137,3257,379,69,121000
1138,377,259,31,2030000
1139,2155,781,10,374000
1140,4189,448,62,58000
1141,1012,362,6,3547000
1142,2332,284,39,4010000
1143,3501,356,93,145000
1144,1810,644,25,41000
1145,1853,581,40,397000
1146,2780,200,96,1067000
1147,3472,7,22,745000
1148,3713,730,68,74000
1149,3365,125,100,262000
1150,3349,463,16,3070000
1151,4378,145,89,1283000
1152,2529,360,17,838000
1153,3972,256,60,252000
1154,2336,411,67,936000
1155,3275,78,89,318000
1156,3602,696,65,576000
1157,383,299,37,998000
1158,3875,747,68,179000
1159,2217,669,38,228000
1160,1970,258,18,658000
1161,1481,728,80,544000
1162,3966,764,12,276000
1163,4063,216,11,1185000
1164,1603,170,53,266000
1165,70,217,94,2385000
1166,1993,292,29,105000
1167,2664,392,77,59000
1168,3676,435,72,197000
1169,3402,398,90,1465000
1170,840,703,95,1670000
1171,22,230,30,320000
1172,2619,20,87,963000
1173,3987,66,63,1097000
1174,4272,624,49,129000
1175,3572,99,70,113000
1176,3018,58,60,3974000
1177,1397,589,38,882000
1178,3281,633,6,294000
1179,1447,613,99,190000
1180,955,321,16,1126000
1181,4405,502,67,426000
1182,1782,190,73,1211000
1183,3184,526,96,64000
1184,596,123,51,447000
1185,3735,433,14,267000
1186,461,575,35,1118000
1187,3646,445,82,152000
1188,115,268,65,540000
1189,3228,418,8,279000
1190,4299,596,7,297000
1191,4439,707,26,409000
1192,811,561,24,788000
1193,826,60,23,358000
1194,3805,222,86,122000
1195,2057,317,42,3415000
1196,55,679,14,399000
1197,3547,772,95,296000
1198,1198,584,10,1298000
1199,2020,124,38,352000
1200,45,21,22,188000
1201,643,445,54,142000
1202,1764,565,75,327000
1203,2237,726,84,304000
1204,2570,434,17,2051000
1205,1477,504,26,1238000
1206,531,225,56,1244000
1207,1446,539,11,1767000
1208,2761,4,79,2562000
1209,356,692,57,431000
1210,2542,613,76,176000
1211,823,462,98,406000
1212,1967,661,29,3460000
1213,1901,591,19,1387000
1214,2396,710,45,3760000
1215,646,742,93,739000
1216,3747,45,77,139000
1217,179,11,83,200000
1218,4634,487,46,3637000
1219,1363,680,62,866000
1220,2948,381,42,191000
1221,3515,471,90,102000
1222,1703,749,57,485000
1223,623,486,31,1661000
1224,4492,90,90,1194000
1225,2247,166,64,245000
1226,2760,288,70,125000
1227,3635,640,43,395000
1228,1166,605,42,1442000
1229,3398,310,97,3710000
1230,1794,166,14,296000
1231,896,203,11,1515000
1232,952,135,13,179000
1233,3275,91,40,39000
1234,2684,569,61,1400000
1235,4530,298,57,269000
1236,1009,447,100,1765000
1237,689,419,87,988000
1238,2855,130,79,3057000
1239,1751,477,62,1113000
1240,602,370,66,1233000
1241,877,764,7,264000
1242,3536,770,62,424000
1243,1847,581,58,297000
1244,3747,638,13,254000
1245,661,186,23,44000
1246,1711,468,69,394000
1247,1913,101,93,236000
1248,4355,5,10,848000
1249,702,201,46,770000
1250,3438,244,8,172000
1251,2698,316,40,86000
1252,4509,483,44,554000
1253,1091,397,47,1824000
1254,2110,313,30,82000
1255,1493,720,34,1677000
1256,3525,355,23,478000
1257,527,411,16,996000
1258,1136,38,88,221000
1259,2095,57,29,357000
1260,4512,201,33,726000
1261,4130,505,38,44000
1262,168,577,12,122000
1263,4996,692,76,522000
1264,1167,692,23,492000
1265,4274,114,87,408000
1266,1828,218,45,888000
1267,3918,342,59,1068000
1268,4960,309,6,74000
1269,4728,588,94,542000
1270,4641,593,47,331000
1271,2548,215,8,254000
1272,666,593,65,265000
1273,1725,488,71,673000
1274,2561,780,77,1168000
1275,2644,667,65,96000
1276,4660,259,61,1955000
1277,4007,8,28,337000
1278,3298,111,83,2615000
1279,2840,44,9,1814000
1280,1308,683,42,1005000
1281,2626,632,82,122000
1282,2974,281,48,734000
1283,1423,155,49,1597000
1284,729,185,68,303000
1285,2588,191,5,1080000
1286,1906,98,52,2288000
1287,4414,27,65,368000
1288,4768,168,77,599000
1289,1025,427,58,56000
1290,2107,8,59,390000
1291,4217,608,65,44000
1292,3835,429,46,3128000
1293,610,632,50,119000
1294,1169,554,17,406000
1295,3494,438,13,253000
1296,2609,675,36,539000
1297,998,136,72,104000
1298,2532,159,46,820000
1299,3103,471,67,118000
1300,4823,328,22,299000
1301,22,356,31,157000
1302,4141,78,27,354000
1303,2629,468,45,461000
1304,921,653,18,573000
1305,3493,24,19,317000
1306,3892,89,78,1186000
1307,1031,482,32,439000
1308,4313,519,58,506000
1309,766,684,96,118000
1310,1084,4,15,2745000
1311,777,202,84,70000
1312,2070,590,87,325000
1313,829,63,62,108000
1314,4378,643,90,101000
1315,4019,476,34,180000
1316,3913,17,34,2076000
1317,1427,140,28,3798000
1318,4401,298,19,303000
1319,3973,490,100,405000
1320,225,575,57,1550000
1321,3584,509,58,102000
1322,1748,581,44,300000
1323,2508,619,9,1347000
1324,158,624,98,101000
1325,2514,501,76,1775000
1326,4101,338,21,631000
1327,2048,175,18,1523000
1328,2687,16,21,601000
1329,718,625,29,376000
1330,3229,273,95,1266000
1331,3144,496,88,97000
1332,2638,723,36,26000
1333,720,232,47,971000
1334,226,285,43,2520000
1335,3330,116,24,4126000
1336,903,126,70,911000
1337,3071,331,39,220000
1338,951,158,64,76000
1339,1695,214,70,926000
1340,219,610,48,2862000
1341,4489,98,52,2205000
1342,2021,375,15,3040000
1343,1301,234,27,3658000
1344,2126,529,86,437000
1345,2352,392,13,58000
1346,4260,165,48,1107000
1347,1122,111,71,2126000
1348,4364,16,15,624000
1349,3682,213,28,598000
1350,4910,423,54,897000
1351,3024,532,13,1467000
1352,2158,383,97,1417000
1353,2334,22,99,396000
1354,4419,386,47,228000
1355,4298,710,86,3515000
1356,982,795,29,991000
1357,2379,444,22,32000
1358,4870,211,73,172000
1359,3522,480,57,1145000
1360,1181,521,28,1518000
1361,1895,589,68,887000
1362,537,467,81,88000
1363,2980,723,75,22000
1364,462,159,34,692000
1365,2371,108,10,425000
1366,400,123,33,467000
1367,823,211,26,146000
1368,2485,410,32,1573000
1369,1932,545,15,1287000
1370,2429,426,36,509000
1371,2033,634,73,1750000
1372,4942,55,8,74000
1373,3273,213,39,831000
1374,4177,535,21,370000
1375,3574,118,53,69000
1376,3266,291,63,122000
1377,1294,267,18,798000
1378,4133,28,94,1443000
1379,3887,244,41,141000
1380,1105,748,92,567000
1381,1056,551,29,47000
1382,4095,769,7,32000
1383,1811,177,36,1272000
1384,2932,515,49,1525000
1385,4177,335,60,335000
1386,1850,472,29,131000
1387,2424,561,49,809000
1388,2839,547,36,505000
1389,2128,19,81,13000
1390,4079,648,48,27000
1391,434,666,48,556000
1392,3781,687,53,1451000
1393,3839,516,78,2705000
1394,4747,670,27,673000
1395,2307,386,42,191000
1396,3518,323,100,1075000
1397,632,235,98,589000
1398,65,89,97,1101000
1399,4836,533,35,2283000
1400,3930,362,35,3738000
1401,1343,732,42,217000
1402,1411,304,12,125000
1403,1261,563,89,484000
1404,4915,416,43,887000
1405,1728,609,12,524000
1406,4324,509,43,139000
1407,2047,185,50,341000
1408,4118,266,55,1051000
1409,3705,674,86,2317000
1410,3784,302,74,582000
1411,2285,488,74,690000
1412,1632,362,9,2748000
1413,2145,600,62,829000
1414,2510,461,73,1765000
1415,1131,259,43,1491000
1416,1683,530,22,188000
1417,3166,364,24,193000
1418,222,217,40,1906000
1419,1746,612,12,408000
1420,4676,665,78,920000
1421,4182,340,16,1498000
1422,1918,221,93,4705000
1423,2758,17,79,2581000
1424,3586,154,22,1131000
1425,2934,29,84,1110000
1426,2171,656,77,2325000
1427,2474,294,33,416000
1428,1015,337,61,2298000
1429,2196,177,61,1076000
1430,3931,680,67,899000
1431,4469,537,13,352000
1432,2140,587,59,3208000
1433,4033,448,59,66000
1434,3448,579,32,380000
1435,3964,430,19,1243000
1436,1608,349,20,2421000
1437,1689,138,18,19000
1438,3094,140,24,4033000
1439,1297,238,75,720000
1440,3786,409,94,604000
1441,4753,223,37,315000
1442,2190,379,76,112000
1443,3761,441,10,1035000
1444,3091,656,98,2732000
1445,1758,149,52,1861000
1446,2424,589,61,655000
1447,1256,511,7,350000
1448,1526,608,64,44000
1449,2302,8,77,378000
1450,2268,736,24,423000
1451,1658,432,11,385000
1452,192,682,67,254000
1453,4378,480,85,1017000
1454,1536,625,77,350000
1455,3293,387,70,468000
1456,3239,133,96,1739000
1457,3681,343,60,1666000
1458,125,448,65,78000
1459,730,266,92,955000
1460,2133,240,19,219000
1461,4661,252,34,435000
1462,3218,261,51,130000
1463,981,321,75,1027000
1464,3362,266,17,764000
1465,2747,160,62,1641000
1466,630,118,91,101000
1467,1911,773,39,1305000
1468,2016,380,27,961000
1469,3462,51,79,139000
1470,190,419,42,838000
1471,547,240,15,226000
1472,1908,617,39,743000
1473,1822,784,8,3057000
1474,2196,765,48,217000
1475,30,81,14,3303000
1476,2983,92,26,1615000
1477,1456,71,54,761000
1478,4706,528,60,1217000
1479,4175,549,83,1933000
1480,1627,159,19,662000
1481,2452,684,60,88000
1482,1639,285,67,2170000
1483,2264,557,86,270000
1484,3600,45,44,152000
1485,4952,15,88,1375000
1486,1839,15,62,1425000
1487,4828,410,65,1532000
1488,472,775,29,843000
1489,2930,527,99,654000
1490,1582,457,83,1549000
1491,3231,640,70,463000
1492,3131,203,89,1416000
1493,844,456,36,42000
1494,2494,705,48,1233000
1495,1849,751,96,182000
1496,1067,52,46,323000
1497,4779,353,91,601000
1498,4084,459,60,183000
1499,4820,533,81,2257000
1500,3244,215,23,260000
1501,3563,643,13,101000
1502,2248,297,62,232000
1503,169,629,98,1904000
1504,4012,474,97,2117000
1505,3659,193,25,262000
1506,3885,629,30,2112000
1507,723,388,74,564000
1508,3013,399,86,171000
1509,3890,469,13,1448000
1510,3626,125,8,241000
1511,789,319,19,285000
1512,2254,650,9,924000
1513,1959,565,63,358000
1514,3759,82,42,90000
1515,1595,565,8,322000
1516,4969,233,40,4777000
1517,4765,574,56,96000
1518,1024,529,66,382000
1519,3859,523,20,2436000
1520,3806,326,14,20000
1521,809,440,70,306000
1522,4226,539,37,1645000
1523,2024,416,34,843000
1524,1032,464,70,1543000
1525,3212,466,54,618000
1526,2403,671,99,3209000
1527,570,630,85,3014000
1528,1864,65,50,680000
1529,4913,675,43,511000
1530,4309,606,79,4191000
1531,664,317,73,3586000
1532,3656,797,71,2838000
1533,315,515,96,1933000
1534,539,509,61,140000
1535,991,744,21,50000
1536,4899,618,51,1447000
1537,3761,551,71,45000
1538,2804,279,28,2951000
1539,1924,99,29,142000
1540,2213,632,14,127000
1541,852,716,84,837000
1542,4130,738,92,1550000
1543,4244,80,87,129000
1544,2221,400,53,1017000
1545,431,226,46,1459000
1546,1630,241,67,919000
1547,4386,83,77,4171000
1548,367,487,62,3771000
1549,3757,655,54,1010000
1550,777,295,60,414000
1551,889,270,92,868000
1552,3867,547,14,365000
1553,3224,589,76,818000
1554,4770,458,16,578000
1555,1815,611,56,429000
1556,1473,626,29,818000
1557,428,593,77,303000
1558,4334,613,6,198000
1559,2406,243,90,1172000
1560,2841,534,84,139000
1561,2395,590,85,316000
1562,925,611,36,534000
1563,4938,563,57,464000
1564,837,613,56,196000
1565,2925,500,24,38000
1566,3180,184,49,66000
1567,294,773,92,1431000
1568,1921,50,79,1853000
1569,3992,255,29,262000
1570,3250,603,53,314000
1571,1522,161,27,825000
1572,4274,599,62,2252000
1573,579,453,60,965000
1574,4931,198,26,668000
1575,2600,401,25,43000
1576,2039,339,10,2022000
1577,2450,44,43,1379000
1578,1779,563,18,436000
1579,2885,478,79,426000
1580,4792,545,84,1128000
1581,4559,321,8,1511000
1582,738,313,83,92000
1583,1370,249,60,169000
1584,265,622,57,456000
1585,318,718,70,187000
1586,4566,61,100,128000
1587,834,559,89,377000
1588,1681,749,40,558000
1589,789,564,77,120000
1590,2217,751,8,252000
1591,2421,260,27,84000
1592,2604,15,25,1131000
1593,552,114,96,367000
1594,3985,468,21,441000
1595,3311,611,48,439000
1596,3987,783,21,335000
1597,2896,668,94,1783000
1598,2729,254,48,1438000
1599,1658,460,7,766000
1600,1909,140,70,3073000
1601,4120,627,39,488000
1602,2943,67,17,897000
1603,1608,265,16,260000
1604,2156,318,44,463000
1605,764,705,24,1295000
1606,1338,557,83,338000
1607,1393,586,46,882000
1608,4261,12,79,170000
1609,2012,237,43,3322000
1610,564,729,10,1700000
1611,2490,153,5,688000
1612,2612,143,84,498000
1613,357,9,78,160000
1614,678,491,90,106000
1615,1701,54,94,380000
1616,939,391,58,59000
1617,4808,753,15,293000
1618,2468,293,28,248000
1619,304,337,76,1598000
1620,2652,575,77,1208000
1621,1877,215,25,301000
1622,2824,61,68,97000
1623,4925,686,65,539000
1624,1638,450,23,2725000
1625,1149,648,9,25000
1626,3502,116,8,3933000
1627,4401,504,46,1151000
1628,4532,146,70,239000
1629,613,91,25,32000
1630,2234,32,99,917000
1631,2151,52,5,257000
1632,378,421,14,783000
1633,3370,708,63,3159000
1634,139,111,86,2419000
1635,4167,734,100,255000
1636,2458,563,38,421000
1637,3707,355,44,380000
1638,1274,472,76,141000
1639,4661,187,9,27000
1640,4145,117,98,393000
1641,4586,110,83,405000
1642,875,195,71,987000
1643,3433,685,79,826000
1644,3506,557,50,326000
1645,1130,569,85,1244000
1646,1258,328,54,253000
1647,835,506,51,119000
1648,2517,291,69,137000
1649,962,701,8,2331000
1650,1374,312,38,992000
1651,1907,390,57,508000
1652,1479,554,5,455000
1653,2832,458,55,587000
1654,3015,136,22,95000
1655,890,214,53,758000
1656,2372,732,32,207000
1657,2783,60,37,355000
1658,1257,464,94,1290000
1659,2263,653,68,538000
1660,4817,175,96,1809000
1661,2302,517,49,1036000
1662,2531,647,100,18000
1663,833,342,11,984000
1664,1358,214,92,965000
1665,2449,285,22,2141000
1666,1387,489,69,2462000
1667,3246,60,85,283000
1668,222,312,36,965000
1669,2705,21,84,183000
1670,4025,698,89,415000
1671,1531,54,42,360000
1672,2610,747,20,178000
1673,4378,704,19,225000
1674,4226,352,95,126000
1675,3865,701,26,2988000
1676,674,572,66,1238000
1677,1904,272,16,141000
1678,3024,497,27,1315000
1679,4362,609,15,491000
1680,4712,738,54,1650000
1681,903,466,36,593000
1682,1221,439,52,1853000
1683,3932,92,30,1631000
1684,1578,153,77,747000
1685,105,746,85,1219000
1686,4496,265,79,259000
1687,374,545,91,1176000
1688,4130,791,21,3424000
1689,2713,551,65,43000
1690,1320,170,78,373000
1691,1362,382,14,360000
1692,225,489,97,2092000
1693,2234,743,19,51000
1694,2380,739,82,79000
1695,4538,391,58,59000
1696,3909,184,68,58000
1697,4853,602,34,1515000
1698,2168,363,46,823000
1699,2987,57,51,450000
1700,3711,246,95,3717000
1701,4290,181,33,131000
1702,1513,367,18,566000
1703,1120,346,79,121000
1704,4332,182,97,1223000
1705,3195,753,86,391000
1706,831,60,23,366000
1707,3149,794,92,82000
1708,2114,255,56,189000
1709,2392,245,26,669000
1710,3258,337,41,1976000
1711,3543,617,26,594000
1712,1948,106,71,2393000
1713,3597,780,12,1278000
1714,2371,469,5,1374000
1715,2088,750,15,4400000
1716,4099,786,51,193000
1717,2714,758,53,1446000
1718,4733,449,52,116000
1719,3170,461,98,2277000
1720,4291,439,66,1788000
1721,663,232,37,917000
1722,2285,145,5,1081000
1723,1739,570,70,797000
1724,3494,204,69,367000
1725,1658,627,36,544000
1726,3905,376,96,1224000
1727,159,160,92,1300000
1728,4576,398,75,1169000
1729,2350,449,55,110000
1730,2181,158,27,60000
1731,1219,341,29,1490000
1732,449,31,33,1977000
1733,4054,265,54,240000
1734,2867,732,24,264000
1735,1796,411,65,1120000
1736,4846,617,78,644000
1737,3110,23,87,609000
1738,653,86,92,1435000
1739,4894,763,26,115000
1740,2748,113,80,766000
1741,1536,144,31,1178000
1742,463,634,70,1373000
1743,2785,611,42,551000
1744,2876,307,15,280000
1745,3336,295,90,331000
1746,4220,416,71,876000
1747,4815,413,52,4556000
1748,4772,701,23,2739000
1749,2742,105,83,2377000
1750,3248,624,80,143000
1751,4090,571,64,1356000
1752,1389,240,78,207000
1753,1386,340,94,1720000
1754,1691,17,23,2443000
1755,1847,478,22,464000
1756,3559,294,69,279000
1757,599,447,9,1819000
1758,4103,201,69,676000
1759,2831,798,71,76000
1760,627,409,100,551000
1761,4666,154,23,964000
1762,3345,270,68,781000
1763,3484,504,37,1275000
1764,588,60,62,362000
1765,4342,215,98,237000
1766,738,761,16,349000
1767,2679,191,13,1131000
1768,3616,152,52,656000
1769,169,516,73,2755000
1770,3749,316,20,63000
1771,2284,740,31,5197000
1772,809,632,32,105000
1773,2709,14,67,1112000
1774,3627,392,69,46000
1775,3244,42,6,943000
1776,1509,29,41,1291000
1777,2229,441,84,1060000
1778,179,523,10,3134000
1779,908,421,57,636000
1780,3969,656,53,2677000
1781,1593,90,21,829000
1782,1949,174,68,572000
1783,3772,134,53,230000
1784,64,228,70,104000
1785,2611,171,74,217000
1786,1716,152,34,581000
1787,1329,322,72,593000
1788,4121,241,56,1194000
1789,1398,553,56,2419000
1790,104,138,17,20000
1791,3513,412,50,332000
1792,3793,49,84,780000
1793,42,98,23,2663000
1794,942,35,38,150000
1795,4824,244,30,148000
1796,3460,336,64,61000
1797,1545,611,66,441000
1798,2064,535,45,421000
1799,2963,363,61,1108000
1800,3866,383,48,1916000
1801,2760,397,38,1591000
1802,1138,634,21,1681000
1803,4682,123,91,438000
1804,2237,612,62,474000
1805,4202,647,58,18000
1806,660,109,40,3170000
1807,371,760,61,893000
1808,324,450,89,2924000
1809,277,782,61,2814000
1810,2686,108,91,480000
1811,1588,260,9,72000
1812,2147,231,7,1438000
1813,2359,645,34,1947000
1814,940,50,21,1836000
1815,4902,484,5,754000
1816,2456,323,34,817000
1817,990,636,74,389000
1818,2801,719,28,709000
1819,3555,450,61,2197000
1820,1605,35,19,139000
1821,2838,763,29,135000
1822,3369,678,65,946000
1823,3082,424,79,1379000
1824,2225,782,26,3081000
1825,117,349,22,2698000
1826,917,572,78,1410000
1827,2975,199,47,108000
1828,4378,47,85,85000
1829,4000,387,34,372000
1830,3004,537,27,353000
1831,4071,49,66,703000
1832,4083,424,86,1544000
1833,4947,672,70,1262000
1834,382,22,74,305000
1835,4116,485,51,484000
1836,1244,239,55,2050000
1837,2493,615,67,59000
1838,2588,636,75,430000
1839,1845,50,7,1857000
1840,4562,473,10,577000
1841,2607,396,75,75000
1842,2804,5,11,957000
1843,1700,104,19,1088000
1844,962,223,76,304000
1845,2281,18,78,856000
1846,4023,751,5,225000
1847,2669,351,99,46000
1848,2947,678,58,1020000
1849,450,519,29,454000
1850,1597,701,51,2830000
1851,1532,682,62,251000
1852,3067,503,95,143000
1853,820,287,45,763000
1854,4999,249,73,204000
1855,2262,183,59,1137000
1856,910,687,83,1443000
1857,4621,442,34,1941000
1858,2505,633,63,262000
1859,2797,482,43,617000
1860,2294,753,59,341000
1861,1898,597,80,1967000
1862,558,271,62,1191000
1863,4470,612,41,502000
1864,3318,606,35,3834000
1865,3189,206,95,233000
1866,2551,289,85,732000
1867,2855,430,69,1441000
1868,4348,787,22,1280000
1869,3800,62,62,987000
1870,4998,736,45,479000
1871,289,660,31,151000
1872,182,236,90,4234000
1873,3822,429,37,3386000
1874,1783,287,87,878000
1875,4641,346,49,123000
1876,1367,422,43,186000
1877,456,271,67,1323000
1878,3926,399,87,157000
1879,1566,399,41,140000
1880,1344,654,45,41000
1881,403,1,21,1081000
1882,4641,614,28,137000
1883,1744,621,86,915000
1884,202,636,5,497000
1885,437,443,80,125000
1886,452,652,74,807000
1887,1951,497,51,1456000
1888,3408,151,69,1033000
1889,3212,6,14,989000
1890,2581,678,76,1342000
1891,4528,718,62,247000
1892,630,655,85,1164000
1893,3318,799,44,205000
1894,3191,269,65,557000
1895,1123,30,9,1134000
1896,4143,757,100,3471000
1897,1188,625,14,388000
1898,2013,513,92,630000
1899,809,80,66,131000
1900,3782,24,61,381000
1901,1700,470,52,465000
1902,4090,283,26,383000
1903,1811,789,31,1917000
1904,2753,542,92,765000
1905,3561,756,92,102000
1906,259,341,70,1527000
1907,2746,389,67,248000
1908,1883,69,26,161000
1909,2108,603,73,276000
1910,2630,721,97,370000
1911,2942,207,99,1314000
1912,4201,71,60,622000
1913,4262,367,40,483000
1914,3072,492,59,206000
1915,497,178,44,894000
1916,2841,287,63,715000
1917,329,564,66,116000
1918,863,467,76,85000
1919,3066,317,74,3560000
1920,535,308,88,3476000
1921,3651,403,39,121000
1922,4399,109,87,2882000
1923,990,1,81,1195000
1924,4004,215,64,254000
1925,1157,16,81,649000
1926,4851,716,98,971000
1927,2635,352,9,141000
1928,1318,383,5,1867000
1929,3883,547,59,494000
1930,4538,607,57,273000
1931,1593,361,59,470000
1932,538,440,30,283000
1933,4689,220,9,49000
1934,1108,719,35,686000
1935,1211,662,60,265000
1936,2662,241,15,887000
1937,1172,498,74,147000
1938,655,524,14,916000
1939,4309,794,83,84000
1940,3031,365,69,1595000
1941,4556,677,25,4799000
1942,4136,23,26,477000
1943,2316,92,98,1508000
1944,3021,629,77,1892000
1945,561,57,57,435000
1946,1653,233,83,3636000
1947,2449,754,62,340000
1948,1472,271,55,1177000
1949,1647,407,74,1906000
1950,3559,297,57,241000
1951,4971,132,48,425000
1952,3754,799,97,233000
1953,820,120,80,135000
1954,3751,724,14,969000
1955,586,427,98,45000
1956,2279,424,83,1488000
1957,4043,97,94,118000
1958,1906,706,75,343000
1959,352,678,57,1250000
1960,1564,702,89,1390000
1961,582,34,79,136000
1962,4379,402,27,125000
1963,4833,549,54,1745000
1964,2391,650,9,833000
1965,1534,607,8,293000
1966,1702,733,84,1182000
1967,632,277,22,443000
1968,1512,758,52,1657000
1969,4066,633,31,329000
1970,2751,269,37,508000
1971,2071,464,71,1183000
1972,4675,575,26,1354000
1973,1492,363,87,884000
1974,4206,356,62,175000
1975,1772,711,83,1952000
1976,4984,481,93,1868000
1977,4025,355,12,425000
1978,3624,769,45,37000
1979,523,283,58,475000
1980,1226,696,83,617000
1981,4022,268,77,470000
1982,2941,227,15,2381000
1983,3560,680,78,1064000
1984,3341,208,67,2162000
1985,567,485,16,405000
1986,4400,445,12,155000
1987,1148,560,23,31000
1988,1417,499,84,751000
1989,2745,474,16,2511000
1990,675,428,93,919000
1991,4002,201,37,706000
1992,1737,219,5,905000
1993,573,348,34,1212000
1994,772,164,63,1035000
1995,942,233,96,3940000
1996,4304,242,13,1399000
1997,2605,598,34,939000
1998,3336,445,58,141000
1999,959,755,66,82000
2000,1975,447,46,1424000
2001,37,674,31,1820000
2002,2304,664,34,108000
2003,1903,17,42,2048000
2004,2224,745,26,724000
2005,1134,327,6,561000
2006,3305,678,94,1078000
2007,3692,245,60,731000
2008,3043,5,34,940000
2009,1061,74,89,217000
2010,4538,227,41,2008000
2011,1384,284,46,3097000
2012,485,431,11,169000
2013,1516,156,73,732000
2014,1791,342,55,1091000
2015,2347,595,32,3231000
2016,1220,657,56,1691000
2017,2214,33,90,487000
2018,4426,141,50,992000
2019,3851,475,78,127000
2020,2691,573,42,237000
2021,3714,683,97,1015000
2022,3926,262,22,921000
2023,447,317,13,3232000
2024,2711,778,86,3392000
2025,600,292,55,84000
2026,1707,567,6,3465000
2027,2620,708,67,2638000
2028,4598,629,19,2228000
2029,214,86,10,1973000
2030,3562,469,33,1323000
2031,3146,451,85,27000
2032,732,1,100,1461000
2033,418,107,50,626000
2034,3531,74,19,250000
2035,4268,503,77,138000
2036,2174,373,67,1322000
2037,574,534,70,102000
2038,2315,295,10,454000
2039,4943,738,64,1926000
2040,1688,126,86,815000
2041,1001,319,89,290000
2042,147,672,23,1348000
2043,2222,532,20,1861000
2044,662,602,99,1395000
2045,3669,298,63,284000
2046,4038,782,31,3328000
2047,2402,83,36,4417000
2048,4464,596,83,226000
2049,4296,107,40,826000
2050,2574,485,28,455000
2051,2390,450,8,2976000
2052,536,666,16,635000
2053,1966,479,13,537000
2054,4416,527,62,622000
2055,2319,493,18,3398000
2056,3190,611,13,622000
2057,3448,262,13,1128000
2058,2945,715,88,127000
2059,3921,442,24,1511000
2060,4018,752,34,261000
2061,3827,194,93,139000
2062,1548,57,5,380000
2063,4446,757,25,4497000
2064,1625,379,22,131000
2065,4914,318,21,469000
2066,4057,593,53,263000
2067,2219,116,19,3594000
2068,4786,519,72,511000
2069,4515,413,11,4260000
2070,1705,371,79,852000
2071,1074,216,97,1123000
2072,1126,219,79,1020000
2073,3009,308,83,3087000
2074,870,383,35,1937000
2075,3328,529,17,309000
2076,2670,7,61,628000
2077,232,98,22,2879000
2078,1143,328,66,276000
2079,2495,584,55,1317000
2080,4416,793,35,99000
2081,447,265,41,216000
2082,379,730,78,66000
2083,4970,189,58,2264000
2084,4145,115,59,250000
2085,2124,130,58,2269000
2086,3319,150,96,1728000
2087,985,561,60,712000
2088,618,117,65,396000
2089,4489,498,19,181000
2090,2821,310,52,5431000
2091,1963,285,23,2157000
2092,1089,776,28,57000
2093,4877,268,88,519000
2094,2524,747,90,179000
2095,4607,374,39,184000
2096,2167,772,21,347000
2097,1345,362,99,2794000
2098,4123,782,55,2831000
2099,2829,679,35,438000
2100,2954,397,53,1440000
2101,2905,127,75,270000
2102,4330,202,92,73000
2103,1388,502,92,440000
2104,2552,128,9,1010000
2105,148,504,83,1102000
2106,1349,551,87,43000
2107,2808,305,40,3224000
2108,3217,151,20,1153000
2109,2734,413,85,4889000
2110,1005,80,97,154000
2111,2616,329,7,28000
2112,1839,124,70,426000
2113,2024,283,33,354000
2114,2516,548,18,571000
2115,121,77,100,17000
2116,4620,6,33,865000
2117,3010,282,40,515000
2118,4385,316,72,63000
2119,3135,709,89,2434000
2120,2600,54,84,299000
2121,2616,463,54,2247000
2122,2040,353,31,489000
2123,2116,200,26,1020000
2124,4147,154,14,1074000
2125,4953,336,36,56000
2126,1655,521,89,1574000
2127,845,66,82,911000
2128,596,510,57,112000
2129,1937,345,97,1971000
2130,2633,225,36,1518000
2131,474,191,96,1127000
2132,526,417,91,786000
2133,2346,334,60,427000
2134,435,352,75,123000
2135,1096,92,71,1759000
2136,156,465,55,1154000
2137,404,591,46,1203000
2138,4784,496,78,98000
2139,2075,588,20,734000
2140,3299,320,30,2059000
2141,264,428,11,1119000
2142,3757,450,51,2698000
2143,997,713,38,254000
2144,4536,341,33,1578000
2145,256,411,38,830000
2146,3194,31,90,1893000
2147,2347,552,63,1397000
2148,1557,747,11,162000
2149,2402,562,66,49000
2150,4809,150,18,1625000
2151,4380,188,20,202000
2152,2437,334,62,397000
2153,2782,183,53,1088000
2154,2399,195,53,834000
2155,128,794,37,83000
2156,193,63,39,107000
2157,767,463,61,2791000
2158,496,447,37,1451000
2159,2119,734,59,224000
2160,1800,673,58,696000
2161,3446,48,98,3896000
2162,3842,88,94,1441000
2163,1446,499,43,725000
2164,715,606,9,4504000
2165,2589,334,81,562000
2166,429,180,91,3835000
2167,1163,59,76,428000
2168,4996,137,10,278000
2169,4114,448,56,57000
2170,91,515,47,1601000
2171,3673,500,80,42000
2172,4365,531,73,3639000
2173,1941,328,9,253000
2174,2743,290,75,142000
2175,3471,371,6,929000
2176,2883,545,23,1033000
2177,3652,129,62,196000
2178,1089,694,91,97000
2179,3015,330,100,170000
2180,1348,571,47,1237000
2181,2808,686,14,476000
2182,3924,531,50,2608000
2183,1007,765,61,171000
2184,2424,524,23,962000
2185,2925,603,92,319000
2186,267,324,80,3172000
2187,1245,272,26,166000
2188,3986,508,89,1296000
2189,1991,683,81,1358000
2190,4185,292,14,101000
2191,2263,577,84,109000
2192,216,489,33,2627000
2193,3658,534,39,109000
2194,3658,448,13,84000
2195,1071,52,96,352000
2196,2989,393,49,2216000
2197,3201,786,31,200000
2198,1940,699,15,342000
2199,1161,260,27,86000
2200,4586,410,29,1485000
2201,362,554,29,415000
2202,3167,63,57,136000
2203,3738,757,81,3907000
2204,564,261,70,139000
2205,858,583,83,3033000
2206,1441,578,20,101000
2207,987,507,45,70000
2208,1548,58,34,3561000
2209,2798,293,28,224000
2210,3333,539,20,1320000
2211,4123,177,10,1372000
2212,1624,460,98,567000
2213,1102,770,67,423000
2214,2539,243,23,1199000
2215,3473,748,21,604000
2216,4281,478,26,491000
2217,4233,726,5,281000
2218,2469,420,23,1911000
2219,1079,425,52,1883000
2220,4497,30,26,1558000
2221,4236,370,55,1142000
2222,4905,729,25,1236000
2223,4895,426,71,482000
2224,4252,187,21,22000
2225,2071,695,49,858000
2226,2023,148,89,1462000
2227,85,140,48,3703000
2228,972,71,42,701000
2229,2790,634,9,1524000
2230,1392,352,50,157000
2231,370,271,82,996000
2232,2100,442,84,2002000
2233,1040,261,35,133000
2234,1578,257,49,41000
2235,4800,729,42,1694000
2236,4914,310,9,4091000
2237,40,375,36,2523000
2238,3302,580,65,917000
2239,4797,620,34,1423000
2240,3739,335,98,275000
2241,1249,299,33,1119000
2242,4742,65,83,703000
2243,1397,355,32,392000
2244,3838,268,14,447000
2245,1264,674,85,1641000
2246,2786,445,8,127000
2247,4228,279,70,2700000
2248,3765,622,9,400000
2249,1666,234,36,3992000
2250,4687,129,9,181000
2251,645,25,12,1084000
2252,4154,392,60,50000
2253,436,586,55,868000
2254,1300,511,62,417000
2255,1689,442,67,1600000
2256,4900,347,17,383000
2257,126,238,57,693000
2258,4530,508,79,1374000
2259,2767,206,41,230000
2260,3628,482,24,644000
2261,2891,62,15,852000
2262,2608,587,54,3427000
2263,4437,583,76,2889000
2264,2883,80,28,152000
2265,2513,359,99,294000
2266,1032,540,96,201000
2267,886,23,87,422000
2268,2167,716,60,1020000
2269,2654,628,27,1748000
2270,1174,641,37,883000
2271,4688,277,6,456000
2272,2483,376,21,1246000
2273,2739,188,79,220000
2274,2250,227,57,1752000
2275,4774,486,53,1459000
2276,1797,438,18,326000
2277,2777,61,98,110000
2278,2672,665,68,863000
2279,1648,596,86,270000
2280,590,468,89,402000
2281,3460,396,82,96000
2282,4045,8,73,348000
2283,4333,426,28,514000
2284,4275,45,26,135000
2285,4460,394,95,364000
2286,2323,779,46,1054000
2287,4675,643,76,89000
2288,4242,260,30,76000
2289,999,741,52,1399000
2290,1443,331,80,304000
2291,4852,134,73,232000
2292,2541,388,65,607000
2293,3103,313,76,76000
2294,4243,327,86,664000
2295,1548,556,82,3150000
2296,4248,333,37,1368000
2297,3004,703,22,1987000
2298,3512,359,86,221000
2299,3549,634,46,1512000
2300,4585,461,34,2098000
2301,4250,237,48,3433000
2302,570,711,34,1934000
2303,2440,355,49,529000
2304,3222,128,62,905000
2305,2412,546,83,1295000
2306,2761,333,99,1907000
2307,3227,652,49,856000
2308,4966,201,99,822000
2309,419,607,66,325000
2310,475,484,36,732000
2311,3701,615,83,57000
2312,3593,564,85,113000
2313,1604,429,82,3287000
2314,4870,587,56,3696000
2315,1575,338,16,534000
2316,1845,45,6,172000
2317,1397,754,92,470000
2318,1383,590,48,261000
2319,3288,342,52,769000
2320,1525,257,56,43000
2321,2883,293,62,235000
2322,1450,20,9,816000
2323,1422,392,60,55000
2324,1653,530,88,193000
2325,4246,520,55,1447000
2326,1251,209,10,974000
2327,4402,229,68,189000
2328,3016,334,19,442000
2329,4174,502,36,409000
2330,4271,127,11,347000
2331,1636,657,84,1587000
2332,4211,380,60,1079000
2333,286,737,15,1500000
2334,2426,379,32,130000
2335,3095,636,38,513000
2336,1683,54,55,287000
2337,2262,117,24,384000
2338,699,652,51,771000
2339,4052,271,64,1001000
2340,3991,418,75,278000
2341,2283,705,23,1295000
2342,3703,737,98,1634000
2343,2166,686,33,622000
2344,3322,646,100,2544000
2345,1938,752,51,291000
2346,3452,172,98,398000
2347,4769,234,53,3508000
2348,1109,720,81,1479000
2349,4418,750,73,4559000
2350,4478,313,100,95000
2351,2311,47,87,69000
2352,3048,29,91,1005000
2353,849,532,19,1383000
2354,3047,520,27,1645000
2355,4042,591,23,1317000
2356,4114,466,57,585000
2357,3657,252,28,519000
2358,1222,341,20,1778000
2359,411,359,51,277000
2360,1414,147,99,2063000
2361,2721,786,79,157000
2362,3314,116,89,4024000
2363,1341,146,68,259000
2364,4320,232,39,1084000
2365,1021,68,14,99000
2366,2016,15,30,1588000
2367,4211,367,63,607000
2368,4274,139,10,4150000
2369,3083,446,65,1056000
2370,1905,638,46,236000
2371,3979,682,17,265000
2372,4029,634,10,1483000
2373,1354,139,82,4738000
2374,3976,729,30,1316000
2375,36,588,55,628000
2376,1509,200,68,1032000
2377,1333,322,58,537000
2378,745,296,24,75000
2379,2272,506,82,129000
2380,2612,448,37,83000
2381,695,209,40,1105000
2382,3769,4,42,2819000
2383,3917,14,8,1410000
2384,3249,34,13,125000
2385,976,280,64,448000
2386,1163,540,29,233000
2387,4170,182,100,1291000
2388,3297,264,77,707000
2389,1377,141,48,953000
2390,614,325,97,907000
2391,2752,137,9,244000
2392,1570,388,14,711000
2393,4127,517,31,1022000
2394,1482,122,30,253000
2395,3281,432,27,363000
2396,3467,792,31,3595000
2397,2042,100,34,515000
2398,4784,145,64,1178000
2399,661,714,41,1150000
2400,13,233,80,4202000
2401,1753,349,58,2770000
2402,2817,591,55,1191000
2403,337,367,15,678000
2404,2658,392,63,48000
2405,2897,221,44,4012000
2406,1885,290,62,123000
2407,893,98,59,2145000
2408,3905,236,36,2951000
2409,101,31,9,1476000
2410,3131,312,55,923000
2411,4373,138,43,26000
2412,3698,322,89,595000
2413,4064,34,10,113000
2414,1802,236,11,3107000
2415,1723,257,87,51000
2416,2748,595,72,3483000
2417,3287,474,36,2335000
2418,970,658,53,1080000
2419,2900,103,67,1644000
2420,678,692,38,506000
2421,590,117,87,310000
2422,2605,512,65,39000
2423,1064,161,66,1017000
2424,2702,185,84,404000
2425,1260,84,65,751000
2426,4089,587,34,2862000
2427,1453,108,40,394000
2428,2158,529,13,304000
2429,1206,461,51,2314000
2430,310,130,87,2863000
2431,4735,666,10,614000
2432,1889,427,42,46000
2433,886,704,60,181000
2434,2484,134,89,218000
2435,2522,520,62,1462000
2436,4041,13,91,835000
2437,1230,615,84,57000
2438,3781,271,31,1172000
2439,835,696,13,494000
2440,1192,27,6,368000
2441,307,94,30,668000
2442,1462,452,99,183000
2443,4265,491,66,151000
2444,592,375,61,2459000
2445,2646,23,21,498000
2446,288,536,41,163000
2447,1547,212,61,254000
2448,2820,69,94,143000
2449,2472,489,99,2696000
2450,986,412,85,352000
2451,436,770,80,364000
2452,862,133,79,1809000
2453,2734,324,56,2564000
2454,1482,369,94,584000
2455,4458,518,46,2375000
2456,4960,233,79,4054000
2457,1747,134,44,227000
2458,1656,521,12,1905000
2459,3613,721,45,380000
2460,951,435,27,169000
2461,1525,16,24,776000
2462,1059,295,84,416000
2463,4283,519,51,546000
2464,2090,269,62,497000
2465,4571,360,68,872000
2466,33,329,68,24000
2467,3960,408,92,1492000
2468,3034,245,63,582000
2469,1501,258,21,591000
2470,4940,18,81,715000
2471,618,257,97,55000
2472,4641,529,59,386000
2473,102,2,43,1323000
2474,1540,366,26,474000
2475,4796,59,71,509000
2476,374,414,49,207000
2477,2046,19,58,13000
2478,4363,674,11,1899000
2479,3985,774,42,5022000
2480,2492,349,68,2797000
2481,4042,766,49,1238000
2482,2242,212,33,239000
2483,360,361,47,540000
2484,3734,771,41,217000
2485,1628,8,99,312000
2486,1046,451,15,27000
2487,1426,691,74,962000
2488,1761,629,42,2526000
2489,1376,74,53,263000
2490,2561,248,91,84000
2491,13,313,38,67000
2492,2590,716,37,822000
2493,1830,279,97,3837000
2494,1754,457,94,1489000
2495,3533,499,46,852000
2496,3623,133,64,1246000
2497,1640,238,93,719000
2498,3851,676,39,2470000
2499,2008,764,47,326000
2500,3980,731,90,20000
2501,3660,318,35,419000
2502,3010,140,83,3062000
2503,532,217,84,1949000
2504,2617,42,8,984000
2505,2132,490,15,379000
2506,4329,587,35,2914000
2507,567,149,42,1611000
2508,4564,435,5,178000
2509,727,394,73,536000
2510,1632,488,51,664000
2511,4168,227,79,2456000
2512,351,575,64,1181000
2513,2623,555,26,1226000
2514,4486,375,44,2816000
2515,751,581,91,322000
2516,2006,80,33,114000
2517,3155,764,55,245000
2518,884,292,100,96000
2519,4331,140,76,3085000
2520,2944,337,64,2202000
2521,2935,495,21,373000
2522,2731,29,80,1202000
2523,1916,573,82,235000
2524,1666,8,95,317000
2525,2248,574,11,74000
2526,4596,488,56,578000
2527,1033,551,36,41000
2528,725,12,65,163000
2529,2915,777,92,949000
2530,4171,59,82,450000
2531,2726,336,53,62000
2532,3968,632,62,105000
2533,2757,315,92,404000
2534,3069,452,41,157000
2535,821,120,54,169000
2536,2847,614,76,103000
2537,3669,503,54,146000
2538,2188,285,11,2653000
2539,4210,414,66,202000
2540,2673,259,95,1595000
2541,294,458,81,500000
2542,371,91,42,35000
2543,1428,353,67,599000
2544,1620,156,64,572000
2545,646,418,74,250000
2546,4908,194,12,99000
2547,4542,62,85,895000
2548,2075,645,9,2348000
2549,1137,314,50,1920000
2550,1473,224,81,171000
2551,2222,681,47,1085000
2552,330,215,14,284000
2553,3997,334,78,502000
2554,1528,182,79,1732000
2555,1426,786,64,200000
2556,4711,386,68,161000
2557,4930,584,59,1320000
2558,883,98,35,2682000
2559,1379,752,27,322000
2560,1608,48,84,3730000
2561,4629,744,93,65000
2562,1987,557,49,259000
2563,1308,728,55,490000
2564,4956,121,7,658000
2565,1562,317,64,3595000
2566,187,83,8,4087000
2567,4146,436,9,268000
2568,2528,448,18,73000
2569,4026,447,97,1340000
2570,3070,765,51,189000
2571,4064,128,98,931000
2572,260,239,57,1544000
2573,20,652,97,950000
2574,124,650,30,768000
2575,2908,796,18,907000
2576,623,208,94,1966000
2577,1684,588,41,510000
2578,2679,431,46,123000
2579,215,356,53,140000
2580,1583,423,49,1135000
2581,2386,656,24,2257000
2582,2961,364,96,210000
2583,192,220,55,57000
2584,2613,170,80,380000
2585,2347,163,26,3401000
2586,305,641,30,743000
2587,3133,746,64,1423000
2588,4916,250,47,181000
2589,3382,657,74,1738000
2590,3207,196,62,110000
2591,4412,745,61,650000
2592,3584,484,39,843000
2593,4474,110,100,490000
2594,1952,60,12,316000
2595,3904,448,64,77000
2596,65,346,91,113000
2597,1303,531,70,3250000
2598,926,68,64,121000
2599,3055,344,84,599000
2600,1808,379,66,126000
2601,329,236,50,2967000
2602,3500,534,78,101000
2603,4043,669,15,162000
2604,1150,733,14,1508000
2605,2711,460,74,622000
2606,2357,468,10,376000
2607,1058,196,34,90000
2608,4301,51,82,171000
2609,401,326,72,20000
2610,40,498,85,188000
2611,2928,752,24,247000
2612,3855,12,67,165000
2613,3826,680,8,907000
2614,3966,467,50,85000
2615,2646,12,40,167000
2616,551,606,85,3719000
2617,1510,534,61,147000
2618,4211,404,70,3727000
2619,1077,638,17,225000
2620,3209,280,25,338000
2621,4921,157,100,1973000
2622,2542,710,13,4622000
2623,4881,602,9,1509000
2624,1256,774,91,4793000
2625,130,544,9,582000
2626,2140,372,28,366000
2627,3463,467,51,100000
2628,237,315,20,340000
2629,3335,667,19,111000
2630,4686,756,97,102000
2631,2958,47,16,81000
2632,2218,218,70,934000
2633,4804,427,32,54000
2634,4697,125,60,268000
2635,4417,177,6,1143000
2636,3577,243,62,1128000
2637,2333,708,72,3654000
2638,1404,244,32,164000
2639,3379,434,69,2377000
2640,4627,126,44,903000
2641,3200,256,22,242000
2642,4758,476,33,203000
2643,4041,538,6,850000
2644,3420,600,38,738000
2645,1793,186,17,57000
2646,4639,237,45,3005000
2647,3950,514,49,3003000
2648,4623,624,60,126000
2649,4864,347,43,387000
2650,1828,572,40,1299000
2651,3051,452,90,168000
2652,4801,146,56,253000
2653,4004,261,53,129000
2654,3968,378,74,400000
2655,3213,325,20,671000
2656,2440,26,46,70000
2657,2599,421,45,681000
2658,3122,153,57,631000
2659,2785,214,80,1043000
2660,4534,499,92,680000
2661,1856,346,85,150000
2662,1299,26,6,91000
2663,360,770,32,476000
2664,645,4,83,2752000
2665,2443,773,93,1225000
2666,3177,656,83,1976000
2667,1408,553,21,1985000
2668,1658,563,39,472000
2669,4123,77,25,13000
2670,2326,784,54,3147000
2671,45,218,47,1030000
2672,1206,455,41,96000
2673,1642,163,56,3495000
2674,3875,129,34,244000
2675,3141,33,84,523000
2676,79,529,10,424000
2677,2169,547,9,495000
2678,1745,529,50,362000
2679,3508,277,48,520000
2680,4032,107,17,762000
2681,2056,638,95,229000
2682,1162,417,13,810000
2683,1208,597,36,1739000
2684,4943,645,58,1907000
2685,52,579,27,337000
2686,3382,599,65,2041000
2687,3351,538,75,994000
2688,904,483,100,432000
2689,442,178,19,951000
2690,3512,211,15,141000
2691,2187,574,67,71000
2692,938,223,82,229000
2693,2925,684,75,86000
2694,3167,39,10,160000
2695,4119,67,41,1008000
2696,4281,210,76,511000
2697,4733,469,94,1331000
2698,1319,500,79,43000
2699,2852,527,67,662000
2700,100,520,36,1531000
2701,895,231,43,1847000
2702,3356,760,94,971000
2703,4979,557,35,285000
2704,2685,377,20,97000
2705,1582,128,57,793000
2706,2371,453,37,693000
2707,1215,583,6,3999000
2708,786,342,84,995000
2709,3695,95,50,344000
2710,918,205,95,4830000
2711,1616,494,81,2744000
2712,4453,298,46,261000
2713,1317,222,43,134000
2714,4197,513,31,526000
2715,3517,40,61,97000
2716,2186,679,79,390000
2717,4650,231,30,1703000
2718,4400,754,86,360000
2719,1675,351,27,53000
2720,3914,720,46,1710000
2721,3647,423,58,1165000
2722,1591,355,6,466000
2723,4551,560,92,24000
2724,3226,486,97,1537000
2725,1921,390,49,522000
2726,1341,577,6,151000
2727,3059,388,67,644000
2728,2021,565,68,351000
2729,1600,322,45,638000
2730,4967,574,72,74000
2731,2048,166,28,250000
2732,4089,430,55,1200000
2733,4659,176,81,458000
2734,3074,17,93,2294000
2735,4676,368,75,79000
2736,3260,622,75,525000
2737,4747,276,86,544000
2738,3299,530,51,155000
2739,1478,653,17,600000
2740,2439,452,83,191000
2741,1171,174,43,626000
2742,1348,779,78,735000
2743,2871,81,80,4083000
2744,3420,525,47,3893000
2745,4831,597,93,1660000
2746,1400,435,37,212000
2747,2686,155,22,1838000
2748,4966,229,7,264000
2749,1032,306,79,593000
2750,2874,178,97,833000
2751,4507,172,85,417000
2752,1830,711,90,1947000
2753,3628,580,44,962000
2754,1386,298,21,292000
2755,183,356,88,169000
2756,3670,526,33,74000
2757,3568,165,59,1137000
2758,1624,711,7,1954000
2759,916,186,52,50000
2760,268,8,25,413000
2761,361,36,23,1295000
2762,4512,524,6,950000
2763,1885,767,51,383000
2764,4041,796,19,934000
2765,248,356,30,190000
2766,2346,377,29,134000
2767,4045,356,21,152000
2768,3068,783,91,479000
2769,738,590,96,315000
2770,1543,119,49,61000
2771,317,177,28,1416000
2772,2200,81,16,4420000
2773,1193,783,51,449000
2774,1579,738,7,1568000
2775,861,760,54,1090000
2776,1259,301,20,590000
2777,2337,568,9,1951000
2778,3149,762,86,152000
2779,1854,458,19,462000
2780,4657,378,49,525000
2781,4839,758,48,1603000
2782,939,377,46,123000
2783,3351,92,26,1309000
2784,4743,189,46,2659000
2785,1058,592,61,117000
2786,625,303,30,1398000
2787,623,471,11,107000
2788,1307,142,82,525000
2789,3405,531,38,3618000
2790,4323,712,72,3462000
2791,1451,664,30,135000
2792,3555,321,29,1502000
2793,3996,455,90,92000
2794,3188,670,58,535000
2795,4726,610,33,3672000
2796,934,444,87,36000
2797,3813,751,63,199000
2798,2185,429,97,3651000
2799,2452,446,41,1177000
2800,1646,558,76,453000
2801,952,782,86,3814000
2802,4980,657,49,1892000
2803,4690,646,18,2024000
2804,3074,580,57,846000
2805,2836,360,44,698000
2806,446,583,27,3174000
2807,343,393,94,2672000
2808,2329,143,60,526000
2809,4977,496,80,104000
2810,2021,762,52,165000
2811,2553,257,27,41000
2812,1832,260,79,79000
2813,2641,22,11,321000
2814,3842,61,30,100000
2815,193,5,24,929000
2816,4778,739,23,88000
2817,2852,664,25,107000
2818,4308,794,89,84000
2819,4005,774,31,4098000
2820,4156,410,26,1579000
2821,570,480,34,1151000
2822,4674,632,82,106000
2823,3949,637,59,759000
2824,4485,308,61,4175000
2825,1968,418,78,309000
2826,4322,760,47,1007000
2827,3072,254,28,1393000
2828,3784,425,28,2015000
2829,4329,495,35,349000
2830,2401,472,38,133000
2831,1701,34,18,140000
2832,4166,273,68,1087000
2833,1211,623,38,968000
2834,800,169,26,115000
2835,4451,790,18,300000
2836,4586,447,25,1497000
2837,783,554,79,412000
2838,3953,591,99,1305000
2839,3612,144,73,1191000
2840,4921,483,33,441000
2841,1155,420,60,2584000
2842,976,332,41,339000
2843,3164,598,91,791000
2844,3928,443,26,154000
2845,3532,397,8,1697000
2846,167,559,36,529000
2847,1167,449,98,123000
2848,1379,194,77,144000
2849,4027,441,10,937000
2850,4165,225,75,1220000
2851,2082,420,54,2092000
2852,3450,41,41,911000
2853,2539,708,6,2775000
2854,3916,491,88,155000
2855,2772,683,59,1174000
2856,2625,158,68,67000
2857,1922,459,82,140000
2858,626,114,49,429000
2859,2494,207,82,1573000
2860,252,337,21,1706000
2861,3011,133,58,1577000
2862,1711,746,11,1437000
2863,3089,764,62,245000
2864,2104,727,67,181000
2865,3452,277,18,466000
2866,4251,796,32,869000
2867,562,595,16,3148000
2868,4968,569,40,1444000
2869,3209,680,58,776000
2870,3693,458,96,588000
2871,1874,798,10,90000
2872,1026,649,29,1228000
2873,946,297,86,242000
2874,3420,99,57,101000
2875,991,406,75,384000
2876,1419,249,82,205000
2877,2047,638,91,234000
2878,2573,673,51,791000
2879,835,399,89,122000
2880,811,121,79,924000
2881,3692,281,10,532000
2882,660,210,86,599000
2883,951,27,71,461000
2884,2538,113,50,792000
2885,3763,521,5,1792000
2886,4568,33,95,493000
2887,2636,16,97,671000
2888,430,554,18,506000
2889,3842,226,69,1642000
2890,2579,333,76,1321000
2891,1882,456,95,40000
2892,3030,343,71,1576000
2893,4701,282,46,498000
2894,1002,242,91,1465000
2895,4118,143,43,477000
2896,2682,115,22,269000
2897,132,652,56,973000
2898,3683,398,35,1482000
2899,4736,177,87,1040000
2900,3271,574,83,84000
2901,678,167,100,51000
2902,3160,544,6,530000
2903,3174,58,23,3892000
2904,3704,724,67,972000
2905,2785,426,19,430000
2906,1420,171,73,224000
2907,2097,348,50,1449000
2908,3560,753,10,400000
2909,1216,799,53,210000
2910,3865,8,20,364000
2911,4675,614,24,110000
2912,2862,686,41,476000
2913,2824,278,40,2030000
2914,4769,562,29,47000
2915,127,674,22,2236000
2916,4257,368,38,69000
2917,2013,204,79,387000
2918,3818,619,23,1355000
2919,1591,650,89,910000
2920,3954,160,98,1267000
2921,884,677,59,5392000
2922,3870,686,83,689000
2923,315,737,15,1443000
2924,4659,317,62,2918000
2925,162,193,36,291000
2926,2004,775,23,983000
2927,1807,7,86,676000
2928,2582,442,20,2176000
2929,166,597,52,2285000
2930,3717,677,72,4226000
2931,1186,469,50,1532000
2932,3513,536,51,163000
2933,3668,414,100,246000
2934,1689,785,57,2193000
2935,4372,503,5,141000
2936,761,225,29,1526000
2937,1130,415,8,213000
2938,3328,734,16,240000
2939,164,232,53,1073000
2940,1890,712,79,3239000
2941,2888,498,100,162000
2942,4188,552,63,1233000
2943,1058,250,24,228000
2944,1446,364,86,164000
2945,4118,190,49,1024000
2946,897,772,94,260000
2947,1145,679,89,319000
2948,1076,152,78,666000
2949,35,263,91,1060000
2950,466,102,50,52000
2951,3422,246,58,5256000
2952,4845,542,38,730000
2953,4957,30,58,1302000
2954,1489,561,38,748000
2955,1583,538,44,939000
2956,3077,568,39,2140000
2957,161,353,95,704000
2958,3953,116,51,3801000
2959,4913,130,70,3176000
2960,736,659,80,960000
2961,2920,769,80,31000
2962,548,426,17,433000
2963,2409,621,7,1049000
2964,2302,151,24,1188000
2965,3357,287,14,882000
2966,4680,113,67,721000
2967,1542,471,77,118000
2968,4609,118,19,96000
2969,3394,2,85,1634000
2970,1095,602,78,1585000
2971,4788,599,27,2221000
2972,1787,256,34,170000
2973,655,507,33,59000
2974,1100,331,36,279000
2975,3103,102,74,53000
2976,1699,185,89,322000
2977,3992,319,64,342000
2978,74,216,90,1175000
2979,2116,381,62,157000
2980,1693,299,8,1157000
2981,1287,776,87,53000
2982,4202,388,24,612000
2983,4055,164,92,999000
2984,1569,459,19,167000
2985,2482,439,17,1878000
2986,1733,308,21,3559000
2987,4579,746,48,1789000
2988,4,53,84,1494000
2989,2632,546,78,1518000
2990,1410,340,96,1589000
2991,2919,508,43,1473000
2992,3613,199,44,109000
2993,3586,192,82,1271000
2994,3688,586,95,712000
2995,156,204,48,371000
2996,557,701,68,3290000
2997,1480,721,30,409000
2998,2795,279,99,3499000
2999,1364,723,92,25000
3000,3128,608,96,37000
3001,676,731,66,25000
3002,2535,795,78,1222000
3003,97,636,65,525000
3004,272,3,85,1603000
3005,691,207,81,1179000
3006,1883,654,44,36000
3007,2361,703,6,1502000
3008,3997,513,30,700000
3009,2026,675,90,436000
3010,4782,757,24,4463000
3011,1662,570,6,566000
3012,1951,534,34,119000
3013,7,69,87,156000
3014,2064,593,92,263000
3015,4256,152,31,654000
3016,1139,127,44,315000
3017,4464,46,81,995000
3018,2926,476,99,192000
3019,1877,509,65,115000
3020,3520,251,72,1853000
3021,934,211,49,145000
3022,2178,346,10,105000
3023,1084,61,42,98000
3024,2084,339,35,2046000
3025,2863,401,31,56000
3026,2325,208,53,1836000
3027,3130,361,76,592000
3028,1267,185,47,334000
3029,4939,603,76,270000
3030,3663,515,24,1580000
3031,3375,263,22,845000
3032,2412,63,59,149000
3033,812,539,72,1230000
3034,1656,464,75,1583000
3035,3681,256,89,225000
3036,3676,301,56,765000
3037,3058,26,35,81000
3038,339,552,80,1460000
3039,2348,231,89,1786000
3040,4530,488,9,611000
3041,1117,403,24,178000
3042,3601,272,5,135000
3043,2897,424,89,1524000
3044,3604,699,71,356000
3045,2487,654,65,37000
3046,4514,558,36,406000
3047,2644,468,58,403000
3048,1778,423,13,1017000
3049,4144,103,39,1501000
3050,4970,637,12,624000
3051,4232,30,44,1551000
3052,3573,406,47,434000
3053,2083,280,47,392000
3054,3136,652,7,875000
3055,2424,531,94,3173000
3056,810,108,70,541000
3057,3051,23,15,581000
3058,3387,41,57,701000
3059,736,610,10,3552000
3060,4946,492,97,232000
3061,2090,432,22,290000
3062,1085,222,9,146000
3063,1686,12,92,178000
3064,3203,416,72,884000
3065,4626,615,40,49000
3066,3406,23,33,556000
3067,1743,756,76,105000
3068,3886,460,82,771000
3069,1692,59,7,489000
3070,3358,523,10,2631000
3071,3442,225,18,1474000
3072,3947,379,69,115000
3073,1012,700,45,159000
3074,2303,301,79,661000
3075,3651,80,54,129000
3076,4091,623,34,952000
3077,4590,149,92,1484000
3078,4722,72,41,1048000
3079,470,389,49,185000
3080,2450,659,52,1026000
3081,8,368,30,69000
3082,911,261,72,133000
3083,75,376,19,915000
3084,1285,499,7,669000
3085,3399,423,20,1045000
3086,1559,472,94,133000
3087,2431,7,11,692000
3088,2162,43,20,1142000
3089,3609,547,100,368000
3090,1906,194,34,120000
3091,4658,331,96,307000
3092,1686,412,45,369000
3093,1812,307,33,348000
3094,4928,488,49,580000
3095,1775,661,98,3096000
3096,3046,168,23,409000
3097,2903,702,8,1585000
3098,1100,5,63,1142000
3099,4116,313,88,76000
3100,1494,493,70,2872000
3101,4515,639,74,360000
3102,2076,190,29,938000
3103,2161,309,47,77000
3104,4851,258,45,788000
3105,3650,29,23,950000
3106,4825,387,13,500000
3107,1335,240,39,208000
3108,3232,615,6,49000
3109,2240,449,35,94000
3110,1692,75,67,1850000
3111,588,713,62,317000
3112,3301,54,44,363000
3113,2067,347,41,432000
3114,2937,377,66,105000
3115,4250,507,35,72000
3116,2349,267,43,973000
3117,366,37,36,365000
3118,4981,552,18,1086000
3119,4604,79,42,3913000
3120,3811,636,58,530000
3121,1677,368,78,66000
3122,4878,604,32,930000
3123,1865,51,13,129000
3124,152,393,63,1920000
3125,2743,310,83,4265000
3126,2617,686,33,533000
3127,4607,299,35,1291000
3128,1299,771,76,225000
3129,728,696,76,601000
3130,4337,249,6,166000
3131,2193,317,33,3235000
3132,2933,692,87,467000
3133,2717,342,100,1027000
3134,3143,19,69,14000
3135,2144,26,55,91000
3136,3978,70,85,1553000
3137,2441,370,21,908000
3138,2477,769,74,35000
3139,3655,291,100,122000
3140,1817,688,83,686000
3141,2645,656,47,2392000
3142,4061,199,40,133000
3143,2395,289,42,530000
3144,308,664,9,141000
3145,2942,513,75,765000
3146,561,777,98,1252000
3147,1301,196,70,100000
3148,2148,183,82,1126000
3149,3189,466,43,725000
3150,1078,156,22,610000
3151,4454,494,75,2849000
3152,1233,445,46,128000
3153,2401,437,34,885000
3154,1852,556,67,4138000
3155,1316,70,67,1171000
3156,956,50,85,1473000
3157,77,241,22,1251000
3158,70,397,27,1824000
3159,140,52,29,322000
3160,783,195,73,999000
3161,122,45,40,129000
3162,1142,609,29,505000
3163,800,684,83,95000
3164,1080,24,10,318000
3165,4305,125,28,227000
3166,2568,20,98,1147000
3167,1237,613,35,160000
3168,2222,649,83,1089000
3169,2396,183,82,951000
3170,2956,289,29,673000
3171,4599,494,59,3305000
3172,4190,34,6,112000
3173,2139,375,100,2431000
3174,4012,471,52,129000
3175,3557,445,56,131000
3176,2021,571,55,1013000
3177,1637,238,49,705000
3178,480,104,14,852000
3179,605,6,46,960000
3180,3631,511,87,384000
3181,2787,274,89,376000
3182,2863,18,78,785000
3183,2106,59,14,541000
3184,908,733,37,1319000
3185,2502,562,43,59000
3186,3776,466,78,788000
3187,2442,529,31,348000
3188,2829,18,43,757000
3189,1610,201,100,588000
3190,2046,559,6,371000
3191,398,747,18,197000
3192,4405,547,94,364000
3193,904,412,28,290000
3194,826,736,80,416000
3195,585,608,17,53000
3196,358,605,99,1514000
3197,1816,599,98,2394000
3198,835,539,96,1289000
3199,3860,67,61,1026000
3200,2186,734,52,252000
3201,4557,240,96,196000
3202,633,247,41,1141000
3203,275,786,14,223000
3204,1211,116,58,3175000
3205,264,214,34,764000
3206,4541,325,14,770000
3207,3380,501,97,1862000
3208,2404,59,13,552000
3209,3690,711,67,2101000
3210,2824,135,90,152000
3211,3488,512,76,40000
3212,3243,325,70,723000
3213,2743,113,32,686000
3214,1573,245,81,524000
3215,637,213,16,601000
3216,3147,561,76,686000
3217,1470,625,53,386000
3218,4066,645,43,2242000
3219,4653,456,32,35000
3220,4243,588,70,585000
3221,2666,326,45,22000
3222,4549,724,22,1007000
3223,3946,196,86,92000
3224,4732,228,93,76000
3225,3452,561,48,598000
3226,3763,357,29,282000
3227,1701,62,62,1002000
3228,124,577,42,142000
3229,712,358,77,1365000
3230,2224,710,17,3722000
3231,2243,252,32,388000
3232,3643,352,58,107000
3233,1030,766,10,1440000
3234,4699,712,57,2947000
3235,933,49,15,824000
3236,4408,196,36,92000
3237,229,430,12,1178000
3238,2853,358,27,1412000
3239,4434,229,61,192000
3240,4907,35,90,151000
3241,4893,517,6,936000
3242,4171,500,23,44000
3243,2660,344,92,573000
3244,490,387,16,430000
3245,1612,338,63,644000
3246,2151,688,5,574000
3247,200,782,6,3498000
3248,3596,37,12,384000
3249,4612,521,21,1586000
3250,3676,131,88,56000
3251,1179,36,82,1255000
3252,2360,732,90,260000
3253,3418,545,46,1076000
3254,3110,170,52,286000
3255,3623,271,39,1009000
3256,2634,714,75,1268000
3257,1817,722,63,3314000
3258,2954,54,66,343000
3259,116,518,90,2614000
3260,1446,603,80,317000
3261,2205,243,90,858000
3262,3424,775,61,1044000
3263,4538,144,11,984000
3264,3290,737,23,1702000
3265,1186,168,24,576000
3266,414,118,68,96000
3267,2487,638,40,293000
3268,2039,465,15,1267000
3269,3074,517,94,840000
3270,3067,773,76,1584000
3271,2248,55,40,78000
3272,2740,664,20,127000
3273,2800,497,7,1729000
3274,1585,691,24,1139000
3275,310,410,43,1600000
3276,2758,517,37,1140000
3277,607,550,84,120000
3278,3121,584,14,1172000
3279,191,120,52,155000
3280,2428,677,18,5230000
3281,1387,221,82,4245000
3282,4414,132,32,348000
3283,4451,612,7,545000
3284,4136,226,72,1203000
3285,4968,575,79,1187000
3286,2357,296,6,78000
3287,379,576,69,208000
3288,1205,347,81,366000
3289,4913,27,44,395000
3290,1573,732,9,265000
3291,1003,437,85,731000
3292,4467,60,36,249000
3293,4784,565,83,351000
3294,687,595,40,2487000
3295,3914,224,14,170000
3296,548,557,96,297000
3297,277,461,95,1764000
3298,1582,628,79,1308000
3299,2023,773,19,1098000
3300,2092,432,98,302000
3301,1566,225,59,1203000
3302,4331,620,77,1860000
3303,3998,184,40,66000
3304,4298,501,48,2349000
3305,36,779,29,953000
3306,2217,673,58,736000
3307,4477,190,43,901000
3308,4735,4,32,2451000
3309,2848,776,49,55000
3310,312,703,21,2120000
3311,4133,302,87,528000
3312,4209,160,45,1702000
3313,629,257,97,55000
3314,2943,447,26,1774000
3315,4736,93,98,299000
3316,4197,512,43,37000
3317,479,19,7,19000
3318,1527,149,74,1467000
3319,131,199,99,113000
3320,4266,190,90,1195000
3321,2676,395,71,2483000
3322,681,353,100,631000
3323,2260,539,51,1386000
3324,3102,45,20,141000
3325,4814,162,50,4407000
3326,1028,742,90,781000
3327,505,574,57,94000
3328,1998,421,54,662000
3329,406,61,63,97000
3330,4012,218,94,913000
3331,4513,399,95,121000
3332,2561,163,100,4197000
3333,1110,272,44,141000
3334,563,315,30,394000
3335,3780,590,87,313000
3336,3358,530,10,183000
3337,2490,708,40,3236000
3338,868,280,8,455000
3339,4487,93,98,275000
3340,951,268,86,417000
3341,4505,137,72,241000
3342,317,646,67,1933000
3343,4787,737,89,1761000
3344,4689,76,24,1159000
3345,3607,631,27,1133000
3346,2987,175,53,1687000
3347,1171,536,90,168000
3348,2897,638,35,260000
3349,2435,119,50,63000
3350,2949,155,41,1695000
3351,2887,277,68,412000
3352,640,127,49,344000
3353,3817,40,96,90000
3354,4249,774,67,4470000
3355,3378,362,15,3697000
3356,673,435,62,227000
3357,2791,404,86,3453000
3358,4415,255,78,210000
3359,2961,612,73,403000
3360,1003,392,43,45000
3361,1679,551,64,34000
3362,2788,241,32,1059000
3363,2219,296,96,79000
3364,4887,102,70,50000
3365,3002,229,87,218000
3366,2720,592,64,132000
3367,1068,177,60,1449000
3368,4522,62,15,890000
3369,3003,680,19,930000
3370,152,800,26,77000
3371,607,720,67,1757000
3372,2840,787,11,1421000
3373,3023,223,64,280000
3374,3244,569,34,1604000
3375,368,686,26,632000
3376,790,732,43,249000
3377,3047,422,22,254000
3378,1498,360,69,734000
3379,1684,314,39,1601000
3380,263,775,52,988000
3381,1127,657,62,1629000
3382,3443,399,16,174000
3383,4221,97,73,132000
3384,3974,667,90,107000
3385,4358,87,44,3214000
3386,4872,8,31,409000
3387,4190,557,43,241000
3388,298,326,48,24000
3389,1925,724,16,773000
3390,3552,384,46,1072000
3391,323,532,54,1583000
3392,4714,93,50,316000
3393,4007,759,38,273000
3394,3859,650,53,836000
3395,3318,390,37,532000
3396,943,107,8,787000
3397,2034,508,90,1350000
3398,4318,498,50,152000
3399,2375,605,80,1507000
3400,1945,148,32,1425000
3401,734,794,65,82000
3402,738,413,97,5056000
3403,2916,681,53,1074000
3404,2836,207,7,1569000
3405,2663,262,91,952000
3406,4350,130,90,2785000
3407,4377,621,66,1078000
3408,2908,262,91,876000
3409,4776,228,86,98000
3410,443,726,44,282000
3411,2863,433,86,375000
3412,3264,149,49,1983000
3413,3439,466,89,534000
3414,3523,206,68,216000
3415,3275,552,76,1009000
3416,595,47,29,83000
3417,3554,727,68,186000
3418,2413,59,29,577000
3419,688,417,27,1032000
3420,1083,615,42,51000
3421,1158,786,91,225000
3422,2537,631,34,927000
3423,4168,36,94,1546000
3424,2222,167,89,37000
3425,693,256,80,197000
3426,1217,69,44,166000
3427,3701,34,13,143000
3428,2368,600,81,634000
3429,4890,25,80,1069000
3430,1770,202,50,66000
3431,3651,323,17,1084000
3432,600,196,45,78000
3433,2100,579,94,339000
3434,392,396,8,100000
3435,705,794,42,96000
3436,2781,383,90,1819000
3437,3546,592,7,141000
3438,3410,375,95,3016000
3439,3699,236,35,3061000
3440,952,475,24,127000
3441,3631,466,73,757000
3442,611,690,86,304000
3443,4803,167,50,38000
3444,2095,282,71,466000
3445,3731,762,73,147000
3446,3702,221,86,3985000
3447,4672,68,63,120000
3448,885,640,24,376000
3449,1795,665,70,663000
3450,3747,580,95,810000
3451,2721,437,33,671000
3452,420,701,85,2417000
3453,3533,550,67,162000
3454,2822,116,91,3350000
3455,199,1,100,1157000
3456,1395,29,91,1347000
3457,781,435,74,207000
3458,1033,692,86,539000
3459,3206,139,75,4320000
3460,4346,141,80,883000
3461,2416,457,69,1279000
3462,1400,526,100,65000
3463,133,766,65,1236000
3464,4224,252,51,483000
3465,3886,583,44,4005000
3466,4550,492,86,204000
3467,4546,124,5,461000
3468,3588,398,93,1060000
3469,3025,570,59,639000
3470,805,463,92,3244000
3471,4463,455,62,96000
3472,3206,65,12,686000
3473,3375,146,11,263000
3474,1106,207,10,1485000
3475,579,334,93,457000
3476,806,29,18,1129000
3477,4343,390,97,461000
3478,1741,346,18,138000
3479,537,246,41,4094000
3480,879,574,27,76000
3481,4666,314,11,2229000
3482,2327,205,78,3836000
3483,78,789,51,1911000
3484,2928,190,77,1037000
3485,2580,82,67,99000
3486,1011,684,34,113000
3487,3470,440,10,272000
3488,4847,712,94,2525000
3489,1390,418,96,290000
3490,619,652,13,868000
3491,2761,212,30,334000
3492,286,48,17,3722000
3493,1423,22,36,313000
3494,3231,350,67,104000
3495,606,659,36,1102000
3496,4445,668,27,2094000
3497,1352,170,25,370000
3498,3840,34,33,119000
3499,3072,244,7,129000
3500,2885,85,58,22000
3501,2104,209,67,862000
3502,3378,89,86,1313000
3503,3709,195,75,835000
3504,3024,736,40,410000
3505,4263,89,39,1446000
3506,1966,582,15,889000
3507,2550,591,21,1380000
3508,4654,702,86,1685000
3509,2317,387,95,483000
3510,3913,620,94,1834000
3511,4771,21,60,225000
3512,3657,421,39,598000
3513,3600,55,32,87000
3514,3357,577,52,153000
3515,3669,637,29,802000
3516,2630,30,17,1660000
3517,803,306,26,737000
3518,3111,374,92,139000
3519,3564,672,76,1452000
3520,4321,315,27,320000
3521,3891,41,18,764000
3522,1386,337,47,2010000
3523,2282,565,58,289000
3524,2458,190,9,929000
3525,3653,493,72,2731000
3526,3490,743,27,47000
3527,4342,626,89,932000
3528,2342,599,21,2312000
3529,1477,51,27,166000
3530,2707,622,66,426000
3531,4393,265,64,200000
3532,3122,418,94,270000
3533,3733,701,30,2743000
3534,4698,402,52,126000
3535,2484,635,94,2665000
3536,2473,205,94,3672000
3537,1749,25,60,916000
3538,4891,746,33,1386000
3539,1267,109,74,2887000
3540,1623,551,8,36000
3541,4988,520,71,1507000
3542,350,373,55,1448000
3543,1791,497,74,1699000
3544,1158,148,67,1431000
3545,3552,478,47,476000
3546,3917,126,56,873000
3547,1454,421,24,566000
3548,2768,389,11,217000
3549,4370,519,59,399000
3550,2195,408,96,1421000
3551,1264,193,72,330000
3552,409,60,9,297000
3553,4241,293,50,306000
3554,67,113,95,736000
3555,2886,683,30,1147000
3556,2326,576,74,169000
3557,4853,358,98,1359000
3558,516,344,18,639000
3559,1638,77,50,13000
3560,592,568,80,2059000
3561,3177,742,66,616000
3562,3943,536,33,144000
3563,569,258,18,814000
3564,1767,234,79,3733000
3565,1951,250,48,230000
3566,3620,650,13,982000
3567,2338,559,15,521000
3568,1656,285,28,2443000
3569,789,418,48,290000
3570,3980,397,58,1490000
3571,4522,381,18,208000
3572,3036,254,11,1172000
3573,1611,186,18,57000
3574,129,765,96,163000
3575,3135,665,52,682000
3576,3387,183,76,1081000
3577,1967,26,34,78000
3578,2956,52,33,323000
3579,2059,274,37,363000
3580,1411,414,28,260000
3581,3306,111,55,2932000
3582,4072,525,77,3466000
3583,4552,730,85,54000
3584,1100,342,66,781000
3585,4072,460,10,820000
3586,3347,631,85,1108000
3587,3749,337,31,1701000
3588,3998,362,34,3874000
3589,1469,80,18,134000
3590,4963,703,14,1753000
3591,111,111,63,2753000
3592,2827,403,73,167000
3593,2390,520,91,1828000
3594,4292,427,75,43000
3595,4327,353,31,661000
3596,3629,175,6,2092000
3597,128,210,99,600000
3598,3143,733,53,1514000
3599,70,543,35,864000
3600,4670,11,68,212000
3601,2724,512,93,43000
3602,1702,385,25,3541000
3603,3158,338,82,586000
3604,4942,437,16,891000
3605,3990,444,9,47000
3606,3031,116,14,3383000
3607,412,720,56,1400000
3608,131,73,62,2673000
3609,3005,612,56,425000
3610,2447,45,81,131000
3611,1418,344,59,672000
3612,3221,675,68,493000
3613,858,552,7,1103000
3614,1290,45,90,155000
3615,2489,188,62,204000
3616,4495,42,29,761000
3617,3864,186,52,40000
3618,3691,534,62,132000
3619,2690,785,10,2524000
3620,1549,199,61,107000
3621,1481,389,8,236000
3622,1568,795,58,903000
3623,2524,203,41,1729000
3624,3859,250,46,252000
3625,1942,774,7,4164000
3626,570,1,41,1231000
3627,3411,269,72,563000
3628,4282,19,55,14000
3629,4124,164,57,1021000
3630,1299,534,95,142000
3631,4575,432,46,296000
3632,2436,354,84,1686000
3633,2002,772,49,291000
3634,2409,179,23,563000
3635,4313,51,42,118000
3636,2354,354,7,1215000
3637,1843,613,30,187000
3638,1549,581,47,403000
3639,2363,248,38,73000
3640,2200,317,86,2434000
3641,3524,280,52,480000
3642,3569,216,48,1038000
3643,412,151,16,910000
3644,4289,17,27,2643000
3645,2889,726,83,249000
3646,242,208,87,1803000
3647,737,346,72,112000
3648,2665,427,44,53000
3649,4053,373,40,1415000
3650,2389,347,52,395000
3651,55,123,54,400000
3652,1646,751,93,235000
3653,3811,263,68,874000
3654,3066,428,58,1243000
3655,2010,348,57,1142000
3656,3591,31,94,1723000
3657,4820,485,82,428000
3658,962,628,70,1689000
3659,3829,417,49,1090000
3660,4258,321,80,1489000
3661,1334,490,67,375000
3662,189,462,96,362000
3663,380,402,50,122000
3664,3625,458,87,427000
3665,2853,49,47,688000
3666,3780,419,100,1119000
3667,1738,706,36,340000
3668,1891,413,73,5154000
3669,3853,649,23,1053000
3670,3310,230,72,373000
3671,4322,294,51,323000
3672,3862,55,13,62000
3673,3607,395,26,2150000
3674,814,206,28,196000
3675,4897,112,23,2184000
3676,4683,198,34,805000
3677,1862,729,19,1218000
3678,1502,117,99,388000
3679,2088,460,31,715000
3680,2910,430,72,1610000
3681,3108,688,92,757000
3682,1229,38,22,301000
3683,2965,226,26,1311000
3684,2340,249,28,164000
3685,1211,458,69,601000
3686,970,305,62,3304000
3687,4011,538,78,1022000
3688,3480,515,80,1459000
3689,2712,109,27,4128000
3690,4170,360,26,833000
3691,4007,210,21,486000
3692,4904,511,91,437000
3693,3308,733,65,1531000
3694,4866,531,20,3020000
3695,1155,623,52,1138000
3696,3961,88,66,1569000
3697,4756,325,28,852000
3698,1424,68,13,101000
3699,473,798,63,71000
3700,1834,556,28,4481000
3701,756,597,26,1787000
3702,4923,464,59,1603000
3703,1900,744,31,57000
3704,3757,301,13,713000
3705,4559,71,14,879000
3706,3019,307,9,356000
3707,485,193,45,309000
3708,3732,184,61,75000
3709,2772,770,97,402000
3710,4173,13,77,891000
3711,4838,309,39,67000
3712,3763,742,69,823000
3713,4676,461,43,2244000
3714,2104,444,21,37000
3715,600,239,12,1588000
3716,4345,25,23,825000
3717,3782,271,75,1246000
3718,2699,330,84,174000
3719,3617,223,91,242000
3720,2077,576,76,166000
3721,16,271,52,947000
3722,550,759,60,295000
3723,2895,376,85,1139000
3724,3436,474,95,1797000
3725,1586,452,17,226000
3726,1091,361,78,556000
3727,1631,288,29,117000
3728,3933,644,23,49000
3729,4016,59,64,428000
3730,644,116,39,4457000
3731,3823,261,85,173000
3732,2097,723,73,30000
3733,1252,114,36,494000
3734,590,526,100,73000
3735,860,716,35,1107000
3736,1455,596,61,296000
3737,4868,646,72,1844000
3738,1083,155,50,1719000
3739,3434,160,30,1273000
3740,4735,651,80,1261000
3741,586,779,53,925000
3742,4281,175,29,2019000
3743,1894,512,33,52000
3744,4535,78,10,295000
3745,2880,108,66,532000
3746,1902,212,31,319000
3747,321,22,95,323000
3748,1742,86,21,1634000
3749,2315,556,83,3441000
3750,4803,113,6,586000
3751,362,772,69,345000
3752,2916,336,55,54000
3753,945,729,82,1364000
3754,3419,466,70,741000
3755,2143,6,80,911000
3756,3389,6,53,1099000
3757,1241,715,90,148000
3758,4552,286,68,207000
3759,1622,370,44,971000
3760,614,492,24,237000
3761,4231,568,83,2406000
3762,2038,264,21,641000
3763,3938,610,60,2883000
3764,3825,665,79,788000
3765,2873,654,91,37000
3766,1742,517,46,1051000
3767,1917,197,78,1389000
3768,4959,178,17,1061000
3769,1025,563,73,551000
3770,3592,595,28,3316000
3771,4845,166,72,297000
3772,36,534,5,144000
3773,4186,115,76,228000
3774,3540,417,94,969000
3775,1781,86,58,1697000
3776,4407,615,75,50000
3777,3796,311,63,171000
3778,4713,333,81,1388000
3779,974,643,62,102000
3780,47,694,72,95000
3781,642,589,25,900000
3782,4809,438,66,352000
3783,439,536,56,168000
3784,2728,278,92,1862000
3785,1575,371,48,1127000
3786,2502,229,41,219000
3787,3679,519,94,470000
3788,1174,676,38,2469000
3789,333,98,53,2549000
3790,4957,717,78,564000
3791,1206,323,30,945000
3792,1822,452,63,154000
3793,2630,679,16,450000
3794,3421,731,80,23000
3795,3893,406,50,422000
3796,546,740,54,4689000
3797,3122,336,52,61000
3798,1465,571,14,1309000
3799,1430,632,77,100000
3800,1599,142,16,575000
3801,2174,22,47,284000
3802,57,246,17,4101000
3803,3595,197,43,1184000
3804,4609,736,41,412000
3805,1073,625,15,349000
3806,1945,743,28,46000
3807,2798,386,22,197000
3808,1788,395,83,2581000
3809,1815,149,71,1570000
3810,4373,309,12,88000
3811,2427,6,62,1200000
3812,4956,495,55,391000
3813,2955,630,86,2425000
3814,2523,586,24,829000
3815,4322,369,92,481000
3816,1078,11,39,206000
3817,3054,127,40,371000
3818,3957,12,47,207000
3819,1923,715,49,156000
3820,2246,800,69,88000
3821,358,134,39,252000
3822,4768,627,23,451000
3823,4939,323,67,980000
3824,3658,100,38,421000
3825,3998,152,53,687000
3826,2849,48,71,4713000
3827,584,547,68,352000
3828,1777,151,69,1191000
3829,4085,628,86,1593000
3830,2501,787,56,1144000
3831,3344,439,12,2437000
3832,4478,424,34,1521000
3833,3652,273,66,1437000
3834,2556,563,33,571000
3835,2041,269,71,590000
3836,643,341,28,1874000
3837,1600,562,61,57000
3838,1459,277,68,390000
3839,2466,261,14,128000
3840,690,598,70,1033000
3841,84,380,94,1074000
3842,4514,698,47,545000
3843,3826,510,11,116000
3844,4057,368,38,63000
3845,175,537,19,337000
3846,4386,142,75,634000
3847,1470,91,22,44000
3848,3007,339,30,2321000
3849,1904,744,21,67000
3850,3640,613,93,195000
3851,3210,680,97,940000
3852,2435,303,81,1400000
3853,2990,4,58,3189000
3854,388,686,88,567000
3855,3901,78,10,273000
3856,4281,598,96,839000
3857,3768,431,31,133000
3858,3667,164,82,704000
3859,304,136,38,127000
3860,938,574,17,97000
3861,2974,777,5,988000
3862,4767,143,63,508000
3863,1336,62,78,946000
3864,3685,13,66,684000
3865,2272,175,13,1509000
3866,1571,410,97,1664000
3867,3383,710,41,3486000
3868,309,223,86,299000
3869,2455,720,7,1579000
3870,2437,505,80,61000
3871,20,660,8,144000
3872,318,299,55,1188000
3873,440,109,66,3380000
3874,3353,509,10,104000
3875,430,177,53,1055000
3876,3430,676,21,2557000
3877,4800,611,24,529000
3878,270,244,9,173000
3879,155,9,10,168000
3880,1858,458,79,585000
3881,1701,264,7,873000
3882,2414,701,51,2809000
3883,4261,708,17,3198000
3884,1611,154,87,1158000
3885,1624,184,45,67000
3886,4259,592,64,134000
3887,2381,14,68,1410000
3888,4556,639,27,330000
3889,205,567,53,3249000
3890,300,544,23,626000
3891,1732,704,18,179000
3892,1477,454,39,898000
3893,4048,305,88,3508000
3894,2530,728,58,593000
3895,1393,434,41,2558000
3896,3449,482,36,469000
3897,3078,413,84,5176000
3898,646,718,11,236000
3899,3742,690,35,313000
3900,2180,124,20,333000
3901,3075,476,40,174000
3902,3343,97,22,113000
3903,1082,562,28,53000
3904,4097,156,62,630000
3905,4310,772,72,250000
3906,2374,210,8,533000
3907,1621,534,31,108000
3908,1606,233,65,4065000
3909,569,127,82,336000
3910,1942,684,36,124000
3911,3255,66,78,906000
3912,2684,744,8,68000
3913,3184,601,29,1628000
3914,3272,754,73,457000
3915,681,650,66,926000
3916,2119,326,66,19000
3917,1690,731,77,23000
3918,3758,284,73,2933000
3919,4311,212,37,248000
3920,713,252,21,494000
3921,2916,104,53,1064000
3922,846,674,38,1967000
3923,4758,194,9,124000
3924,604,691,33,1100000
3925,2393,696,17,547000
3926,1072,358,75,1586000
3927,1425,443,72,171000
3928,236,635,41,2489000
3929,1751,484,59,759000
3930,2835,487,9,3178000
3931,34,60,99,352000
3932,4792,82,69,80000
3933,1327,623,14,981000
3934,1231,94,64,795000
3935,1600,235,65,464000
3936,4870,700,92,155000
3937,155,471,13,114000
3938,1409,266,71,974000
3939,1615,99,78,126000
3940,827,260,88,84000
3941,3373,554,14,464000
3942,3644,472,14,114000
3943,1814,743,88,43000
3944,3640,282,76,558000
3945,4145,182,95,1634000
3946,1574,130,78,2305000
3947,1625,291,5,134000
3948,1218,640,62,420000
3949,1969,704,44,189000
3950,4874,583,73,4021000
3951,1516,752,20,319000
3952,1297,148,65,1370000
3953,434,639,64,379000
3954,4579,438,17,268000
3955,677,753,58,290000
3956,2965,621,58,736000
3957,1620,582,65,830000
3958,1148,71,41,621000
3959,3650,210,21,670000
3960,751,493,58,3122000
3961,2985,739,98,96000
3962,2166,386,10,161000
3963,3698,475,96,127000
3964,3426,754,5,383000
3965,4659,45,76,134000
3966,34,427,9,56000
3967,4868,306,84,728000
3968,4958,653,10,461000
3969,1096,576,87,196000
3970,198,756,59,93000
3971,3920,569,29,1483000
3972,2079,225,71,1290000
3973,2398,267,34,898000
3974,656,356,35,144000
3975,18,664,88,105000
3976,988,203,38,1772000
3977,1629,109,97,3081000
3978,766,742,13,714000
3979,2939,430,80,1556000
3980,1737,736,5,390000
3981,4458,336,84,60000
3982,3733,606,50,4500000
3983,4936,756,22,91000
3984,582,148,40,1178000
3985,3861,276,76,592000
3986,4192,378,41,462000
3987,4811,74,93,299000
3988,3712,50,80,1784000
3989,2126,444,56,32000
3990,2229,657,57,1503000
3991,2114,559,71,399000
3992,2498,203,13,1870000
3993,2726,86,15,2029000
3994,4971,545,68,1051000
3995,4345,670,94,611000
3996,4363,496,11,97000
3997,4591,784,93,2839000
3998,3677,87,30,3512000
3999,3194,614,41,133000
4000,620,491,94,111000
4001,1244,75,94,2237000
4002,1664,681,83,858000
4003,3195,538,49,880000
4004,4250,115,27,260000
4005,1618,650,94,878000
4006,2358,298,33,310000
4007,1438,172,41,550000
4008,2048,30,65,1405000
4009,1337,561,56,556000
4010,713,775,96,1115000
4011,3716,146,19,281000
4012,4624,683,61,1043000
4013,4935,618,13,1455000
4014,2939,587,64,2699000
4015,1886,110,39,396000
4016,1803,563,10,420000
4017,1984,601,22,1247000
4018,4510,14,82,1601000
4019,2760,589,25,641000
4020,2659,417,38,834000
4021,1532,550,72,113000
4022,4612,596,7,222000
4023,1152,309,20,70000
4024,4992,676,19,2163000
4025,1622,775,54,798000
4026,3929,388,39,556000
4027,3242,469,91,1189000
4028,4114,783,33,409000
4029,4187,612,82,438000
4030,4038,68,24,124000
4031,848,739,78,72000
4032,3698,482,91,494000
4033,2005,570,87,698000
4034,1737,207,46,1604000
4035,2563,759,29,298000
4036,4167,760,93,1228000
4037,4507,262,29,1055000
4038,1232,575,52,1191000
4039,1303,638,41,302000
4040,818,30,100,1215000
4041,777,649,96,1101000
4042,473,312,77,1039000
4043,2554,528,89,1478000
4044,62,676,48,2103000
4045,1219,372,19,390000
4046,2689,761,100,352000
4047,1119,129,83,188000
4048,1489,166,19,351000
4049,4357,227,50,2045000
4050,3324,30,47,1452000
4051,4537,693,40,1805000
4052,4850,137,85,322000
4053,2649,248,38,75000
4054,4750,738,92,1985000
4055,2023,150,79,1877000
4056,1398,14,53,1347000
4057,4087,792,5,2971000
4058,3510,609,73,638000
4059,1234,550,64,142000
4060,1769,585,37,1435000
4061,2408,11,24,201000
4062,2842,196,94,109000
4063,2946,510,91,126000
4064,4780,202,88,78000
4065,3140,564,99,111000
4066,749,407,93,1536000
4067,4943,674,16,1553000
4068,1252,283,78,385000
4069,700,197,51,1635000
4070,338,587,91,3667000
4071,4173,193,100,224000
4072,247,773,29,1329000
4073,344,183,19,1171000
4074,1261,169,29,144000
4075,3526,403,91,174000
4076,1837,650,66,1009000
4077,323,457,48,1528000
4078,1075,35,17,144000
4079,3716,514,50,2810000
4080,808,47,89,81000
4081,2059,498,35,151000
4082,454,209,23,1142000
4083,3939,745,58,593000
4084,2451,667,31,99000
4085,87,641,40,843000
4086,927,677,48,5227000
4087,4634,532,5,1492000
4088,3860,238,56,671000
4089,2687,146,58,243000
4090,2050,578,74,116000
4091,1383,312,63,1078000
4092,2701,771,90,239000
4093,2458,329,63,35000
4094,2135,186,70,55000
4095,4328,4,7,2245000
4096,2248,601,6,1630000
4097,4658,58,86,4291000
4098,4879,91,8,46000
4099,1297,449,94,87000
4100,1782,784,71,2321000
4101,3854,530,57,176000
4102,4799,151,43,1272000
4103,199,706,21,282000
4104,30,88,72,1650000
4105,341,476,21,206000
4106,4541,159,64,866000
4107,1714,491,16,130000
4108,1067,379,86,103000
4109,4646,471,77,111000
4110,2197,666,9,473000
4111,89,627,23,557000
4112,3257,727,96,139000
4113,1588,313,11,68000
4114,3396,468,25,418000
4115,3873,603,8,220000
4116,4840,731,86,22000
4117,1609,268,23,535000
4118,2548,635,34,2740000
4119,1895,616,45,4814000
4120,4853,730,71,67000
4121,736,128,7,855000
4122,4171,579,20,286000
4123,3656,773,82,1075000
4124,4371,424,53,1460000
4125,3291,756,52,91000
4126,4094,408,11,1843000
4127,4015,737,35,1485000
4128,4985,447,61,1438000
4129,1968,585,97,1018000
4130,4984,54,62,364000
4131,2813,196,19,91000
4132,43,193,60,258000
4133,3445,452,93,214000
4134,4900,475,36,119000
4135,3076,136,22,130000
4136,1007,490,81,316000
4137,2770,240,47,190000
4138,1904,559,19,472000
4139,2768,9,70,187000
4140,3324,2,20,1371000
4141,1293,244,95,137000
4142,3625,306,15,718000
4143,3130,155,65,1899000
4144,2948,719,71,791000
4145,134,716,24,923000
4146,293,365,81,2111000
4147,4717,56,40,886000
4148,929,774,27,5120000
4149,4112,383,68,1847000
4150,2419,101,26,309000
4151,4146,214,47,886000
4152,2930,1,35,1093000
4153,4835,76,67,1178000
4154,3711,85,32,20000
4155,4731,187,89,26000
4156,505,296,8,82000
4157,575,706,52,407000
4158,2710,390,42,582000
4159,934,651,33,1024000
4160,1710,446,31,1196000
4161,4717,262,83,1141000
4162,4501,68,96,135000
4163,959,92,96,1719000
4164,3621,574,76,72000
4165,2743,112,69,2085000
4166,4658,787,99,1360000
4167,1529,124,7,363000
4168,3359,547,41,400000
4169,2651,578,85,117000
4170,4189,635,53,2506000
4171,4514,464,38,1180000
4172,829,676,94,2339000
4173,3844,460,79,769000
4174,1633,657,45,1750000
4175,1975,103,16,2058000
4176,1819,115,38,261000
4177,3168,761,70,349000
4178,2245,135,96,155000
4179,2295,87,58,2975000
4180,2251,354,59,1441000
4181,1381,4,30,2287000
4182,4906,154,5,1086000
4183,1203,110,27,348000
4184,2189,283,11,412000
4185,560,199,19,96000
4186,4261,657,97,1718000
4187,1069,386,89,227000
4188,2576,508,79,1216000
4189,269,409,55,735000
4190,2133,703,53,1767000
4191,4698,427,29,39000
4192,3951,669,42,189000
4193,4163,408,97,2004000
4194,1031,590,24,316000
4195,3551,711,93,2131000
4196,114,664,50,98000
4197,2142,113,68,652000
4198,239,231,76,1426000
4199,4388,574,57,90000
4200,1311,308,63,3657000
4201,2809,689,29,2138000
4202,2819,470,41,622000
4203,4419,343,89,1684000
4204,561,137,76,284000
4205,4366,728,100,547000
4206,2320,90,32,1116000
4207,4391,740,11,4938000
4208,442,687,73,1309000
4209,4459,705,88,1281000
4210,3372,594,62,3315000
4211,1779,7,96,672000
4212,1444,185,13,408000
4213,3435,452,68,220000
4214,3104,678,13,1087000
4215,3684,223,51,301000
4216,1338,740,76,3708000
4217,2577,159,38,670000
4218,3005,430,43,1632000
4219,2601,419,60,878000
4220,3320,150,40,1676000
4221,3982,443,88,152000
4222,32,708,8,3536000
4223,2908,784,86,2928000
4224,4912,668,76,1711000
4225,2115,634,25,1281000
4226,3125,386,36,170000
4227,4330,35,31,155000
4228,2127,488,9,546000
4229,2658,737,9,1584000
4230,1125,333,92,1344000
4231,1458,127,85,350000
4232,2157,179,21,545000
4233,2548,227,39,1800000
4234,1182,723,33,26000
4235,1716,346,87,125000
4236,2583,453,50,809000
4237,2319,347,13,429000
4238,1802,191,40,959000
4239,2552,538,37,1049000
4240,2975,350,14,83000
4241,677,737,39,1777000
4242,43,591,28,1579000
4243,1509,189,88,2205000
4244,871,155,96,1389000
4245,1520,749,60,506000
4246,3288,194,37,100000
4247,245,790,62,285000
4248,2835,278,85,1630000
4249,3810,329,32,27000
4250,2376,533,88,1888000
4251,97,180,68,2639000
4252,2017,34,15,132000
4253,2935,219,76,865000
4254,4850,190,45,901000
4255,2975,422,50,256000
4256,3627,26,77,79000
4257,4634,154,30,898000
4258,3825,252,88,418000
4259,4548,349,7,3234000
4260,4243,676,33,1999000
4261,1735,541,36,168000
4262,3037,295,83,399000
4263,960,411,74,1107000
4264,973,49,45,722000
4265,871,572,65,1088000
4266,1092,128,84,829000
4267,4878,577,31,128000
4268,1629,121,89,856000
4269,1098,327,81,528000
4270,1263,674,81,2236000
4271,4420,733,72,1632000
4272,178,332,67,277000
4273,2135,31,68,2096000
4274,77,56,23,1020000
4275,4174,16,5,631000
4276,1487,367,50,594000
4277,4326,9,53,182000
4278,1816,774,63,4199000
4279,4609,34,25,137000
4280,1457,718,69,169000
4281,3708,450,15,2838000
4282,3653,187,72,27000
4283,2260,86,28,2017000
4284,2341,519,64,556000
4285,2274,188,67,226000
4286,3150,128,14,975000
4287,1241,773,17,1369000
4288,968,212,32,333000
4289,3806,592,75,108000
4290,3093,348,30,1248000
4291,941,545,53,1132000
4292,244,258,89,677000
4293,3941,340,57,1883000
4294,197,494,85,4046000
4295,723,71,68,657000
4296,3663,441,66,1217000
4297,4747,430,31,1411000
4298,3541,406,94,379000
4299,2676,412,97,353000
4300,4642,447,72,1497000
4301,328,528,50,1336000
4302,4766,588,88,529000
4303,381,680,88,894000
4304,692,534,40,110000
4305,4007,781,56,300000
4306,2025,794,97,91000
4307,762,284,71,3565000
4308,4437,786,87,196000
4309,2659,38,32,271000
4310,136,469,78,1512000
4311,633,248,28,72000
4312,4739,440,13,343000
4313,3085,260,19,80000
4314,4157,771,24,186000
4315,16,458,40,568000
4316,1108,21,97,175000
4317,2444,94,93,671000
4318,534,141,71,885000
4319,1147,325,5,910000
4320,590,60,99,278000
4321,4890,17,33,2094000
4322,495,304,72,116000
4323,1050,409,5,688000
4324,2994,533,70,1799000
4325,954,222,9,127000
4326,3214,227,38,2345000
4327,644,611,70,428000
4328,4379,710,15,3682000
4329,1464,713,94,267000
4330,2971,12,85,161000
4331,4313,320,49,2469000
4332,608,518,41,2109000
4333,2518,336,100,48000
4334,2115,502,24,443000
4335,3888,462,70,469000
4336,2505,651,43,1141000
4337,1184,539,94,1816000
4338,3976,57,65,415000
4339,4609,223,44,318000
4340,1014,553,77,2357000
4341,1566,248,36,68000
4342,1654,665,62,931000
4343,1693,64,75,1256000
4344,4336,611,7,546000
4345,1975,581,46,399000
4346,438,384,72,817000
4347,1704,791,100,3357000
4348,2061,696,38,497000
4349,2866,67,16,1123000
4350,3665,123,81,477000
4351,4080,285,32,2647000
4352,3791,636,48,451000
4353,866,515,52,2085000
4354,4965,211,23,173000
4355,1044,553,51,2178000
4356,3696,115,53,221000
4357,3862,259,68,1693000
4358,3692,375,9,3042000
4359,4976,506,21,171000
4360,2750,425,34,1755000
4361,738,610,18,2598000
4362,3131,219,73,1094000
4363,1350,514,88,2868000
4364,4307,77,84,13000
4365,921,338,17,655000
4366,2378,591,51,1442000
4367,1698,516,72,3074000
4368,1978,552,7,1396000
4369,670,783,71,441000
4370,4164,540,58,198000
4371,785,550,39,118000
4372,703,344,34,607000
4373,3896,302,63,592000
4374,3127,385,26,3352000
4375,1146,431,66,157000
4376,3676,508,59,1398000
4377,4143,675,55,448000
4378,1277,257,16,48000
4379,3898,604,46,906000
4380,4970,123,57,395000
4381,1979,506,14,158000
4382,4780,746,37,1711000
4383,726,322,80,729000
4384,543,420,17,1838000
4385,3666,453,26,958000
4386,969,351,52,44000
4387,179,766,12,1134000
4388,3812,72,11,902000
4389,675,788,78,875000
4390,833,373,32,1060000
4391,4372,686,24,491000
4392,1313,161,95,1025000
4393,955,758,81,1382000
4394,3675,150,92,1930000
4395,3164,59,9,578000
4396,2725,403,26,155000
4397,1368,165,66,1042000
4398,2184,504,30,1123000
4399,649,787,45,1155000
4400,4238,117,43,355000
4401,4116,459,37,148000
4402,3345,290,48,109000
4403,4108,552,45,1349000
4404,1058,165,92,1098000
4405,2977,506,58,171000
4406,1533,470,25,633000
4407,2686,106,83,1957000
4408,1367,503,90,140000
4409,1924,355,96,473000
4410,3150,639,93,363000
4411,1889,777,22,992000
4412,2029,439,20,2093000
4413,4801,784,74,2289000
4414,4092,714,23,1068000
4415,1658,30,96,1259000
4416,165,165,80,1232000
4417,3316,213,97,788000
4418,3557,570,82,743000
4419,4274,548,14,539000
4420,3201,431,81,143000
4421,4240,336,74,63000
4422,2827,72,59,904000
4423,3420,336,93,44000
4424,1824,115,81,240000
4425,2428,328,22,233000
4426,2193,725,82,35000
4427,3050,226,76,1288000
4428,3431,254,81,1141000
4429,2106,537,56,437000
4430,1478,545,39,958000
4431,3715,462,32,470000
4432,4544,181,14,111000
4433,2001,321,61,1219000
4434,449,778,95,3647000
4435,1537,330,45,194000
4436,520,579,9,373000
4437,4623,519,47,532000
4438,4886,768,47,440000
4439,280,674,14,1654000
4440,4680,114,44,438000
4441,2092,725,44,32000
4442,3900,522,34,1400000
4443,1704,614,92,114000
4444,4325,48,94,3700000
4445,68,662,44,270000
4446,4431,652,5,826000
4447,1150,108,54,421000
4448,4180,350,23,105000
4449,1644,43,54,941000
4450,4391,691,80,842000
4451,1627,310,31,5326000
4452,3738,142,46,558000
4453,2767,211,68,121000
4454,1835,119,28,59000
4455,2783,641,99,1021000
4456,3697,647,84,15000
4457,4919,273,55,1312000
4458,3621,621,23,963000
4459,892,309,19,64000
4460,2709,106,22,2369000
4461,3452,304,13,151000
4462,4011,35,43,132000
4463,4932,542,43,944000
4464,1573,78,17,294000
4465,2132,16,65,594000
4466,4172,214,64,994000
4467,185,498,81,156000
4468,4840,93,63,337000
4469,4857,598,97,775000
4470,4347,133,41,1629000
4471,424,323,80,1180000
4472,2947,707,54,369000
4473,3122,499,21,668000
4474,2128,232,24,1131000
4475,2771,636,50,437000
4476,932,523,73,2773000
4477,1247,663,50,513000
4478,3092,537,6,319000
4479,780,55,89,72000
4480,279,534,34,134000
4481,3076,281,65,617000
4482,4428,65,51,835000
4483,181,696,13,549000
4484,4791,540,37,166000
4485,571,168,42,491000
4486,847,10,7,4584000
4487,2861,30,75,1624000
4488,2495,724,22,813000
4489,3965,28,62,1342000
4490,70,14,56,1381000
4491,2170,642,44,1095000
4492,4411,261,86,127000
4493,261,487,71,4500000
4494,904,13,54,663000
4495,3570,187,78,21000
4496,491,561,64,796000
4497,4680,248,79,85000
4498,3754,367,95,578000
4499,3224,435,76,184000
4500,109,511,23,510000
4501,3742,326,89,22000
4502,4463,135,57,166000
4503,1510,685,41,918000
4504,3747,295,22,431000
4505,364,182,48,1781000
4506,715,507,25,74000
4507,3063,16,5,749000
4508,2260,459,60,159000
4509,2043,88,86,1407000
4510,4806,272,19,151000
4511,116,596,94,283000
4512,1309,451,38,20000
4513,4164,312,19,1078000
4514,4479,456,84,47000
4515,4895,386,100,154000
4516,3683,220,44,61000
4517,823,173,68,996000
4518,127,323,96,860000
4519,1485,288,7,103000
4520,2081,743,93,51000
4521,1201,710,11,3488000
4522,4372,206,69,248000
4523,258,680,41,888000
4524,3089,543,12,950000
4525,2034,623,58,1125000
4526,648,696,64,470000
4527,1828,385,24,3484000
4528,4948,252,29,546000
4529,1731,60,9,346000
4530,1260,268,90,530000
4531,3511,246,68,5176000
4532,2457,123,92,428000
4533,4734,303,50,1425000
4534,1131,444,93,36000
4535,2984,301,66,705000
4536,1909,275,40,5451000
4537,1478,753,97,295000
4538,2588,410,20,1498000
4539,1393,259,47,1861000
4540,1487,358,25,1597000
4541,1356,322,80,564000
4542,3917,108,80,504000
4543,4821,6,63,947000
4544,3168,160,21,1798000
4545,2153,653,78,429000
4546,1898,768,7,511000
4547,2097,663,75,509000
4548,1532,7,12,784000
4549,2298,520,61,1580000
4550,3732,270,67,1020000
4551,2407,192,43,1289000
4552,2577,526,55,78000
4553,2419,504,29,1072000
4554,667,559,70,452000
4555,1326,230,82,360000
4556,3848,292,24,106000
4557,565,782,86,2682000
4558,217,80,8,151000
4559,3769,273,60,1234000
4560,586,627,24,507000
4561,474,554,82,481000
4562,1400,404,54,3127000
4563,2628,681,26,959000
4564,477,659,62,1218000
4565,3611,734,92,233000
4566,148,541,90,218000
4567,590,185,42,333000
4568,2314,203,15,1392000
4569,4321,675,18,502000
4570,4627,297,49,207000
4571,1843,648,27,27000
4572,4128,760,46,1277000
4573,3308,548,26,611000
4574,1637,115,18,254000
4575,679,246,73,5061000
4576,991,687,10,1631000
4577,1153,305,64,3047000
4578,478,415,93,195000
4579,3320,669,34,210000
4580,2522,305,23,2821000
4581,975,200,69,825000
4582,600,486,28,1396000
4583,1737,528,13,1429000
4584,262,575,92,1506000
4585,4456,453,37,921000
4586,2764,725,15,35000
4587,4280,490,6,363000
4588,4518,570,61,795000
4589,4344,675,95,555000
4590,1099,639,28,295000
4591,4287,682,77,235000
4592,4938,238,100,567000
4593,3768,163,85,5063000
4594,2414,698,38,444000
4595,3047,314,18,1782000
4596,3315,436,85,380000
4597,4624,560,82,27000
4598,2614,452,13,222000
4599,4726,331,55,242000
4600,3414,459,34,153000
4601,691,403,86,120000
4602,4843,691,13,1054000
4603,219,484,42,949000
4604,3040,244,21,171000
4605,2911,77,79,17000
4606,762,506,70,172000
4607,1812,449,38,99000
4608,4904,139,92,5151000
4609,2865,439,30,2273000
4610,4727,20,81,1090000
4611,3757,344,21,564000
4612,2996,413,95,3722000
4613,3481,313,94,84000
4614,4331,703,82,1745000
4615,4299,279,57,3064000
4616,3670,549,94,1885000
4617,3154,335,88,310000
4618,139,266,51,834000
4619,3402,364,27,159000
4620,1544,328,64,317000
4621,1522,467,90,115000
4622,2536,88,81,1375000
4623,1822,564,65,115000
4624,688,475,61,94000
4625,2201,288,97,136000
4626,1883,778,42,3472000
4627,2847,450,79,2128000
4628,4465,640,32,329000
4629,1087,303,12,1339000
4630,853,355,61,397000
4631,4882,655,10,1392000
4632,3660,502,69,468000
4633,2655,482,43,534000
4634,3331,106,18,1768000
4635,138,659,52,1008000
4636,3585,141,63,1097000
4637,2854,380,88,905000
4638,581,543,36,980000
4639,3102,471,87,128000
4640,2879,317,11,2467000
4641,3252,426,23,391000
4642,1588,24,19,341000
4643,3233,228,20,75000
4644,3245,645,67,1751000
4645,3671,555,7,1032000
4646,1248,403,77,171000
4647,2941,318,68,443000
4648,4959,400,26,1129000
4649,296,203,63,1874000
4650,1311,363,44,860000
4651,1570,112,48,1803000
4652,1832,67,64,844000
4653,3739,532,57,1616000
4654,3502,172,52,516000
4655,2453,681,74,890000
4656,4032,581,31,396000
4657,44,375,14,2850000
4658,1573,686,79,651000
4659,1360,426,20,506000
4660,2447,796,99,910000
4661,4030,28,72,996000
4662,3975,282,67,455000
4663,4250,773,85,1455000
4664,2883,413,77,5092000
4665,2587,427,77,40000
4666,3241,169,63,153000
4667,2087,663,45,482000
4668,51,232,82,875000
4669,386,332,26,332000
4670,2927,227,97,2362000
4671,2789,456,49,44000
4672,3920,708,78,3566000
4673,4066,540,92,166000
4674,4314,48,49,3288000
4675,2288,402,15,144000
4676,4847,224,9,150000
4677,1600,484,65,945000
4678,1547,751,42,179000
4679,434,272,75,139000
4680,2393,717,75,521000
4681,1190,575,37,1539000
4682,222,760,17,1003000
4683,2250,409,78,686000
4684,2964,714,78,1279000
4685,2176,384,21,849000
4686,3340,601,58,1260000
4687,3287,208,95,1512000
4688,1747,309,66,74000
4689,733,273,95,1420000
4690,2862,241,23,999000
4691,3665,273,52,1033000
4692,1706,746,75,1611000
4693,873,789,68,1670000
4694,3393,449,93,114000
4695,4221,162,58,4001000
4696,3885,196,86,109000
4697,4237,665,18,848000
4698,3641,677,34,3825000
4699,3693,477,82,999000
4700,2335,164,94,827000
4701,3023,88,12,1513000
4702,2855,242,83,1751000
4703,2393,509,68,121000
4704,4354,501,67,2014000
4705,2161,209,62,937000
4706,1008,595,39,3338000
4707,1015,227,47,1673000
4708,631,181,48,109000
4709,2585,146,27,230000
4710,2894,154,67,1220000
4711,427,687,32,1420000
4712,3555,711,34,2088000
4713,509,300,99,407000
4714,4667,113,36,750000
4715,1276,564,48,133000
4716,4627,128,59,696000
4717,3734,244,61,121000
4718,3424,236,25,3113000
4719,3602,502,36,371000
4720,4513,436,53,356000
4721,1885,412,47,275000
4722,4454,625,77,405000
4723,4081,304,45,145000
4724,1680,275,22,5232000
4725,216,647,16,18000
4726,2853,518,84,2098000
4727,2513,261,88,157000
4728,2565,166,97,242000
4729,3517,435,45,192000
4730,3074,99,57,108000
4731,2522,247,17,1262000
4732,3089,247,38,1265000
4733,2679,348,27,1542000
4734,3691,151,37,1123000
4735,4617,601,67,1748000
4736,3765,300,37,358000
4737,1210,23,14,459000
4738,4006,481,86,2123000
4739,2007,408,94,1676000
4740,2565,386,28,193000
4741,505,57,93,491000
4742,3042,46,65,929000
4743,3108,431,38,138000
4744,1916,773,61,1353000
4745,2146,29,10,1024000
4746,4226,761,44,315000
4747,3005,114,67,363000
4748,316,661,22,3899000
4749,2163,55,62,87000
4750,976,116,72,3437000
4751,1044,703,81,1648000
4752,4744,605,6,1187000
4753,2486,322,98,611000
4754,679,572,64,1273000
4755,2264,386,58,157000
4756,3542,494,96,3587000
4757,1,673,72,867000
4758,210,550,90,113000
4759,3577,457,36,1623000
4760,1677,78,29,274000
4761,966,662,51,243000
4762,4196,243,32,958000
4763,3152,300,88,396000
4764,2556,501,83,1744000
4765,4632,358,19,1634000
4766,2875,798,85,93000
4767,2211,493,31,2327000
4768,1347,360,82,864000
4769,1905,198,46,729000
4770,3405,172,85,549000
4771,2857,612,91,497000
4772,2899,121,74,722000
4773,3231,27,9,533000
4774,4938,492,81,191000
4775,4661,276,53,504000
4776,3254,710,30,4364000
4777,1524,466,83,779000
4778,1636,23,18,430000
4779,4074,109,16,3678000
4780,1982,176,93,391000
4781,1084,472,100,130000
4782,3780,496,19,134000
4783,2634,683,58,1329000
4784,4990,31,56,1841000
4785,2284,442,35,1645000
4786,1103,374,67,200000
4787,1210,381,95,176000
4788,54,472,65,103000
4789,4710,589,84,721000
4790,4074,306,88,556000
4791,1035,22,50,411000
4792,2481,574,72,76000
4793,1520,659,28,937000
4794,928,698,57,501000
4795,3983,737,88,1537000
4796,2605,30,76,1502000
4797,4647,233,44,3445000
4798,3120,711,93,1864000
4799,3499,492,65,190000
4800,3440,212,51,260000
4801,4384,534,36,122000
4802,3426,20,86,1114000
4803,1529,793,82,126000
4804,1102,17,82,2457000
4805,744,492,100,239000
4806,3810,372,20,427000
4807,514,15,15,1427000
4808,2516,407,50,2006000
4809,4816,93,17,293000
4810,4920,259,10,1721000
4811,332,91,7,45000
4812,3905,586,45,787000
4813,3573,757,63,3533000
4814,3221,710,78,3402000
4815,234,58,29,3403000
4816,4502,737,85,1749000
4817,3987,19,18,13000
4818,1180,245,49,580000
4819,3476,501,44,1961000
4820,2164,479,45,589000
4821,4730,685,61,691000
4822,410,676,67,2390000
4823,3561,332,73,335000
4824,2226,368,23,58000
4825,2885,133,8,1282000
4826,992,314,94,1629000
4827,3015,347,38,483000
4828,4591,690,49,301000
4829,89,202,76,94000
4830,4116,666,50,547000
4831,2108,444,11,46000
4832,3656,686,68,671000
4833,1798,47,64,89000
4834,4454,555,27,902000
4835,381,549,10,1951000
4836,2993,720,27,1222000
4837,3605,303,95,1336000
4838,3442,638,85,317000
4839,1501,299,16,977000
4840,4126,630,46,2125000
4841,4898,544,99,672000
4842,2889,626,54,890000
4843,970,347,88,486000
4844,4999,421,63,610000
4845,2133,135,35,143000
4846,3893,374,17,142000
4847,2593,547,66,503000
4848,1191,735,100,243000
4849,2569,377,45,143000
4850,1915,598,44,994000
4851,182,432,64,376000
4852,2901,632,87,95000
4853,1738,34,33,142000
4854,2092,143,81,412000
4855,4078,743,78,39000
4856,4385,180,24,2690000
4857,3527,431,38,152000
4858,419,197,34,1118000
4859,3103,366,97,480000
4860,2683,791,30,4305000
4861,4009,702,87,1523000
4862,421,84,47,607000
4863,1599,698,44,430000
4864,4740,138,27,26000
4865,4255,312,24,990000
4866,568,192,16,1670000
4867,4757,572,51,1290000
4868,330,766,31,1033000
4869,2341,297,63,247000
4870,275,4,89,3162000
4871,530,711,21,2320000
4872,3112,436,39,359000
4873,1552,95,72,398000
4874,4792,233,88,3899000
4875,1577,597,14,2413000
4876,605,730,22,79000
4877,742,480,77,1120000
4878,2320,587,48,2896000
4879,3534,403,79,158000
4880,1176,22,48,313000
4881,1869,319,37,306000
4882,522,402,26,107000
4883,2700,596,23,297000
4884,3566,162,19,4807000
4885,2616,550,61,133000
4886,3608,395,21,2069000
4887,1503,706,93,302000
4888,2048,73,88,3285000
4889,3902,728,53,525000
4890,4869,606,25,3384000
4891,1059,634,36,1385000
4892,3201,249,14,192000
4893,1888,411,50,1075000
4894,274,342,40,845000
4895,1118,628,22,1611000
4896,2932,69,39,142000
4897,4255,662,13,334000
4898,615,697,100,2567000
4899,3094,701,45,3278000
4900,2518,252,10,471000
4901,3063,409,52,553000
4902,2930,598,63,769000
4903,4626,707,67,490000
4904,4886,718,83,173000
4905,3147,80,46,155000
4906,2295,2,38,1453000
4907,3828,542,91,868000
4908,3455,290,24,123000
4909,2071,306,11,552000
4910,1585,213,45,685000
4911,4239,624,27,129000
4912,1227,370,37,1143000
4913,3483,669,20,194000
4914,2295,744,33,65000
4915,1277,404,8,3993000
4916,998,528,72,1234000
4917,1045,631,32,1072000
4918,4300,500,15,35000
4919,3089,619,54,1277000
4920,2325,327,72,541000
4921,2541,582,71,950000
4922,4605,791,53,4795000
4923,937,308,58,3998000
4924,4726,113,84,643000
4925,3633,592,100,128000
4926,3098,743,92,49000
4927,363,522,36,1266000
4928,4539,151,52,1236000
4929,1155,176,13,325000
4930,1481,438,7,350000
4931,4071,646,69,1946000
4932,2803,289,98,673000
4933,753,696,16,467000
4934,3877,408,44,1574000
4935,4059,222,56,132000
4936,2681,122,88,247000
4937,722,257,49,45000
4938,2885,241,92,1218000
4939,4567,392,37,53000
4940,1339,455,34,105000
4941,4966,480,59,1234000
4942,2587,555,85,1166000
4943,3293,434,70,2642000
4944,750,265,64,207000
4945,3601,692,32,440000
4946,3073,285,5,1988000
4947,310,772,45,325000
4948,2729,300,66,280000
4949,935,246,61,4442000
4950,2533,774,34,4754000
4951,3563,378,62,440000
4952,1260,106,32,2322000
4953,2390,386,37,155000
4954,3487,257,26,45000
4955,2203,618,19,1092000
4956,2309,127,62,303000
4957,2630,283,26,406000
4958,3426,758,78,1523000
4959,3432,290,34,111000
4960,4268,459,26,161000
4961,3902,760,47,1184000
4962,4554,276,73,547000
4963,3065,172,18,487000
4964,1743,639,78,382000
4965,379,457,89,1624000
4966,3957,500,52,43000
4967,1226,622,42,556000
4968,256,545,72,1305000
4969,2550,197,66,1379000
4970,2516,513,73,743000
4971,4036,386,17,218000
4972,4988,625,13,365000
4973,1769,406,13,488000
4974,4494,721,78,384000
4975,1558,174,60,794000
4976,4497,563,20,436000
4977,1846,301,70,722000
4978,4800,320,48,2793000
4979,1572,222,17,121000
4980,3225,120,28,121000
4981,2871,412,20,334000
4982,38,576,86,213000
4983,689,134,77,231000
4984,2875,757,5,4078000
4985,3343,25,16,943000
4986,652,42,86,1095000
4987,4910,78,37,305000
4988,847,735,27,256000
4989,1726,590,32,310000
4990,1957,752,41,227000
4991,1613,763,17,132000
4992,1253,587,57,3400000
4993,2487,575,39,1426000
4994,181,81,56,4199000
4995,2424,634,96,1781000
4996,497,51,17,126000
4997,3800,621,98,825000
4998,2006,474,12,2367000
4999,7,463,86,2913000
5000,2009,699,32,470000
5001,983,340,57,1313000
5002,2084,567,59,3723000
5003,942,701,50,2916000
5004,1428,115,87,266000
5005,3528,355,69,424000
5006,824,176,37,388000
5007,3861,116,38,3571000
5008,1213,168,19,602000
5009,444,391,51,69000
5010,2819,103,70,2087000
5011,2683,428,89,1235000
5012,993,677,19,4562000
5013,169,236,12,3460000
5014,2741,554,60,453000
5015,1154,199,53,122000
5016,1908,429,14,3070000
5017,3077,793,68,113000
5018,4100,37,7,292000
5019,3158,794,73,78000
5020,157,583,53,3059000
5021,1546,220,66,54000
5022,1956,550,93,159000
5023,838,105,75,2100000
5024,2892,114,78,434000
5025,2155,354,68,1601000
5026,1834,553,55,2214000
5027,3424,587,18,3429000
5028,2680,414,90,282000
5029,470,5,9,988000
5030,3028,610,92,3487000
5031,4793,126,99,786000
5032,1601,515,74,1418000
5033,1008,290,99,120000
5034,1022,551,58,48000
5035,3346,787,67,1262000
5036,3947,429,92,2993000
5037,1662,175,6,1657000
5038,1512,180,21,2872000
5039,2940,7,44,655000
5040,1806,728,38,552000
5041,2426,266,79,847000
5042,1688,786,90,193000
5043,2854,387,24,492000
5044,1108,593,27,355000
5045,2742,784,39,2399000
5046,94,425,27,1899000
5047,4767,455,75,105000
5048,1061,546,28,1249000
5049,2220,263,7,795000
5050,2688,211,76,123000
5051,2055,241,47,1167000
5052,1703,673,38,772000
5053,3042,205,56,4047000
5054,3516,221,42,4582000
5055,3446,138,33,27000
5056,4466,323,6,990000
5057,2267,113,63,541000
5058,4039,201,36,803000
5059,4767,628,85,1839000
5060,284,478,46,449000
5061,1336,426,51,400000
5062,3109,255,59,221000
5063,1841,379,67,103000
5064,761,747,42,220000
5065,4692,196,66,80000
5066,1363,456,82,45000
5067,4229,347,74,391000
5068,4697,264,8,660000
5069,596,497,8,1300000
5070,3876,167,72,51000
5071,2669,96,93,115000
5072,1030,653,98,435000
5073,4335,256,39,223000
5074,4003,506,60,160000
5075,4767,731,5,25000
5076,760,652,75,871000
5077,4520,370,71,889000
5078,3560,119,32,59000
5079,1634,448,10,71000
5080,158,713,64,268000
5081,498,214,53,701000
5082,810,666,72,629000
5083,406,554,57,541000
5084,636,122,18,315000
5085,1248,607,23,295000
5086,4394,340,39,1701000
5087,2769,304,72,141000
5088,803,323,63,1029000
5089,3083,360,57,724000
5090,4267,20,82,844000
5091,2628,199,46,134000
5092,2473,649,72,914000
5093,2007,167,90,44000
5094,224,710,86,4023000
5095,598,18,29,903000
5096,2333,796,85,875000
5097,1051,292,73,98000
5098,1434,246,55,3696000
5099,1194,180,50,3818000
5100,405,525,20,3726000
5101,213,235,62,422000
5102,1746,725,97,41000
5103,4107,535,13,445000
5104,20,66,20,1270000
5105,2136,468,80,379000
5106,3657,17,66,2823000
5107,2309,714,98,1249000
5108,4850,231,90,1391000
5109,74,280,24,369000
5110,3540,122,82,259000
5111,391,325,38,803000
5112,1107,407,61,1523000
5113,1511,469,100,1222000
5114,3829,265,57,203000
5115,481,800,38,83000
5116,1186,431,34,128000
5117,814,686,92,614000
5118,3367,674,92,1897000
5119,719,313,34,73000
5120,1048,552,84,1377000
5121,3652,591,93,1264000
5122,2113,220,35,48000
5123,925,396,20,101000
5124,1495,15,38,1331000
5125,2218,505,49,43000
5126,4064,601,73,1699000
5127,4765,229,62,220000
5128,4393,710,75,3624000
5129,995,604,14,785000
5130,1252,582,52,855000
5131,2898,218,71,829000
5132,1048,581,70,371000
5133,162,209,40,977000
5134,4192,364,6,176000
5135,3313,633,40,347000
5136,2778,490,14,354000
5137,4985,340,19,1447000
5138,4650,478,8,512000
5139,76,471,33,93000
5140,4379,251,51,2272000
5141,4828,283,61,417000
5142,3044,434,38,2473000
5143,190,607,72,238000
5144,4686,320,27,2467000
5145,1713,703,56,1666000
5146,4270,720,92,1616000
5147,283,268,91,469000
5148,4260,664,65,125000
5149,2598,586,49,848000
5150,2359,573,99,277000
5151,41,687,25,1777000
5152,910,217,30,2729000
5153,4852,798,9,92000
5154,3792,421,93,654000
5155,4433,75,84,2225000
5156,3222,633,14,341000
5157,291,194,78,139000
5158,4368,130,18,2646000
5159,917,691,16,1244000
5160,4393,667,29,102000
5161,884,87,98,2894000
5162,791,68,70,126000
5163,2259,782,17,3643000
5164,207,732,64,275000
5165,4435,552,98,1049000
5166,1583,785,42,2877000
5167,2241,590,40,290000
5168,3060,279,8,3381000
5169,57,754,17,389000
5170,3490,258,40,600000
5171,481,510,92,116000
5172,4568,679,39,437000
5173,4956,337,85,2256000
5174,3937,569,36,1432000
5175,2741,794,76,82000
5176,2558,123,56,537000
5177,4874,382,60,455000
5178,1360,547,10,461000
5179,2819,714,59,1225000
5180,4448,731,74,24000
5181,3264,598,68,1072000
5182,517,111,17,2790000
5183,3335,13,57,721000
5184,2563,382,21,431000
5185,850,421,45,572000
5186,2666,126,70,904000
5187,1781,262,65,914000
5188,1573,213,8,812000
5189,1086,693,42,2181000
5190,785,136,48,119000
5191,388,761,37,337000
5192,913,557,52,279000
5193,701,393,100,2559000
5194,111,727,80,189000
5195,3611,646,27,1969000
5196,1604,779,82,804000
5197,1559,653,58,626000
5198,1007,591,8,1471000
5199,1076,414,73,216000
5200,2736,247,35,1283000
5201,4859,450,90,2596000
5202,1809,216,98,834000
5203,3966,203,88,1462000
5204,2223,716,48,952000
5205,2901,26,48,86000
5206,1227,421,33,658000
5207,868,756,33,118000
5208,3447,298,64,328000
5209,2911,667,10,116000
5210,4157,465,100,1641000
5211,3468,797,50,2415000
5212,3833,240,28,203000
5213,807,302,62,424000
5214,3632,561,15,672000
5215,281,488,97,627000
5216,1571,316,92,73000
5217,3825,736,6,395000
5218,1566,447,51,1782000
5219,3487,684,71,126000
5220,3373,93,37,280000
5221,1443,178,26,855000
5222,3510,184,92,65000
5223,4154,267,69,1082000
5224,4435,479,47,432000
5225,2920,639,48,301000
5226,3902,268,45,590000
5227,2246,515,54,1412000
5228,4673,679,20,312000
5229,1536,577,11,129000
5230,4359,267,84,833000
5231,1575,65,97,747000
5232,312,647,19,18000
5233,1336,163,97,3629000
5234,658,609,68,619000
5235,4227,192,48,1188000
5236,3830,622,6,425000
5237,4047,488,36,551000
5238,253,333,67,1787000
5239,1193,649,64,884000
5240,4862,348,88,1112000
5241,1543,781,7,285000
5242,2210,659,80,1095000
5243,1474,194,75,119000
5244,1108,661,90,3342000
5245,3672,178,47,1096000
5246,3573,35,93,135000
5247,1900,20,32,783000
5248,4821,480,37,1178000
5249,3015,491,12,136000
5250,2833,703,29,1750000
5251,3061,196,27,88000
5252,2594,385,52,3232000
5253,867,458,40,590000
5254,1967,106,44,1718000
5255,884,241,63,924000
5256,2556,99,49,132000
5257,1810,109,34,2890000
5258,4163,4,36,2456000
5259,1238,769,61,32000
5260,4591,206,46,264000
5261,3982,627,42,563000
5262,521,251,88,2186000
5263,1896,57,33,502000
5264,2916,473,45,691000
5265,1807,90,46,810000
5266,3085,490,97,347000
5267,2319,430,25,1431000
5268,51,590,67,223000
5269,1728,654,17,34000
5270,1258,114,36,397000
5271,4707,373,16,1122000
5272,3926,164,42,742000
5273,71,322,68,629000
5274,1422,463,23,3158000
5275,783,21,52,215000
5276,3752,194,71,104000
5277,2727,550,49,128000
5278,4015,493,85,3453000
5279,1442,263,20,838000
5280,990,654,20,39000
5281,3852,643,83,87000
5282,2747,786,38,163000
5283,3650,710,22,3588000
5284,4038,291,94,114000
5285,2606,466,39,752000
5286,4014,258,35,648000
5287,4695,581,30,411000
5288,566,251,54,1920000
5289,1377,487,7,3068000
5290,2360,195,43,914000
5291,2103,664,99,108000
5292,1673,274,78,333000
5293,4509,259,34,2035000
5294,299,227,53,1749000
5295,2589,766,48,1301000
5296,697,2,83,1557000
5297,1397,79,21,2916000
5298,4284,546,46,1708000
5299,4207,617,54,595000
5300,1872,67,27,844000
5301,4927,481,49,1522000
5302,4869,22,68,342000
5303,2990,134,42,206000
5304,496,668,51,1593000
5305,470,477,61,1230000
5306,3976,412,33,287000
5307,4518,497,78,1433000
5308,3890,568,48,2042000
5309,631,55,10,75000
5310,3204,309,9,85000
5311,702,501,84,1697000
5312,1827,387,21,355000
5313,4815,272,62,146000
5314,4405,499,92,782000
5315,4272,729,10,1411000
5316,4143,424,26,1784000
5317,4162,730,68,65000
5318,3199,718,80,214000
5319,1111,308,69,4259000
5320,887,460,100,592000
5321,3754,330,89,227000
5322,299,766,84,1475000
5323,4122,198,59,817000
5324,1919,176,57,338000
5325,378,672,63,1494000
5326,4202,575,96,1265000
5327,887,699,60,440000
5328,2413,572,38,1108000
5329,4804,513,60,595000
5330,4993,719,29,720000
5331,2299,404,46,3748000
5332,1705,107,6,746000
5333,2940,744,24,67000
5334,2999,215,71,247000
5335,4730,731,33,18000
5336,1343,656,73,2314000
5337,557,441,22,1135000
5338,2560,657,36,1979000
5339,2330,526,41,77000
5340,1288,93,65,313000
5341,524,25,61,1009000
5342,297,427,41,52000
5343,1286,164,82,702000
5344,2531,700,17,170000
5345,2522,469,46,1268000
5346,1288,348,43,1464000
5347,1322,675,28,464000
5348,2511,99,94,136000
5349,4573,72,8,1282000
5350,3906,96,92,109000
5351,2074,680,12,1015000
5352,4353,58,100,3893000
5353,3095,385,36,3719000
5354,3837,131,48,70000
5355,1496,214,14,796000
5356,2947,87,56,3009000
5357,4319,610,60,3588000
5358,754,311,89,197000
5359,4593,141,34,1094000
5360,2627,639,38,308000
5361,670,608,78,46000
5362,4806,668,33,2020000
5363,4970,272,66,119000
5364,4600,571,90,1405000
5365,1587,625,88,346000
5366,2787,640,46,464000
5367,3768,680,68,779000
5368,53,622,46,497000
5369,4937,69,72,201000
5370,934,447,11,1309000
5371,4479,450,58,2963000
5372,1539,42,23,930000
5373,4237,637,96,730000
5374,3579,430,77,1300000
5375,233,9,23,145000
5376,3104,385,21,2807000
5377,2651,304,79,115000
5378,2484,508,57,1533000
5379,3163,363,88,911000
5380,2639,772,78,247000
5381,2139,690,90,338000
5382,3031,737,91,1533000
5383,3032,598,27,890000
5384,1589,177,12,1101000
5385,2035,550,66,159000
5386,3558,600,17,777000
5387,946,211,11,165000
5388,921,87,19,3072000
5389,3292,401,43,46000
5390,2746,215,94,259000
5391,3687,19,51,14000
5392,1546,277,56,465000
5393,3938,476,99,182000
5394,1583,224,11,162000
5395,3104,149,80,1858000
5396,1741,164,92,888000
5397,2572,49,15,750000
5398,4333,596,64,255000
5399,2121,84,60,772000
5400,3278,563,82,430000
5401,399,655,11,1163000
5402,1845,780,62,885000
5403,2906,577,57,110000
5404,863,541,14,222000
5405,1347,82,44,87000
5406,522,649,12,1279000
5407,950,581,64,418000
5408,2923,216,7,1076000
5409,2583,140,86,4262000
5410,3338,394,65,413000
5411,2219,374,75,137000
5412,774,232,85,1035000
5413,3163,23,47,416000
5414,3207,249,5,216000
5415,4537,638,93,305000
5416,2403,438,61,362000
5417,1062,5,27,1125000
5418,4205,545,35,1179000
5419,1419,447,20,1646000
5420,4102,751,83,217000
5421,2561,671,25,4374000
5422,2422,601,47,1271000
5423,2293,659,44,939000
5424,2346,538,24,1005000
5425,2039,635,33,2586000
5426,3747,416,34,815000
5427,1760,501,70,2186000
5428,1376,696,32,460000
5429,2036,140,46,4218000
5430,150,305,25,3276000
5431,3482,37,6,340000
5432,2926,590,68,321000
5433,2969,224,22,165000
5434,2751,234,9,3332000
5435,2921,657,12,1544000
5436,3923,555,88,994000
5437,4981,155,73,1449000
5438,2171,785,92,2260000
5439,2951,509,58,126000
5440,717,414,71,233000
5441,3921,497,91,1759000
5442,1933,568,62,2345000
5443,3173,579,96,414000
5444,105,617,34,754000
5445,683,281,36,622000
5446,2733,172,30,553000
5447,329,756,25,117000
5448,977,756,9,110000
5449,1893,36,52,1452000
5450,556,447,92,1455000
5451,1025,534,21,134000
5452,522,534,21,129000
5453,4893,30,30,1214000
5454,2517,302,60,520000
5455,3354,310,61,5086000
5456,1162,456,42,35000
5457,406,128,90,976000
5458,4135,430,87,1573000
5459,1378,53,11,1662000
5460,170,68,31,130000
5461,4856,567,60,3238000
5462,2665,528,100,1524000
5463,4075,93,84,306000
5464,2406,727,95,185000
5465,4219,703,39,1986000
5466,2506,44,97,1785000
5467,3776,286,41,179000
5468,3715,730,65,74000
5469,4494,759,13,225000
5470,4693,233,56,4051000
5471,2622,592,58,103000
5472,501,629,24,2208000
5473,4717,577,22,117000
5474,3133,148,12,1659000
5475,1295,791,81,4315000
5476,2671,521,17,1521000
5477,4291,88,40,1789000
5478,2245,329,35,25000
5479,3239,630,36,2772000
5480,211,133,52,1229000
5481,3474,546,94,1752000
5482,2188,55,47,86000
5483,2376,364,33,218000
5484,2321,79,91,4244000
5485,1237,619,59,1530000
5486,948,197,8,1552000
5487,926,111,66,2892000
5488,2376,740,33,4396000
5489,897,272,80,129000
5490,165,206,25,194000
5491,4510,781,10,325000
5492,1723,121,27,750000
5493,3217,678,53,980000
5494,647,398,25,1115000
5495,903,48,64,4576000
5496,1445,659,60,1033000
5497,3028,138,79,21000
5498,4571,340,53,1381000
5499,3804,775,57,890000
5500,2401,353,29,485000
5501,2588,146,94,307000
5502,3274,247,19,1161000
5503,3383,536,28,121000
5504,4049,57,16,341000
5505,890,103,9,2106000
5506,957,791,94,3925000
5507,1025,321,25,1182000
5508,490,179,35,459000
5509,4770,775,26,1088000
5510,3118,122,39,247000
5511,2581,546,70,1629000
5512,2093,23,63,468000
5513,2635,441,31,1313000
5514,3651,691,17,887000
5515,4583,674,78,1875000
5516,2773,194,69,104000
5517,4325,475,13,106000
5518,4586,481,52,1485000
5519,1713,495,46,389000
5520,451,645,35,2259000
5521,3210,778,29,3439000
5522,119,472,64,120000
5523,3128,669,43,161000
5524,4853,580,22,780000
5525,509,787,57,1155000
5526,3661,496,85,102000
5527,4505,543,28,862000
5528,2826,78,20,351000
5529,368,396,10,109000
5530,1836,463,23,2458000
5531,1565,418,46,266000
5532,2328,557,65,262000
5533,4763,746,5,1572000
5534,4435,725,98,42000
5535,4281,298,22,225000
5536,1790,774,50,5300000
5537,3430,342,93,1010000
5538,4449,428,71,1238000
5539,55,380,11,804000
5540,413,163,29,3471000
5541,4879,655,16,1408000
5542,524,697,23,2730000
5543,2854,118,85,74000
5544,3599,596,16,287000
5545,2900,157,19,1916000
5546,1384,499,100,658000
5547,2023,521,24,1349000
5548,1899,216,7,939000
5549,4446,507,5,60000
5550,292,270,21,1088000
5551,4213,730,73,67000
5552,2805,592,81,101000
5553,2569,665,52,918000
5554,4877,15,26,1565000
5555,95,440,5,313000
5556,2587,420,76,2049000
5557,3338,323,59,829000
5558,2768,391,84,65000
5559,1692,225,8,1183000
5560,4596,422,89,256000
5561,1431,695,16,1040000
5562,782,554,100,540000
5563,4854,584,59,1080000
5564,573,177,28,1459000
5565,4855,173,25,1081000
5566,3084,195,60,1012000
5567,3164,748,80,448000
5568,1063,398,96,1229000
5569,2983,521,31,1744000
5570,3882,664,93,138000
5571,3220,47,8,83000
5572,2496,181,49,145000
5573,3279,592,92,132000
5574,4715,55,41,86000
5575,957,756,36,110000
5576,3872,799,72,232000
5577,558,517,80,1027000
5578,2515,245,90,673000
5579,3198,174,91,650000
5580,386,669,40,164000
5581,4367,294,80,300000
5582,4974,272,93,176000
5583,2443,221,62,4035000
5584,3565,551,46,42000
5585,269,530,53,178000
5586,2151,58,23,3248000
5587,1565,267,80,1029000
5588,2063,329,17,33000
5589,3702,713,20,295000
5590,1902,38,76,256000
5591,2575,586,6,821000
5592,2746,204,75,378000
5593,140,437,22,846000
5594,1036,644,28,59000
5595,2552,100,56,518000
5596,686,270,66,939000
5597,2527,567,17,4002000
5598,2288,254,58,1083000
5599,1064,335,89,336000
5600,2991,420,45,2507000
5601,4926,86,22,1566000
5602,81,597,17,1746000
5603,4527,625,76,364000
5604,1204,511,11,484000
5605,1685,572,72,1087000
5606,3391,196,57,100000
5607,219,92,40,1525000
5608,1078,223,48,257000
5609,2838,792,75,3241000
5610,1834,768,63,411000
5611,125,33,47,434000
5612,1631,63,64,141000
5613,665,171,56,184000
5614,4940,647,87,20000
5615,1428,731,50,18000
5616,2329,390,39,456000
5617,2849,752,37,299000
5618,789,36,73,1397000
5619,2098,747,48,170000
5620,2610,642,31,832000
5621,2283,259,95,1834000
5622,4688,751,89,214000
5623,874,74,8,295000
5624,3417,710,62,3526000
5625,2643,545,24,1144000
5626,4206,687,18,1388000
5627,159,151,73,973000
5628,2037,405,23,1519000
5629,1310,691,58,862000
5630,1577,305,46,3923000
5631,1328,552,17,1201000
5632,1745,147,43,1819000
5633,857,749,28,507000
5634,3733,728,88,482000
5635,3146,161,88,719000
5636,1305,443,13,128000
5637,22,1,27,1389000
5638,4199,252,94,409000
5639,4424,79,66,2880000
5640,1842,463,47,2314000
5641,374,428,34,1173000
5642,335,529,13,336000
5643,295,446,8,1168000
5644,2255,192,77,1541000
5645,1240,496,94,115000
5646,1445,33,46,485000
5647,214,331,95,307000
5648,4519,770,56,384000
5649,4259,692,44,467000
5650,4058,145,19,1397000
5651,4185,295,46,438000
5652,3218,295,82,360000
5653,2356,678,27,1339000
5654,191,174,74,664000
5655,1430,22,52,397000
5656,4571,688,84,794000
5657,3677,582,57,737000
5658,184,408,63,1699000
5659,3297,335,67,322000
5660,2101,317,5,3015000
5661,944,635,5,2047000
5662,4642,450,82,2672000
5663,1998,656,21,2603000
5664,4392,494,62,3496000
5665,3942,231,48,1721000
5666,2565,746,40,1788000
5667,1550,792,46,2854000
5668,4755,389,91,205000
5669,1368,217,91,2344000
5670,1348,21,7,165000
5671,3293,175,97,1696000
5672,2074,609,42,634000
5673,53,67,99,845000
5674,4222,709,6,2427000
5675,2055,241,63,1034000
5676,1228,705,100,1130000
5677,4007,43,15,1095000
5678,3305,34,82,138000
5679,2819,247,98,1215000
5680,673,379,95,93000
5681,4761,438,5,360000
5682,3253,722,92,2489000
5683,1514,657,33,1822000
5684,4139,646,93,2157000
5685,4472,756,8,98000
5686,4607,634,65,1365000
5687,3387,240,7,223000
5688,3003,328,42,245000
5689,3476,603,74,289000
5690,4333,721,61,390000
5691,92,344,82,563000
5692,4588,374,80,179000
5693,812,657,17,1675000
5694,811,172,71,394000
5695,1229,163,95,3560000
5696,1835,402,23,130000
5697,4225,766,46,1029000
5698,3861,63,83,113000
5699,2129,503,52,195000
5700,4783,88,92,1608000
5701,2481,704,57,153000
5702,2819,493,68,2578000
5703,1526,743,6,45000
5704,1322,367,98,558000
5705,4635,450,76,2648000
5706,4170,214,29,712000
5707,1104,53,88,1420000
5708,774,654,57,33000
5709,4613,32,30,1239000
5710,4,126,9,778000
5711,3826,667,18,117000
5712,509,373,20,1265000
5713,4192,557,27,324000
5714,4381,466,64,583000
5715,1661,113,95,619000
5716,2776,42,60,1103000
5717,4894,413,47,4517000
5718,180,675,16,610000
5719,4809,89,35,1494000
5720,2427,438,42,254000
5721,253,712,98,3184000
5722,2941,416,71,799000
5723,694,188,64,200000
5724,3873,416,49,1009000
5725,1426,536,49,123000
5726,3566,262,63,996000
5727,422,75,88,1607000
5728,350,370,82,935000
5729,287,521,12,1352000
5730,3401,240,45,221000
5731,431,492,59,210000
5732,396,596,18,232000
5733,2757,678,76,1120000
5734,4892,550,86,128000
5735,4605,302,64,474000
5736,2353,385,82,3316000
5737,1173,558,46,390000
5738,1395,644,30,45000
5739,1994,61,59,113000
5740,3562,183,9,1011000
5741,3835,765,56,151000
5742,1940,643,91,110000
5743,1825,303,86,1086000
5744,1450,411,24,1011000
5745,2644,29,10,1305000
5746,850,296,40,77000
5747,833,460,54,790000
5748,3866,566,13,537000
5749,484,611,15,538000
5750,3613,392,9,43000
5751,4991,778,46,3055000
5752,3996,85,95,19000
5753,4976,790,29,310000
5754,3685,595,7,3026000
5755,376,443,48,166000
5756,735,152,23,748000
5757,389,586,44,770000
5758,4128,469,43,1296000
5759,2198,215,72,300000
5760,3303,549,76,2052000
5761,337,357,36,287000
5762,4586,424,94,1273000
5763,2710,22,23,336000
5764,3869,509,6,144000
5765,4632,798,46,85000
5766,507,77,38,15000
5767,1960,713,20,264000
5768,2913,310,53,3763000
5769,1507,799,89,201000
5770,2242,387,55,337000
5771,2903,108,35,527000
5772,2607,677,33,4488000
5773,4846,625,14,282000
5774,1682,539,32,1339000
5775,924,557,100,282000
5776,2287,340,57,1493000
5777,4163,344,98,674000
5778,1510,223,8,239000
5779,2106,591,65,1178000
5780,2002,453,67,721000
5781,2422,724,78,912000
5782,528,402,22,98000
5783,1305,383,20,1973000
5784,561,403,82,176000
5785,4842,80,59,146000
5786,4690,11,77,244000
5787,2562,572,47,1167000
5788,2760,585,94,1007000
5789,4181,666,68,511000
5790,4945,217,18,2750000
5791,2331,474,76,2486000
5792,3489,235,53,419000
5793,93,26,79,92000
5794,3450,660,95,164000
5795,2440,155,34,1957000
5796,1370,692,7,477000
5797,3320,116,85,4477000
5798,4518,72,44,1231000
5799,4231,768,41,529000
5800,4219,176,35,310000
5801,3237,776,92,52000
5802,1988,354,83,1483000
5803,3736,27,79,518000
5804,3135,33,45,472000
5805,3571,456,94,33000
5806,2225,603,85,320000
5807,2702,189,83,2239000
5808,2224,512,64,46000
5809,1118,113,71,774000
5810,2273,283,99,407000
5811,50,593,10,285000
5812,2660,763,93,100000
5813,543,780,61,871000
5814,4136,11,15,219000
5815,1998,362,99,3527000
5816,4846,390,6,437000
5817,1118,106,74,2206000
5818,4231,749,52,408000
5819,2267,381,8,210000
5820,2659,599,78,2238000
5821,4534,494,8,3744000
5822,1515,88,65,1844000
5823,3207,48,42,3860000
5824,3027,198,49,549000
5825,4634,363,53,987000
5826,402,57,75,362000
5827,276,92,25,1187000
5828,2120,220,7,51000
5829,2556,61,6,107000
5830,1474,653,56,483000
5831,3063,202,49,95000
5832,3013,492,95,205000
5833,758,371,94,989000
5834,3787,495,66,331000
5835,1565,674,68,1757000
5836,3588,278,62,1848000
5837,4400,187,60,30000
5838,992,564,25,95000
5839,956,327,43,522000
5840,4187,787,60,1128000
5841,3507,70,43,1550000
5842,3322,90,93,918000
5843,85,197,83,1533000
5844,2669,534,81,120000
5845,3598,55,65,72000
5846,700,450,86,2369000
5847,83,387,65,483000
5848,3268,404,6,3344000
5849,2095,535,33,518000
5850,863,424,64,1514000
5851,3114,414,75,225000
5852,3710,543,71,922000
5853,113,412,64,295000
5854,795,212,64,249000
5855,1589,417,46,794000
5856,2394,323,91,926000
5857,4597,143,51,416000
5858,2892,597,79,1702000
5859,4628,159,17,672000
5860,3229,637,62,738000
5861,3778,645,85,2472000
5862,1894,797,41,2017000
5863,4645,589,50,923000
5864,4602,438,20,284000
5865,2102,750,26,3920000
5866,2436,684,87,111000
5867,4397,604,25,824000
5868,579,369,39,580000
5869,759,463,35,3222000
5870,3974,470,46,587000
5871,3619,41,18,771000
5872,3988,592,89,112000
5873,836,199,74,125000
5874,816,605,64,1196000
5875,3189,31,71,1862000
5876,2394,229,77,185000
5877,3623,623,79,1001000
5878,1344,179,7,525000
5879,3443,310,41,4751000
5880,2043,199,89,140000
5881,4590,461,48,2221000
5882,2850,693,72,1753000
5883,880,775,44,841000
5884,1359,362,32,2959000
5885,268,441,65,1192000
5886,3148,320,35,2266000
5887,4448,741,95,1945000
5888,2936,478,50,553000
5889,2623,278,67,2043000
5890,3667,797,59,2823000
5891,3048,780,24,1046000
5892,1872,175,100,1988000
5893,3850,264,29,626000
5894,1808,30,30,1171000
5895,4126,186,27,56000
5896,3746,793,37,90000
5897,1647,257,64,54000
5898,3018,373,24,1232000
5899,1955,545,26,1218000
5900,809,348,99,1370000
5901,4700,399,83,160000
5902,4113,740,48,4259000
5903,442,337,17,2169000
5904,361,8,88,336000
5905,1326,502,98,427000
5906,3217,486,97,1481000
5907,1988,98,75,2946000
5908,842,691,68,1206000
5909,4105,182,67,1283000
5910,1568,393,89,2355000
5911,4026,742,52,873000
5912,2865,796,27,1102000
5913,4787,325,75,721000
5914,3337,317,57,2496000
5915,2276,495,70,383000
5916,3596,93,14,357000
5917,4153,396,47,74000
5918,2026,665,96,639000
5919,776,350,86,118000
5920,3848,331,7,252000
5921,98,525,19,3236000
5922,4801,398,25,1151000
5923,2121,87,13,2722000
5924,509,359,27,246000
5925,1977,676,15,2374000
5926,2726,512,22,43000
5927,1753,146,16,237000
5928,4950,33,12,420000
5929,210,15,77,1262000
5930,3151,466,43,751000
5931,2243,114,95,377000
5932,4116,328,47,336000
5933,2715,291,66,109000
5934,4912,148,76,1607000
5935,842,721,84,481000
5936,2310,467,25,91000
5937,504,715,74,177000
5938,3739,274,11,327000
5939,1445,160,55,1568000
5940,3605,242,36,1697000
5941,1447,336,29,56000
5942,2163,691,5,1078000
5943,1385,246,62,4231000
5944,2849,302,95,446000
5945,2062,718,71,223000
5946,3439,464,27,1404000
5947,1782,650,68,1002000
5948,1020,492,20,197000
5949,1224,521,27,1639000
5950,3950,616,47,5302000
5951,1241,505,11,47000
5952,1504,671,80,3567000
5953,446,290,97,128000
5954,820,238,70,562000
5955,196,103,27,2021000
5956,3818,180,11,3485000
5957,4151,415,13,199000
5958,4959,122,60,308000
5959,3986,590,98,269000
5960,387,427,36,43000
5961,644,508,35,1555000
5962,505,394,67,365000
5963,4212,492,33,232000
5964,3370,302,9,429000
5965,4652,421,53,576000
5966,4107,726,33,300000
5967,2145,659,24,974000
5968,2343,337,16,1891000
5969,396,445,69,135000
5970,608,417,23,837000
5971,3279,126,12,997000
5972,2552,673,65,695000
5973,1777,406,16,363000
5974,2468,297,52,247000
5975,910,89,38,1169000
5976,1749,783,61,459000
5977,1095,475,80,129000
5978,45,778,11,2901000
5979,2868,125,88,259000
5980,709,682,90,228000
5981,2672,769,50,30000
5982,2794,509,61,110000
5983,56,633,72,302000
5984,3361,717,39,602000
5985,1344,210,13,534000
5986,4640,635,70,2898000
5987,2510,402,80,112000
5988,715,2,59,1643000
5989,43,283,25,441000
5990,3762,516,6,2619000
5991,4603,701,79,2554000
5992,4741,369,53,570000
5993,1810,494,23,2977000
5994,1724,501,52,2114000
5995,796,624,61,97000
5996,1857,158,18,67000
5997,1083,463,47,2838000
5998,60,683,68,1243000
5999,3954,85,52,20000
6000,1774,196,92,104000
6001,2333,351,37,38000
6002,169,338,82,574000
6003,1546,558,57,386000
6004,4092,197,31,1427000
6005,1369,746,78,1360000
6006,2583,351,44,41000
6007,673,377,76,132000
6008,2162,611,52,544000
6009,4611,260,17,78000
6010,3386,769,93,33000
6011,751,109,76,2777000
6012,4106,117,79,389000
6013,3697,25,27,846000
6014,4931,680,57,904000
6015,2372,233,91,4826000
6016,225,174,14,697000
6017,2444,465,59,1487000
6018,2641,225,25,1205000
6019,1671,53,70,1813000
6020,2943,784,52,2205000
6021,4799,320,36,2203000
6022,3759,333,68,1768000
6023,4706,425,16,2100000
6024,3240,520,23,1777000
6025,3707,102,85,44000
6026,4880,373,37,1282000
6027,2819,217,86,2356000
6028,256,62,24,832000
6029,3439,263,85,996000
6030,1843,38,38,285000
6031,24,743,18,50000
6032,4554,323,46,1081000
6033,2787,433,18,375000
6034,1323,573,53,211000
6035,2460,659,87,1075000
6036,3345,159,53,646000
6037,1001,481,36,1814000
6038,3602,611,48,538000
6039,50,258,98,841000
6040,3461,589,84,943000
6041,658,25,32,1028000
6042,2922,444,83,39000
6043,4179,791,39,3438000
6044,1710,780,53,1204000
6045,4870,656,83,2309000
6046,918,82,5,92000
6047,4201,380,62,938000
6048,2566,586,68,876000
6049,2669,668,54,1753000
6050,1135,62,100,1062000
6051,3858,571,86,1373000
6052,3299,419,39,961000
6053,1270,797,57,2027000
6054,2276,194,80,120000
6055,1401,263,60,887000
6056,1520,335,76,287000
6057,627,685,22,958000
6058,4500,611,95,606000
6059,892,197,85,1301000
6060,1654,58,38,4484000
6061,1809,321,22,1423000
6062,4988,106,83,2329000
6063,2400,681,92,889000
6064,195,776,71,57000
6065,4295,112,25,1913000
6066,1557,82,49,84000
6067,797,270,91,942000
6068,4669,111,35,2769000
6069,1565,236,56,3645000
6070,1662,501,61,2291000
6071,2084,108,12,578000
6072,1137,250,77,214000
6073,4782,171,37,227000
6074,4037,523,30,2949000
6075,3847,572,97,1076000
6076,3880,659,47,1054000
6077,498,717,23,526000
6078,3030,562,16,60000
6079,1400,529,94,361000
6080,4996,657,84,1479000
6081,1476,422,83,222000
6082,4802,569,56,1261000
6083,2074,127,54,344000
6084,1973,72,69,1238000
6085,4876,582,44,951000
6086,3672,491,42,126000
6087,2065,458,66,506000
6088,933,414,30,253000
6089,258,517,73,959000
6090,2957,628,93,1534000
6091,4042,118,46,86000
6092,3231,427,84,40000
6093,3671,353,83,500000
6094,2350,719,28,696000
6095,1434,748,12,579000
6096,4250,332,98,336000
6097,1111,693,12,1761000
6098,2236,677,40,4019000
6099,4964,753,44,314000
6100,1727,416,48,917000
6101,569,175,35,1623000
6102,4213,202,63,75000
6103,3861,538,49,797000
6104,4847,610,61,3087000
6105,1191,667,55,140000
6106,1423,115,62,215000
6107,3516,171,77,242000
6108,3779,556,56,3497000
6109,2561,325,40,617000
6110,4517,624,48,121000
6111,3166,215,54,221000
6112,3020,585,39,1230000
6113,4258,341,59,1505000
6114,2953,315,21,340000
6115,3450,15,81,1582000
6116,2045,290,52,139000
6117,4592,102,37,49000
6118,3061,2,64,1242000
6119,2100,624,61,132000
6120,64,228,91,104000
6121,4317,371,88,1005000
6122,1473,513,83,580000
6123,925,609,80,559000
6124,2888,585,60,1141000
6125,2084,585,100,1266000
6126,419,422,21,176000
6127,3912,700,18,127000
6128,1425,36,48,1503000
6129,2010,467,31,115000
6130,935,487,31,3543000
6131,2606,599,58,2423000
6132,338,578,6,110000
6133,3069,118,82,71000
6134,4441,392,26,44000
6135,3519,207,99,1547000
6136,3529,119,94,58000
6137,4950,178,15,1022000
6138,599,194,71,114000
6139,1172,614,5,133000
6140,3805,5,81,1161000
6141,3621,384,24,959000
6142,829,197,11,1286000
6143,2709,766,61,1164000
6144,3727,4,26,2530000
6145,417,325,95,717000
6146,1066,468,39,420000
6147,1355,533,43,1761000
6148,2217,105,56,1731000
6149,4544,472,90,114000
6150,1920,201,80,727000
6151,4813,592,33,100000
6152,1062,25,22,1080000
6153,3941,405,22,1116000
6154,2676,134,79,188000
6155,213,407,80,1961000
6156,636,292,30,100000
6157,4677,712,47,3447000
6158,4997,694,6,78000
6159,2543,9,32,176000
6160,4915,602,42,1940000
6161,787,176,95,392000
6162,1957,177,85,1142000
6163,1262,536,51,147000
6164,4539,708,44,3171000
6165,4218,738,54,1638000
6166,1368,83,6,3293000
6167,107,289,21,611000
6168,1228,493,39,2739000
6169,2811,789,38,1970000
6170,4476,314,39,1892000
6171,4668,459,81,156000
6172,2456,138,83,26000
6173,4882,294,53,316000
6174,3596,350,91,96000
6175,1150,755,8,96000
6176,2068,609,50,521000
6177,2103,452,46,201000
6178,4414,380,10,787000
6179,4070,186,27,45000
6180,4726,405,94,1124000
6181,1295,648,42,31000
6182,3334,718,78,235000
6183,2471,371,33,941000
6184,1052,442,67,1787000
6185,1876,223,5,309000
6186,309,780,98,1267000
6187,3947,779,96,719000
6188,3698,220,74,57000
6189,4561,689,73,1793000
6190,2628,282,60,420000
6191,2382,476,40,193000
6192,4571,314,65,1874000
6193,1068,601,44,1406000
6194,673,269,37,523000
6195,570,87,5,3059000
6196,3178,255,6,258000
6197,2919,402,83,97000
6198,4344,233,20,4306000
6199,1444,165,39,1133000
6200,1504,331,70,311000
6201,916,364,80,189000
6202,401,83,59,4412000
6203,2480,375,41,2696000
6204,103,374,56,190000
6205,3853,449,16,122000
6206,1522,326,62,25000
6207,2370,47,46,89000
6208,3770,656,49,2607000
6209,4182,412,30,295000
6210,3096,563,99,575000
6211,2092,40,48,76000
6212,1475,158,97,70000
6213,3680,573,17,272000
6214,4145,461,69,1722000
6215,4407,17,5,2350000
6216,3398,334,63,390000
6217,1042,581,66,351000
6218,4377,143,83,496000
6219,3060,654,6,43000
6220,3960,19,92,15000
6221,363,262,39,1060000
6222,3760,719,56,652000
6223,1236,225,100,1224000
6224,517,589,80,879000
6225,4592,591,99,1354000
6226,4691,595,26,3703000
6227,2466,346,77,120000
6228,1720,59,53,490000
6229,1465,741,61,1493000
6230,1888,474,39,1787000
6231,3801,195,33,986000
6232,4620,585,71,975000
6233,1902,111,60,2267000
6234,649,680,75,1071000
6235,2513,135,6,164000
6236,4619,266,69,1096000
6237,3668,795,100,915000
6238,2746,166,15,275000
6239,279,792,9,2508000
6240,4534,342,83,822000
6241,1345,74,67,291000
6242,566,363,75,1003000
6243,871,584,60,960000
6244,13,162,98,3869000
6245,1292,400,73,1255000
6246,2980,670,97,560000
6247,1440,784,42,2542000
6248,1492,571,12,1227000
6249,4329,583,36,3615000
6250,2524,368,27,58000
6251,2664,791,15,4433000
6252,2782,467,73,123000
6253,2139,385,86,3304000
6254,1490,538,72,844000
6255,3202,745,71,629000
6256,2968,131,42,77000
6257,1765,604,91,787000
6258,4706,117,100,383000
6259,2792,257,17,56000
6260,838,749,24,475000
6261,2294,706,86,324000
6262,3988,535,91,419000
6263,416,611,40,621000
6264,4079,10,62,4098000
6265,2226,557,50,307000
6266,1950,284,80,3341000
6267,4943,281,6,622000
6268,2833,698,89,553000
6269,3821,371,76,1102000
6270,4177,731,26,26000
6271,1569,408,18,1443000
6272,3220,436,72,284000
6273,3135,395,61,2202000
6274,4869,387,76,435000
6275,2945,121,52,656000
6276,614,636,89,491000
6277,333,650,55,884000
6278,2854,4,89,2500000
6279,1113,688,69,773000
6280,2157,44,99,1425000
6281,1566,800,15,77000
6282,4519,385,67,2725000
6283,3340,74,44,256000
6284,1785,150,32,1383000
6285,79,452,36,197000
6286,1658,124,100,417000
6287,4700,359,86,288000
6288,2757,500,56,39000
6289,3194,265,34,242000
6290,254,62,12,869000
6291,665,553,59,1987000
6292,1254,628,15,1461000
6293,3907,622,64,424000
6294,4837,329,84,28000
6295,2422,587,5,2761000
6296,2410,22,59,279000
6297,4608,541,7,192000
6298,3142,709,31,2254000
6299,1252,635,66,2813000
6300,717,491,39,132000
6301,1478,503,50,166000
6302,99,527,28,753000
6303,2816,685,38,778000
6304,499,703,11,2063000
6305,2722,435,67,232000
6306,1938,320,67,2789000
6307,1104,48,41,4656000
6308,3184,350,40,95000
6309,3868,717,47,555000
6310,3777,454,16,1161000
6311,4438,431,22,138000
6312,3147,154,25,1162000
6313,2536,269,52,647000
6314,4106,426,96,417000
6315,3275,482,39,543000
6316,1213,217,61,2839000
6317,4101,628,27,1250000
6318,2099,726,99,258000
6319,4025,718,12,192000
6320,3717,260,58,67000
6321,4643,672,89,1422000
6322,2673,10,46,3210000
6323,2295,343,41,1685000
6324,1475,347,44,388000
6325,3587,10,42,4078000
6326,2651,653,35,617000
6327,4046,123,45,472000
6328,3946,785,18,2084000
6329,2973,97,54,130000
6330,3949,43,71,994000
6331,673,364,39,200000
6332,2455,785,94,2724000
6333,1784,288,74,92000
6334,4206,193,77,292000
6335,4681,481,35,1923000
6336,600,751,66,209000
6337,4910,258,80,773000
6338,2589,473,13,656000
6339,2723,737,85,1490000
6340,3718,132,68,309000
6341,2123,664,49,130000
6342,4787,163,28,4764000
6343,2010,781,14,312000
6344,4567,353,64,494000
6345,1360,191,84,1043000
6346,4666,147,93,1951000
6347,322,203,90,1565000
6348,3458,796,26,875000
6349,120,649,45,1235000
6350,3644,168,41,454000
6351,2458,590,41,320000
6352,3805,799,7,229000
6353,1357,358,22,1412000
6354,2167,396,64,84000
6355,3336,631,63,976000
6356,2929,714,60,1133000
6357,2326,203,95,1887000
6358,2086,167,56,51000
6359,1395,23,85,504000
6360,3752,398,69,1382000
6361,4664,661,50,3775000
6362,3497,715,8,159000
6363,67,145,37,1300000
6364,2784,575,12,1135000
6365,4609,697,71,2390000
6366,2582,372,54,331000
6367,2997,521,56,1764000
6368,624,594,21,2662000
6369,1046,23,59,532000
6370,583,557,84,329000
6371,4109,606,19,3747000
6372,4285,146,16,245000
6373,222,563,76,412000
6374,4411,132,8,373000
6375,2331,19,18,17000
6376,927,697,16,2404000
6377,1302,549,87,2050000
6378,82,377,58,105000
6379,2280,609,67,633000
6380,1576,47,19,69000
6381,4488,166,95,360000
6382,4046,69,43,167000
6383,2604,143,72,395000
6384,1139,195,6,1047000
6385,1282,525,81,3827000
6386,4531,219,58,1048000
6387,638,214,34,773000
6388,4764,795,69,895000
6389,2725,90,85,1155000
6390,3741,441,20,940000
6391,4069,387,71,392000
6392,967,137,68,239000
6393,3025,211,98,137000
6394,2700,371,35,915000
6395,847,223,23,315000
6396,4396,730,42,60000
6397,4551,476,42,181000
6398,3046,736,64,542000
6399,2812,404,10,4013000
6400,688,525,95,3684000
6401,558,477,67,1088000
6402,2955,684,31,107000
6403,4524,789,5,1852000
6404,1106,129,80,209000
6405,4711,172,89,418000
6406,2834,526,51,71000
6407,76,702,99,1506000
6408,3157,607,68,335000
6409,3973,4,14,2277000
6410,1500,64,19,951000
6411,4400,786,77,196000
6412,3753,345,13,2008000
6413,2038,590,86,268000
6414,961,570,23,623000
6415,2804,291,6,130000
6416,3048,536,32,143000
6417,1207,42,60,902000
6418,2474,675,85,465000
6419,1651,369,20,590000
6420,2046,688,86,675000
6421,4019,133,99,1767000
6422,3750,319,26,333000
6423,1972,307,85,294000
6424,4882,475,52,122000
6425,19,86,34,1549000
6426,3079,139,15,3735000
6427,1481,432,59,338000
6428,1676,610,46,3365000
6429,845,212,85,321000
6430,5,243,70,1002000
6431,1090,740,8,4815000
6432,2825,548,48,443000
6433,4051,102,39,46000
6434,660,790,63,275000
6435,2979,567,35,3145000
6436,443,502,92,490000
6437,376,339,18,2286000
6438,2411,426,51,423000
6439,2378,131,48,69000
6440,4568,693,82,2240000
6441,250,408,37,1569000
6442,4728,143,28,414000
6443,414,114,19,458000
6444,3401,443,69,169000
6445,274,246,79,4027000
6446,1820,67,98,1114000
6447,693,419,28,828000
6448,1803,43,16,934000
6449,1594,700,83,123000
6450,2045,375,72,2503000
6451,3166,318,81,398000
6452,4147,464,95,1410000
6453,648,749,28,532000
6454,1515,609,61,498000
6455,3247,739,27,99000
6456,47,663,90,546000
6457,1115,468,91,445000
6458,4193,524,19,731000
6459,2334,726,23,244000
6460,2141,800,15,86000
6461,3719,235,42,493000
6462,9,646,24,1754000
6463,805,60,100,334000
6464,1222,641,53,705000
6465,1577,185,63,307000
6466,2675,539,70,1379000
6467,1855,547,63,490000
6468,4507,458,14,558000
6469,1995,416,89,919000
6470,3994,601,44,1377000
6471,553,274,8,397000
6472,2592,95,24,428000
6473,2683,104,37,863000
6474,1405,90,73,993000
6475,1996,201,10,789000
6476,1214,633,57,290000
6477,2186,246,40,3520000
6478,1258,646,67,2299000
6479,2905,439,73,2330000
6480,2681,415,20,245000
6481,3689,120,59,173000
6482,608,691,44,1092000
6483,2689,78,92,339000
6484,4000,128,43,822000
6485,1082,531,77,2884000
6486,3262,33,12,437000
6487,1399,463,56,2957000
6488,815,593,59,344000
6489,2127,559,55,413000
6490,775,274,86,465000
6491,4337,563,43,489000
6492,2531,706,38,385000
6493,558,685,21,823000
6494,2402,475,35,99000
6495,2320,315,86,330000
6496,1902,409,57,584000
6497,757,490,81,389000
6498,4596,203,72,1881000
6499,3531,320,63,2331000
6500,1895,159,33,908000
6501,78,639,40,300000
6502,1668,573,88,284000
6503,2914,727,8,154000
6504,3220,651,96,1190000
6505,4735,510,47,114000
6506,2320,116,55,4263000
6507,4896,215,100,209000
6508,875,726,95,244000
6509,3567,192,31,1453000
6510,1695,516,22,3012000
6511,1894,298,52,256000
6512,736,391,47,54000
6513,877,799,99,199000
6514,2985,110,92,337000
6515,3582,37,15,340000
6516,2008,365,27,1874000
6517,3983,596,65,258000
6518,4047,445,51,113000
6519,3348,768,16,542000
6520,1272,549,22,1575000
6521,81,130,54,3020000
6522,1841,248,32,71000
6523,3108,699,81,374000
6524,2128,223,39,233000
6525,2193,678,25,974000
6526,4478,725,38,37000
6527,39,710,77,3314000
6528,4014,80,44,114000
6529,2581,64,82,999000
6530,3386,174,57,653000
6531,4555,750,18,4231000
6532,554,541,62,182000
6533,2779,646,7,2027000
6534,3708,293,41,241000
6535,4298,13,98,707000
6536,1215,468,45,344000
6537,3511,405,18,1227000
6538,1992,182,7,1304000
6539,1060,543,46,872000
6540,2444,503,68,179000
6541,3809,696,79,522000
6542,3948,255,66,193000
6543,1022,18,57,741000
6544,1151,149,13,1874000
6545,3333,134,99,181000
6546,2405,463,45,2667000
6547,3920,424,33,1722000
6548,1918,580,86,909000
6549,3037,236,47,3386000
6550,4582,176,81,461000
6551,1254,502,59,480000
6552,4187,38,50,265000
6553,3366,793,32,125000
6554,113,411,69,1014000
6555,947,6,25,1197000
6556,4072,576,85,180000
6557,3452,574,92,80000
6558,3146,376,33,876000
6559,1850,171,87,205000
6560,3177,66,82,1012000
6561,1613,474,80,2454000
6562,4202,64,78,920000
6563,3399,658,49,1348000
6564,4900,773,26,1362000
6565,2090,426,99,495000
6566,3584,483,15,560000
6567,2844,553,6,2026000
6568,1750,64,82,926000
6569,816,296,78,72000
6570,4442,353,14,688000
6571,1802,710,82,3966000
6572,1412,7,20,874000
6573,3085,469,83,1306000
6574,1604,208,84,2214000
6575,16,659,98,1137000
6576,2734,284,17,3824000
6577,2156,274,40,420000
6578,1320,424,89,1433000
6579,3060,396,73,88000
6580,630,59,75,479000
6581,2315,534,88,138000
6582,2144,391,33,66000
6583,1346,705,72,1435000
6584,3601,372,100,437000
6585,3473,127,31,366000
6586,2873,660,64,171000
6587,2979,427,100,40000
6588,1080,641,46,780000
6589,412,715,75,133000
6590,872,505,36,43000
6591,1359,643,67,85000
6592,3191,181,56,109000
6593,3373,141,9,887000
6594,734,152,57,693000
6595,2783,97,43,133000
6596,4470,393,57,2549000
6597,4807,189,57,2006000
6598,241,244,73,158000
6599,1715,656,47,2494000
6600,165,782,69,3278000
6601,1603,535,41,504000
6602,154,464,68,1353000
6603,3614,522,36,954000
6604,2352,775,65,1064000
6605,814,516,70,3142000
6606,737,66,6,1189000
6607,3659,370,33,889000
6608,4451,283,53,444000
6609,1707,93,39,321000
6610,414,187,80,23000
6611,3963,289,70,744000
6612,608,652,75,1068000
6613,3685,574,33,70000
6614,199,242,31,1369000
6615,3022,12,36,151000
6616,3706,721,89,404000
6617,1814,309,33,65000
6618,2995,495,78,310000
6619,129,263,71,923000
6620,1793,285,10,2230000
6621,2255,444,29,41000
6622,248,623,66,933000
6623,4997,746,52,1254000
6624,926,749,46,545000
6625,2425,701,86,3283000
6626,1612,7,57,912000
6627,4983,693,32,2060000
6628,1546,727,25,185000
6629,666,666,20,551000
6630,3878,337,41,1658000
6631,687,247,93,1524000
6632,3755,226,87,1572000
6633,2654,402,11,119000
6634,3599,642,20,1076000
6635,1187,111,76,2555000
6636,3323,318,32,527000
6637,4603,560,60,33000
6638,1404,473,55,771000
6639,4562,34,77,114000
6640,4457,235,53,502000
6641,1042,219,88,858000
6642,2750,532,90,1682000
6643,4051,237,83,3555000
6644,4843,686,18,472000
6645,3202,32,11,942000
6646,4764,519,10,546000
6647,3764,33,93,557000
6648,1946,544,13,676000
6649,3738,223,48,275000
6650,610,466,59,715000
6651,3482,619,60,1736000
6652,2235,649,97,941000
6653,2385,766,50,1167000
6654,2007,517,36,797000
6655,513,504,28,1205000
6656,742,616,42,5423000
6657,133,652,72,1004000
6658,3665,749,22,512000
6659,58,167,38,46000
6660,2981,678,6,1298000
6661,2075,634,32,1564000
6662,1276,422,8,243000
6663,1823,563,61,483000
6664,3972,378,13,363000
6665,790,662,33,302000
6666,816,774,69,4522000
6667,4013,119,61,58000
6668,3960,511,99,491000
6669,4172,201,99,801000
6670,3844,751,31,201000
6671,3256,48,69,4878000
6672,2605,268,56,462000
6673,1219,668,8,1930000
6674,292,482,75,504000
6675,2728,456,87,35000
6676,2253,729,59,1527000
6677,682,401,82,41000
6678,3448,108,6,458000
6679,1930,677,96,4092000
6680,2489,134,18,258000
6681,3403,157,7,1649000
6682,2313,684,28,97000
6683,4556,625,10,383000
6684,1685,779,6,750000
6685,3493,49,82,914000
6686,2579,678,12,959000
6687,3619,557,14,284000
6688,2676,658,30,1072000
6689,2030,591,34,1370000
6690,1898,572,48,1102000
6691,4633,235,24,488000
6692,4039,715,97,125000
6693,4619,134,81,206000
6694,4442,570,29,563000
6695,221,739,33,75000
6696,4826,670,92,562000
6697,4795,120,69,165000
6698,925,116,38,3582000
6699,4358,239,94,2045000
6700,4988,637,92,713000
6701,2450,280,90,492000
6702,1040,256,81,177000
6703,699,199,36,140000
6704,2778,214,35,886000
6705,246,375,6,2505000
6706,723,13,30,850000
6707,4618,62,17,899000
6708,2849,322,90,643000
6709,629,530,7,144000
6710,2898,620,67,1815000
6711,654,578,25,104000
6712,3345,17,85,2184000
6713,525,282,86,468000
6714,2147,283,37,367000
6715,278,2,46,1654000
6716,819,737,85,1968000
6717,2457,352,64,159000
6718,3568,243,51,1184000
6719,4531,774,51,4083000
6720,1561,342,54,974000
6721,3165,334,70,475000
6722,927,626,20,1030000
6723,148,43,10,1090000
6724,2918,750,83,4733000
6725,2357,599,52,2298000
6726,2783,408,10,1933000
6727,900,562,56,42000
6728,4476,620,52,1710000
6729,2572,787,6,1129000
6730,3133,502,6,405000
6731,3701,250,53,234000
6732,2349,451,8,20000
6733,2881,513,33,600000
6734,2246,770,46,404000
6735,2700,420,77,2067000
6736,4338,667,59,116000
6737,360,788,15,733000
6738,460,479,94,592000
6739,3585,41,98,851000
6740,2709,733,66,1570000
6741,2152,267,23,1076000
6742,1276,228,94,76000
6743,150,49,29,823000
6744,1817,573,20,284000
6745,2669,229,21,195000
6746,147,481,59,1466000
6747,827,540,21,195000
6748,155,211,20,150000
6749,2622,131,81,75000
6750,1882,3,96,1495000
6751,1019,342,77,1060000
6752,338,789,57,1672000
6753,865,119,48,58000
6754,3586,301,67,781000
6755,4841,84,56,707000
6756,3882,699,61,342000
6757,1801,197,92,1530000
6758,1081,272,13,120000
6759,3260,252,34,461000
6760,2743,147,19,2529000
6761,28,212,47,289000
6762,1180,251,52,2241000
6763,2206,496,80,119000
6764,1304,253,86,765000
6765,2353,739,57,68000
6766,1156,131,62,54000
6767,3173,74,40,277000
6768,5000,253,38,1055000
6769,2336,743,52,42000
6770,3550,320,96,2915000
6771,4577,187,29,28000
6772,322,388,83,641000
6773,4405,94,17,598000
6774,1585,203,41,1843000
6775,4787,283,98,356000
6776,2386,83,44,3315000
6777,3395,583,57,3535000
6778,502,520,26,1541000
6779,3352,651,64,1334000
6780,3422,449,56,116000
6781,1034,797,77,2539000
6782,4006,664,93,123000
6783,2133,281,13,653000
6784,2753,755,21,89000
6785,572,539,32,1377000
6786,2348,148,17,1643000
6787,822,317,36,2805000
6788,1249,71,92,866000
6789,4378,288,65,116000
6790,441,302,82,444000
6791,821,406,99,371000
6792,141,711,35,1842000
6793,4569,298,49,289000
6794,2467,597,86,2218000
6795,421,579,93,396000
6796,1654,562,89,49000
6797,3429,661,55,2972000
6798,4579,330,70,190000
6799,3478,370,41,1060000
6800,3733,582,60,863000
6801,2126,394,6,445000
6802,898,105,48,2294000
6803,3909,3,25,1157000
6804,1660,55,87,73000
6805,316,690,41,365000
6806,2150,728,43,663000
6807,894,352,87,119000
6808,2653,667,50,104000
6809,2387,2,20,1549000
6810,635,441,48,1072000
6811,4699,460,40,800000
6812,3795,678,92,1386000
6813,302,434,36,2070000
6814,2907,555,52,1131000
6815,142,422,52,249000
6816,3785,743,69,38000
6817,3660,158,37,71000
6818,4606,653,76,630000
6819,4157,260,93,71000
6820,3748,298,84,295000
6821,2976,636,79,438000
6822,3495,737,61,1529000
6823,2540,695,5,777000
6824,3595,769,26,39000
6825,2051,155,57,1421000
6826,1896,341,16,1587000
6827,3700,714,22,1344000
6828,4849,702,39,1342000
6829,3673,344,23,624000
6830,4893,344,98,513000
6831,4020,193,48,319000
6832,2515,215,75,281000
6833,2893,709,72,2570000
6834,2369,643,7,110000
6835,301,134,30,257000
6836,1663,593,56,257000
6837,1939,52,89,267000
6838,2465,508,55,1317000
6839,1608,134,45,257000
6840,2700,735,29,243000
6841,711,797,55,1913000
6842,954,427,26,40000
6843,2208,52,78,328000
6844,2504,690,74,404000
6845,2792,418,63,322000
6846,2501,563,24,507000
6847,3418,501,80,2151000
6848,3205,146,35,231000
6849,305,93,81,289000
6850,508,734,8,229000
6851,246,245,82,556000
6852,3332,2,47,1707000
6853,4188,11,52,290000
6854,1361,778,90,3266000
6855,1220,379,16,100000
6856,294,375,88,2477000
6857,3231,69,86,149000
6858,2368,741,82,1852000
6859,4922,293,23,319000
6860,3375,185,17,279000
6861,1980,695,78,860000
6862,1514,280,14,396000
6863,268,510,73,137000
6864,2997,521,94,1507000
6865,4785,90,8,1150000
6866,3114,146,89,246000
6867,373,153,39,603000
6868,242,617,6,622000
6869,3652,645,49,2461000
6870,722,211,18,166000
6871,2468,170,96,355000
6872,2800,77,86,14000
6873,2415,726,50,224000
6874,2552,179,46,443000
6875,4537,246,6,3879000
6876,1780,42,96,1121000
6877,4333,565,43,354000
6878,2629,307,55,296000
6879,2523,78,60,325000
6880,348,335,72,324000
6881,3117,165,79,1198000
6882,4225,540,36,193000
6883,1029,159,48,696000
6884,22,417,20,1086000
6885,1787,587,15,3337000
6886,1567,12,97,164000
6887,1027,71,67,796000
6888,1087,207,71,1170000
6889,1540,527,53,801000
6890,3934,779,95,860000
6891,613,252,32,518000
6892,3917,740,32,5075000
6893,2806,27,52,524000
6894,1117,4,6,2792000
6895,3138,6,36,953000
6896,4737,13,45,796000
6897,3099,391,31,59000
6898,1373,703,22,2154000
6899,4450,776,16,61000
6900,3312,112,15,1884000
6901,4457,62,69,775000
6902,4386,759,47,224000
6903,4479,439,43,2372000
6904,1969,327,69,687000
6905,901,329,54,25000
6906,1950,92,37,1228000
6907,1656,399,84,146000
6908,933,236,59,3481000
6909,829,535,7,512000
6910,893,657,67,1735000
6911,3795,566,74,698000
6912,605,203,28,1589000
6913,3895,87,78,2454000
6914,4567,622,10,448000
6915,3011,691,16,1008000
6916,4583,184,5,74000
6917,2099,644,7,46000
6918,2782,431,34,119000
6919,4993,617,69,668000
6920,994,539,34,1231000
6921,932,505,91,58000
6922,1768,339,25,1900000
6923,78,107,94,700000
6924,128,439,45,2393000
6925,2376,98,18,2319000
6926,2801,407,66,1921000
6927,1682,474,53,2120000
6928,3919,733,52,1642000
6929,2417,504,5,1067000
6930,4316,768,49,465000
6931,3118,244,58,159000
6932,1290,510,37,162000
6933,2680,357,41,286000
6934,1438,410,65,1646000
6935,239,36,98,1269000
6936,696,382,17,445000
6937,4362,177,52,1454000
6938,1114,432,67,296000
6939,3200,710,41,3854000
6940,4701,3,96,1558000
6941,4578,703,45,1471000
6942,368,135,62,155000
6943,1290,267,73,1066000
6944,1501,665,38,891000
6945,3143,101,23,331000
6946,2952,789,81,2150000
6947,294,343,61,1374000
6948,3661,592,75,135000
6949,2982,201,11,562000
6950,4679,82,11,86000
6951,4130,728,57,482000
6952,552,55,22,76000
6953,4625,522,19,947000
6954,429,26,12,88000
6955,101,332,47,248000
6956,2841,531,67,2554000
6957,4070,6,54,1219000
6958,4068,295,57,439000
6959,3230,106,9,2048000
6960,3069,99,56,141000
6961,228,528,90,1172000
6962,153,619,88,1750000
6963,4241,363,47,922000
6964,2578,136,44,128000
6965,4285,636,27,461000
6966,4383,617,70,828000
6967,2807,275,9,4978000
6968,2880,308,70,4364000
6969,463,278,63,1635000
6970,343,588,89,506000
6971,4691,257,38,47000
6972,783,164,97,694000
6973,4043,132,12,434000
6974,1583,129,21,184000
6975,2281,280,61,426000
6976,1531,718,25,196000
6977,1388,540,67,197000
6978,726,307,64,287000
6979,2013,392,22,42000
6980,3603,539,85,1587000
6981,1663,555,63,1087000
6982,2717,610,70,3510000
6983,547,512,71,44000
6984,490,57,94,355000
6985,3197,437,36,632000
6986,3769,553,33,2382000
6987,4069,756,26,118000
6988,2861,498,76,190000
6989,342,681,72,1016000
6990,1385,588,27,610000
6991,322,541,44,189000
6992,2665,384,53,1110000
6993,1029,229,75,248000
6994,421,374,17,150000
6995,1157,369,16,566000
6996,3229,629,59,1898000
6997,47,708,84,2594000
6998,472,564,48,105000
6999,3255,669,18,201000
7000,2388,245,23,622000
7001,3648,250,53,192000
7002,877,4,54,2715000
7003,2286,351,40,44000
7004,1562,744,35,51000
7005,1828,371,67,1112000
7006,3789,91,80,35000
7007,1934,286,99,177000
7008,2795,305,52,2796000
7009,1394,64,43,1249000
7010,1432,362,40,2958000
7011,492,589,69,809000
7012,3122,89,19,1423000
7013,4905,540,65,188000
7014,3401,666,31,468000
7015,193,240,35,208000
7016,1151,319,90,419000
7017,3611,295,81,317000
7018,1275,593,100,278000
7019,2831,214,77,804000
7020,3875,124,99,407000
7021,4040,187,84,30000
7022,4584,431,66,167000
7023,2601,562,61,42000
7024,1075,152,45,721000
7025,1106,665,87,748000
7026,3076,567,94,4048000
7027,3654,84,26,760000
7028,2141,599,27,2375000
7029,1938,89,59,1115000
7030,1120,367,60,566000
7031,2457,428,65,1217000
7032,2153,31,25,2047000
7033,327,178,13,997000
7034,3967,645,34,2052000
7035,1871,226,8,1471000
7036,1056,791,59,3580000
7037,881,449,36,112000
7038,667,226,46,1747000
7039,1849,725,73,29000
7040,4177,596,48,316000
7041,971,489,72,2737000
7042,2855,156,69,561000
7043,4285,298,21,301000
7044,2325,178,16,978000
7045,4206,722,89,2822000
7046,1714,559,28,463000
7047,755,577,84,123000
7048,2134,619,16,1261000
7049,823,460,80,564000
7050,2808,146,36,243000
7051,2221,179,7,469000
7052,2523,642,65,1062000
7053,3124,297,44,199000
7054,1991,231,33,1300000
7055,1062,123,28,567000
7056,4389,710,38,4732000
7057,179,452,92,175000
7058,2344,743,44,54000
7059,1571,578,60,84000
7060,873,452,95,162000
7061,4294,129,41,256000
7062,4107,644,35,51000
7063,923,734,84,274000
7064,727,482,79,477000
7065,910,469,87,1508000
7066,3917,523,8,2377000
7067,4584,480,24,1144000
7068,2571,408,99,1441000
7069,3058,430,61,1151000
7070,3966,539,75,1369000
7071,2138,76,18,1135000
7072,159,112,12,1510000
7073,2411,211,63,174000
7074,1266,641,73,724000
7075,3169,131,20,55000
7076,279,441,57,966000
7077,4069,85,67,24000
7078,3137,338,34,496000
7079,4168,238,97,640000
7080,1966,584,33,1116000
7081,3139,227,7,1978000
7082,2319,117,56,303000
7083,986,312,85,1084000
7084,4376,441,64,1097000
7085,4304,350,96,114000
7086,2426,345,21,1515000
7087,4116,41,46,808000
7088,2126,514,98,3762000
7089,1607,766,81,1059000
7090,462,379,92,105000
7091,4033,378,70,367000
7092,4295,45,48,145000
7093,4566,397,67,1554000
7094,1678,533,43,2294000
7095,3031,774,30,5176000
7096,4515,568,95,2418000
7097,242,162,80,4947000
7098,186,488,88,656000
7099,2722,388,46,482000
7100,836,481,6,1516000
7101,2065,775,36,935000
7102,614,163,9,3676000
7103,562,38,97,311000
7104,3104,782,62,3568000
7105,1013,497,30,1663000
7106,702,13,77,718000
7107,4057,219,56,948000
7108,2222,405,41,1352000
7109,2364,252,43,477000
7110,444,360,48,736000
7111,4585,758,47,1167000
7112,2703,489,90,2060000
7113,611,441,77,950000
7114,1826,560,36,25000
7115,2255,749,91,445000
7116,3071,755,9,82000
7117,3926,497,44,1706000
7118,611,417,27,798000
7119,2868,163,26,4000000
7120,4903,422,58,182000
7121,1118,193,29,228000
7122,4429,473,22,578000
7123,4409,759,45,233000
7124,3523,777,74,1093000
7125,2359,157,49,1852000
7126,4052,623,97,1018000
7127,2648,714,85,1263000
7128,251,775,62,1057000
7129,3448,694,5,84000
7130,1790,50,70,1466000
7131,4248,411,73,900000
7132,2147,428,35,1193000
7133,2871,738,35,1537000
7134,3893,131,20,74000
7135,4851,479,32,472000
7136,1622,702,21,1663000
7137,4186,381,80,163000
7138,1957,461,15,2246000
7139,2831,364,39,205000
7140,3592,710,72,4568000
7141,709,52,30,251000
7142,579,459,51,157000
7143,2674,544,52,541000
7144,1644,604,17,1111000
7145,1655,388,48,629000
7146,2398,663,41,600000
7147,2631,265,82,241000
7148,3159,70,49,1645000
7149,503,274,18,320000
7150,4749,612,35,504000
7151,748,166,43,304000
7152,1078,478,21,449000
7153,4391,173,89,1166000
7154,2908,302,84,518000
7155,1408,799,78,236000
7156,3689,305,90,3456000
7157,3747,104,37,1020000
7158,2067,485,74,526000
7159,1307,210,99,501000
7160,4480,622,86,528000
7161,530,580,5,688000
7162,3182,181,15,129000
7163,2540,745,81,577000
7164,2723,396,40,94000
7165,4683,236,92,3449000
7166,2187,449,41,115000
7167,1145,370,65,1317000
7168,2650,411,16,807000
7169,1705,354,60,1623000
7170,2322,508,86,1270000
7171,2641,639,22,335000
7172,4088,269,31,678000
7173,3288,435,63,214000
7174,3567,467,10,120000
7175,1178,354,45,1409000
7176,2025,33,35,433000
7177,2332,515,77,1418000
7178,4898,117,88,399000
7179,4947,424,30,1451000
7180,3876,747,55,162000
7181,4091,779,22,855000
7182,2418,788,67,718000
7183,4255,38,64,249000
7184,2276,71,48,593000
7185,2165,118,27,85000
7186,2719,683,99,977000
7187,1752,53,7,1462000
7188,1253,794,21,83000
7189,1806,713,43,327000
7190,624,117,82,370000
7191,2501,433,89,382000
7192,296,198,28,691000
7193,3411,661,53,3936000
7194,2584,404,63,3607000
7195,4103,319,60,332000
7196,2585,538,45,936000
7197,552,491,48,151000
7198,1649,778,64,4047000
7199,328,570,27,590000
7200,3949,800,36,70000
7201,4404,649,44,938000
7202,3540,534,99,128000
7203,4425,570,86,654000
7204,1656,448,83,72000
7205,3192,538,19,1011000
7206,2312,574,62,88000
7207,4029,510,68,114000
7208,1138,151,42,995000
7209,946,641,86,953000
7210,2607,799,22,277000
7211,3613,43,90,1133000
7212,3228,37,17,384000
7213,2371,522,27,1399000
7214,2927,681,32,950000
7215,824,611,75,495000
7216,1826,557,48,262000
7217,4742,633,58,338000
7218,1956,222,66,155000
7219,1854,420,59,1948000
7220,2478,9,68,198000
7221,2254,113,9,778000
7222,1310,117,76,419000
7223,766,486,8,1573000
7224,2277,541,52,220000
7225,1874,714,67,1191000
7226,2891,98,88,2529000
7227,4215,472,75,106000
7228,1449,374,70,141000
7229,4608,115,30,269000
7230,1665,32,39,1034000
7231,148,571,61,1324000
7232,1562,229,75,261000
7233,807,496,36,109000
7234,1057,193,64,283000
7235,3728,698,72,526000
7236,4559,5,71,891000
7237,2155,249,5,212000
7238,2489,73,31,3399000
7239,928,272,97,177000
7240,2178,260,98,79000
7241,4590,544,36,520000
7242,2991,9,83,146000
7243,60,238,77,670000
7244,4294,34,59,100000
7245,551,381,86,190000
7246,4884,687,21,1490000
7247,2222,715,52,124000
7248,4004,75,73,2029000
7249,1924,141,62,1026000
7250,2773,164,31,803000
7251,2705,689,70,1762000
7252,1908,380,88,779000
7253,3014,86,49,1771000
7254,1755,67,77,987000
7255,2708,129,86,234000
7256,4426,36,80,1414000
7257,286,361,39,516000
7258,4024,260,39,75000
7259,2234,461,40,1646000
7260,1957,644,69,44000
7261,95,679,99,320000
7262,2570,71,95,614000
7263,2131,316,5,60000
7264,1579,316,74,75000
7265,4611,372,92,325000
7266,443,240,63,191000
7267,1552,146,95,240000
7268,4100,661,22,3501000
7269,4431,667,15,113000
7270,2569,210,80,638000
7271,981,186,39,48000
7272,1515,570,38,616000
7273,2754,232,55,1048000
7274,2543,321,7,1174000
7275,1281,37,99,317000
7276,4233,100,56,439000
7277,620,581,98,380000
7278,11,327,66,595000
7279,3378,520,42,1420000
7280,729,347,97,435000
7281,3467,27,35,502000
7282,914,493,90,2576000
7283,2902,153,46,637000
7284,2186,354,91,1584000
7285,2045,378,17,480000
7286,2484,561,47,733000
7287,4633,236,61,4168000
7288,635,313,31,95000
7289,4984,446,53,1262000
7290,2442,194,39,119000
7291,4835,780,54,1139000
7292,1832,140,15,3840000
7293,776,604,46,1106000
7294,490,554,28,415000
7295,903,474,96,2003000
7296,4348,166,11,253000
7297,4865,773,94,1362000
7298,3368,750,84,3482000
7299,4404,482,39,510000
7300,1996,278,15,2047000
7301,2697,65,19,981000
7302,2268,161,21,929000
7303,461,134,24,249000
7304,3314,45,34,136000
7305,771,216,63,914000
7306,446,536,50,147000
7307,2200,647,81,21000
7308,3461,542,33,792000
7309,2871,386,67,186000
7310,2245,612,46,423000
7311,224,349,51,2469000
7312,4348,494,64,3348000
7313,350,488,78,530000
7314,422,514,28,3252000
7315,1015,560,97,26000
7316,4747,34,48,141000
7317,3585,704,25,159000
7318,4675,732,40,207000
7319,3106,327,5,578000
7320,4666,228,100,73000
7321,2564,202,80,73000
7322,1928,410,42,1599000
7323,540,103,8,2062000
7324,2018,178,100,1182000
7325,3752,711,97,2041000
7326,1600,346,89,128000
7327,3136,2,79,1711000
7328,1473,737,86,1618000
7329,4495,61,62,133000
7330,2032,23,31,439000
7331,1242,185,97,296000
7332,2201,142,32,558000
7333,601,135,45,171000
7334,3800,38,14,322000
7335,4739,121,56,823000
7336,2247,71,42,690000
7337,1445,336,53,60000
7338,2076,409,92,633000
7339,3568,656,56,1883000
7340,2338,169,8,121000
7341,3779,560,22,31000
7342,848,186,82,56000
7343,830,281,32,640000
7344,4537,599,44,2242000
7345,2744,310,28,3745000
7346,3324,46,56,1229000
7347,3332,492,49,263000
7348,175,79,57,3931000
7349,2812,780,31,1226000
7350,2461,680,38,769000
7351,3779,328,30,289000
7352,1521,784,33,2701000
7353,2328,172,37,475000
7354,488,617,36,823000
7355,106,224,48,165000
7356,88,81,81,3113000
7357,3080,422,72,257000
7358,526,738,46,1523000
7359,844,193,61,234000
7360,2595,131,86,60000
7361,1790,287,16,887000
7362,4525,544,96,492000
7363,2766,343,19,1619000
7364,1392,490,85,428000
7365,4148,782,70,3456000
7366,980,461,6,1605000
7367,4197,476,78,179000
7368,2026,744,98,56000
7369,5000,601,89,1284000
7370,2505,595,43,3184000
7371,3316,541,64,240000
7372,547,567,67,3718000
7373,541,137,69,325000
7374,3465,677,91,4743000
7375,2231,279,75,2826000
7376,142,452,73,174000
7377,1264,307,55,306000
7378,932,62,71,761000
7379,4341,564,80,104000
7380,3101,529,93,362000
7381,1015,163,31,5051000
7382,3986,110,82,479000
7383,194,16,68,735000
7384,4130,326,72,21000
7385,1306,536,63,155000
7386,468,283,66,419000
7387,2600,740,24,4890000
7388,1696,51,12,139000
7389,3552,320,61,2703000
7390,1234,793,5,115000
7391,336,336,59,47000
7392,1964,763,100,99000
7393,2738,69,87,181000
7394,619,417,37,830000
7395,1910,234,96,3053000
7396,2788,569,67,1620000
7397,246,777,57,1233000
7398,1013,720,98,1574000
7399,4159,28,6,1075000
7400,2054,640,78,408000
7401,4895,174,5,795000
7402,1328,61,59,102000
7403,4420,487,20,4218000
7404,4053,310,24,4150000
7405,3399,441,64,988000
7406,4732,30,19,1130000
7407,4391,604,70,943000
7408,3827,625,64,389000
7409,4484,119,75,67000
7410,3729,179,63,570000
7411,2158,357,50,229000
7412,1447,275,89,4487000
7413,4417,765,14,172000
7414,987,11,94,225000
7415,730,186,6,57000
7416,1717,279,46,3059000
7417,3256,792,62,3076000
7418,4831,463,47,2663000
7419,4584,752,31,308000
7420,4862,82,91,89000
7421,2994,241,95,1041000
7422,2840,394,41,522000
7423,2895,488,25,670000
7424,880,603,14,300000
7425,2827,29,23,1330000
7426,4711,579,73,306000
7427,4210,397,99,2104000
7428,579,119,28,55000
7429,4074,204,70,442000
7430,368,410,50,1547000
7431,4953,141,9,945000
7432,540,360,82,694000
7433,3245,759,68,255000
7434,795,387,21,421000
7435,712,353,83,626000
7436,3964,782,65,2806000
7437,986,799,16,265000
7438,1024,70,19,1611000
7439,1165,108,38,495000
7440,4221,795,49,997000
7441,1483,339,92,2486000
7442,264,587,59,3766000
7443,3571,413,86,5149000
7444,2785,459,7,165000
7445,1535,667,54,113000
7446,1916,243,72,1034000
7447,338,720,95,1261000
7448,710,745,20,615000
7449,4073,199,66,103000
7450,2251,188,12,271000
7451,2492,719,36,772000
7452,3676,339,28,2412000
7453,4055,135,81,147000
7454,1458,731,32,25000
7455,4331,571,61,1081000
7456,3061,590,36,302000
7457,2484,418,99,283000
7458,585,729,60,1164000
7459,3997,536,47,135000
7460,3874,316,10,84000
7461,463,175,44,1834000
7462,307,373,53,1149000
7463,223,287,48,843000
7464,804,652,86,999000
7465,1379,798,25,73000
7466,3276,615,40,48000
7467,3036,552,43,1444000
7468,2429,642,11,1141000
7469,1144,798,18,97000
7470,3479,361,88,418000
7471,2573,545,30,1350000
7472,353,660,36,172000
7473,901,778,69,3490000
7474,646,491,32,152000
7475,3020,687,46,1279000
7476,3326,11,78,233000
7477,1803,796,77,790000
7478,1004,657,26,2092000
7479,500,701,69,2248000
7480,4583,84,24,670000
7481,3119,778,28,3439000
7482,2559,780,32,1225000
7483,2268,475,66,95000
7484,3749,457,99,1718000
7485,1469,651,31,1373000
7486,1267,182,26,1622000
7487,2734,703,79,2002000
7488,3374,29,54,1115000
7489,1553,210,22,505000
7490,3395,714,97,1121000
7491,1,760,84,1154000
7492,2596,346,72,149000
7493,4795,1,58,1004000
7494,2113,38,90,286000
7495,3030,483,73,574000
7496,1309,294,46,366000
7497,322,336,35,58000
7498,1788,11,73,212000
7499,660,779,31,789000
7500,3951,74,52,261000
7501,4296,291,39,106000
7502,4309,757,8,3296000
7503,2682,721,66,473000
7504,1538,345,94,1672000
7505,1285,572,45,1184000
7506,4013,461,53,1959000
7507,346,462,44,424000
7508,4290,607,9,292000
7509,4358,422,7,244000
7510,2058,554,51,487000
7511,2314,545,52,1137000
7512,2780,147,48,2381000
7513,1863,742,7,839000
7514,1753,407,50,2103000
7515,1512,303,88,1201000
7516,4550,290,83,120000
7517,656,534,17,132000
7518,1088,139,89,4007000
7519,3845,14,46,1607000
7520,2695,373,84,1182000
7521,1494,349,11,2800000
7522,4703,443,20,167000
7523,3022,106,49,2194000
7524,15,252,15,510000
7525,3609,750,54,4545000
7526,2205,599,87,2544000
7527,1747,312,78,962000
7528,4828,668,95,2075000
7529,1624,400,95,1162000
7530,1055,61,21,100000
7531,2491,163,93,4469000
7532,3152,131,8,67000
7533,2508,467,76,111000
7534,1522,196,53,105000
7535,2550,253,84,843000
7536,2983,170,93,299000
7537,2404,732,67,288000
7538,4441,370,71,1258000
7539,1685,690,14,439000
7540,1467,732,54,194000
7541,1879,106,73,1829000
7542,1333,246,12,3706000
7543,3127,779,40,783000
7544,3324,537,79,432000
7545,3803,98,94,2219000
7546,3198,28,80,1078000
7547,558,598,93,1021000
7548,3666,615,44,51000
7549,2557,528,40,1707000
7550,4029,101,67,270000
7551,287,6,33,1063000
7552,128,315,97,297000
7553,3323,683,14,1356000
7554,2620,489,6,2180000
7555,4951,70,20,1307000
7556,3662,173,42,1154000
7557,4108,315,53,362000
7558,2119,125,48,270000
7559,4733,552,72,1090000
7560,209,529,50,354000
7561,1524,658,76,1097000
7562,2276,567,51,3716000
7563,3303,484,35,787000
7564,2654,671,75,4682000
7565,2981,397,9,1659000
7566,548,364,67,157000
7567,151,780,10,1268000
7568,1465,566,11,699000
7569,958,511,97,509000
7570,3327,89,23,1068000
7571,3774,745,80,686000
7572,3619,653,11,428000
7573,1800,678,44,1274000
7574,839,191,83,919000
7575,375,577,26,104000
7576,1669,202,84,70000
7577,77,293,5,252000
7578,250,723,83,25000
7579,876,617,100,588000
7580,87,506,73,142000
7581,4311,761,23,340000
7582,369,98,60,2768000
7583,2782,124,91,382000
7584,931,448,24,59000
7585,4285,673,43,835000
7586,1849,723,71,26000
7587,1422,646,9,2093000
7588,4063,114,26,414000
7589,4910,458,39,574000
7590,1614,203,31,1890000
7591,3746,309,87,91000
7592,4878,732,42,213000
7593,1232,238,22,691000
7594,2700,654,10,41000
7595,2472,770,8,390000
7596,1373,328,17,333000
7597,4498,724,70,742000
7598,3425,336,45,60000
7599,302,751,23,197000
7600,265,255,96,217000
7601,2176,667,47,120000
7602,3061,761,22,292000
7603,1517,18,34,954000
7604,2857,734,71,236000
7605,2542,773,11,1357000
7606,3629,358,10,1814000
7607,3119,26,54,71000
7608,1294,70,77,1195000
7609,2552,790,42,259000
7610,904,344,14,556000
7611,3997,636,23,477000
7612,1085,294,83,353000
7613,137,368,61,59000
7614,3144,514,97,2620000
7615,1120,443,54,129000
7616,369,315,94,403000
7617,2183,100,52,421000
7618,3638,654,45,40000
7619,3698,443,21,142000
7620,1962,730,91,73000
7621,2213,106,60,2002000
7622,107,736,90,379000
7623,3642,91,49,39000
7624,1323,368,36,67000
7625,4338,48,15,3363000
7626,1243,96,48,123000
7627,3038,645,80,2395000
7628,3377,151,26,1278000
7629,497,750,53,3290000
7630,955,619,86,1347000
7631,4928,35,66,169000
7632,483,96,59,87000
7633,1011,328,6,286000
7634,3107,605,44,1223000
7635,3041,461,28,2253000
7636,4046,442,85,2098000
7637,442,581,75,343000
7638,3341,468,45,330000
7639,199,145,60,1310000
7640,364,402,56,131000
7641,1998,365,9,2109000
7642,4411,651,79,1404000
7643,3513,93,17,251000
7644,4946,597,47,2361000
7645,527,184,64,75000
7646,1194,495,38,329000
7647,1544,731,53,23000
7648,3991,570,60,774000
7649,273,580,39,693000
7650,1782,267,30,864000
7651,1923,365,67,2234000
7652,1236,175,85,2088000
7653,848,389,37,234000
7654,4686,552,45,1002000
7655,3957,24,84,358000
7656,3895,695,33,957000
7657,4638,195,76,767000
7658,3778,465,72,1582000
7659,2718,49,23,681000
7660,1871,248,100,77000
7661,706,77,17,17000
7662,1740,91,52,35000
7663,3649,479,58,434000
7664,2648,749,11,442000
7665,4478,583,63,3072000
7666,1249,171,71,166000
7667,840,117,27,422000
7668,400,111,87,2536000
7669,169,564,82,116000
7670,1387,605,77,1471000
7671,2708,188,21,251000
7672,484,526,19,64000
7673,1714,59,52,535000
7674,4653,82,79,85000
7675,4080,547,15,375000
7676,1893,267,93,860000
7677,3993,655,48,1360000
7678,684,113,23,634000
7679,4403,337,86,2344000
7680,2482,1,74,1314000
7681,3660,367,24,682000
7682,3284,504,78,1131000
7683,1120,389,79,234000
7684,1187,644,87,57000
7685,1721,549,93,1804000
7686,4677,398,23,1284000
7687,2501,735,32,240000
7688,252,799,15,257000
7689,2791,1,33,1447000
7690,933,143,50,418000
7691,3347,743,44,48000
7692,2972,185,26,292000
7693,726,393,44,2128000
7694,719,417,51,909000
7695,4144,387,28,381000
7696,588,403,92,141000
7697,1280,527,52,583000
7698,200,19,40,15000
7699,4900,787,74,1458000
7700,849,54,94,285000
7701,1010,404,8,4026000
7702,623,642,98,1200000
7703,2678,518,75,2710000
7704,1158,20,80,1002000
7705,2307,101,78,296000
7706,4732,621,6,1047000
7707,1027,423,65,914000
7708,272,722,10,2974000
7709,4838,767,99,487000
7710,2107,557,40,322000
7711,495,454,89,993000
7712,497,106,25,2230000
7713,564,660,79,135000
7714,2205,614,21,99000
7715,1181,524,53,679000
7716,3435,367,56,636000
7717,1989,470,61,638000
7718,2555,734,50,240000
7719,3307,23,92,538000
7720,3461,85,50,26000
7721,666,213,39,595000
7722,1208,458,75,569000
7723,4654,343,53,1496000
7724,4191,288,81,132000
7725,2099,95,41,390000
7726,467,676,56,2060000
7727,2170,238,90,518000
7728,4871,548,70,451000
7729,1831,232,16,1122000
7730,820,687,44,1856000
7731,3512,341,100,1485000
7732,1960,139,45,4539000
7733,3834,522,68,1297000
7734,4225,649,38,1253000
7735,3594,531,19,2846000
7736,1855,225,12,1328000
7737,629,758,78,1227000
7738,4624,564,70,121000
7739,3835,536,39,166000
7740,3242,457,81,1178000
7741,46,483,21,533000
7742,1763,183,16,1225000
7743,3405,776,31,64000
7744,692,537,12,309000
7745,1413,297,29,188000
7746,2625,575,64,1389000
7747,449,280,20,353000
7748,497,616,54,4077000
7749,4084,400,48,1369000
7750,739,682,41,319000
7751,471,644,84,43000
7752,1628,486,8,1818000
7753,2366,775,11,1062000
7754,2691,203,70,1661000
7755,568,788,33,740000
7756,2628,508,59,1546000
7757,503,753,100,359000
7758,614,618,69,1477000
7759,1429,281,96,735000
7760,3209,255,80,253000
7761,977,143,7,489000
7762,4085,211,37,134000
7763,3090,659,82,887000
7764,831,493,30,2784000
7765,248,38,68,255000
7766,4976,241,78,1237000
7767,1865,208,100,1496000
7768,3167,605,19,1491000
7769,3036,276,85,566000
7770,3868,107,16,760000
7771,1758,716,67,998000
7772,1668,676,38,2124000
7773,547,729,24,1291000
7774,4291,97,6,141000
7775,4330,554,88,483000
7776,101,111,33,2464000
7777,529,390,37,565000
7778,3782,590,10,251000
7779,2409,561,7,789000
7780,4994,792,61,2519000
7781,266,601,83,1420000
7782,4978,247,76,1213000
7783,2733,392,81,44000
7784,3991,718,20,243000
7785,331,768,29,429000
7786,1237,61,63,125000
7787,469,518,80,2356000
7788,2255,65,36,968000
7789,2874,84,63,558000
7790,1643,321,52,1356000
7791,1102,676,70,2157000
7792,4612,168,93,420000
7793,2975,56,78,1120000
7794,2842,144,56,1017000
7795,1420,300,50,384000
7796,4924,234,24,3184000
7797,4075,160,49,1699000
7798,365,344,67,619000
7799,3803,739,73,84000
7800,959,579,57,302000
7801,2509,692,90,418000
7802,1961,675,75,552000
7803,2203,112,22,2158000
7804,2996,510,14,140000
7805,1406,609,63,478000
7806,3287,743,23,43000
7807,4118,227,24,2235000
7808,1887,576,93,185000
7809,3920,252,60,417000
7810,4105,268,47,432000
7811,2125,65,68,837000
7812,3588,367,64,674000
7813,1921,650,63,875000
7814,280,755,72,74000
7815,2744,43,41,1036000
7816,4453,740,12,4478000
7817,4552,713,9,299000
7818,979,265,88,209000
7819,4961,699,100,362000
7820,700,203,90,1926000
7821,1106,273,39,1434000
7822,1533,754,27,330000
7823,1298,735,66,228000
7824,4292,778,7,3475000
7825,568,618,77,1202000
7826,1794,256,69,208000
7827,1453,664,12,139000
7828,1039,208,79,1561000
7829,4503,639,17,312000
7830,529,489,85,2539000
7831,3840,155,40,1693000
7832,3227,496,80,134000
7833,1756,515,50,1521000
7834,4705,595,8,2689000
7835,3050,460,51,787000
7836,1418,165,96,1082000
7837,15,795,35,1058000
7838,1083,721,25,435000
7839,818,658,94,1447000
7840,1631,509,26,104000
7841,1491,644,93,55000
7842,415,738,31,1958000
7843,4903,789,75,1730000
7844,2062,249,89,219000
7845,3579,464,95,1648000
7846,1843,159,96,934000
7847,1538,425,62,2167000
7848,3150,307,27,312000
7849,3055,234,14,3470000
7850,3586,4,76,2809000
7851,4064,760,65,1279000
7852,3796,390,9,477000
7853,848,180,46,3741000
7854,2460,451,48,27000
7855,2804,519,34,428000
7856,2344,426,21,424000
7857,1965,52,63,346000
7858,1146,524,28,865000
7859,2259,168,68,430000
7860,4111,716,6,884000
7861,4752,511,57,495000
7862,247,731,65,18000
7863,1241,672,35,1190000
7864,3318,344,91,669000
7865,225,732,100,236000
7866,3220,215,28,225000
7867,3987,515,47,1895000
7868,2404,120,38,165000
7869,860,782,47,3478000
7870,412,158,56,61000
7871,4090,533,40,1644000
7872,2635,397,10,1823000
7873,1133,228,53,91000
7874,2922,758,42,1643000
7875,825,47,9,86000
7876,359,19,52,16000
7877,1840,782,48,3647000
7878,1453,646,93,2146000
7879,299,162,15,3896000
7880,1980,549,9,1731000
7881,1501,78,34,260000
7882,1046,419,43,1031000
7883,532,491,64,108000
7884,3613,20,52,1048000
7885,707,639,56,362000
7886,3105,36,51,1339000
7887,2319,402,90,134000
7888,1611,424,59,1813000
7889,340,73,45,3832000
7890,1736,311,9,152000
7891,2752,592,17,115000
7892,3650,798,62,74000
7893,3990,292,27,101000
7894,2125,458,77,443000
7895,1280,314,54,2125000
7896,3521,593,76,337000
7897,3363,397,66,2082000
7898,1548,364,36,210000
7899,2570,460,72,665000
7900,1875,392,54,61000
7901,2642,461,24,1693000
7902,2479,466,61,745000
7903,455,456,22,44000
7904,790,526,15,68000
7905,1740,614,5,122000
7906,454,503,35,160000
7907,157,786,91,152000
7908,717,788,80,870000
7909,488,189,31,2569000
7910,331,511,15,467000
7911,1927,671,29,3627000
7912,671,797,20,2617000
7913,4608,293,23,294000
7914,4494,637,45,617000
7915,2462,406,51,375000
7916,503,745,62,509000
7917,2846,501,99,2026000
7918,2114,543,7,962000
7919,3371,661,6,4190000
7920,1113,170,22,279000
7921,1273,228,67,86000
7922,3137,190,45,1051000
7923,2664,146,60,294000
7924,3138,602,54,1362000
7925,1620,379,41,101000
7926,2566,227,53,2240000
7927,3465,214,7,1025000
7928,295,234,66,3784000
7929,1543,473,31,645000
7930,2190,238,48,497000
7931,4437,212,59,278000
7932,2156,756,34,118000
7933,4071,463,100,3268000
7934,3587,638,58,221000
7935,4161,305,23,2874000
7936,847,216,97,1046000
7937,4350,305,65,3540000
7938,4828,91,73,42000
7939,2104,16,23,530000
7940,1242,372,81,360000
7941,4463,237,92,3547000
7942,4650,569,33,1211000
7943,4680,153,26,675000
7944,3664,489,34,1929000
7945,2129,147,70,1789000
7946,3720,551,37,35000
7947,1063,41,52,877000
7948,3671,63,28,145000
7949,2170,782,34,3853000
7950,3205,330,66,206000
7951,2152,166,76,287000
7952,4273,133,67,1389000
7953,4597,484,21,1050000
7954,2559,126,18,699000
7955,2111,1,81,1302000
7956,1649,41,15,859000
7957,2189,224,7,127000
7958,1766,711,46,2101000
7959,1839,367,52,616000
7960,3120,367,81,495000
7961,3674,503,9,159000
7962,3116,437,55,734000
7963,1263,726,34,218000
7964,3575,383,15,1952000
7965,499,657,56,1569000
7966,4260,606,92,3886000
7967,4423,535,79,445000
7968,2059,507,91,67000
7969,39,29,94,1107000
7970,2723,9,49,169000
7971,488,424,46,1549000
7972,4987,330,71,200000
7973,2884,27,91,515000
7974,4578,58,68,3804000
7975,4713,664,98,141000
7976,759,270,64,925000
7977,2663,465,43,1130000
7978,361,552,15,1248000
7979,660,704,100,221000
7980,3128,508,27,1293000
7981,1820,335,91,306000
7982,2737,569,59,1171000
7983,1281,210,41,559000
7984,1269,587,30,3581000
7985,3841,764,88,301000
7986,169,661,87,2907000
7987,1302,93,100,318000
7988,2790,359,88,242000
7989,964,612,89,554000
7990,1266,498,49,153000
7991,4224,607,22,268000
7992,2553,492,100,259000
7993,168,266,60,1088000
7994,3488,224,32,143000
7995,3033,742,41,839000
7996,2422,228,10,80000
7997,1835,334,84,420000
7998,4888,781,21,404000
7999,1812,782,32,3077000
8000,300,407,62,1787000
8001,2368,38,49,265000
8002,2301,600,86,860000
8003,1724,39,52,189000
8004,1133,187,86,29000
8005,1630,729,83,1310000
8006,454,60,29,249000
8007,4254,54,50,260000
8008,4975,191,20,1163000
8009,1701,5,32,1139000
8010,4133,698,8,473000
8011,3400,561,75,737000
8012,4812,536,18,172000
8013,2342,61,70,132000
8014,4961,431,70,138000
8015,952,760,55,969000
8016,66,17,51,1914000
8017,1846,188,5,220000
8018,1331,209,35,891000
8019,708,309,68,70000
8020,3790,565,46,395000
8021,2237,597,15,2127000
8022,4752,526,40,73000
8023,3960,186,14,44000
8024,3648,180,91,3308000
8025,4011,407,16,1493000
8026,3841,721,58,390000
8027,2240,800,22,78000
8028,2035,277,10,452000
8029,620,69,90,146000
8030,2571,596,74,286000
8031,4547,83,34,4177000
8032,3888,729,28,1287000
8033,2797,377,78,112000
8034,4611,591,5,1401000
8035,3557,450,86,2649000
8036,4666,330,58,208000
8037,3040,283,100,418000
8038,4866,450,97,2580000
8039,1405,166,43,342000
8040,4357,604,96,833000
8041,1637,439,5,1884000
8042,1829,612,81,558000
8043,2688,680,72,809000
8044,195,414,23,222000
8045,204,528,55,1340000
8046,1848,8,73,404000
8047,2559,80,52,114000
8048,1954,445,43,147000
8049,1165,249,41,181000
8050,212,434,76,2068000
8051,2078,188,73,265000
8052,1770,661,79,3216000
8053,4140,261,50,138000
8054,815,783,93,362000
8055,4673,456,14,36000
8056,789,621,47,961000
8057,3700,441,60,1277000
8058,4310,63,69,126000
8059,2780,420,27,2484000
8060,292,759,23,321000
8061,4132,540,36,187000
8062,4033,556,26,3556000
8063,4877,349,17,3219000
8064,3099,606,23,3503000
8065,2392,373,89,998000
8066,4729,54,17,305000
8067,62,585,40,1190000
8068,3401,182,7,1551000
8069,2746,710,89,4032000
8070,4069,590,9,320000
8071,2252,349,10,2266000
8072,7,388,75,697000
8073,2608,357,67,306000
8074,4781,153,89,585000
8075,223,616,39,3684000
8076,4867,336,66,50000
8077,3940,107,29,802000
8078,3106,453,47,690000
8079,763,240,100,194000
8080,1418,566,75,663000
8081,2834,383,39,1415000
8082,4770,130,79,2435000
8083,4370,371,11,834000
8084,4663,217,35,2469000
8085,1995,33,50,429000
8086,2629,509,59,152000
8087,2383,298,96,283000
8088,3012,407,16,1935000
8089,1681,130,94,2765000
8090,310,518,51,2235000
8091,4646,266,88,963000
8092,4685,597,55,2146000
8093,3822,584,47,972000
8094,454,762,65,167000
8095,2108,327,18,533000
8096,315,80,56,139000
8097,1188,733,7,1705000
8098,4086,481,30,1919000
8099,2445,110,13,472000
8100,3752,758,21,1403000
8101,1654,560,50,23000
8102,135,504,51,949000
8103,3746,663,76,464000
8104,1469,377,61,101000
8105,3780,56,89,1033000
8106,2091,489,96,2511000
8107,4394,60,95,347000
8108,255,84,97,622000
8109,1315,101,77,260000
8110,2275,163,99,3746000
8111,4113,251,43,1992000
8112,3537,7,12,659000
8113,3680,641,10,1031000
8114,949,463,32,2887000
8115,2998,766,85,1350000
8116,3978,678,16,984000
8117,4818,67,52,1076000
8118,2247,680,38,1044000
8119,3934,504,37,1183000
8120,4083,471,34,124000
8121,3566,12,78,160000
8122,3452,151,33,1196000
8123,2649,478,56,455000
8124,4500,455,72,106000
8125,296,678,10,972000
8126,2171,383,45,1708000
8127,4125,50,49,1811000
8128,2695,595,99,3242000
8129,894,314,55,2003000
8130,4578,413,21,4641000
8131,3298,146,43,278000
8132,296,679,46,318000
8133,1350,257,25,52000
8134,1763,314,64,1996000
8135,71,332,29,295000
8136,3949,276,68,505000
8137,4783,796,5,875000
8138,21,74,73,247000
8139,505,717,68,565000
8140,4174,622,33,494000
8141,465,714,45,1469000
8142,122,248,13,65000
8143,1483,91,72,43000
8144,5000,206,57,268000
8145,2015,2,99,1315000
8146,4074,242,54,1435000
8147,2309,716,16,843000
8148,2921,388,16,530000
8149,4001,174,78,609000
8150,4580,734,52,283000
8151,1347,406,44,378000
8152,2184,715,41,156000
8153,2855,124,79,390000
8154,3362,725,54,40000
8155,1983,244,89,148000
8156,2243,352,42,114000
8157,3307,281,34,716000
8158,1409,237,78,2875000
8159,882,436,19,266000
8160,82,413,71,4545000
8161,2714,340,51,1640000
8162,4216,709,20,2419000
8163,4709,8,59,386000
8164,2149,62,72,797000
8165,1242,292,36,107000
8166,4879,687,41,1890000
8167,4348,467,52,122000
8168,1577,93,69,330000
8169,796,236,46,3445000
8170,2220,681,10,785000
8171,2301,214,87,929000
8172,4964,386,73,204000
8173,450,620,62,1775000
8174,732,226,11,1370000
8175,4148,454,30,903000
8176,3475,671,81,3914000
8177,4290,688,5,691000
8178,4445,795,41,1007000
8179,1811,489,37,2048000
8180,3387,305,83,3581000
8181,3716,578,90,85000
8182,1811,437,36,918000
8183,1395,789,90,2157000
8184,2034,631,9,1274000
8185,2438,555,21,1132000
8186,780,336,63,55000
8187,1268,123,60,581000
8188,2692,592,30,116000
8189,1039,683,63,1061000
8190,2964,693,55,2121000
8191,3300,432,69,303000
8192,3263,303,23,1010000
8193,3967,159,65,795000
8194,2560,781,82,317000
8195,1975,104,43,1114000
8196,835,263,58,763000
8197,3341,35,56,142000
8198,2233,618,12,1161000
8199,1512,742,10,896000
8200,2760,669,93,189000
8201,931,428,99,986000
8202,3577,307,90,317000
8203,4900,303,80,1045000
8204,4489,527,10,714000
8205,119,416,18,860000
8206,1726,380,57,837000
8207,3354,556,22,4632000
8208,4962,586,64,718000
8209,2813,759,67,293000
8210,4602,416,82,836000
8211,4496,614,18,105000
8212,2577,341,36,1874000
8213,1782,266,62,1081000
8214,2848,656,73,2071000
8215,878,682,53,331000
8216,3270,132,43,382000
8217,359,477,98,1256000
8218,3194,25,86,997000
8219,1184,525,74,3646000
8220,1060,171,38,171000
8221,1192,505,75,60000
8222,3502,40,25,89000
8223,1177,161,98,777000
8224,3081,346,69,105000
8225,580,505,50,43000
8226,1413,641,17,701000
8227,335,777,98,971000
8228,3106,261,19,150000
8229,2476,33,23,560000
8230,1976,690,17,325000
8231,1959,369,45,509000
8232,2765,782,96,2755000
8233,729,620,7,1838000
8234,3659,761,77,376000
8235,2890,531,66,2681000
8236,742,231,72,1862000
8237,2621,483,27,528000
8238,3587,241,34,1109000
8239,749,253,50,1024000
8240,2664,681,6,945000
8241,860,60,93,335000
8242,842,796,22,1066000
8243,2726,272,56,138000
8244,4961,217,23,2249000
8245,4549,412,92,282000
8246,686,301,92,603000
8247,4840,420,47,1783000
8248,4929,364,81,199000
8249,1750,472,60,105000
8250,4032,623,14,824000
8251,4032,762,70,161000
8252,63,647,56,19000
8253,2427,329,53,27000
8254,4203,478,89,588000
8255,328,494,20,3912000
8256,4119,15,59,1512000
8257,2507,139,38,4666000
8258,4969,532,62,1495000
8259,4801,111,67,2549000
8260,213,314,69,1931000
8261,4044,269,57,497000
8262,3384,92,73,1435000
8263,3074,13,87,619000
8264,3807,196,62,102000
8265,3313,576,89,204000
8266,1776,471,89,119000
8267,605,153,55,517000
8268,1285,761,86,393000
8269,1616,600,61,771000
8270,3778,274,90,326000
8271,3076,2,91,1249000
8272,3762,728,28,568000
8273,3733,83,28,3040000
8274,1751,126,69,734000
8275,1,217,21,2530000
8276,1182,252,70,511000
8277,923,329,84,26000
8278,1014,220,30,63000
8279,4361,163,66,3455000
8280,2604,402,67,116000
8281,2340,607,92,310000
8282,185,656,56,2466000
8283,104,548,44,534000
8284,1406,692,78,480000
8285,2825,612,17,534000
8286,4392,710,67,3744000
8287,354,743,60,47000
8288,4865,266,93,791000
8289,1344,403,35,174000
8290,3972,125,13,265000
8291,3135,265,55,201000
8292,1525,626,13,938000
8293,1763,661,9,3309000
8294,3153,120,96,137000
8295,1579,429,70,3498000
8296,2872,681,6,1074000
8297,3483,705,66,1217000
8298,4336,742,15,711000
8299,3611,268,75,501000
8300,1696,280,79,384000
8301,4135,23,58,581000
8302,3045,221,88,3663000
8303,1190,60,93,322000
8304,1162,406,59,355000
8305,1598,645,66,2383000
8306,4276,183,52,1219000
8307,3605,579,80,409000
8308,1873,121,83,847000
8309,1141,523,91,2678000
8310,2257,715,100,175000
8311,3938,90,23,1188000
8312,1384,611,74,576000
8313,3646,612,89,555000
8314,2830,322,25,652000
8315,5000,15,25,1463000
8316,842,291,73,124000
8317,2450,132,18,410000
8318,159,41,22,724000
8319,1359,741,27,1359000
8320,360,247,84,1686000
8321,3767,30,75,1507000
8322,1419,227,100,1977000
8323,4933,231,75,1357000
8324,3181,446,14,1319000
8325,1511,409,32,642000
8326,1114,328,43,248000
8327,4392,664,94,142000
8328,673,739,53,79000
8329,130,351,18,57000
8330,2155,186,52,53000
8331,2781,509,13,139000
8332,4109,26,81,101000
8333,232,116,43,4012000
8334,512,521,16,1839000
8335,3477,434,13,2756000
8336,4927,152,88,782000
8337,3853,397,45,1611000
8338,2248,123,22,428000
8339,1826,144,63,1177000
8340,4721,257,62,51000
8341,2141,111,92,2863000
8342,611,684,29,98000
8343,1315,175,12,1605000
8344,2077,510,12,164000
8345,635,374,49,190000
8346,4222,96,64,116000
8347,161,478,73,504000
8348,2625,321,100,1134000
8349,90,178,69,1086000
8350,2533,448,89,71000
8351,2282,356,98,165000
8352,2649,378,51,441000
8353,131,245,16,586000
8354,1870,247,31,1580000
8355,2380,570,67,793000
8356,3652,788,67,826000
8357,2293,361,65,546000
8358,4365,73,82,3018000
8359,1010,42,56,800000
8360,2128,532,66,1571000
8361,582,416,74,1061000
8362,58,347,89,393000
8363,1298,127,77,325000
8364,2071,520,30,1290000
8365,4201,613,31,173000
8366,3135,213,58,739000
8367,1244,146,32,244000
8368,3353,34,16,127000
8369,61,580,59,929000
8370,4571,397,51,1564000
8371,816,580,82,894000
8372,4446,685,62,912000
8373,4640,413,7,5321000
8374,2036,749,63,419000
8375,1535,261,31,166000
8376,143,793,31,87000
8377,3468,282,64,443000
8378,2152,276,6,472000
8379,3197,430,73,1436000
8380,401,697,62,2936000
8381,1700,375,87,3084000
8382,3752,306,41,710000
8383,3839,171,38,239000
8384,3319,14,95,1554000
8385,1468,290,8,130000
8386,1568,185,98,290000
8387,949,763,62,125000
8388,4245,627,21,454000
8389,514,375,85,2982000
8390,4018,785,39,2603000
8391,3660,613,12,151000
8392,2457,496,30,104000
8393,714,475,80,106000
8394,2679,108,59,410000
8395,1597,537,37,376000
8396,2435,370,60,1012000
8397,3002,584,84,1153000
8398,3004,286,46,170000
8399,4482,400,27,1310000
8400,1226,614,40,119000
8401,2593,546,83,1645000
8402,492,270,86,898000
8403,1814,42,65,1054000
8404,4422,210,99,515000
8405,1534,51,26,128000
8406,2804,664,68,100000
8407,2840,594,60,3381000
8408,2747,629,95,2176000
8409,2539,638,6,253000
8410,1454,282,39,420000
8411,3513,141,89,1099000
8412,2200,219,17,841000
8413,1709,195,8,979000
8414,2707,425,16,1544000
8415,2678,670,65,594000
8416,2046,523,27,2773000
8417,2652,374,86,165000
8418,3550,473,98,588000
8419,969,680,36,947000
8420,4257,306,62,735000
8421,3261,367,7,663000
8422,149,771,45,183000
8423,1948,609,72,669000
8424,1523,548,97,460000
8425,1293,751,50,240000
8426,1877,712,13,2628000
8427,2536,497,20,1344000
8428,264,19,51,17000
8429,2805,586,53,935000
8430,4231,563,27,551000
8431,3069,706,26,377000
8432,2445,205,86,4068000
8433,4942,161,61,734000
8434,4339,339,61,2489000
8435,577,412,11,327000
8436,2609,49,82,801000
8437,4570,718,9,185000
8438,4810,108,62,463000
8439,1464,190,56,914000
8440,1962,74,24,265000
8441,2876,742,37,672000
8442,705,213,61,619000
8443,1268,533,17,2127000
8444,2576,86,67,1485000
8445,4364,455,83,107000
8446,562,61,99,124000
8447,1858,91,52,39000
8448,4789,138,33,23000
8449,2046,238,51,631000
8450,946,444,100,39000
8451,2709,166,67,275000
8452,586,728,67,556000
8453,1809,476,79,189000
8454,3727,683,91,1146000
8455,1921,360,48,891000
8456,1069,142,63,652000
8457,4765,627,89,523000
8458,4152,583,65,3589000
8459,4900,373,16,1258000
8460,2080,442,34,1493000
8461,4202,142,28,593000
8462,1978,261,59,180000
8463,127,664,53,128000
8464,3833,673,64,686000
8465,4715,606,7,3040000
8466,576,759,42,314000
8467,3058,684,64,100000
8468,283,110,23,489000
8469,557,415,34,210000
8470,2470,571,94,1245000
8471,3585,151,48,877000
8472,3815,273,72,991000
8473,2894,94,75,706000
8474,2855,136,50,92000
8475,4040,379,42,88000
8476,3561,711,61,1962000
8477,1033,657,12,1726000
8478,2353,223,93,260000
8479,4020,784,40,2761000
8480,3981,46,90,1147000
8481,3240,120,74,120000
8482,1661,399,82,123000
8483,811,617,23,767000
8484,4011,539,29,1581000
8485,2208,280,43,388000
8486,925,224,20,123000
8487,209,522,63,1009000
8488,1554,325,89,729000
8489,1384,555,30,897000
8490,960,458,92,529000
8491,1634,725,98,29000
8492,2843,195,68,737000
8493,4423,704,19,166000
8494,2427,396,48,81000
8495,885,480,99,969000
8496,1758,777,6,990000
8497,3709,590,22,240000
8498,3635,162,58,5016000
8499,3930,476,66,147000
8500,2140,786,40,223000
8501,3464,795,12,1214000
8502,1232,768,44,549000
8503,4255,447,54,1265000
8504,971,688,15,735000
8505,1336,767,59,475000
8506,2638,1,78,1194000
8507,3590,658,35,1279000
8508,396,742,23,816000
8509,841,755,61,71000
8510,729,314,13,2041000
8511,1579,299,19,1001000
8512,4091,354,16,1405000
8513,426,266,13,747000
8514,8,598,73,1022000
8515,1682,270,8,910000
8516,3804,336,64,59000
8517,4967,755,13,78000
8518,1722,746,15,1582000
8519,1815,413,31,4326000
8520,2402,162,24,4083000
8521,3771,42,78,831000
8522,4989,454,88,821000
8523,2199,88,45,1796000
8524,541,558,50,318000
8525,1746,168,17,573000
8526,2256,310,62,3880000
8527,2411,742,36,765000
8528,3461,682,34,242000
8529,4320,514,22,3438000
8530,2277,140,47,4149000
8531,2978,215,72,255000
8532,3590,178,37,805000
8533,4456,131,43,77000
8534,2427,604,90,1062000
8535,1447,241,69,1104000
8536,4032,573,63,261000
8537,406,621,59,956000
8538,1634,359,72,234000
8539,407,226,53,1559000
8540,231,112,99,1873000
8541,2506,375,51,2703000
8542,2448,207,86,1157000
8543,1488,139,27,4470000
8544,1584,376,19,1166000
8545,3353,272,45,162000
8546,2572,226,41,1412000
8547,4898,696,78,551000
8548,1962,119,10,80000
8549,325,59,69,458000
8550,2171,663,58,464000
8551,1782,487,56,4225000
8552,797,290,8,152000
8553,268,743,8,45000
8554,3729,348,6,1516000
8555,2125,465,78,1542000
8556,652,321,61,1029000
8557,2353,229,33,183000
8558,4059,230,30,337000
8559,2577,31,84,1659000
8560,2517,148,90,1283000
8561,4173,713,61,349000
8562,2140,659,73,1106000
8563,1908,683,80,1206000
8564,3858,259,82,1890000
8565,3930,293,5,312000
8566,2087,552,18,1372000
8567,4641,362,9,4031000
8568,4614,546,85,1483000
8569,1591,62,74,861000
8570,534,715,57,161000
8571,3673,781,17,276000
8572,3176,317,10,2668000
8573,769,687,13,1444000
8574,2540,305,56,2874000
8575,59,126,95,788000
8576,978,759,100,229000
8577,3989,729,52,1306000
8578,1067,797,24,2548000
8579,856,674,40,1783000
8580,311,87,51,2810000
8581,3233,416,54,903000
8582,1747,758,80,1474000
8583,4852,404,11,3036000
8584,1674,34,46,114000
8585,4779,761,25,356000
8586,252,560,42,24000
8587,3990,522,20,1237000
8588,90,721,48,358000
8589,3411,66,44,1295000
8590,2674,440,16,284000
8591,899,283,83,430000
8592,680,600,26,830000
8593,4297,504,34,1250000
8594,1913,409,78,692000
8595,2606,785,16,2294000
8596,1628,37,33,341000
8597,1107,417,86,911000
8598,486,361,77,433000
8599,3945,55,75,60000
8600,686,334,15,477000
8601,502,640,35,418000
8602,3466,521,35,1780000
8603,150,421,26,809000
8604,3815,18,34,803000
8605,3119,185,13,392000
8606,1970,442,54,1635000
8607,1977,639,49,292000
8608,3796,205,80,4814000
8609,83,357,74,267000
8610,459,656,52,2596000
8611,3161,116,52,3650000
8612,4050,641,56,999000
8613,2806,110,36,429000
8614,3444,205,29,4251000
8615,4342,392,62,54000
8616,1863,423,57,1253000
8617,4042,582,68,891000
8618,1322,612,65,507000
8619,4094,465,77,1330000
8620,3154,377,29,126000
8621,663,240,20,181000
8622,4521,114,17,456000
8623,3525,384,7,944000
8624,3763,589,30,875000
8625,3142,382,26,430000
8626,3098,641,68,731000
8627,3726,15,33,1606000
8628,1243,54,82,352000
8629,4783,435,43,169000
8630,1157,358,88,1692000
8631,4429,320,38,2638000
8632,3340,157,37,1882000
8633,4022,715,48,129000
8634,2962,45,39,130000
8635,3836,311,6,144000
8636,818,292,27,85000
8637,1858,480,88,1213000
8638,3122,321,11,1199000
8639,2816,101,47,272000
8640,3238,637,78,741000
8641,2847,224,59,141000
8642,3836,228,43,75000
8643,2369,561,59,769000
8644,527,543,27,1070000
8645,3342,757,27,4370000
8646,3630,457,67,1306000
8647,1768,465,5,1354000
8648,1938,29,30,1308000
8649,4079,94,41,681000
8650,530,254,46,1332000
8651,3501,423,63,1046000
8652,4208,747,17,166000
8653,4536,511,89,395000
8654,2044,572,38,1226000
8655,1614,662,63,298000
8656,4535,582,77,702000
8657,4327,383,57,1877000
8658,4413,480,28,1053000
8659,2029,22,67,382000
8660,4196,706,15,363000
8661,1735,660,52,138000
8662,1617,464,55,1376000
8663,45,570,58,717000
8664,2325,454,94,1136000
8665,77,556,30,4105000
8666,158,264,14,903000
8667,4180,277,10,496000
8668,1458,181,30,121000
8669,2240,521,9,1750000
8670,3562,693,31,2258000
8671,2112,627,74,531000
8672,71,413,40,4530000
8673,2241,389,32,199000
8674,1661,279,11,2741000
8675,288,717,36,517000
8676,3323,302,87,568000
8677,422,496,55,140000
8678,1028,248,51,72000
8679,4708,245,71,706000
8680,4444,78,15,358000
8681,2784,460,73,762000
8682,2911,193,75,254000
8683,3002,755,56,80000
8684,2543,547,45,355000
8685,1010,642,41,1193000
8686,2499,141,10,902000
8687,1232,538,49,980000
8688,4630,36,77,1447000
8689,2548,60,19,348000
8690,1476,161,14,714000
8691,853,664,68,142000
8692,2828,783,91,412000
8693,1738,689,87,2416000
8694,4947,254,62,1475000
8695,4280,36,64,1146000
8696,1774,203,81,1770000
8697,3381,525,10,3104000
8698,1023,782,55,3217000
8699,2858,487,10,4471000
8700,3171,173,49,1328000
8701,575,206,77,213000
8702,4997,729,69,1698000
8703,4905,715,20,138000
8704,3825,39,72,210000
8705,32,401,38,46000
8706,306,364,48,190000
8707,3060,750,19,4331000
8708,4256,60,44,284000
8709,1204,401,67,58000
8710,3309,237,71,3726000
8711,862,306,100,676000
8712,4107,41,17,957000
8713,4959,361,69,530000
8714,4487,1,53,1432000
8715,2378,397,6,1765000
8716,14,85,84,26000
8717,3439,441,45,1028000
8718,2500,58,74,4485000
8719,3145,134,70,205000
8720,2978,288,17,115000
8721,1982,141,32,905000
8722,689,368,44,80000
8723,4415,230,82,369000
8724,3084,444,59,42000
8725,3046,442,45,1676000
8726,4529,187,21,26000
8727,3075,8,19,356000
8728,1909,247,72,1447000
8729,1276,547,44,354000
8730,3225,464,14,1598000
8731,749,87,20,2600000
8732,1071,80,67,135000
8733,4369,772,74,279000
8734,4821,27,92,491000
8735,3063,90,70,824000
8736,3255,535,9,462000
8737,1386,347,97,373000
8738,2789,347,100,374000
8739,2891,232,58,999000
8740,3897,248,29,60000
8741,4744,607,18,259000
8742,151,336,85,52000
8743,299,659,38,1074000
8744,3791,160,57,1311000
8745,2289,471,43,125000
8746,3883,28,99,1019000
8747,4796,725,96,37000
8748,2253,3,88,1522000
8749,4502,103,33,1483000
8750,2506,172,15,534000
8751,1903,140,47,4054000
8752,730,458,27,597000
8753,4501,1,84,1130000
8754,4566,534,5,127000
8755,3396,32,81,1133000
8756,3357,513,45,746000
8757,2248,151,12,1065000
8758,1600,5,85,1083000
8759,3733,280,65,490000
8760,520,305,17,3290000
8761,886,384,30,908000
8762,564,435,63,222000
8763,4880,496,17,102000
8764,1328,401,22,56000
8765,4481,389,32,179000
8766,946,349,84,2390000
8767,434,359,15,279000
8768,4211,148,71,1175000
8769,1613,202,41,91000
8770,3421,686,14,478000
8771,3088,616,60,5114000
8772,282,118,51,80000
8773,351,495,22,270000
8774,1673,342,91,844000
8775,4484,412,27,273000
8776,3762,203,72,1938000
8777,4668,39,70,176000
8778,524,118,37,78000
8779,2567,246,81,4347000
8780,4764,34,72,99000
8781,2389,104,54,1209000
8782,3235,757,9,4721000
8783,1820,787,15,1474000
8784,1535,667,8,114000
8785,424,660,92,158000
8786,3883,759,50,310000
8787,3213,64,58,981000
8788,2686,680,98,899000
8789,380,317,89,3573000
8790,125,526,48,66000
8791,825,511,62,350000
8792,1562,330,22,227000
8793,3876,595,92,3489000
8794,1422,25,12,921000
8795,1032,378,46,512000
8796,1271,262,37,1163000
8797,4960,111,47,2013000
8798,1244,214,46,897000
8799,2120,695,10,1013000
8800,4748,89,9,1455000
8801,2202,702,84,1510000
8802,4338,533,97,1715000
8803,3959,318,63,383000
8804,4698,60,73,276000
8805,4712,407,99,1723000
8806,4536,692,64,438000
8807,2333,70,100,1241000
8808,1216,289,27,699000
8809,2650,423,87,1165000
8810,986,555,80,1145000
8811,3204,753,69,349000
8812,1895,239,22,1975000
8813,1489,242,23,1542000
8814,1694,693,11,2032000
8815,3966,112,29,1945000
8816,393,642,31,1027000
8817,3808,794,12,93000
8818,4217,123,88,537000
8819,3382,57,44,348000
8820,3094,248,42,72000
8821,2706,111,63,2051000
8822,3068,451,33,28000
8823,3078,284,70,3312000
8824,767,74,50,221000
8825,321,275,62,5133000
8826,839,111,23,2604000
8827,531,681,29,956000
8828,2465,707,77,370000
8829,3664,336,29,55000
8830,3170,669,51,167000
8831,2212,309,56,86000
8832,2440,410,33,1613000
8833,2008,636,79,451000
8834,4417,451,97,28000
8835,1306,184,73,71000
8836,1513,786,37,161000
8837,2366,544,56,637000
8838,4878,484,53,735000
8839,2043,535,17,481000
8840,573,351,79,53000
8841,2540,390,89,462000
8842,4132,318,90,475000
8843,4412,725,15,37000
8844,3384,442,53,1704000
8845,4594,709,73,2723000
8846,4179,177,92,1042000
8847,4669,573,39,213000
8848,4807,641,16,883000
8849,3534,432,44,314000
8850,2291,337,89,1824000
8851,2706,331,26,237000
8852,1268,268,57,511000
8853,4656,115,40,243000
8854,1243,562,94,55000
8855,3857,276,39,597000
8856,364,433,46,378000
8857,128,381,29,188000
8858,1115,242,53,1462000
8859,69,521,56,1868000
8860,3553,237,68,3822000
8861,899,81,55,3175000
8862,701,529,46,396000
8863,2853,124,23,428000
8864,996,502,97,463000
8865,2975,630,86,2926000
8866,1273,60,81,256000
8867,4306,460,52,676000
8868,2708,121,29,801000
8869,1067,330,99,212000
8870,3472,270,76,812000
8871,245,491,34,131000
8872,137,121,9,941000
8873,1825,11,96,219000
8874,1322,289,13,678000
8875,3314,462,9,341000
8876,389,759,43,298000
8877,199,784,92,3039000
8878,4168,589,64,778000
8879,1467,59,10,514000
8880,428,448,54,67000
8881,4642,290,38,137000
8882,4959,23,58,436000
8883,3878,233,83,3551000
8884,4030,419,22,1114000
8885,2836,772,49,321000
8886,1991,356,86,139000
8887,2415,297,68,221000
8888,4467,611,41,594000
8889,4252,144,22,1223000
8890,2948,69,20,191000
8891,2314,288,64,115000
8892,4029,349,58,2289000
8893,4914,292,79,92000
8894,4373,41,12,758000
8895,236,405,18,1272000
8896,2751,193,16,257000
8897,3798,138,43,23000
8898,2889,115,21,196000
8899,3859,276,28,613000
8900,2549,774,12,3980000
8901,4028,456,6,34000
8902,368,222,69,159000
8903,1266,543,87,832000
8904,448,133,54,1434000
8905,1291,295,20,361000
8906,3940,404,55,4143000
8907,136,288,55,126000
8908,4207,43,68,1146000
8909,3281,40,55,93000
8910,1151,692,41,377000
8911,3687,225,57,1112000
8912,2962,404,51,4048000
8913,509,742,40,829000
8914,1471,740,9,3558000
8915,4750,563,69,419000
8916,2567,114,85,378000
8917,328,216,23,862000
8918,3814,329,76,33000
8919,1802,696,53,433000
8920,1453,259,20,1747000
8921,3702,55,85,79000
8922,238,497,25,1429000
8923,128,31,81,1619000
8924,3406,565,99,290000
8925,4970,665,11,744000
8926,4077,40,44,73000
8927,2801,670,73,520000
8928,3442,387,38,471000
8929,4501,242,59,1406000
8930,2814,205,56,4122000
8931,3825,48,43,4066000
8932,3964,460,27,600000
8933,1422,786,94,211000
8934,1936,776,94,47000
8935,4406,272,34,164000
8936,433,793,63,94000
8937,3423,305,9,2961000
8938,3407,436,29,295000
8939,232,16,75,538000
8940,4473,353,57,474000
8941,4201,444,41,44000
8942,3017,394,85,375000
8943,3064,737,9,1909000
8944,1676,200,26,834000
8945,2237,312,87,1189000
8946,3279,192,28,1339000
8947,4990,716,65,802000
8948,4195,432,43,332000
8949,2586,6,63,879000
8950,1666,338,43,525000
8951,2014,551,44,41000
8952,4799,4,10,3162000
8953,4013,11,74,281000
8954,1807,120,57,163000
8955,2535,791,91,4272000
8956,3846,604,49,860000
8957,1952,155,31,1526000
8958,4259,497,93,1792000
8959,2571,485,74,377000
8960,3299,230,76,298000
8961,2252,638,83,227000
8962,4338,275,77,4189000
8963,4143,498,43,138000
8964,1863,538,27,927000
8965,2285,494,15,2962000
8966,211,365,5,1558000
8967,4745,239,20,1726000
8968,3836,358,26,1587000
8969,4378,640,8,380000
8970,4980,702,32,1554000
8971,1055,279,86,3240000
8972,4466,238,79,700000
8973,2993,67,99,895000
8974,2938,551,69,37000
8975,2887,622,44,536000
8976,2024,413,73,5043000
8977,1110,221,48,3538000
8978,1064,469,53,1633000
8979,3809,42,43,1119000
8980,3238,521,58,1895000
8981,343,260,75,73000
8982,141,716,21,991000
8983,2593,167,10,49000
8984,3571,29,13,1016000
8985,1353,222,50,129000
8986,3217,738,91,1371000
8987,4569,367,26,597000
8988,2303,629,18,2135000
8989,4355,473,11,832000
8990,3519,528,46,1421000
8991,1391,204,70,506000
8992,4587,761,75,288000
8993,2728,225,78,1320000
8994,3144,419,33,1135000
8995,4662,708,29,3630000
8996,25,407,37,1490000
8997,1058,309,58,75000
8998,2188,633,78,282000
8999,48,456,50,33000
9000,1054,111,26,2062000
9001,2628,61,38,113000
9002,4514,491,64,142000
9003,4856,754,97,341000
9004,3150,674,57,2206000
9005,4971,563,99,478000
9006,2929,111,98,2929000
9007,2809,176,61,432000
9008,2834,381,78,208000
9009,919,337,90,1679000
9010,4644,477,59,977000
9011,3962,753,61,312000
9012,2004,467,43,91000
9013,2214,193,92,307000
9014,1716,748,96,414000
9015,552,375,5,2566000
9016,2892,147,100,2205000
9017,2391,197,65,1153000
9018,1082,111,55,2690000
9019,4036,449,100,106000
9020,300,354,19,1557000
9021,2303,783,95,331000
9022,2975,415,41,227000
9023,2866,156,29,631000
9024,4901,797,10,2416000
9025,2120,597,45,1852000
9026,3219,769,53,38000
9027,675,18,14,839000
9028,4681,439,36,1744000
9029,3637,420,43,2441000
9030,1613,345,28,1477000
9031,3284,85,16,21000
9032,1189,752,66,267000
9033,3015,455,65,82000
9034,3799,642,11,1050000
9035,1298,232,8,933000
9036,4295,771,92,229000
9037,4532,234,78,2923000
9038,3329,86,57,1426000
9039,3185,42,80,957000
9040,4514,462,40,409000
9041,3688,367,81,615000
9042,1104,601,97,1497000
9043,4050,162,40,3710000
9044,4758,277,79,415000
9045,586,771,86,229000
9046,3878,103,10,1566000
9047,4934,718,85,213000
9048,4693,592,32,102000
9049,4459,498,92,198000
9050,2958,638,61,248000
9051,4379,160,7,1727000
9052,89,622,5,412000
9053,4619,399,55,133000
9054,1495,166,76,351000
9055,1208,330,20,211000
9056,2347,677,100,5049000
9057,2526,500,34,34000
9058,1261,171,82,232000
9059,1989,720,23,1747000
9060,684,222,98,108000
9061,1405,150,65,1941000
9062,3049,752,67,287000
9063,1939,465,37,1595000
9064,908,330,58,176000
9065,4212,227,60,2111000
9066,554,149,70,1779000
9067,2676,716,91,801000
9068,4546,334,74,410000
9069,608,599,52,2358000
9070,4201,479,58,527000
9071,1978,538,96,827000
9072,2020,544,91,489000
9073,2175,572,43,1237000
9074,349,130,83,3125000
9075,1683,500,51,34000
9076,4930,790,9,292000
9077,1419,554,35,504000
9078,2893,261,72,167000
9079,1840,679,26,454000
9080,4805,725,40,38000
9081,221,260,10,65000
9082,4525,183,75,1232000
9083,372,287,30,861000
9084,3671,585,51,1188000
9085,1178,65,67,969000
9086,4941,689,8,1989000
9087,1404,662,90,334000
9088,4972,295,48,435000
9089,2645,381,91,182000
9090,891,114,96,356000
9091,1565,173,10,1256000
9092,4359,412,100,357000
9093,3298,134,6,229000
9094,3107,740,65,4640000
9095,3238,225,57,1509000
9096,3087,650,89,1020000
9097,3262,323,61,1174000
9098,3542,587,89,2963000
9099,856,315,72,285000
9100,2144,391,57,59000
9101,3547,556,71,3320000
9102,1539,217,34,2267000
9103,3115,158,86,56000
9104,1669,484,66,959000
9105,4503,118,28,78000
9106,1504,496,14,120000
9107,2366,393,95,2098000
9108,1190,169,19,122000
9109,1853,47,79,61000
9110,2839,398,37,1414000
9111,1094,200,51,968000
9112,4904,641,98,819000
9113,2469,64,65,1026000
9114,3630,64,34,1044000
9115,1985,269,23,548000
9116,2003,780,93,1293000
9117,389,190,38,1094000
9118,4786,692,14,466000
9119,4354,587,21,2694000
9120,1212,256,45,248000
9121,1607,501,29,1875000
9122,4829,306,40,686000
9123,323,445,55,162000
9124,1741,4,41,2803000
9125,4338,237,77,3499000
9126,3416,472,55,106000
9127,3514,67,23,1142000
9128,3158,242,51,1217000
9129,3956,511,43,510000
9130,4251,445,68,125000
9131,440,352,75,155000
9132,2946,653,73,451000
9133,1047,520,40,1278000
9134,4023,498,15,198000
9135,4359,781,25,320000
9136,2288,576,26,162000
9137,498,497,98,1628000
9138,3697,3,74,1216000
9139,2912,235,67,427000
9140,4181,431,58,171000
9141,3776,740,35,3799000
9142,4611,35,69,122000
9143,4423,508,38,1133000
9144,1904,693,41,2210000
9145,4494,765,70,151000
9146,558,248,44,72000
9147,3307,99,13,114000
9148,4717,772,77,319000
9149,3736,317,49,2819000
9150,590,422,35,239000
9151,3233,484,100,746000
9152,191,87,37,2848000
9153,4274,717,31,552000
9154,1009,26,14,100000
9155,3314,142,12,656000
9156,3286,611,64,615000
9157,1459,132,68,301000
9158,3503,427,64,53000
9159,4211,47,88,79000
9160,875,636,5,477000
9161,128,350,55,107000
9162,2171,219,11,946000
9163,253,40,58,78000
9164,201,6,17,1218000
9165,216,250,88,244000
9166,4384,11,82,261000
9167,1643,659,48,1165000
9168,1791,510,5,116000
9169,3707,239,34,2147000
9170,653,664,51,130000
9171,992,63,65,103000
9172,3786,492,58,240000
9173,3825,733,59,1563000
9174,1442,149,5,1690000
9175,3393,781,73,334000
9176,289,736,95,388000
9177,492,599,29,1954000
9178,4389,289,55,669000
9179,3856,336,86,55000
9180,969,608,34,46000
9181,4557,513,52,760000
9182,2988,560,41,26000
9183,2831,768,82,444000
9184,14,525,91,3513000
9185,1249,400,31,1090000
9186,1492,650,98,821000
9187,2171,550,17,125000
9188,2988,371,52,966000
9189,3618,118,37,82000
9190,4020,781,84,384000
9191,1558,596,68,221000
9192,2846,426,50,462000
9193,920,757,27,4381000
9194,1940,770,60,455000
9195,513,451,89,23000
9196,1019,10,47,3745000
9197,2710,397,46,1455000
9198,3893,601,95,1239000
9199,3723,747,53,166000
9200,3541,776,99,55000
9201,1888,591,23,1508000
9202,787,796,40,1123000
9203,3722,674,98,2091000
9204,1829,288,7,133000
9205,274,737,61,1534000
9206,4184,199,64,103000
9207,3556,737,38,1938000
9208,4309,642,5,897000
9209,2988,515,31,1599000
9210,4976,512,65,48000
9211,3644,608,19,42000
9212,1615,514,20,3089000
9213,1041,599,19,2281000
9214,3413,766,80,1038000
9215,3730,243,55,928000
9216,4865,65,42,697000
9217,530,16,15,653000
9218,3805,692,60,378000
9219,3082,695,64,957000
9220,3261,113,69,572000
9221,4977,750,26,4723000
9222,2896,692,65,504000
9223,2517,364,37,187000
9224,3676,368,85,72000
9225,2736,7,35,840000
9226,47,284,17,3227000
9227,3520,546,79,1674000
9228,2182,63,50,123000
9229,2430,144,59,935000
9230,4266,271,28,1252000
9231,2461,43,13,1286000
9232,498,274,87,339000
9233,2978,656,40,2420000
9234,667,403,82,142000
9235,2309,558,44,413000
9236,1216,45,37,166000
9237,4286,34,61,114000
9238,1080,648,11,27000
9239,1420,689,14,2215000
9240,1295,523,8,3321000
9241,314,531,60,2939000
9242,1549,407,84,1999000
9243,3145,70,66,1241000
9244,41,80,24,127000
9245,4841,70,29,1353000
9246,1979,383,47,1764000
9247,3670,37,76,348000
9248,1546,759,37,300000
9249,1360,572,13,1045000
9250,2643,111,75,2027000
9251,3891,207,97,1172000
9252,1492,198,85,779000
9253,776,558,98,329000
9254,4889,399,36,142000
9255,3355,624,51,127000
9256,2313,645,71,1814000
9257,3592,740,67,3658000
9258,2511,98,74,2858000
9259,319,340,97,1308000
9260,58,280,60,376000
9261,1665,273,92,1340000
9262,4379,458,31,467000
9263,1105,233,48,3887000
9264,3734,306,55,789000
9265,1543,163,51,3838000
9266,1206,93,40,257000
9267,249,792,79,2953000
9268,2305,785,60,2771000
9269,35,67,63,977000
9270,1040,175,52,1889000
9271,3175,486,95,1844000
9272,2166,668,26,2003000
9273,2656,380,23,1015000
9274,236,54,53,270000
9275,4239,172,93,495000
9276,4534,618,68,1290000
9277,32,320,82,2709000
9278,2756,490,84,384000
9279,3581,458,36,456000
9280,2772,62,35,759000
9281,2693,384,72,1017000
9282,814,435,27,175000
9283,3308,448,87,60000
9284,4323,219,32,833000
9285,590,793,95,102000
9286,4844,274,71,418000
9287,3748,449,97,107000
9288,2716,202,69,91000
9289,3770,323,12,816000
9290,588,729,46,1437000
9291,4598,38,55,265000
9292,314,139,58,4751000
9293,2691,558,86,344000
9294,1588,512,58,47000
9295,3300,168,17,553000
9296,2496,326,13,23000
9297,1280,102,15,61000
9298,1344,14,18,1285000
9299,4123,733,11,1594000
9300,168,700,21,128000
9301,1013,340,64,1857000
9302,4565,143,10,481000
9303,4253,349,18,2883000
9304,3134,70,88,1550000
9305,3541,438,35,262000
9306,734,662,35,302000
9307,3654,149,48,1353000
9308,2134,289,47,506000
9309,1434,41,55,969000
9310,2523,446,19,978000
9311,1999,627,54,485000
9312,1939,587,44,2663000
9313,2016,458,81,517000
9314,682,78,13,345000
9315,1227,371,79,903000
9316,1586,370,41,1057000
9317,1075,357,51,316000
9318,3341,761,86,302000
9319,297,545,5,1033000
9320,1214,226,24,1471000
9321,3657,12,60,185000
9322,1666,471,86,110000
9323,4222,146,49,250000
9324,4855,423,84,938000
9325,133,554,5,451000
9326,2949,720,46,1599000
9327,4432,771,80,217000
9328,3358,754,75,342000
9329,1526,619,43,1733000
9330,2538,257,54,52000
9331,4824,422,30,191000
9332,1242,133,21,1505000
9333,92,48,64,4536000
9334,4993,692,18,496000
9335,558,618,100,1556000
9336,2642,18,64,651000
9337,1461,3,42,1378000
9338,4463,414,17,232000
9339,821,320,75,2613000
9340,858,417,50,955000
9341,1419,265,71,212000
9342,4161,641,23,900000
9343,4886,140,40,4156000
9344,823,342,8,1045000
9345,2806,380,10,954000
9346,3565,256,12,224000
9347,4360,86,13,1501000
9348,2559,325,43,666000
9349,976,554,57,562000
9350,2504,545,89,988000
9351,106,471,98,111000
9352,1940,491,30,123000
9353,770,218,54,900000
9354,4334,784,95,2512000
9355,1115,427,17,43000
9356,604,407,49,1963000
9357,4016,64,47,1279000
9358,3942,332,47,336000
9359,548,558,95,369000
9360,4096,505,30,48000
9361,25,35,55,164000
9362,3311,60,53,267000
9363,4292,643,77,98000
9364,4175,520,7,1615000
9365,3393,141,87,828000
9366,1543,490,22,380000
9367,3977,791,68,3444000
9368,3612,593,38,276000
9369,1560,129,81,200000
9370,2568,444,71,45000
9371,3224,39,33,223000
9372,4431,235,42,422000
9373,1598,563,77,575000
9374,2061,504,11,1093000
9375,2967,127,45,346000
9376,3278,25,64,1128000
9377,3575,614,60,122000
9378,4722,552,23,1434000
9379,2646,796,56,847000
9380,1827,472,88,118000
9381,2155,4,46,2924000
9382,4097,615,36,48000
9383,4766,281,83,748000
9384,4064,275,37,4910000
9385,3804,398,86,1059000
9386,4404,767,64,378000
9387,370,177,7,1102000
9388,1830,260,53,80000
9389,3202,531,92,3181000
9390,4837,41,84,841000
9391,4006,553,6,1711000
9392,1255,580,11,955000
9393,456,556,47,3306000
9394,4605,507,100,53000
9395,12,774,18,4720000
9396,4589,59,99,408000
9397,848,466,58,619000
9398,2138,721,88,431000
9399,1748,647,35,19000
9400,4237,348,58,1456000
9401,1791,621,69,740000
9402,128,48,85,4470000
9403,2905,239,37,2221000
9404,409,11,38,284000
9405,969,108,51,446000
9406,4308,436,8,279000
9407,1340,158,99,66000
9408,1780,237,78,3613000
9409,85,760,8,1063000
9410,472,783,22,340000
9411,2192,602,91,1996000
9412,2492,740,21,4679000
9413,425,498,99,192000
9414,2743,484,28,968000
9415,3223,608,35,48000
9416,2833,2,98,1457000
9417,162,727,64,182000
9418,4309,182,32,1613000
9419,4837,161,98,685000
9420,2604,752,62,274000
9421,1832,726,33,283000
9422,2484,392,72,55000
9423,4851,526,51,61000
9424,1010,263,92,789000
9425,986,749,44,440000
9426,67,235,66,473000
9427,2349,288,50,136000
9428,168,793,45,99000
9429,3754,678,12,1180000
9430,1222,288,16,110000
9431,3968,200,16,937000
9432,20,601,85,1680000
9433,1590,153,12,554000
9434,3970,753,40,372000
9435,4712,326,70,17000
9436,1356,239,77,2261000
9437,1280,746,21,1491000
9438,1066,165,7,1056000
9439,1531,577,89,141000
9440,1268,219,55,772000
9441,3446,152,95,549000
9442,4362,517,62,890000
9443,1134,100,43,410000
9444,504,354,66,1489000
9445,3796,362,53,3720000
9446,50,623,9,1012000
9447,3188,256,96,243000
9448,842,56,42,1040000
9449,1692,526,55,82000
9450,2927,769,49,37000
9451,2794,556,28,3470000
9452,1980,558,6,333000
9453,2495,474,69,1866000
9454,2629,472,23,102000
9455,4598,97,63,125000
9456,3866,474,64,2188000
9457,2589,280,10,428000
9458,1089,450,30,2341000
9459,1072,63,57,112000
9460,963,26,84,85000
9461,4117,769,32,33000
9462,1617,549,99,1649000
9463,4202,448,40,79000
9464,1353,145,6,1246000
9465,4991,355,34,421000
9466,4455,621,60,766000
9467,3483,701,82,2837000
9468,1508,231,76,1812000
9469,1144,220,60,50000
9470,3835,770,93,414000
9471,117,532,76,1408000
9472,1656,270,83,1073000
9473,4899,318,93,360000
9474,3301,362,36,3569000
9475,3218,324,57,2689000
9476,299,539,70,1698000
9477,4811,71,88,758000
9478,1460,139,97,4510000
9479,3159,769,20,28000
9480,1357,392,64,45000
9481,2746,467,81,91000
9482,2544,226,48,1330000
9483,1129,799,58,253000
9484,4468,5,10,980000
9485,2383,199,57,132000
9486,2848,492,15,238000
9487,3177,732,61,204000
9488,1989,797,94,2224000
9489,1093,249,38,184000
9490,318,623,90,866000
9491,4178,149,80,1682000
9492,3290,455,61,106000
9493,2354,605,84,1318000
9494,2080,493,9,2811000
9495,4485,54,86,300000
9496,3266,586,91,806000
9497,952,165,21,1143000
9498,1825,233,82,4334000
9499,4792,645,20,1985000
9500,1219,647,75,17000
9501,1283,782,46,3117000
9502,1473,594,55,3008000
9503,4415,349,20,3218000
9504,738,243,94,1228000
9505,4954,352,62,128000
9506,2246,230,76,303000
9507,1674,280,100,414000
9508,2476,655,41,1062000
9509,4624,495,81,305000
9510,3397,709,74,2515000
9511,4481,554,76,493000
9512,906,292,16,80000
9513,3585,180,75,3602000
9514,4698,313,27,84000
9515,3646,105,26,1603000
9516,1349,591,75,1607000
9517,745,652,13,1009000
9518,4238,625,36,313000
9519,4405,689,81,1971000
9520,2086,742,6,664000
9521,4824,52,40,310000
9522,4931,64,83,1142000
9523,3062,376,12,1063000
9524,103,800,79,89000
9525,4893,478,54,584000
9526,1425,247,70,1455000
9527,2073,677,29,4105000
9528,1001,762,41,160000
9529,4008,506,27,126000
9530,2248,617,29,785000
9531,1916,136,64,123000
9532,2991,102,15,61000
9533,457,115,12,235000
9534,4097,480,50,1204000
9535,1398,50,29,1652000
9536,2340,705,84,1104000
9537,3945,445,34,136000
9538,112,264,82,690000
9539,3519,75,37,2148000
9540,4682,789,60,2174000
9541,1774,593,67,272000
9542,834,623,33,899000
9543,4652,456,6,42000
9544,1464,377,49,116000
9545,1880,349,16,3188000
9546,304,613,36,202000
9547,1177,689,100,2065000
9548,4046,162,67,4849000
9549,2864,798,27,70000
9550,4959,687,94,1756000
9551,3149,268,62,463000
9552,204,280,65,340000
9553,1741,168,62,432000
9554,2202,595,49,3272000
9555,4406,727,19,160000
9556,667,633,27,257000
9557,4413,317,25,3606000
9558,1417,285,72,2856000
9559,4147,752,87,272000
9560,4972,324,40,2479000
9561,3150,126,6,977000
9562,3458,580,59,772000
9563,2786,354,31,1220000
9564,453,317,81,2579000
9565,165,52,47,326000
9566,4804,610,67,2805000
9567,2810,690,50,404000
9568,4694,679,74,384000
9569,1529,242,33,1300000
9570,3028,445,79,148000
9571,2265,559,36,521000
9572,4535,708,31,2740000
9573,3451,154,82,1089000
9574,26,724,89,756000
9575,4250,298,44,254000
9576,2485,66,66,1259000
9577,2550,278,37,1753000
9578,3430,509,60,137000
9579,4088,412,87,270000
9580,1444,736,33,392000
9581,393,298,34,304000
9582,886,88,87,1448000
9583,2677,395,90,2164000
9584,956,675,99,479000
9585,448,362,67,3097000
9586,487,260,73,89000
9587,1807,150,48,1471000
9588,3316,120,97,170000
9589,4452,273,63,1135000
9590,4960,418,38,313000
9591,2079,190,72,1156000
9592,4585,627,78,503000
9593,2064,77,68,13000
9594,2574,737,76,1414000
9595,2175,73,70,3626000
9596,3890,705,15,1526000
9597,947,350,95,114000
9598,4303,573,81,275000
9599,3487,314,81,2098000
9600,1663,94,46,565000
9601,4744,417,23,927000
9602,3847,618,82,1196000
9603,2011,164,48,922000
9604,2775,618,28,1447000
9605,4045,446,38,1242000
9606,1043,309,81,75000
9607,3925,67,93,852000
9608,644,123,52,535000
9609,3881,343,82,1475000
9610,13,532,28,1846000
9611,2619,479,80,581000
9612,1779,305,58,3168000
9613,3250,166,50,256000
9614,574,295,37,342000
9615,2825,317,52,3233000
9616,4371,620,7,1804000
9617,461,137,15,259000
9618,2365,34,89,104000
9619,3061,417,13,793000
9620,2639,519,77,536000
9621,2618,297,46,212000
9622,3794,576,96,204000
9623,935,602,74,1888000
9624,1447,53,52,1361000
9625,4933,790,86,237000
9626,2855,541,44,185000
9627,1250,329,84,25000
9628,4430,473,29,673000
9629,513,130,91,2647000
9630,1796,664,84,102000
9631,3479,86,64,1833000
9632,2099,420,87,2250000
9633,3108,67,35,1193000
9634,1346,151,74,930000
9635,3931,336,49,57000
9636,4430,562,70,52000
9637,1598,745,34,565000
9638,3117,301,37,639000
9639,409,764,93,239000
9640,4834,97,61,130000
9641,1762,372,57,341000
9642,3832,115,43,230000
9643,4613,207,76,1265000
9644,3487,20,62,919000
9645,1550,37,7,323000
9646,4335,730,100,68000
9647,789,104,75,905000
9648,2091,487,48,3738000
9649,300,385,80,2970000
9650,2554,717,27,587000
9651,2521,273,53,1329000
9652,2931,787,75,1035000
9653,338,604,48,1072000
9654,2352,34,56,132000
9655,2549,429,15,3370000
9656,347,406,100,440000
9657,4473,332,81,295000
9658,4583,358,34,1789000
9659,3485,711,58,2568000
9660,742,104,54,891000
9661,920,205,19,3317000
9662,157,221,18,3573000
9663,4271,251,84,2046000
9664,482,58,59,4054000
9665,2992,329,36,33000
9666,2549,730,31,61000
9667,756,424,30,1862000
9668,1947,80,86,145000
9669,4294,537,29,405000
9670,2728,524,62,886000
9671,740,27,38,396000
9672,3500,631,49,1102000
9673,1039,461,15,2014000
9674,964,380,58,1021000
9675,4338,365,5,1644000
9676,4053,346,15,109000
9677,219,355,64,430000
9678,926,743,91,47000
9679,977,747,40,212000
9680,3144,749,31,447000
9681,98,463,60,3049000
9682,2950,98,82,3192000
9683,3876,528,42,1251000
9684,1953,304,90,115000
9685,1486,583,87,4200000
9686,2839,474,39,2441000
9687,2489,529,99,319000
9688,2410,275,38,4266000
9689,3644,33,91,431000
9690,2827,730,83,73000
9691,4375,542,14,970000
9692,468,287,19,954000
9693,2313,263,83,881000
9694,2300,715,52,144000
9695,269,323,48,860000
9696,494,665,69,923000
9697,2069,78,41,256000
9698,3582,688,28,775000
9699,448,779,72,911000
9700,1476,317,14,2965000
9701,3408,115,19,221000
9702,3467,768,68,539000
9703,1891,677,88,4992000
9704,2846,73,46,2812000
9705,1372,672,24,1393000
9706,2647,300,91,300000
9707,4795,366,87,490000
9708,1933,658,47,1190000
9709,3998,712,26,3446000
9710,2434,687,56,1837000
9711,2804,752,56,289000
9712,3945,753,12,299000
9713,3702,93,42,326000
9714,4682,777,13,911000
9715,1716,268,38,521000
9716,2126,531,34,2891000
9717,2715,291,19,111000
9718,4044,336,100,46000
9719,1151,770,11,438000
9720,2707,34,8,144000
9721,485,656,87,1892000
9722,1643,540,65,205000
9723,2604,155,95,1759000
9724,176,397,61,2022000
9725,3081,603,22,317000
9726,2582,23,98,612000
9727,4079,577,72,118000
9728,4376,775,82,803000
9729,4904,42,74,1113000
9730,4716,653,97,594000
9731,1008,447,50,1770000
9732,2356,540,53,178000
9733,3833,416,44,964000
9734,2291,492,29,222000
9735,453,263,84,817000
9736,4183,356,82,148000
9737,3427,379,50,102000
9738,2250,464,41,1408000
9739,996,403,92,125000
9740,1381,260,72,72000
9741,3686,783,18,340000
9742,2134,32,66,1066000
9743,4636,453,24,721000
9744,3405,143,21,383000
9745,4551,203,10,1424000
9746,231,523,64,2873000
9747,1499,415,37,211000
9748,1129,747,60,174000
9749,882,364,84,164000
9750,1995,127,95,318000
9751,1710,606,40,4435000
9752,1168,90,38,1126000
9753,71,423,56,1096000
9754,10,428,7,1082000
9755,3329,155,83,1336000
9756,2403,164,86,871000
9757,4311,710,54,3584000
9758,1280,646,41,2397000
9759,3573,505,84,44000
9760,4981,42,17,1129000
9761,4429,50,25,1846000
9762,4843,346,72,123000
9763,1801,703,61,2166000
9764,156,323,63,1086000
9765,1429,325,80,832000
9766,4343,70,90,1394000
9767,1792,250,68,219000
9768,1695,713,18,249000
9769,413,638,66,218000
9770,2992,601,70,1646000
9771,3374,623,10,953000
9772,2595,528,63,1524000
9773,57,393,75,2659000
9774,2633,341,18,1817000
9775,4882,714,40,1233000
9776,970,496,74,123000
9777,2409,104,71,849000
9778,4159,710,9,3538000
9779,4933,217,85,2060000
9780,1569,637,14,826000
9781,1167,291,42,141000
9782,3694,171,25,196000
9783,3141,314,42,1545000
9784,3167,87,34,2569000
9785,1472,723,64,22000
9786,3103,105,8,1886000
9787,4667,256,10,223000
9788,1803,38,24,217000
9789,2180,772,89,316000
9790,4962,309,53,91000
9791,862,488,20,599000
9792,921,203,38,1532000
9793,3500,605,34,1415000
9794,3789,55,55,79000
9795,3576,587,9,3134000
9796,1007,452,19,166000
9797,227,297,92,253000
9798,397,34,49,129000
9799,3651,230,71,353000
9800,3077,798,23,93000
9801,1834,161,86,692000
9802,89,136,8,108000
9803,4929,337,53,2010000
9804,1465,590,67,260000
9805,1047,485,78,486000
9806,1514,501,90,2450000
9807,998,356,32,143000
9808,2307,491,72,148000
9809,3265,211,66,143000
9810,405,191,69,1266000
9811,2997,705,38,1446000
9812,1414,259,25,1497000
9813,1243,314,72,1702000
9814,1882,233,69,3317000
9815,2451,608,40,36000
9816,162,97,80,106000
9817,2909,708,39,3569000
9818,852,274,54,332000
9819,1202,9,76,161000
9820,3642,408,57,1432000
9821,2123,243,75,1207000
9822,62,391,60,75000
9823,4899,89,66,1439000
9824,4257,739,66,73000
9825,4188,707,68,503000
9826,4848,435,73,248000
9827,1686,187,32,28000
9828,145,643,86,111000
9829,3683,441,23,1129000
9830,3821,539,33,1473000
9831,578,459,15,183000
9832,385,290,20,149000
9833,4280,484,86,885000
9834,388,233,60,3841000
9835,2046,589,39,766000
9836,14,694,81,98000
9837,468,571,59,1354000
9838,3125,784,18,2350000
9839,3762,784,70,2376000
9840,220,357,78,242000
9841,4427,368,17,80000
9842,4228,434,40,2233000
9843,2783,258,71,780000
9844,1520,732,6,250000
9845,2502,136,13,102000
9846,3893,425,55,2167000
9847,3348,298,88,321000
9848,1111,407,42,1906000
9849,4866,319,54,349000
9850,4933,450,51,2490000
9851,1043,384,12,1112000
9852,4355,676,16,2291000
9853,3995,169,88,115000
9854,1496,657,91,1957000
9855,3253,1,59,1467000
9856,799,159,45,828000
9857,1756,791,46,3618000
9858,4944,383,57,1735000
9859,3061,78,74,257000
9860,2503,454,63,1098000
9861,4414,173,76,1299000
9862,1297,302,70,506000
9863,4905,138,51,19000
9864,3025,302,44,468000
9865,4769,161,23,817000
9866,1490,669,51,207000
9867,3198,317,15,3366000
9868,4646,745,35,568000
9869,2578,410,55,1325000
9870,2124,162,77,4102000
9871,1286,396,5,97000
9872,3588,438,17,327000
9873,508,363,63,813000
9874,1195,697,67,2080000
9875,2712,99,35,119000
9876,4913,548,32,578000
9877,2767,112,29,1735000
9878,3923,589,89,851000
9879,887,648,33,31000
9880,3268,130,14,2693000
9881,644,46,94,1107000
9882,2748,30,60,1523000
9883,232,636,74,502000
9884,4349,386,32,189000
9885,3578,774,52,4146000
9886,3014,510,66,160000
9887,2590,121,17,727000
9888,4553,294,38,281000
9889,4866,190,11,922000
9890,2333,477,96,878000
9891,1592,769,98,31000
9892,4405,458,84,446000
9893,4885,634,38,1670000
9894,2725,212,46,269000
9895,4888,158,67,62000
9896,2702,259,5,2145000
9897,425,7,42,836000
9898,1280,527,97,612000
9899,3546,585,88,1010000
9900,521,640,74,327000
9901,1238,702,65,1584000
9902,2033,504,8,1013000
9903,472,463,30,2499000
9904,2612,377,34,101000
9905,704,529,64,322000
9906,3299,221,70,4578000
9907,1891,465,55,1106000
9908,2774,312,53,1126000
9909,1295,235,29,466000
9910,1272,162,56,5032000
9911,3282,462,15,451000
9912,2950,248,12,58000
9913,3190,149,33,1775000
9914,2340,238,39,552000
9915,3026,394,75,401000
9916,2649,301,68,687000
9917,2050,628,43,1509000
9918,4066,732,53,286000
9919,598,399,14,169000
9920,2220,615,92,55000
9921,4660,558,68,334000
9922,842,184,7,58000
9923,1185,644,92,49000
9924,2817,795,5,1222000
9925,196,173,68,1388000
9926,4458,420,54,2370000
9927,483,636,13,512000
9928,3512,26,81,88000
9929,3254,363,96,1119000
9930,1854,512,28,48000
9931,4461,390,47,452000
9932,3965,38,24,264000
9933,4758,663,70,597000
9934,801,248,75,72000
9935,120,738,25,1510000
9936,4376,768,26,459000
9937,4713,203,92,1496000
9938,3407,130,90,2340000
9939,3730,738,37,1736000
9940,2017,483,52,601000
9941,4696,508,73,1118000
9942,4053,358,64,1422000
9943,961,769,73,32000
9944,2312,208,72,1514000
9945,4741,319,89,384000
9946,1533,731,67,25000
9947,1175,268,67,556000
9948,3313,743,22,50000
9949,381,737,74,1671000
9950,366,666,30,603000
9951,212,192,24,1677000
9952,4310,61,40,94000
9953,3595,442,41,1651000
9954,3103,432,74,323000
9955,3143,441,50,1220000
9956,1514,409,56,664000
9957,30,702,84,1471000
9958,1505,779,38,740000
9959,3062,381,17,165000
9960,4223,268,21,527000
9961,3504,607,61,309000
9962,1375,759,41,329000
9963,3106,590,15,297000
9964,3489,182,42,1294000
9965,2424,318,70,441000
9966,4766,23,89,462000
9967,713,321,13,1336000
9968,1802,419,46,970000
9969,3674,667,42,102000
9970,3657,125,81,226000
9971,2033,593,16,353000
9972,1053,678,87,1057000
9973,180,514,76,3330000
9974,1243,248,12,70000
9975,2538,576,93,156000
9976,3273,675,65,562000
9977,708,244,92,131000
9978,2696,720,90,1496000
9979,3029,795,6,1036000
9980,1903,141,49,901000
9981,414,667,58,139000
9982,1311,507,68,60000
9983,552,532,60,1631000
9984,3737,258,25,724000
9985,599,799,23,187000
9986,2094,778,37,4079000
9987,740,381,62,161000
9988,1304,664,13,99000
9989,4118,47,76,85000
9990,1404,65,56,821000
9991,1613,559,93,399000
9992,2463,755,62,76000
9993,858,358,57,1821000
9994,2464,291,16,130000
9995,2782,474,14,1887000
9996,4421,194,8,118000
9997,4015,790,63,304000
9998,3372,167,35,41000
9999,101,764,28,267000
10000,2701,475,20,99000
10001,4133,738,57,1638000
10002,828,348,29,1274000
10003,1484,766,36,1227000
10004,4803,127,88,379000
10005,4317,94,73,734000
10006,1384,678,83,1365000
10007,562,413,27,5153000
10008,2398,663,19,648000
10009,3351,508,79,1366000
10010,1866,536,97,134000
10011,710,87,86,3405000
10012,2962,746,56,1383000
10013,4348,500,48,38000
10014,1172,548,87,530000
10015,2088,36,78,1648000
10016,355,377,89,102000
10017,2704,279,5,3480000
10018,3988,177,61,1083000
10019,2348,706,42,277000
10020,836,765,27,177000
10021,4253,94,11,698000
10022,4901,179,66,585000
10023,3327,559,90,504000
10024,305,69,55,194000
10025,4008,700,68,124000
10026,4753,579,40,330000
10027,1973,110,99,362000
10028,617,422,13,199000
10029,305,347,99,456000
10030,571,528,98,1725000
10031,4425,256,15,206000
10032,2368,671,92,4540000
10033,2683,448,93,62000
10034,3892,341,84,1713000
10035,4520,727,99,168000
10036,381,688,85,678000
10037,2497,395,30,2111000
10038,769,157,23,2225000
10039,1990,748,87,576000
10040,4282,165,38,1111000
10041,3320,616,67,5092000
10042,3104,16,92,700000
10043,1028,32,6,1158000
10044,2257,283,27,414000
10045,2161,784,45,2649000
10046,4582,105,16,2207000
10047,4174,44,36,1866000
10048,2079,381,80,155000
10049,4090,185,41,389000
10050,2986,54,99,365000
10051,518,594,18,3459000
10052,1491,164,83,747000
10053,4196,253,76,795000
10054,3633,617,74,840000
10055,4655,556,9,3585000
10056,3683,460,16,621000
10057,2579,531,25,3759000
10058,829,331,87,322000
10059,90,448,77,82000
10060,597,362,52,3411000
10061,4171,158,92,81000
10062,387,269,81,533000
10063,3208,25,38,792000
10064,4071,363,29,895000
10065,3256,682,21,237000
10066,649,750,36,3810000
10067,3719,738,72,1391000
10068,4486,5,34,844000
10069,4510,505,60,47000
10070,4902,553,6,2456000
10071,3711,793,62,92000
10072,372,202,66,91000
10073,1734,110,96,437000
10074,2000,561,10,761000
10075,3525,602,8,1913000
10076,808,7,25,842000
10077,3395,28,44,1395000
10078,2514,770,70,476000
10079,328,558,56,416000
10080,4016,254,78,1205000
10081,2387,719,43,671000
10082,3440,569,18,1437000
10083,2220,692,80,499000
10084,1595,193,63,298000
10085,1267,232,74,919000
10086,502,58,96,3148000
10087,2987,565,77,367000
10088,4566,140,77,3824000
10089,3958,781,6,333000
10090,12,232,17,850000
10091,405,791,86,3578000
10092,3925,269,100,658000
10093,3179,339,32,2121000
10094,2886,585,72,1069000
10095,2830,281,36,599000
10096,2165,735,25,256000
10097,4705,384,38,876000
10098,772,306,56,556000
10099,297,261,52,137000
10100,2280,89,19,1427000
10101,3569,509,7,152000
10102,4147,334,62,410000
10103,4918,561,79,699000
10104,4915,313,100,95000
10105,3321,314,75,1713000
10106,2678,292,82,103000
10107,58,180,39,3068000
10108,254,15,81,1231000
10109,3893,24,92,403000
10110,385,591,24,1135000
10111,390,717,53,756000
10112,1903,200,7,915000
10113,4374,239,85,1762000
10114,2264,750,11,4382000
10115,598,286,95,191000
10116,3204,456,18,44000
10117,1305,278,42,1704000
10118,2678,259,94,1757000
10119,2588,432,84,309000
10120,4594,676,44,1769000
10121,2280,89,92,1143000
10122,3180,463,23,2726000
10123,2655,213,30,610000
10124,3452,329,65,24000
10125,1319,646,77,2021000
10126,3950,516,31,2156000
10127,4694,157,98,2149000
10128,3722,82,58,74000
10129,1087,213,12,573000
10130,3443,566,43,607000
10131,3793,368,89,84000
10132,219,139,63,4221000
10133,1109,315,68,282000
10134,2032,403,30,145000
10135,1403,6,80,934000
10136,2422,289,46,522000
10137,4096,504,53,1017000
10138,4475,558,16,417000
10139,1788,479,29,535000
10140,148,761,98,321000
10141,4598,357,53,314000
10142,4543,409,33,731000
10143,4182,61,97,95000
10144,1771,639,72,312000
10145,385,161,11,765000
10146,2125,219,86,787000
10147,74,466,57,631000
10148,4678,581,27,296000
10149,4469,365,73,1757000
10150,4759,732,54,201000
10151,1958,213,36,684000
10152,1806,722,45,3210000
10153,1318,587,38,3567000
10154,4954,201,44,714000
10155,608,443,26,125000
10156,4469,233,96,3903000
10157,1317,185,87,409000
10158,568,448,25,83000
10159,688,375,30,2438000
10160,2130,617,66,772000
10161,1198,322,73,493000
10162,4444,32,28,1151000
10163,1575,285,39,2344000
10164,3239,572,38,1154000
10165,1443,646,31,2414000
10166,3121,590,54,224000
10167,3548,452,5,163000
10168,2318,765,15,219000
10169,2600,2,8,1363000
10170,3862,763,57,128000
10171,2429,663,83,507000
10172,4166,274,39,394000
10173,3441,582,79,774000
10174,4397,566,60,714000
10175,1770,605,12,1288000
10176,381,155,95,1434000
10177,2175,443,63,132000
10178,965,312,52,1212000
10179,2306,712,45,2750000
10180,2135,640,97,401000
10181,1581,382,10,330000
10182,4892,221,98,3350000
10183,2507,544,20,636000
10184,1743,665,96,933000
10185,4489,178,8,858000
10186,2695,614,83,128000
10187,3191,133,73,1239000
10188,450,240,64,176000
10189,1714,589,41,632000
10190,1167,95,36,369000
10191,3075,793,78,89000
10192,1105,550,66,118000
10193,2479,10,32,3885000
10194,2663,56,88,1143000
10195,1266,279,64,3733000
10196,4441,310,29,4572000
10197,45,441,85,915000
10198,2748,554,80,517000
10199,1764,299,5,1169000
10200,1640,714,63,1453000
10201,2180,90,39,858000
10202,2602,725,95,32000
10203,3325,1,21,1087000
10204,3198,200,81,866000
10205,593,753,97,383000
10206,453,45,80,159000
10207,4470,714,57,1495000
10208,934,372,66,299000
10209,230,330,32,183000
10210,158,533,97,2336000
10211,1061,27,41,497000
10212,783,554,55,479000
10213,4414,154,19,1055000
10214,3321,441,98,1202000
10215,1985,104,28,938000
10216,2562,668,48,1985000
10217,2326,247,41,1159000
10218,4419,369,6,454000
10219,956,164,60,830000
10220,2474,499,70,684000
10221,1327,129,18,240000
10222,4330,537,81,360000
10223,4982,525,91,2710000
10224,586,547,91,430000
10225,1974,666,18,458000
10226,3755,786,71,183000
10227,4499,464,97,1306000
10228,208,475,90,98000
10229,4258,41,99,878000
10230,3114,81,79,3260000
10231,2324,690,41,303000
10232,3199,624,54,98000
10233,3470,780,58,1163000
10234,803,500,82,46000
10235,2174,195,67,881000
10236,60,352,31,109000
10237,2827,242,16,1629000
10238,2132,175,34,1912000
10239,182,443,25,149000
10240,265,316,13,85000
10241,3583,91,6,33000
10242,3985,453,12,926000
10243,3184,269,9,550000
10244,2677,280,31,401000
10245,2288,703,31,1790000
10246,1442,299,7,1065000
10247,4498,708,63,2926000
10248,1478,435,77,168000
10249,2644,650,32,1016000
10250,4822,369,88,532000
10251,4013,512,99,52000
10252,1186,428,81,1218000
10253,2211,662,84,253000
10254,2866,171,16,217000
10255,657,489,15,2389000
10256,1265,291,32,102000
10257,3363,527,16,575000
10258,315,554,6,560000
10259,1508,65,49,833000
10260,1802,124,92,393000
10261,4742,102,81,53000
10262,4476,449,90,95000
10263,2488,8,45,328000
10264,4165,756,21,126000
10265,3282,640,99,420000
10266,3914,528,83,1186000
10267,2319,106,22,1903000
10268,4737,156,83,540000
10269,2180,742,23,851000
10270,2436,232,66,1045000
10271,2988,373,79,1471000
10272,1533,436,78,271000
10273,1642,518,24,2394000
10274,4160,754,22,484000
10275,2718,14,90,1184000
10276,909,658,65,1108000
10277,505,517,9,801000
10278,2463,177,36,1142000
10279,4313,103,59,1980000
10280,2921,133,30,1266000
10281,2360,693,98,2250000
10282,133,69,63,168000
10283,4932,325,98,677000
10284,2829,108,69,459000
10285,805,476,70,148000
10286,90,682,80,308000
10287,3445,16,79,706000
10288,1194,287,68,662000
10289,4933,702,66,1431000
10290,1419,230,67,349000
10291,43,201,15,829000
10292,2486,618,22,1399000
10293,923,401,7,46000
10294,2759,566,79,673000
10295,2792,393,71,2580000
10296,2794,628,72,1707000
10297,1825,232,28,990000
10298,1816,55,34,76000
10299,4237,420,52,2412000
10300,387,268,8,446000
10301,4871,225,52,1066000
10302,4438,237,29,3234000
10303,4957,531,43,2981000
10304,543,626,43,742000
10305,1913,367,36,555000
10306,2119,91,46,37000
10307,4275,663,63,499000
10308,4529,694,97,85000
10309,517,508,40,1266000
10310,3605,146,52,258000
10311,3274,693,89,1718000
10312,3111,284,27,4159000
10313,1080,113,16,638000
10314,2124,525,34,3334000
10315,1002,295,9,386000
10316,309,688,21,643000
10317,2358,142,73,658000
10318,250,9,89,180000
10319,715,287,44,680000
10320,570,778,90,4243000
10321,1244,540,100,225000
10322,4974,467,23,116000
10323,263,797,39,2375000
10324,4956,126,39,901000
10325,2982,412,45,274000
10326,3037,680,40,900000
10327,1346,481,99,1810000
10328,206,579,99,402000
10329,4965,522,12,1239000
10330,1230,313,45,71000
10331,3461,577,74,135000
10332,4830,690,62,306000
10333,960,45,20,143000
10334,2517,260,74,93000
10335,2096,442,91,2092000
10336,2909,423,57,909000
10337,2798,735,46,226000
10338,4981,552,80,1270000
10339,2095,214,91,1007000
10340,114,400,76,1420000
10341,1432,594,99,3703000
10342,4515,50,29,1493000
10343,2440,13,97,659000
10344,1926,408,87,1462000
10345,2045,421,64,677000
10346,2859,285,70,2176000
10347,1556,517,77,1060000
10348,1826,59,69,568000
10349,2379,559,33,451000
10350,2553,46,74,868000
10351,92,246,50,4680000
10352,3634,420,95,2289000
10353,3700,144,27,1161000
10354,2533,553,77,2295000
10355,1923,364,91,167000
10356,3286,219,81,1020000
10357,3792,216,56,1150000
10358,1023,636,11,513000
10359,727,468,95,327000
10360,3085,482,18,637000
10361,518,480,90,1257000
10362,2138,282,38,480000
10363,1951,303,85,1179000
10364,4907,610,62,2651000
10365,2515,688,27,675000
10366,3358,222,94,115000
10367,955,160,50,1805000
10368,1826,590,35,263000
10369,1529,72,11,941000
10370,2716,94,66,749000
10371,575,686,84,676000
10372,3113,518,88,2613000
10373,2090,771,82,247000
10374,4658,537,8,312000
10375,1449,721,18,518000
10376,3414,750,68,4778000
10377,4599,619,10,1427000
10378,1290,175,67,1987000
10379,1097,660,91,175000
10380,1240,712,88,2642000
10381,1878,125,13,226000
10382,3492,93,8,264000
10383,3133,515,58,1596000
10384,219,521,80,1354000
10385,3076,386,97,154000
10386,3845,405,93,1213000
10387,846,37,17,366000
10388,4065,280,81,428000
10389,4234,185,36,399000
10390,3468,153,38,674000
10391,4148,711,71,2516000
10392,3579,304,44,105000
10393,3918,158,26,81000
10394,383,479,7,589000
10395,4295,635,18,2914000
10396,1260,562,56,59000
10397,2787,311,64,192000
10398,2020,631,98,1214000
10399,2560,456,21,44000
10400,2010,517,51,798000
10401,2826,118,45,99000
10402,1370,356,77,135000
10403,49,368,100,67000
10404,1529,211,69,175000
10405,1186,66,37,1276000
10406,9,495,98,264000
10407,2084,223,60,291000
10408,3488,466,54,617000
10409,4247,699,8,455000
10410,4859,145,20,1233000
10411,1481,689,96,2259000
10412,2686,82,56,93000
10413,1658,356,23,185000
10414,1240,616,31,4556000
10415,4142,494,32,3794000
10416,2614,307,67,248000
10417,2266,695,99,1019000
10418,4113,116,69,3101000
10419,1940,85,32,20000
10420,3956,222,88,131000
10421,1916,596,50,287000
10422,4339,379,48,92000
10423,3450,564,76,104000
10424,801,770,34,410000
10425,4370,102,36,56000
10426,1334,445,71,144000
10427,2945,231,52,1711000
10428,3187,42,99,1004000
10429,562,538,92,795000
10430,941,588,80,533000
10431,1954,349,21,2517000
10432,1769,642,93,933000
10433,2325,51,5,170000
10434,2448,173,96,1455000
10435,3510,699,72,366000
10436,151,647,72,18000
10437,1262,498,67,162000
10438,4535,74,23,227000
10439,2769,415,27,255000
10440,5000,343,53,1777000
10441,1040,385,20,2517000
10442,4793,141,99,818000
10443,1751,315,80,379000
10444,4676,634,73,1660000
10445,4135,22,35,360000
10446,698,204,69,382000
10447,1604,395,100,2121000
10448,1424,275,64,3880000
10449,434,743,72,56000
10450,1078,403,33,149000
10451,4507,181,49,128000
10452,1439,237,34,3736000
10453,632,402,51,118000
10454,1345,284,35,3889000
10455,3408,468,15,321000
10456,4314,506,47,160000
10457,2821,21,78,220000
10458,261,60,20,293000
10459,295,646,83,1811000
10460,1745,47,75,86000
10461,698,266,100,1082000
10462,4813,176,7,386000
10463,3476,481,100,1449000
10464,301,771,12,216000
10465,4261,346,92,138000
10466,4188,322,87,637000
10467,2212,569,12,1245000
10468,4692,118,42,74000
10469,324,753,28,318000
10470,1048,204,63,464000
10471,663,775,7,858000
10472,3952,141,99,1128000
10473,4103,61,25,134000
10474,796,191,44,1224000
10475,304,389,44,173000
10476,2786,733,99,1232000
10477,3238,142,77,565000
10478,3822,758,47,1457000
10479,1422,443,46,145000
10480,4137,525,75,3985000
10481,4905,424,55,1581000
10482,430,350,13,113000
10483,1732,102,82,57000
10484,1454,766,89,1015000
10485,3702,6,15,898000
10486,4842,318,70,449000
10487,406,265,62,199000
10488,2439,602,29,1457000
10489,1321,401,90,44000
10490,4573,239,87,2100000
10491,3618,223,100,289000
10492,4690,3,22,1575000
10493,3609,95,24,404000
10494,1158,627,24,525000
10495,1440,732,96,262000
10496,2138,49,79,898000
10497,1141,665,27,906000
10498,1427,708,25,3775000
10499,574,782,71,2797000
10500,2373,642,87,1198000
10501,1274,782,88,3104000
10502,4248,625,52,385000
10503,3655,183,90,995000
10504,3064,404,76,3443000
10505,2104,87,67,2628000
10506,2650,16,65,697000
10507,3202,309,95,87000
10508,1670,59,23,413000
10509,174,422,95,260000
10510,3157,613,32,201000
10511,989,32,59,1186000
10512,320,714,80,1336000
10513,4289,266,29,856000
10514,917,663,100,517000
10515,259,201,36,659000
10516,1899,774,20,4286000
10517,4308,127,97,265000
10518,780,597,39,2155000
10519,808,697,12,2160000
10520,1816,738,94,1419000
10521,1872,5,5,839000
10522,1346,95,41,357000
10523,1650,231,64,1313000
10524,4052,222,49,128000
10525,3390,398,8,1225000
10526,1540,310,58,5438000
10527,255,332,13,240000
10528,4746,555,38,1280000
10529,3826,404,25,3943000
10530,3218,191,71,1023000
10531,3193,30,8,1556000
10532,3866,553,61,1850000
10533,476,727,31,161000
10534,1408,362,21,3679000
10535,1087,495,16,384000
10536,3817,424,72,1421000
10537,1871,424,93,1437000
10538,1503,294,78,386000
10539,1608,704,76,186000
10540,2858,649,8,1019000
10541,4908,290,58,144000
10542,3744,394,75,467000
10543,3040,587,98,2731000
10544,2047,240,18,158000
10545,4063,633,12,377000
10546,273,209,51,1050000
10547,3658,9,77,149000
10548,2238,442,43,1837000
10549,3688,741,38,1881000
10550,186,56,76,1108000
10551,851,17,85,2021000
10552,3351,112,97,1759000
10553,878,382,17,371000
10554,1313,235,57,447000
10555,1956,539,21,1808000
10556,616,630,41,3056000
10557,3821,476,51,209000
10558,521,736,27,481000
10559,517,636,13,406000
10560,4154,685,38,940000
10561,2398,638,91,316000
10562,3085,665,50,924000
10563,3940,572,37,1355000
10564,1573,713,70,295000
10565,1619,502,15,389000
10566,3173,752,48,317000
10567,4538,397,75,1554000
10568,4739,74,59,313000
10569,1688,684,78,105000
10570,3738,618,30,1124000
10571,662,695,6,714000
10572,1024,601,54,1276000
10573,4545,783,40,389000
10574,1656,337,34,2340000
10575,4510,596,43,228000
10576,505,375,27,2733000
10577,1597,345,17,1812000
10578,673,769,36,27000
10579,4247,118,16,80000
10580,4122,55,29,60000
10581,704,60,85,323000
10582,4391,734,81,224000
10583,4079,530,30,204000
10584,2979,142,48,697000
10585,1842,567,10,4059000
10586,356,638,69,264000
10587,3270,37,61,297000
10588,2818,526,51,71000
10589,2270,691,53,1230000
10590,538,398,22,1015000
10591,2223,653,66,579000
10592,4660,65,47,714000
10593,2968,483,18,610000
10594,3637,728,94,504000
10595,2618,532,19,1304000
10596,1810,770,76,414000
10597,4088,571,17,1388000
10598,4090,453,74,943000
10599,3181,138,36,20000
10600,2170,388,48,677000
10601,4561,399,45,165000
10602,1695,783,49,475000
10603,3413,320,37,2623000
10604,1530,611,47,510000
10605,2928,604,21,781000
10606,2245,12,9,195000
10607,4878,485,84,445000
10608,686,54,64,309000
10609,2110,651,44,1030000
10610,1014,786,24,184000
10611,931,95,94,362000
10612,4525,107,45,670000
10613,2208,674,75,2274000
10614,2213,252,61,531000
10615,4621,590,93,236000
10616,3748,549,50,1751000
10617,1224,567,30,4418000
10618,343,177,95,1059000
10619,3055,203,97,1699000
10620,1864,788,80,714000
10621,2455,491,83,144000
10622,3880,461,26,2213000
10623,975,454,47,1053000
10624,3215,469,25,1465000
10625,4002,296,43,86000
10626,879,82,65,71000
10627,636,472,24,128000
10628,4646,24,96,431000
10629,2220,664,9,135000
10630,4170,13,18,734000
10631,2465,145,73,1212000
10632,1172,571,7,1003000
10633,2670,15,76,1216000
10634,3311,10,33,3887000
10635,1839,326,52,19000
10636,4581,233,73,4562000
10637,3193,695,31,817000
10638,2761,60,78,274000
10639,2464,417,5,908000
10640,2538,504,76,919000
10641,358,582,52,795000
10642,991,533,95,1744000
10643,4001,671,99,3666000
10644,1523,103,74,1543000
10645,1672,119,14,71000
10646,1469,383,29,1454000
10647,657,577,99,138000
10648,2694,362,49,3973000
10649,4578,292,86,100000
10650,1950,487,78,4204000
10651,1019,371,47,1049000
10652,1099,119,5,63000
10653,3655,47,49,67000
10654,2617,752,88,305000
10655,777,249,28,172000
10656,4885,101,84,329000
10657,1098,733,79,1558000
10658,1107,43,65,937000
10659,2980,462,86,398000
10660,2798,481,52,1904000
10661,1154,224,94,138000
10662,3841,180,23,3865000
10663,4770,496,25,97000
10664,2766,141,70,1160000
10665,1212,277,42,398000
10666,2081,434,15,2430000
10667,1911,516,99,2145000
10668,4410,54,67,302000
10669,1710,500,88,37000
10670,4005,153,90,707000
10671,4846,425,45,1963000
10672,428,620,26,1623000
10673,2707,708,15,2547000
10674,4036,215,23,232000
10675,1694,378,20,501000
10676,1217,18,36,881000
10677,3444,63,77,146000
10678,1136,80,25,109000
10679,2990,265,30,274000
10680,4389,739,94,77000
10681,2227,730,19,68000
10682,2341,721,96,360000
10683,2229,639,29,344000
10684,3043,776,31,47000
10685,2432,678,54,1090000
10686,3974,422,36,205000
10687,4726,490,17,343000
10688,433,78,85,272000
10689,2998,257,94,43000
10690,4004,47,43,70000
10691,893,545,18,1327000
10692,2277,555,75,1135000
10693,3573,482,26,478000
10694,4513,515,68,2012000
10695,3399,540,58,213000
10696,361,638,95,319000
10697,340,773,61,1105000
10698,1862,436,39,295000
10699,2757,586,10,925000
10700,2156,558,59,452000
10701,2113,129,46,193000
10702,4596,796,88,840000
10703,3875,275,23,3970000
10704,1944,253,90,1045000
10705,1836,106,35,1791000
10706,2731,201,77,826000
10707,3353,137,31,234000
10708,3137,118,89,97000
10709,4542,473,91,674000
10710,1396,549,73,1942000
10711,2890,663,30,649000
10712,4451,148,24,1475000
10713,4336,248,53,62000
10714,1251,40,52,76000
10715,3072,599,33,2664000
10716,462,579,94,403000
10717,1366,552,67,1336000
10718,4602,342,48,962000
10719,1849,81,36,4044000
10720,2368,689,15,2025000
10721,3017,133,25,1303000
10722,1641,223,9,231000
10723,4909,519,6,479000
10724,1133,95,74,381000
10725,314,583,95,4217000
10726,293,290,58,148000
10727,2770,373,61,1277000
10728,4466,362,13,2796000
10729,3173,419,98,876000
10730,3024,714,88,1080000
10731,1606,654,8,31000
10732,2629,335,95,354000
10733,3489,381,33,198000
10734,2236,305,33,3368000
10735,2547,725,40,40000
10736,4627,729,61,1678000
10737,1781,467,34,117000
10738,3157,182,66,1339000
10739,3940,313,63,75000
10740,2771,73,49,3722000
10741,1252,83,93,3676000
10742,3496,440,70,309000
10743,4599,97,47,128000
10744,1957,376,85,1249000
10745,3863,542,96,1073000
10746,397,634,80,1214000
10747,2629,670,42,709000
10748,658,244,81,120000
10749,1,406,51,400000
10750,2764,465,22,1531000
10751,4249,671,42,3330000
10752,4484,366,34,464000
10753,4178,440,99,275000
10754,1723,61,40,111000
10755,3538,108,43,521000
10756,2366,506,54,164000
10757,4293,89,64,1133000
10758,2186,312,67,1160000
10759,4549,176,75,387000
10760,2889,500,78,44000
10761,198,460,85,564000
10762,4088,763,55,100000
10763,2690,102,86,53000
10764,2836,766,26,1181000
10765,1677,620,69,1839000
10766,3087,200,34,957000
10767,4977,465,65,1131000
10768,282,513,30,539000
10769,4698,172,60,516000
10770,3547,528,73,1733000
10771,965,10,20,4143000
10772,3911,587,30,2729000
10773,1238,389,82,184000
10774,2327,154,17,1139000
10775,1519,712,88,2499000
10776,3038,194,42,112000
10777,3310,430,100,1245000
10778,1665,358,37,1728000
10779,1411,469,9,1429000
10780,4980,622,69,492000
10781,2100,249,48,183000
10782,3484,75,5,1989000
10783,1651,624,25,133000
10784,2136,718,95,189000
10785,4950,746,27,1254000
10786,1711,733,52,1703000
10787,4843,231,58,1794000
10788,208,321,83,1320000
10789,154,597,95,1912000
10790,2951,512,8,50000
10791,1334,764,50,229000
10792,4925,464,25,1165000
10793,994,231,39,1666000
10794,502,794,6,101000
10795,849,709,39,2482000
10796,3503,2,48,1711000
10797,3814,770,100,385000
10798,2608,139,52,4284000
10799,4449,441,22,1325000
10800,1204,542,13,1072000
10801,2994,412,65,268000
10802,4751,108,33,560000
10803,3882,212,41,272000
10804,757,444,5,39000
10805,2914,289,38,640000
10806,4703,185,50,395000
10807,4066,791,97,4758000
10808,2773,117,92,356000
10809,1723,225,67,1553000
10810,2346,58,13,4706000
10811,1414,212,89,236000
10812,2706,475,60,104000
10813,1380,101,89,321000
10814,3372,763,41,103000
10815,3719,411,29,980000
10816,262,311,93,203000
10817,3935,530,33,205000
10818,866,720,45,1763000
10819,964,712,84,3227000
10820,616,305,63,3648000
10821,741,584,12,1158000
10822,1375,631,19,1323000
10823,4400,697,99,2212000
10824,2906,404,59,3337000
10825,842,213,41,613000
10826,3505,204,66,489000
10827,4464,545,49,1280000
10828,722,283,84,358000
10829,48,536,96,157000
10830,3886,226,81,1385000
10831,179,24,86,408000
10832,547,2,36,1353000
10833,1107,367,68,503000
10834,3660,216,27,916000
10835,1383,568,41,2550000
10836,3061,413,99,4670000
10837,2014,109,6,3987000
10838,999,373,98,1060000
10839,4286,454,13,1183000
10840,2799,3,70,1296000
10841,1443,164,98,846000
10842,493,99,37,108000
10843,3410,670,20,602000
10844,882,274,100,446000
10845,1868,665,16,663000
10846,2870,95,28,359000
10847,3763,680,75,1055000
10848,3905,697,78,2729000
10849,4232,428,88,1044000
10850,400,361,50,537000
10851,1707,414,46,256000
10852,2210,771,66,180000
10853,284,362,42,3015000
10854,1991,429,18,3465000
10855,1859,753,96,387000
10856,3533,216,66,1108000
10857,3615,527,23,559000
10858,2963,427,69,57000
10859,4669,777,79,973000
10860,2001,342,46,750000
10861,803,406,82,433000
10862,2975,337,7,2258000
10863,3897,495,76,390000
10864,123,534,73,149000
10865,326,590,81,297000
10866,2403,588,56,651000
10867,345,179,21,420000
10868,3485,395,34,2154000
10869,814,359,34,218000
10870,4581,500,19,41000
10871,2356,141,43,959000
10872,225,268,47,624000
10873,3432,149,47,1495000
10874,4533,771,97,188000
10875,2201,378,17,433000
10876,3661,310,43,4525000
10877,2721,519,7,483000
10878,4449,191,30,1128000
10879,2450,617,18,624000
10880,4815,583,27,3008000
10881,660,773,8,1186000
10882,3207,305,91,3002000
10883,4783,589,36,926000
10884,1338,283,78,388000
10885,3086,275,81,4275000
10886,1444,524,72,875000
10887,4254,718,31,191000
10888,1842,701,55,2611000
10889,457,604,61,1042000
10890,2985,56,47,918000
10891,3316,755,65,77000
10892,1393,249,98,181000
10893,728,66,27,1281000
10894,4098,169,58,149000
10895,3998,598,53,758000
10896,4725,738,22,1623000
10897,2209,690,12,322000
10898,1430,219,97,813000
10899,2199,787,91,1376000
10900,257,794,93,103000
10901,1523,414,39,250000
10902,4251,734,76,200000
10903,1461,159,84,777000
10904,2178,717,45,738000
10905,4694,10,50,4106000
10906,3520,750,65,3261000
10907,2869,418,35,297000
10908,2573,565,69,353000
10909,3762,451,66,23000
10910,4895,186,96,51000
10911,3073,774,44,4302000
10912,4473,435,45,215000
10913,4264,217,83,1966000
10914,2584,141,23,1137000
10915,3851,238,48,610000
10916,633,126,19,998000
10917,274,232,16,1118000
10918,3604,742,45,782000
10919,219,49,90,662000
10920,2746,2,9,1316000
10921,1770,98,83,2510000
10922,3077,295,44,321000
10923,3970,17,87,2781000
10924,2855,185,90,313000
10925,2781,440,45,289000
10926,4582,227,25,1759000
10927,4017,132,8,380000
10928,1086,687,29,1811000
10929,4954,768,22,578000
10930,3478,544,31,680000
10931,3491,649,95,873000
10932,4379,352,12,108000
10933,2621,434,22,2379000
10934,3206,302,8,574000
10935,966,301,55,646000
10936,4010,642,89,1155000
10937,3937,513,48,662000
10938,4329,220,98,51000
10939,2755,602,18,1700000
10940,3930,31,32,1914000
10941,3675,780,88,1275000
10942,154,329,53,25000
10943,3874,317,51,2595000
10944,1700,29,86,1227000
10945,4101,565,5,395000
10946,4263,296,27,88000
10947,1952,31,86,1969000
10948,4745,631,43,1125000
10949,8,192,45,1479000
10950,1020,12,23,163000
10951,758,542,59,1044000
10952,2910,793,79,109000
10953,594,96,47,123000
10954,1279,483,45,619000
10955,450,146,82,267000
10956,1119,522,25,1082000
10957,2833,7,75,846000
10958,480,563,28,534000
10959,3772,88,13,1344000
10960,635,72,83,1262000
10961,746,48,98,3306000
10962,4270,480,66,1105000
10963,2502,534,80,129000
10964,4267,78,79,339000
10965,652,212,76,314000
10966,1403,63,47,137000
10967,4934,767,66,395000
10968,3851,224,75,119000
10969,2363,36,41,1376000
10970,3333,1,41,1186000
10971,4687,91,49,33000
10972,3578,321,53,1430000
10973,482,276,40,619000
10974,2912,162,24,3514000
10975,3506,607,19,337000
10976,151,716,88,794000
10977,2969,750,41,4810000
10978,3967,717,42,677000
10979,3894,688,36,578000
10980,791,84,8,523000
10981,1542,685,80,765000
10982,2583,341,96,1869000
10983,4273,191,56,881000
10984,3916,688,84,777000
10985,1066,360,80,834000
10986,1598,601,78,1676000
10987,4061,675,22,451000
10988,4065,383,70,1899000
10989,3270,462,11,363000
10990,1770,666,42,520000
10991,3765,71,56,803000
10992,4312,237,65,3771000
10993,4849,306,87,791000
10994,86,342,18,993000
10995,2493,512,73,41000
10996,1745,447,9,1274000
10997,1016,14,86,1249000
10998,2850,596,77,226000
10999,1494,21,98,174000
11000,3371,207,84,1422000
11001,2752,361,13,557000
11002,4291,681,93,765000
11003,4027,510,29,130000
11004,3788,693,50,1815000
11005,717,178,64,1017000
11006,2030,306,29,594000
11007,3059,594,21,2810000
11008,1280,3,95,1290000
11009,81,688,96,735000
11010,4369,661,63,3202000
11011,2108,669,77,231000
11012,1327,174,70,637000
11013,2242,118,99,70000
11014,1039,155,18,1921000
11015,2412,798,47,96000
11016,2256,343,19,1634000
11017,2787,494,88,3087000
11018,3323,688,34,746000
11019,4024,675,99,608000
11020,4508,600,24,653000
11021,1472,467,73,96000
11022,4727,344,18,627000
11023,3324,288,75,94000
11024,423,2,23,1600000
11025,999,197,59,1523000
11026,2591,644,45,48000
11027,3666,410,36,1706000
11028,359,281,52,634000
11029,4883,32,40,1199000
11030,2735,410,62,1574000
11031,4150,750,35,4204000
11032,4583,81,64,3882000
11033,2591,632,54,134000
11034,3854,245,7,597000
11035,3723,431,41,155000
11036,518,33,5,477000
11037,169,564,28,100000
11038,2050,361,45,444000
11039,899,486,5,1925000
11040,597,775,76,1045000
11041,607,769,19,32000
11042,1973,104,14,885000
11043,2281,542,14,862000
11044,555,151,84,965000
11045,237,301,21,570000
11046,1623,534,33,132000
11047,38,785,18,2723000
11048,611,571,32,1192000
11049,4688,372,83,438000
11050,3367,739,9,92000
11051,699,346,34,107000
11052,1305,592,35,122000
11053,725,546,73,1233000
11054,4760,385,63,2997000
11055,789,109,96,2901000
11056,1356,181,55,132000
11057,3429,125,83,216000
11058,1523,639,90,331000
11059,548,490,25,425000
11060,580,577,7,142000
11061,1024,421,69,635000
11062,3269,737,78,1687000
11063,3093,143,41,492000
11064,4357,139,56,3802000
11065,154,379,11,88000
11066,2384,463,6,2768000
11067,1405,445,79,151000
11068,2696,373,18,1158000
11069,4536,759,16,264000
11070,1156,59,92,569000
11071,1687,786,46,187000
11072,4754,4,56,3048000
11073,4238,331,29,223000
11074,1208,727,12,152000
11075,1101,642,20,1021000
11076,1068,365,96,1675000
11077,3702,538,77,858000
11078,4640,712,37,2569000
11079,1176,731,80,18000
11080,321,791,97,3485000
11081,4234,258,89,732000
11082,4070,234,41,2951000
11083,168,394,31,513000
11084,319,446,53,1192000
11085,2845,399,32,154000
11086,1365,298,85,244000
11087,3590,273,47,1431000
11088,3848,208,18,2168000
11089,292,671,22,3575000
11090,1063,58,22,3906000
11091,3435,648,84,30000
11092,1012,750,44,3517000
11093,2558,74,56,230000
11094,3607,507,66,53000
11095,3412,282,56,521000
11096,55,15,11,1386000
11097,4098,54,92,274000
11098,3204,436,65,384000
11099,3431,679,35,394000
11100,4376,169,84,150000
11101,1203,82,25,77000
11102,1916,606,34,3309000
11103,1456,584,99,1094000
11104,2440,65,42,924000
11105,410,642,48,893000
11106,2789,196,99,96000
11107,2651,150,43,1821000
11108,3877,642,92,1072000
11109,269,90,59,1003000
11110,89,218,57,982000
11111,88,637,5,807000
11112,3303,499,74,655000
11113,3716,694,25,68000
11114,605,606,60,3543000
11115,4437,51,27,136000
11116,1724,160,88,1719000
11117,1485,572,81,1430000
11118,145,132,96,334000
11119,1722,265,27,215000
11120,4620,176,14,415000
11121,4457,676,46,2203000
11122,3928,151,67,1084000
11123,1716,270,43,1057000
11124,4278,152,15,675000
11125,3524,301,28,799000
11126,4343,175,10,1568000
11127,3147,315,43,292000
11128,1643,743,9,42000
11129,4063,308,12,3250000
11130,3404,355,42,424000
11131,3777,584,38,1029000
11132,3225,145,44,967000
11133,1353,663,29,622000
11134,1675,493,54,3355000
11135,4780,136,83,125000
11136,3541,467,14,109000
11137,1809,643,97,84000
11138,2888,490,53,394000
11139,580,418,47,283000
11140,1554,485,66,496000
11141,3751,456,61,40000
11142,3053,300,48,362000
11143,3293,249,100,172000
11144,3855,102,70,53000
11145,4573,655,99,1379000
11146,757,90,27,1064000
11147,2697,543,55,992000
11148,647,245,100,546000
11149,4749,574,53,79000
11150,3364,143,39,358000
11151,3014,74,85,322000
11152,4705,450,92,2636000
11153,2193,580,61,966000
11154,1586,661,100,3337000
11155,2778,437,17,936000
11156,3134,621,69,876000
11157,2039,638,70,306000
11158,1664,528,76,1425000
11159,938,512,78,48000
11160,438,482,64,562000
11161,3683,678,11,1122000
11162,4285,186,86,43000
11163,4367,199,47,122000
11164,2363,775,38,923000
11165,626,95,64,374000
11166,1113,799,38,251000
11167,1790,621,42,853000
11168,2054,305,75,3314000
11169,1157,563,11,421000
11170,2713,151,38,1062000
11171,1821,744,91,66000
11172,1833,736,99,507000
11173,2027,361,27,542000
11174,2442,673,83,952000
11175,1423,519,87,453000
11176,2232,444,100,47000
11177,3152,281,10,740000
11178,1559,116,94,4260000
11179,4163,572,42,1471000
11180,1960,569,55,1324000
11181,357,491,84,137000
11182,4609,261,7,171000
11183,3893,221,99,3576000
11184,3552,231,31,1457000
11185,1477,462,69,365000
11186,3717,263,34,953000
11187,2146,295,90,326000
11188,1812,552,17,1248000
11189,2034,163,20,4425000
11190,4056,741,31,1828000
11191,4059,619,96,1416000
11192,1923,143,51,517000
11193,1919,216,41,1197000
11194,710,655,76,1205000
11195,3515,311,39,152000
11196,2491,120,66,160000
11197,1994,759,30,286000
11198,1389,561,30,736000
11199,4191,713,70,343000
11200,672,292,82,106000
11201,3284,197,10,1230000
11202,964,684,93,117000
11203,4782,678,21,956000
11204,903,252,79,483000
11205,2941,142,82,659000
11206,1351,324,79,3464000
11207,563,486,31,1337000
11208,4024,550,30,138000
11209,1565,131,61,52000
11210,3445,764,60,312000
11211,2321,267,24,1140000
11212,2549,424,28,1412000
11213,221,229,76,246000
11214,3551,606,16,3531000
11215,176,332,43,319000
11216,1170,424,6,1510000
11217,2301,706,56,308000
11218,2319,287,83,850000
11219,4393,251,26,2303000
11220,3919,111,64,2559000
11221,3204,730,73,54000
11222,2984,715,16,134000
11223,1237,692,21,476000
11224,1567,1,11,1221000
11225,94,636,86,458000
11226,4221,506,6,167000
11227,43,276,55,475000
11228,1487,639,49,390000
11229,3922,286,68,175000
11230,1759,300,50,353000
11231,3789,318,6,478000
11232,17,534,93,135000
11233,4224,396,98,97000
11234,1349,222,45,131000
11235,3097,644,87,47000
11236,339,135,13,174000
11237,3854,118,29,73000
11238,937,628,19,1597000
11239,1029,92,75,1549000
11240,2682,216,24,1041000
11241,315,228,79,91000
11242,1289,663,84,600000
11243,4671,270,23,735000
11244,911,85,94,20000
11245,2435,211,18,130000
11246,1989,134,22,190000
11247,3585,281,49,565000
11248,1962,707,13,471000
11249,2893,84,12,644000
11250,133,62,46,948000
11251,1238,756,41,125000
11252,4524,586,92,972000
11253,3871,338,46,579000
11254,4682,93,15,351000
11255,4806,295,46,457000
11256,4765,564,16,123000
11257,3911,513,93,551000
11258,334,502,36,395000
11259,2636,155,6,1432000
11260,1298,122,12,220000
11261,4737,344,53,482000
11262,4525,562,10,62000
11263,4056,672,61,1233000
11264,83,144,5,1013000
11265,3684,125,52,241000
11266,3754,173,61,1364000
11267,4933,791,23,3337000
11268,2960,589,35,817000
11269,389,764,49,333000
11270,1677,425,14,2058000
11271,4344,674,60,1574000
11272,1851,125,44,265000
11273,2202,478,24,614000
11274,402,417,16,1037000
11275,3850,709,5,2280000
11276,1902,723,73,28000
11277,367,448,68,66000
11278,635,185,61,296000
11279,1389,311,15,169000
11280,3356,287,44,677000
11281,2045,337,24,2146000
11282,4940,278,56,1694000
11283,2604,307,53,291000
11284,1463,633,6,348000
11285,4478,697,29,3065000
11286,4732,644,51,52000
11287,695,199,90,103000
11288,947,777,63,1190000
11289,2695,747,11,210000
11290,677,140,8,3267000
11291,679,485,90,368000
11292,1532,436,92,303000
11293,1849,76,9,917000
11294,2444,629,27,1779000
11295,4152,635,34,2200000
11296,1074,566,36,605000
11297,45,405,18,1426000
11298,3457,467,46,108000
11299,1667,86,50,1392000
11300,1649,471,60,115000
11301,4367,451,69,28000
11302,2012,150,6,1323000
11303,1359,37,77,270000
11304,3336,649,16,1136000
11305,4624,285,70,2656000
11306,3886,781,16,274000
11307,2375,61,63,93000
11308,3100,469,67,1483000
11309,1565,688,6,622000
11310,4567,129,89,181000
11311,2875,469,80,1674000
11312,3835,330,68,186000
11313,4376,37,61,362000
11314,3240,393,24,1905000
11315,1555,762,75,161000
11316,3508,487,62,3147000
11317,1785,566,42,653000
11318,303,737,21,2017000
11319,1911,516,57,2751000
11320,587,4,31,2304000
11321,4022,504,67,880000
11322,3016,102,46,43000
11323,3441,24,84,357000
11324,773,692,61,469000
11325,2947,490,70,372000
11326,2987,595,56,2603000
11327,651,717,63,672000
11328,950,201,71,764000
11329,2589,660,58,156000
11330,2362,257,83,42000
11331,3506,115,20,252000
11332,4973,775,40,1081000
11333,4792,479,42,520000
11334,2866,300,40,350000
11335,706,32,30,1246000
11336,3022,39,35,175000
11337,4703,101,97,284000
11338,533,29,22,980000
11339,379,162,51,4753000
11340,2653,796,40,1067000
11341,4686,334,61,407000
11342,4049,321,71,1281000
11343,3395,127,93,370000
11344,1461,665,59,913000
11345,4577,345,66,1413000
11346,859,581,24,315000
11347,3262,632,51,135000
11348,145,738,67,1476000
11349,1433,302,29,586000
11350,472,136,50,131000
11351,4990,220,66,58000
11352,1624,314,53,2149000
11353,4909,32,11,1074000
11354,3389,454,84,970000
11355,3475,799,83,200000
11356,2842,130,72,3244000
11357,2657,437,25,788000
11358,4183,207,95,1130000
11359,3581,368,94,78000
11360,4934,6,16,1219000
11361,2244,173,59,1328000
11362,2759,554,37,533000
11363,2576,276,35,442000
11364,42,540,65,197000
11365,4356,737,64,1389000
11366,2553,382,96,362000
11367,2141,286,49,195000
11368,3201,168,64,486000
11369,1263,474,77,2624000
11370,3571,147,68,1998000
11371,957,235,65,555000
11372,3882,47,33,77000
11373,3118,360,72,776000
11374,767,392,96,48000
11375,3714,201,21,729000
11376,107,89,83,1328000
11377,4851,420,28,2471000
11378,3805,769,97,37000
11379,1239,625,43,411000
11380,2576,209,7,1175000
11381,4540,431,69,166000
11382,2870,506,44,162000
11383,1966,677,78,4681000
11384,2343,80,95,134000
11385,2771,693,5,2121000
11386,854,398,75,1040000
11387,509,695,8,722000
11388,3535,710,86,3332000
11389,2575,789,28,2120000
11390,2316,8,65,389000
11391,711,134,23,263000
11392,2493,707,96,479000
11393,1758,353,70,569000
11394,3620,307,77,284000
11395,325,795,43,1269000
11396,4246,699,74,417000
11397,1193,191,15,1059000
11398,3549,510,51,127000
11399,3198,421,18,552000
11400,3203,9,15,183000
11401,4288,668,33,1670000
11402,3959,57,66,441000
11403,4330,282,16,572000
11404,2997,730,89,76000
11405,2480,391,53,52000
11406,1025,439,48,2411000
11407,77,761,36,323000
11408,2528,360,78,740000
11409,3975,32,81,1124000
11410,623,420,36,2097000
11411,4099,750,14,4340000
11412,4059,301,25,569000
11413,1455,464,20,1161000
11414,3437,615,75,59000
11415,10,793,7,104000
11416,2810,492,25,237000
11417,2847,247,82,1639000
11418,895,561,13,624000
11419,3646,488,96,508000
11420,2942,680,59,804000
11421,3075,648,46,26000
11422,1267,370,23,1229000
11423,3243,666,45,520000
11424,3171,790,62,314000
11425,327,155,52,1680000
11426,3383,484,41,716000
11427,4817,265,10,269000
11428,483,148,18,1469000
11429,3645,41,83,715000
11430,4511,518,37,2460000
11431,47,704,95,192000
11432,2040,102,36,55000
11433,2382,562,5,53000
11434,3736,620,48,1930000
11435,2937,163,89,4294000
11436,1270,393,83,2404000
11437,3945,87,24,2985000
11438,4490,556,32,4620000
11439,3776,717,67,683000
11440,3431,427,48,51000
11441,4684,636,48,460000
11442,68,640,61,354000
11443,3634,233,45,3419000
11444,147,451,62,22000
11445,4842,634,35,1356000
11446,3250,388,16,533000
11447,183,691,21,1011000
11448,923,235,96,463000
11449,2232,52,20,330000
11450,4102,51,60,126000
11451,3105,790,48,279000
11452,1,234,43,4005000
11453,4327,398,57,1383000
11454,2997,312,95,1196000
11455,1605,62,20,844000
11456,1852,746,69,1398000
11457,1892,545,96,1163000
11458,1695,314,32,2061000
11459,4033,732,20,237000
11460,3129,106,80,1714000
11461,244,80,73,116000
11462,1969,604,49,932000
11463,1103,680,11,874000
11464,3511,416,52,1008000
11465,2929,643,57,121000
11466,752,595,85,2630000
11467,1178,352,30,136000
11468,2097,341,5,1590000
11469,524,2,6,1690000
11470,847,378,42,498000
11471,1794,755,81,87000
11472,375,314,41,1529000
11473,3571,739,93,75000
11474,62,750,10,4405000
11475,1453,133,51,1382000
11476,536,160,88,1555000
11477,4641,508,58,1277000
11478,3230,692,56,489000
11479,4093,286,83,216000
11480,2196,537,84,352000
11481,4814,151,57,980000
11482,2259,636,20,386000
11483,19,41,10,868000
11484,1566,621,83,1006000
11485,2237,83,79,3905000
11486,4309,649,22,1087000
11487,2246,22,92,350000
11488,1962,405,32,1495000
11489,3186,42,77,868000
11490,3771,193,62,246000
11491,2508,426,12,401000
11492,1886,566,29,735000
11493,1621,36,38,1289000
11494,3442,781,16,402000
11495,377,269,68,620000
11496,3173,548,61,524000
11497,3563,553,46,2124000
11498,992,354,80,1400000
11499,34,103,62,1795000
11500,190,608,47,39000
11501,4942,49,31,664000
11502,2395,596,63,241000
11503,2859,326,40,23000
11504,74,224,20,175000
11505,3532,798,93,72000
11506,2676,631,22,1021000
11507,4546,320,89,2174000
11508,743,599,67,2618000
11509,4603,294,37,301000
11510,4288,168,96,585000
11511,2231,198,37,745000
11512,2332,267,38,1079000
11513,3503,735,85,248000
11514,1370,50,98,1540000
11515,3862,466,89,778000
11516,4555,787,50,1482000
11517,2400,91,72,40000
11518,2586,233,27,4394000
11519,1782,668,50,1979000
11520,2008,381,5,171000
11521,4390,263,13,927000
11522,2712,558,66,435000
11523,2635,160,80,1602000
11524,3397,464,30,1646000
11525,192,108,33,486000
11526,68,58,77,3220000
11527,2838,619,71,1508000
11528,1731,315,20,306000
11529,1944,714,38,1477000
11530,423,367,98,552000
11531,2748,217,47,2510000
11532,4345,293,8,298000
11533,1013,164,48,826000
11534,4953,320,7,2300000
11535,325,41,45,660000
11536,2356,495,96,274000
11537,2092,187,53,23000
11538,1940,515,79,1924000
11539,3242,120,32,121000
11540,2078,621,88,923000
11541,4331,409,63,709000
11542,4040,586,12,991000
11543,697,467,8,110000
11544,107,256,77,189000
11545,1631,576,46,192000
11546,3485,404,29,4323000
11547,245,647,71,15000
11548,3553,777,25,1183000
11549,2815,493,54,2929000
11550,474,109,82,3086000
11551,4600,302,51,409000
11552,4727,424,82,1882000
11553,356,658,6,1349000
11554,1209,237,5,3337000
11555,3794,640,83,432000
11556,3197,465,23,1571000
11557,3259,57,45,471000
11558,1809,134,83,256000
11559,2676,477,52,1066000
11560,294,178,40,969000
11561,4092,224,15,123000
11562,3705,40,84,75000
11563,3507,532,10,1518000
11564,132,174,74,647000
11565,657,321,47,1208000
11566,2259,532,9,1414000
11567,4475,668,94,1637000
11568,331,216,17,1100000
11569,2001,744,30,69000
11570,407,391,25,75000
11571,86,800,84,72000
11572,4498,11,52,199000
11573,689,503,92,198000
11574,3422,723,11,23000
11575,3337,132,52,384000
11576,810,195,67,973000
11577,1486,338,48,640000
11578,3168,582,82,1006000
11579,2961,231,70,1381000
11580,2824,55,80,89000
11581,4915,112,62,1542000
11582,4474,271,35,971000
11583,760,105,37,2344000
11584,4858,306,93,669000
11585,3382,495,44,262000
11586,1754,734,27,286000
11587,1857,647,22,20000
11588,3752,499,36,827000
11589,21,349,22,3073000
11590,1024,9,21,171000
11591,502,741,92,1371000
11592,23,753,41,325000
11593,4590,745,67,620000
11594,4181,666,17,512000
11595,1681,451,41,25000
11596,885,403,21,163000
11597,4069,184,83,59000
11598,66,737,86,1440000
11599,4498,520,25,1569000
11600,110,329,6,24000
11601,3611,118,90,80000
11602,581,473,34,624000
11603,370,277,75,366000
11604,2739,62,66,928000
11605,2878,459,51,196000
11606,963,159,45,789000
11607,188,61,58,135000
11608,381,575,85,1334000
11609,4263,41,33,767000
11610,2659,755,84,82000
11611,1509,438,77,271000
11612,212,120,56,148000
11613,3681,348,82,1095000
11614,4885,536,32,165000
11615,3292,315,83,281000
11616,2626,681,88,798000
11617,17,748,38,497000
11618,4005,667,98,130000
11619,311,41,7,780000
11620,3530,348,59,1062000
11621,1098,388,98,693000
11622,2316,56,88,877000
11623,317,476,39,187000
11624,2889,43,43,1131000
11625,4817,687,95,1809000
11626,3967,259,13,1620000
11627,3736,630,97,2910000
11628,955,263,81,816000
11629,2085,285,64,2090000
11630,1824,198,71,677000
11631,4467,275,12,4605000
11632,3843,712,56,3715000
11633,3134,270,31,755000
11634,1725,111,7,2585000
11635,1622,694,47,73000
11636,1129,380,75,898000
11637,1321,526,88,68000
11638,332,9,13,155000
11639,622,208,96,1925000
11640,3916,100,37,536000
11641,1930,406,97,355000
11642,982,640,75,412000
11643,897,362,56,2815000
11644,2280,1,83,988000
11645,1840,643,7,88000
11646,3088,202,38,70000
11647,3513,42,57,926000
11648,4655,328,46,232000
11649,4659,505,76,53000
11650,1964,547,33,472000
11651,4496,724,24,994000
11652,3689,512,97,52000
11653,2388,572,65,1299000
11654,1657,303,90,1461000
11655,3824,85,55,19000
11656,1789,527,44,677000
11657,3714,60,74,281000
11658,4808,227,94,1952000
11659,4795,13,48,748000
11660,4714,81,69,3759000
11661,2069,585,82,1400000
11662,4734,24,100,293000
11663,3042,714,15,1186000
11664,4302,408,55,1905000
11665,4722,410,49,1582000
11666,405,169,76,129000
11667,2729,533,47,2196000
11668,4,768,52,409000
11669,509,357,94,256000
11670,4229,672,77,1233000
11671,3255,509,23,103000
11672,250,661,75,3919000
11673,676,450,55,3032000
11674,937,397,9,1805000
11675,2676,83,71,3198000
11676,2261,209,26,1180000
11677,1110,43,73,1011000
11678,2832,627,70,499000
11679,3115,491,58,117000
11680,3585,327,77,606000
11681,3580,34,62,133000
11682,1771,534,80,150000
11683,4136,498,80,146000
11684,4802,668,63,2136000
11685,917,494,38,3616000
11686,2753,3,55,1464000
11687,1879,436,81,264000
11688,1131,571,46,1323000
11689,2341,100,13,493000
11690,506,112,19,1858000
11691,310,229,39,189000
11692,933,579,74,356000
11693,2944,194,63,112000
11694,4409,463,67,2251000
11695,542,51,97,148000
11696,408,739,71,98000
11697,2961,125,47,271000
11698,138,47,30,66000
11699,744,763,96,129000
11700,3783,200,28,917000
11701,523,631,36,1225000
11702,4724,3,69,1688000
11703,4482,742,24,881000
11704,1230,238,31,598000
11705,1906,124,38,414000
11706,4921,144,42,1273000
11707,4143,657,16,1495000
11708,2440,453,65,704000
11709,2994,487,23,4481000
11710,4752,702,82,1415000
11711,1621,327,49,580000
11712,599,254,5,1264000
11713,4021,564,21,110000
11714,3378,159,39,856000
11715,3736,696,53,589000
11716,1495,607,12,269000
11717,2192,256,99,211000
11718,2818,444,18,41000
11719,1923,256,81,250000
11720,3679,478,10,490000
11721,1854,103,67,1986000
11722,1312,478,63,517000
11723,1426,156,5,534000
11724,26,26,98,84000
11725,3438,317,80,3333000
11726,4249,361,92,459000
11727,3236,92,89,1654000
11728,1318,736,56,448000
11729,1294,279,48,2975000
11730,4730,313,90,89000
11731,4420,89,69,1042000
11732,2823,170,16,283000
11733,3850,777,5,1186000
11734,2702,157,28,2148000
11735,221,420,35,2342000
11736,3655,460,99,573000
11737,3447,198,98,574000
11738,4829,229,77,219000
11739,4233,620,58,1981000
11740,3596,239,45,1530000
11741,2717,335,5,298000
11742,1026,562,39,60000
11743,2416,737,41,1510000
11744,4253,460,33,571000
11745,3860,649,34,882000
11746,252,157,97,2280000
11747,3551,8,91,304000
11748,4836,145,64,1086000
11749,4132,297,22,269000
11750,2283,551,36,37000
11751,3844,495,5,360000
11752,3140,394,59,442000
11753,1395,129,87,224000
11754,1477,476,48,152000
11755,1722,728,61,453000
11756,617,471,58,100000
11757,4594,147,21,2335000
11758,2508,672,59,1372000
11759,3008,198,94,734000
11760,3221,382,59,379000
11761,640,131,83,74000
11762,1263,14,42,1330000
11763,343,471,82,115000
11764,735,540,28,182000
11765,1266,708,66,3778000
11766,4234,740,74,4248000
11767,3718,215,76,206000
11768,3375,601,35,1762000
11769,809,55,87,77000
11770,831,578,15,104000
11771,1139,592,83,135000
11772,1631,387,23,488000
11773,3993,255,29,243000
11774,4039,538,16,852000
11775,3007,388,45,550000
11776,1081,725,40,40000
11777,2378,564,20,101000
11778,1273,234,41,3484000
11779,1355,188,50,247000
11780,2749,586,35,959000
11781,434,4,35,3069000
11782,3539,275,33,5437000
11783,4130,649,26,1044000
11784,708,297,40,187000
11785,4560,177,9,1527000
11786,1639,309,24,80000
11787,4257,793,11,120000
11788,3130,647,75,16000
11789,784,276,52,542000
11790,3813,505,89,61000
11791,2833,419,72,900000
11792,1537,9,65,166000
11793,506,225,28,1165000
11794,3295,234,96,3530000
11795,172,90,75,1135000
11796,4373,285,50,2787000
11797,203,503,52,136000
11798,1079,208,87,1489000
11799,2958,115,83,263000
11800,1951,762,12,173000
11801,1896,789,61,1986000
11802,1358,336,82,57000
11803,1822,193,27,275000
11804,131,287,46,831000
11805,2945,96,96,123000
11806,3113,364,92,188000
11807,4380,25,57,958000
11808,3413,283,40,433000
11809,326,615,67,54000
11810,1816,327,76,499000
11811,672,187,55,27000
11812,4070,574,13,81000
11813,344,160,25,1731000
11814,1980,18,6,756000
11815,1568,800,28,89000
11816,1596,563,67,504000
11817,29,712,25,3588000
11818,2365,17,57,2475000
11819,500,561,93,798000
11820,2044,492,43,265000
11821,3115,481,23,1444000
11822,1996,250,22,213000
11823,3815,756,61,126000
11824,257,337,98,1775000
11825,463,450,49,2288000
11826,740,267,68,1039000
11827,3227,623,18,1112000
11828,4235,336,56,55000
11829,2052,81,28,3674000
11830,480,446,71,1142000
11831,4438,759,39,317000
11832,1328,408,43,1552000
11833,6,555,89,990000
11834,4093,793,44,93000
11835,4474,384,26,1112000
11836,2894,468,10,346000
11837,2666,205,86,4017000
11838,2584,183,36,1025000
11839,4225,437,29,665000
11840,1579,723,79,27000
11841,811,239,37,1576000
11842,2154,51,6,132000
11843,850,797,63,2337000
11844,4721,489,91,2572000
11845,566,40,17,90000
11846,2336,246,99,3714000
11847,3013,92,17,1432000
11848,2155,395,97,2928000
11849,1895,428,93,1113000
11850,3717,782,60,3535000
11851,1382,42,62,958000
11852,4604,48,39,4729000
11853,3890,687,97,1798000
11854,4281,232,74,1154000
11855,1374,2,12,1651000
11856,1107,653,87,499000
11857,4322,237,26,3197000
11858,4136,196,27,101000
11859,1004,658,78,1221000
11860,120,356,77,142000
11861,3257,55,39,88000
11862,1435,90,27,834000
11863,2603,496,86,108000
11864,3304,174,78,750000
11865,4143,41,27,950000
11866,590,337,36,1611000
11867,3906,58,58,4400000
11868,2380,247,83,1332000
11869,4794,484,22,972000
11870,3636,311,5,177000
11871,1788,607,63,274000
11872,2529,628,38,1717000
11873,3931,597,26,1755000
11874,2314,447,51,1595000
11875,531,643,8,116000
11876,3489,557,48,286000
11877,2238,236,83,4087000
11878,1639,754,78,427000
11879,4625,138,71,21000
11880,618,695,32,941000
11881,2890,278,39,1523000
11882,4731,399,28,135000
11883,1912,207,29,1416000
11884,370,510,63,156000
11885,4161,159,35,797000
11886,4558,586,15,686000
11887,3825,521,87,1413000
11888,4759,643,21,92000
11889,1129,199,59,100000
11890,2292,370,25,1284000
11891,4917,343,55,1627000
11892,3526,563,7,566000
11893,2642,662,32,294000
11894,473,423,100,979000
11895,1194,725,34,38000
11896,717,668,40,1704000
11897,3083,325,69,643000
11898,1163,363,86,951000
11899,1716,500,48,32000
11900,3391,591,6,1320000
11901,2795,558,36,411000
11902,4182,291,78,117000
11903,2273,296,91,78000
11904,3903,339,14,2013000
11905,1237,200,84,987000
11906,472,57,47,409000
11907,3492,75,6,1847000
11908,3552,359,11,224000
11909,1542,443,87,174000
11910,219,302,35,459000
11911,1994,224,65,142000
11912,4624,507,30,62000
11913,1828,524,89,834000
11914,4410,319,59,396000
11915,3936,734,30,283000
11916,2469,241,80,1054000
11917,1289,326,65,20000
11918,2841,94,38,669000
11919,1361,69,61,180000
11920,1280,765,66,164000
11921,2864,62,28,761000
11922,1665,556,39,4593000
11923,3810,378,31,371000
11924,4637,375,77,3275000
11925,2068,16,92,771000
11926,1986,109,71,3778000
11927,61,158,96,66000
11928,2800,246,82,4785000
11929,2437,678,17,1098000
11930,693,493,41,2717000
11931,4975,436,56,377000
11932,1034,625,70,294000
11933,4773,29,51,1342000
11934,1320,648,13,31000
11935,4594,240,80,178000
11936,2910,795,13,1061000
11937,1581,519,65,474000
11938,1715,149,65,1615000
11939,1550,571,12,1410000
11940,2231,626,38,809000
11941,587,507,11,52000
11942,861,292,6,87000
11943,3572,296,30,68000
11944,4664,703,33,1911000
11945,1288,763,38,110000
11946,2326,751,60,229000
11947,116,44,78,1517000
11948,3123,228,79,82000
11949,2594,261,79,140000
11950,2371,561,76,704000
11951,3897,775,54,1085000
11952,1153,126,80,774000
11953,289,591,93,1366000
11954,4052,470,36,606000
11955,666,737,52,1544000
11956,3404,135,41,168000
11957,2474,585,82,1055000
11958,2849,217,52,2451000
11959,612,176,87,340000
11960,3946,746,49,1419000
11961,1257,158,42,70000
11962,2630,214,43,823000
11963,2285,761,29,282000
11964,289,288,100,114000
11965,2153,492,100,257000
11966,417,718,82,172000
11967,1967,588,77,662000
11968,4682,594,45,2566000
11969,3260,292,23,106000
11970,3452,502,9,493000
11971,2727,521,86,1776000
11972,2672,646,40,2072000
11973,122,88,22,1879000
11974,2070,474,90,2539000
11975,3488,554,49,458000
11976,1079,788,28,640000
11977,193,445,13,143000
11978,1015,548,58,463000
11979,1094,502,26,396000
11980,335,747,52,221000
11981,1896,356,49,145000
11982,2112,490,68,341000
11983,2112,389,57,189000
11984,3344,461,58,2096000
11985,1592,350,65,113000
11986,4264,475,97,98000
11987,4889,632,46,104000
11988,2625,101,23,335000
11989,2352,706,25,330000
11990,2630,127,8,329000
11991,244,614,90,135000
11992,3825,559,33,454000
11993,873,395,14,2975000
11994,3956,766,27,1393000
11995,908,773,25,1586000
11996,4977,613,54,157000
11997,3184,125,9,237000
11998,1245,268,32,529000
11999,1646,152,13,664000
12000,4740,626,48,763000
12001,4221,474,60,2516000
12002,243,448,31,67000
12003,3611,416,62,966000
12004,3984,427,83,53000
12005,915,172,74,565000
12006,3196,92,61,1370000
12007,2913,656,6,2285000
12008,3715,598,59,920000
12009,4867,341,40,1715000
12010,4680,787,65,1147000
12011,1895,344,45,585000
12012,2067,761,38,282000
12013,2409,165,95,1023000
12014,1519,215,28,277000
12015,2768,713,44,276000
12016,3567,488,77,691000
12017,1656,32,72,1250000
12018,2209,262,83,926000
12019,2284,599,59,2231000
12020,1208,245,67,551000
12021,2554,419,28,920000
12022,4137,451,85,20000
12023,4608,378,59,422000
12024,3450,255,50,185000
12025,1328,499,19,709000
12026,3283,404,51,3226000
12027,129,157,37,2311000
12028,4149,384,56,1053000
12029,4753,234,20,3188000
12030,151,450,96,2194000
12031,694,546,20,1317000
12032,292,265,33,246000
12033,4115,8,14,388000
12034,1342,595,38,3270000
12035,3032,160,10,1273000
12036,674,402,85,110000
12037,3001,727,21,162000
12038,2518,438,82,374000
12039,1549,19,99,18000
12040,1675,118,96,75000
12041,2882,382,59,408000
12042,2817,800,37,74000
12043,3157,464,82,1138000
12044,249,212,76,271000
12045,434,231,24,1339000
12046,4898,205,82,4021000
12047,1377,716,72,972000
12048,3940,649,17,869000
12049,4474,759,70,324000
12050,3400,750,16,4013000
12051,377,191,29,1058000
12052,277,738,30,1608000
12053,1868,680,73,742000
12054,2421,518,73,2612000
12055,1102,292,9,77000
12056,3195,533,47,2315000
12057,571,698,49,500000
12058,4600,104,63,1022000
12059,2317,270,93,743000
12060,3580,792,33,3243000
12061,599,475,41,118000
12062,4588,175,22,2052000
12063,1652,138,64,22000
12064,4229,54,8,377000
12065,139,421,41,731000
12066,3329,568,89,2202000
12067,3207,200,75,1099000
12068,3819,252,36,438000
12069,2600,548,10,511000
12070,903,628,42,1540000
12071,1165,432,26,395000
12072,1141,406,68,458000
12073,2424,768,94,498000
12074,900,765,75,174000
12075,1450,325,97,818000
12076,1956,696,92,420000
12077,4570,369,42,500000
12078,825,175,49,1965000
12079,3165,538,77,774000
12080,2338,416,89,932000
12081,1677,129,46,216000
12082,3748,796,71,808000
12083,1384,91,28,43000
12084,3908,663,36,474000
12085,1135,436,36,374000
12086,631,720,59,1201000
12087,3899,658,76,1077000
12088,3469,574,79,93000
12089,2105,6,43,1050000
12090,4451,606,56,3245000
12091,1429,754,83,429000
12092,2780,195,84,731000
12093,446,506,83,161000
12094,1814,91,99,32000
12095,1188,100,96,604000
12096,914,19,7,18000
12097,4895,264,58,847000
12098,1496,497,49,1641000
12099,4326,81,32,3185000
12100,2383,241,33,996000
12101,960,118,39,97000
12102,4652,586,48,779000
12103,363,373,89,1025000
12104,2626,667,71,124000
12105,340,209,70,1202000
12106,27,159,27,786000
12107,1297,61,38,126000
12108,1448,605,17,1250000
12109,3800,89,59,1317000
12110,1866,103,26,1661000
12111,2905,271,70,1371000
12112,921,203,6,1715000
12113,1470,713,65,293000
12114,3967,533,27,2223000
12115,526,612,72,452000
12116,4112,451,77,22000
12117,1536,120,41,169000
12118,3309,316,73,82000
12119,4968,388,42,615000
12120,180,443,43,160000
12121,1391,20,76,995000
12122,2753,617,9,833000
12123,357,82,25,102000
12124,4887,436,8,311000
12125,1166,745,96,506000
12126,4742,703,61,1467000
12127,1918,134,5,237000
12128,3593,468,68,437000
12129,3478,140,64,3700000
12130,3131,255,61,226000
12131,4367,466,20,775000
12132,2560,235,79,476000
12133,4743,356,35,142000
12134,1101,229,100,203000
12135,788,173,27,1345000
12136,4269,383,85,1698000
12137,2972,53,54,1636000
12138,616,230,60,369000
12139,4924,787,53,1323000
12140,2290,650,82,896000
12141,419,594,58,3297000
12142,3044,62,18,817000
12143,4578,668,72,1689000
12144,3188,579,72,335000
12145,3049,561,55,695000
12146,554,246,42,5258000
12147,3900,1,91,1182000
12148,3938,89,97,1139000
12149,2307,41,82,779000
12150,3668,55,66,85000
12151,64,47,45,84000
12152,4281,162,84,4995000
12153,3142,796,27,1101000
12154,3580,335,27,328000
12155,110,791,83,4704000
12156,1382,84,10,536000
12157,306,315,47,320000
12158,423,51,93,152000
12159,4968,280,54,418000
12160,1694,301,47,766000
12161,3999,71,19,786000
12162,4984,680,57,1035000
12163,2924,435,10,199000
12164,4556,552,76,1066000
12165,1502,367,34,630000
12166,1046,296,81,83000
12167,271,663,51,485000
12168,2499,57,99,497000
12169,212,667,88,100000
12170,1242,612,52,500000
12171,2676,674,8,1820000
12172,4597,190,19,1141000
12173,1941,588,27,715000
12174,3983,586,86,955000
12175,507,220,57,44000
12176,2916,773,70,1221000
12177,3958,300,63,406000
12178,3308,636,46,419000
12179,3037,452,18,219000
12180,2293,234,72,2833000
12181,4986,432,94,339000
12182,2698,158,99,74000
12183,4895,66,50,1263000
12184,1994,278,6,1995000
12185,336,183,84,1285000
12186,1098,567,63,4640000
12187,4234,71,61,756000
12188,1246,202,59,83000
12189,4412,201,34,775000
12190,1498,292,45,108000
12191,2102,612,60,456000
12192,3007,762,75,149000
12193,1493,232,76,1092000
12194,1451,371,49,865000
12195,1196,115,89,207000
12196,4089,560,23,31000
12197,396,774,92,5193000
12198,1266,715,68,135000
12199,3728,495,28,352000
12200,2364,512,61,43000
12201,450,554,21,483000
12202,1356,391,99,52000
12203,248,573,19,231000
12204,2460,639,93,384000
12205,602,713,21,263000
12206,1660,54,5,340000
12207,2378,651,50,1146000
12208,4552,461,45,2336000
12209,2515,211,7,135000
12210,3268,294,38,394000
12211,4184,775,10,811000
12212,3937,260,69,90000
12213,3671,603,68,255000
12214,3403,3,34,1581000
12215,4374,202,26,86000
12216,3626,2,27,1268000
12217,3326,210,7,651000
12218,2684,214,12,1012000
12219,2137,162,88,4323000
12220,962,342,79,906000
12221,1690,414,73,206000
12222,213,687,8,1888000
12223,4676,593,96,334000
12224,4599,167,6,50000
12225,2492,3,63,1584000
12226,2138,175,14,2187000
12227,594,166,67,321000
12228,3380,3,55,1283000
12229,4441,578,38,83000
12230,535,465,47,1198000
12231,1816,581,7,375000
12232,3777,520,57,1572000
12233,3065,209,40,859000
12234,469,417,66,821000
12235,3510,678,42,1074000
12236,1904,587,39,3290000
12237,3981,428,31,1123000
12238,2174,732,11,285000
12239,3020,120,20,125000
12240,1708,117,60,339000
12241,464,204,48,501000
12242,755,277,96,442000
12243,1807,505,97,62000
12244,1435,474,79,2539000
12245,1988,202,32,71000
12246,604,287,44,699000
12247,3533,108,11,515000
12248,3933,349,15,2623000
12249,827,619,62,1708000
12250,1530,443,20,123000
12251,634,421,49,728000
12252,2212,300,18,356000
12253,1775,776,13,48000
12254,3292,35,10,142000
12255,3055,54,70,306000
12256,1796,695,9,838000
12257,2658,576,66,204000
12258,3699,299,34,1118000
12259,71,757,54,3464000
12260,2671,292,88,97000
12261,2790,511,17,374000
12262,2974,679,43,365000
12263,3272,236,17,4347000
12264,1844,160,13,1241000
12265,2373,101,12,264000
12266,4133,149,29,1878000
12267,196,176,88,387000
12268,4483,243,92,1217000
12269,3774,278,13,1886000
12270,2090,619,33,1330000
12271,3666,45,86,135000
12272,3865,103,8,1734000
12273,4544,479,79,585000
12274,3903,117,27,432000
12275,1118,317,91,3271000
12276,2886,309,73,66000
12277,2203,711,77,2188000
12278,4076,678,67,1394000
12279,1787,286,93,174000
12280,1184,335,31,389000
12281,3825,433,27,377000
12282,4276,296,33,71000
12283,529,33,67,538000
12284,1759,273,56,1462000
12285,435,635,20,2737000
12286,4623,556,72,3919000
12287,462,84,65,738000
12288,1732,310,96,4710000
12289,1402,525,8,3803000
12290,1172,264,29,838000
12291,3021,543,88,847000
12292,1616,617,47,601000
12293,2966,654,92,34000
12294,3328,169,96,148000
12295,4746,172,75,559000
12296,163,298,87,278000
12297,1637,444,97,38000
12298,2520,361,60,462000
12299,3574,214,62,909000
12300,193,760,86,1176000
12301,4215,548,63,529000
12302,3525,446,37,1132000
12303,584,528,26,1508000
12304,1198,305,32,3774000
12305,2059,78,7,307000
12306,3617,483,88,506000
12307,1984,742,27,715000
12308,204,111,93,2097000
12309,466,696,60,500000
12310,1172,216,25,914000
12311,1269,108,46,513000
12312,3198,294,66,303000
12313,155,69,50,178000
12314,942,765,29,221000
12315,3194,354,60,1258000
12316,2997,321,40,1183000
12317,1659,542,27,1030000
12318,1757,221,89,4329000
12319,4096,61,66,130000
12320,2351,345,42,1694000
12321,1063,596,91,255000
12322,941,229,94,200000
12323,813,708,49,3136000
12324,1272,150,10,1719000
12325,3544,420,21,2568000
12326,3142,281,89,655000
12327,1212,269,98,481000
12328,2536,424,74,1650000
12329,4498,788,70,725000
12330,927,433,95,300000
12331,4080,432,85,304000
12332,3074,788,53,661000
12333,2438,480,10,922000
12334,860,659,85,841000
12335,2295,256,10,195000
12336,1040,241,64,1155000
12337,2094,545,33,1317000
12338,3312,238,46,556000
12339,1611,656,14,2649000
12340,492,390,39,552000
12341,774,412,75,269000
12342,362,761,86,292000
12343,3936,193,95,269000
12344,1992,762,54,163000
12345,1730,624,66,96000
12346,2356,28,41,1040000
12347,3820,38,22,275000
12348,4722,147,68,1956000
12349,1602,132,85,308000
12350,1367,146,21,297000
12351,1476,535,85,490000
12352,3428,687,97,1871000
12353,2255,584,47,1302000
12354,1933,507,21,55000
12355,2996,299,47,1010000
12356,3947,649,94,1122000
12357,2096,703,91,1904000
12358,209,94,41,680000
12359,756,288,67,130000
12360,4297,370,37,1058000
12361,1006,155,21,1670000
12362,3817,725,17,30000
12363,2386,329,69,29000
12364,916,643,12,120000
12365,3995,285,78,2748000
12366,4701,758,83,1207000
12367,3437,172,46,508000
12368,4443,445,98,115000
12369,912,148,48,1364000
12370,1405,241,38,1193000
12371,2283,80,27,149000
12372,4811,778,42,3948000
12373,450,356,93,180000
12374,1206,308,6,3614000
12375,1902,611,73,503000
12376,3540,639,72,347000
12377,4553,336,32,50000
12378,1476,652,15,740000
12379,2639,588,52,696000
12380,1855,515,26,1659000
12381,2203,781,60,349000
12382,1694,668,97,1883000
12383,1783,446,63,952000
12384,2083,383,18,1746000
12385,773,180,41,2851000
12386,122,407,7,1946000
12387,859,505,76,50000
12388,4153,454,97,869000
12389,1278,600,69,801000
12390,2369,211,39,173000
12391,2525,310,8,5339000
12392,3836,42,91,945000
12393,4687,350,10,111000
12394,2762,368,28,63000
12395,1763,207,59,1403000
12396,2767,435,12,242000
12397,878,278,68,1819000
12398,660,338,24,596000
12399,785,652,34,925000
12400,2495,545,29,1042000
12401,3746,604,77,1113000
12402,4184,779,36,750000
12403,15,433,20,359000
12404,3815,671,10,4170000
12405,3219,574,85,85000
12406,3883,524,43,860000
12407,466,673,36,684000
12408,4827,484,63,1008000
12409,3303,164,58,980000
12410,881,325,72,635000
12411,4676,52,49,292000
12412,1920,633,25,364000
12413,2660,41,99,885000
12414,921,55,30,77000
12415,3296,375,48,3162000
12416,2183,776,99,56000
12417,187,109,36,3248000
12418,2162,497,31,1888000
12419,4114,186,30,55000
12420,651,284,56,3483000
12421,2862,106,48,2147000
12422,4183,699,18,423000
12423,1381,98,33,2726000
12424,3516,686,26,528000
12425,2158,287,85,868000
12426,331,203,32,1369000
12427,1027,496,71,95000
12428,2807,503,94,141000
12429,4051,48,11,3345000
12430,3458,198,15,579000
12431,3002,500,90,34000
12432,1958,221,88,4150000
12433,2855,463,77,2719000
12434,2775,325,33,671000
12435,3838,138,15,24000
12436,3422,488,30,616000
12437,4508,265,67,217000
12438,3296,629,79,2223000
12439,2443,437,25,907000
12440,785,488,66,516000
12441,4973,660,77,158000
12442,1354,773,70,1300000
12443,4499,26,59,76000
12444,3794,91,95,41000
12445,4896,81,21,4038000
12446,2924,790,80,300000
12447,4414,69,13,176000
12448,2774,761,77,346000
12449,314,521,91,1486000
12450,4856,621,66,936000
12451,2405,702,86,1218000
12452,3472,734,77,200000
12453,1553,132,46,341000
12454,2272,312,66,1159000
12455,463,1,94,1063000
12456,67,35,11,140000
12457,2750,198,11,681000
12458,1747,355,65,521000
12459,4283,16,50,661000
12460,2442,389,25,209000
12461,4216,167,62,53000
12462,4839,765,54,162000
12463,3001,114,52,440000
12464,1316,465,59,1298000
12465,2613,248,6,64000
12466,219,262,40,1222000
12467,3586,31,56,1453000
12468,2073,138,43,20000
12469,1873,360,8,653000
12470,1668,278,75,1481000
12471,4502,676,50,2068000
12472,4974,457,61,1656000
12473,4329,559,10,542000
12474,4361,377,14,114000
12475,4671,266,10,1011000
12476,3148,769,54,30000
12477,2241,342,34,1015000
12478,3344,410,83,1559000
12479,4602,384,75,1032000
12480,3689,310,8,4199000
12481,1487,530,17,156000
12482,2341,581,36,343000
12483,4809,222,87,151000
12484,1510,454,76,1016000
12485,879,553,97,2156000
12486,1703,164,19,1023000
12487,905,298,93,314000
12488,416,766,24,1128000
12489,2707,79,95,4290000
12490,1646,424,13,1564000
12491,4854,199,83,140000
12492,3057,357,50,271000
12493,2573,794,53,82000
12494,3187,200,96,777000
12495,2961,314,14,1728000
12496,2174,450,92,2948000
12497,2302,337,73,1837000
12498,2971,124,62,456000
12499,585,85,87,19000
12500,3574,342,97,958000
12501,4181,569,30,1101000
12502,1427,237,100,3536000
12503,2170,578,62,118000
12504,3337,493,14,2609000
12505,1898,62,67,981000
12506,478,89,49,1009000
12507,1202,674,36,1869000
12508,140,153,45,533000
12509,1713,694,25,76000
12510,1619,405,16,1186000
12511,3782,324,8,2520000
12512,1271,741,89,1423000
12513,3520,782,100,2973000
12514,677,68,27,115000
12515,642,583,73,3390000
12516,3631,97,23,138000
12517,107,297,26,259000
12518,975,642,81,1005000
12519,2677,20,7,795000
12520,4096,554,21,482000
12521,3845,732,92,250000
12522,284,576,8,207000
12523,1562,45,14,155000
12524,3568,7,51,879000
12525,2837,337,13,2337000
12526,4277,606,35,3918000
12527,503,796,41,1056000
12528,1910,532,72,1901000
12529,464,91,63,45000
12530,3129,72,18,1276000
12531,1684,167,57,51000
12532,3145,14,90,1466000
12533,2762,757,89,3771000
12534,1021,165,59,1129000
12535,1170,222,63,147000
12536,638,698,42,495000
12537,2406,360,13,689000
12538,1290,226,100,1460000
12539,4867,571,98,1186000
12540,2339,291,22,112000
12541,2207,516,12,2926000
12542,1826,562,74,58000
12543,2491,410,58,1536000
12544,4248,742,74,650000
12545,1504,649,37,920000
12546,2228,707,68,356000
12547,3475,489,5,2618000
12548,1556,294,78,357000
12549,2488,791,70,4182000
12550,4227,564,77,100000
12551,3841,275,9,5338000
12552,4870,415,77,241000
12553,901,113,40,690000
12554,820,104,41,951000
12555,2032,387,16,351000
12556,1013,553,42,2095000
12557,1361,67,8,1133000
12558,908,724,93,695000
12559,799,131,96,57000
12560,2939,582,52,965000
12561,1155,362,28,3006000
12562,2788,650,52,894000
12563,4493,265,88,189000
12564,3062,641,92,849000
12565,4375,363,21,1027000
12566,3837,87,62,3495000
12567,4701,659,81,979000
12568,4508,426,35,540000
12569,3319,712,68,3460000
12570,4719,709,13,2695000
12571,3662,707,60,365000
12572,988,338,96,565000
12573,540,717,10,538000
12574,4328,499,53,637000
12575,4967,686,79,607000
12576,3752,2,68,1446000
12577,424,279,31,3934000
12578,2581,453,70,668000
12579,2676,565,39,353000
12580,3259,111,35,2846000
12581,3004,744,29,54000
12582,2565,582,89,742000
12583,351,583,76,3696000
12584,982,26,89,101000
12585,1919,68,15,94000
12586,669,364,63,196000
12587,1810,312,18,957000
12588,1757,256,6,186000
12589,290,189,55,2733000
12590,1175,730,90,71000
12591,3839,756,27,97000
12592,1946,550,97,147000
12593,1445,19,97,16000
12594,2207,51,42,155000
12595,4193,296,11,89000
12596,1047,785,68,2741000
12597,1027,357,92,296000
12598,3480,579,78,417000
12599,3091,600,60,751000
12600,3955,629,47,2049000
12601,168,776,42,45000
12602,2725,289,39,673000
12603,194,737,20,1617000
12604,2571,747,100,204000
12605,4972,244,96,165000
12606,1780,8,93,412000
12607,1659,473,20,749000
12608,1451,256,77,215000
12609,1031,180,30,3772000
12610,2613,16,49,647000
12611,3896,260,25,87000
12612,716,381,16,145000
12613,744,716,34,1102000
12614,1325,536,46,129000
12615,2061,640,55,450000
12616,333,118,63,83000
12617,491,572,47,1144000
12618,952,24,28,317000
12619,3371,260,31,80000
12620,4101,636,52,463000
12621,3950,666,5,646000
12622,407,461,47,2261000
12623,3037,722,100,3043000
12624,2825,649,97,1178000
12625,718,23,99,574000
12626,336,21,91,198000
12627,4910,104,46,1223000
12628,3598,129,75,198000
12629,584,542,77,856000
12630,1234,13,43,668000
12631,570,703,29,1672000
12632,3233,379,73,123000
12633,2026,672,6,1396000
12634,4297,95,63,326000
12635,4995,736,74,427000
12636,1025,106,12,2231000
12637,4526,204,81,436000
12638,3231,259,77,1974000
12639,615,356,26,200000
12640,2263,573,43,299000
12641,3643,489,52,2097000
12642,4221,293,23,278000
12643,1085,108,47,532000
12644,121,411,8,904000
12645,3073,669,88,234000
12646,723,217,14,2678000
12647,887,777,47,1027000
12648,144,761,78,366000
12649,134,35,11,137000
12650,1707,159,7,688000
12651,2808,83,95,3012000
12652,1177,33,16,608000
12653,3976,352,22,130000
12654,3215,164,22,849000
12655,1078,85,93,18000
12656,4089,316,75,73000
12657,2138,251,10,1844000
12658,778,26,20,89000
12659,607,793,6,94000
12660,2498,515,34,1525000
12661,3805,351,12,44000
12662,1249,640,76,423000
12663,3922,135,90,170000
12664,975,34,24,141000
12665,1603,249,74,164000
12666,1527,50,54,1735000
12667,3569,101,81,299000
12668,4799,313,94,88000
12669,2054,676,23,1980000
12670,1292,719,77,718000
12671,3137,511,64,358000
12672,516,231,27,1655000
12673,2383,4,58,2435000
12674,4730,36,43,1196000
12675,596,340,11,1557000
12676,637,37,18,340000
12677,2379,382,72,419000
12678,43,25,8,958000
12679,4315,568,25,2365000
12680,1044,135,43,154000
12681,4485,507,73,61000
12682,2852,171,20,179000
12683,4791,660,29,173000
12684,1651,231,56,1578000
12685,3582,95,91,377000
12686,2381,186,84,52000
12687,3122,491,59,152000
12688,1243,160,35,1562000
12689,1634,409,34,622000
12690,1170,634,47,1391000
12691,3350,683,38,1354000
12692,4945,89,63,1459000
12693,3833,71,24,755000
12694,4577,521,22,1693000
12695,2091,7,5,773000
12696,3100,191,76,947000
12697,3932,511,62,372000
12698,3956,725,80,36000
12699,2715,381,81,143000
12700,4501,639,82,370000
12701,1818,501,60,2099000
12702,536,750,65,4149000
12703,3751,287,49,770000
12704,3900,414,8,245000
12705,3843,49,53,641000
12706,1680,141,19,963000
12707,3072,584,9,1222000
12708,4669,771,29,256000
12709,119,189,75,2537000
12710,4339,683,62,1162000
12711,4690,557,94,275000
12712,69,217,18,2372000
12713,4320,438,29,371000
12714,4765,494,5,3016000
12715,4871,306,41,654000
12716,2990,557,52,266000
12717,3605,23,64,575000
12718,1892,388,71,680000
12719,3597,124,34,460000
12720,2696,373,21,1399000
12721,3328,681,38,840000
12722,3259,345,54,1582000
12723,3247,184,51,55000
12724,1917,374,32,175000
12725,228,221,7,4079000
12726,897,698,98,524000
12727,4472,494,45,3954000
12728,3200,631,66,1303000
12729,2831,505,67,55000
12730,275,131,59,69000
12731,1844,223,15,308000
12732,3602,792,27,2922000
12733,289,278,71,1775000
12734,2061,415,93,280000
12735,4666,602,93,1604000
12736,1397,662,65,242000
12737,2245,79,80,3671000
12738,2197,393,50,2693000
12739,2210,373,54,1299000
12740,3067,704,57,159000
12741,2233,466,57,782000
12742,4453,663,17,635000
12743,1426,130,53,2512000
12744,4495,736,69,504000
12745,1956,592,82,123000
12746,4792,109,91,3525000
12747,1192,660,68,171000
12748,146,684,26,94000
12749,2141,675,69,477000
12750,1256,241,55,1253000
12751,1481,328,40,293000
12752,1108,376,56,909000
12753,655,777,99,1075000
12754,33,620,36,2017000
12755,4551,402,28,138000
12756,4962,2,48,1574000
12757,371,748,77,449000
12758,3137,741,16,1621000
12759,2201,422,74,239000
12760,454,59,23,531000
12761,1470,459,60,133000
12762,4248,236,18,3654000
12763,3761,69,7,196000
12764,3415,487,56,3280000
12765,3693,124,15,310000
12766,2017,343,45,1255000
12767,575,115,52,233000
12768,3242,145,14,1068000
12769,3175,612,77,449000
12770,3709,690,35,362000
12771,3498,252,62,444000
12772,3163,541,27,244000
12773,2466,269,21,607000
12774,1139,517,29,802000
12775,1994,328,11,302000
12776,1630,290,38,127000
12777,1604,640,24,393000
12778,3629,549,80,1574000
12779,3121,170,74,361000
12780,353,431,21,137000
12781,3299,257,25,47000
12782,2124,197,49,1401000
12783,2410,179,79,585000
12784,4809,130,23,2628000
12785,2332,718,21,191000
12786,3390,23,71,603000
12787,2311,343,70,1659000
12788,865,347,82,369000
12789,934,63,29,114000
12790,4146,97,27,125000
12791,149,476,8,151000
12792,763,384,64,813000
12793,3405,4,79,2507000
12794,3538,752,81,321000
12795,4249,761,45,417000
12796,2090,741,37,1761000
12797,125,594,11,3421000
12798,1221,49,95,779000
12799,3614,196,46,87000
12800,3736,296,28,64000
12801,4034,658,5,1187000
12802,476,171,52,221000
12803,4993,505,64,63000
12804,1597,241,28,894000
12805,2592,542,38,988000
12806,703,288,36,106000
12807,2454,798,31,70000
12808,1035,47,30,89000
12809,74,225,92,1281000
12810,129,192,55,1124000
12811,85,289,65,505000
12812,2651,92,94,1604000
12813,4508,623,29,917000
12814,238,153,22,541000
12815,4418,546,40,1452000
12816,2129,519,6,523000
12817,4913,376,41,992000
12818,1612,675,97,451000
12819,297,604,38,1120000
12820,4170,348,24,1229000
12821,413,180,52,3143000
12822,115,437,14,735000
12823,4348,217,73,2839000
12824,2380,118,53,83000
12825,1186,526,39,62000
12826,2053,188,13,240000
12827,1451,49,78,747000
12828,2043,349,23,2588000
12829,2223,203,27,1734000
12830,3214,762,55,120000
12831,1844,66,56,1177000
12832,1228,483,27,535000
12833,79,492,15,234000
12834,2524,623,50,1015000
12835,3139,750,18,3966000
12836,4719,767,35,440000
12837,1600,799,90,193000
12838,1508,779,73,906000
12839,3293,256,13,202000
12840,2955,285,55,2199000
12841,4931,800,33,74000
12842,685,496,83,117000
12843,2607,125,20,269000
12844,2524,202,35,91000
12845,1928,573,91,214000
12846,2920,619,31,1417000
12847,874,451,50,26000
12848,1525,489,27,2360000
12849,2409,126,86,1006000
12850,643,687,36,1491000
12851,1757,772,71,275000
12852,1607,183,13,1295000
12853,2565,176,18,419000
12854,3938,300,35,354000
12855,18,13,26,704000
12856,4986,407,80,2001000
12857,2342,100,52,429000
12858,1920,76,43,1221000
12859,1694,348,25,1291000
12860,4116,30,99,1454000
12861,571,216,25,905000
12862,4857,440,95,292000
12863,2022,213,77,740000
12864,1787,750,73,3532000
12865,337,41,37,843000
12866,2058,349,44,2587000
12867,4347,308,58,3843000
12868,4409,437,69,705000
12869,2836,622,64,459000
12870,4428,154,55,915000
12871,930,756,23,125000
12872,3431,135,30,206000
12873,3068,544,42,664000
12874,2839,79,75,3582000
12875,1360,649,83,1002000
12876,3829,2,25,1392000
12877,3981,158,13,68000
12878,2429,780,69,1020000
12879,1784,454,68,975000
12880,4529,755,30,103000
12881,1778,43,91,1152000
12882,4459,121,44,933000
12883,3545,132,29,347000
12884,4281,241,100,960000
12885,4005,508,30,1555000
12886,4364,609,68,545000
12887,759,497,50,1318000
12888,4833,147,60,2145000
12889,318,691,28,1219000
12890,1267,91,49,34000
12891,3552,390,57,400000
12892,4118,120,11,136000
12893,98,323,71,868000
12894,4402,775,25,879000
12895,14,684,15,96000
12896,273,291,11,128000
12897,7,60,88,357000
12898,2557,287,9,959000
12899,1564,351,84,52000
12900,3276,693,94,2201000
12901,1038,441,70,911000
12902,2149,583,80,3464000
12903,3826,441,85,1110000
12904,2355,373,92,1342000
12905,2472,735,75,244000
12906,3445,315,56,412000
12907,2258,554,64,465000
12908,4548,426,47,544000
12909,4382,477,37,854000
12910,2997,139,98,3608000
12911,1674,566,48,736000
12912,4498,102,81,56000
12913,1075,698,6,436000
12914,4376,693,71,1674000
12915,1006,659,30,1110000
12916,1910,485,31,408000
12917,4253,216,31,935000
12918,1608,510,67,124000
12919,3294,720,59,1271000
12920,4061,710,13,4668000
12921,820,647,12,20000
12922,449,248,65,74000
12923,1125,316,57,71000
12924,387,523,85,2833000
12925,3127,240,48,156000
12926,1499,90,29,1081000
12927,1366,611,73,431000
12928,3429,798,8,68000
12929,1779,737,56,1653000
12930,2814,739,52,94000
12931,1696,195,29,809000
12932,3334,663,82,541000
12933,2198,683,86,1134000
12934,4615,740,28,5252000
12935,2366,596,51,256000
12936,2695,725,55,31000
12937,1939,721,21,446000
12938,728,135,31,180000
12939,3699,781,46,320000
12940,4832,10,10,3126000
12941,2924,551,66,42000
12942,4363,531,96,2596000
12943,671,499,77,762000
12944,3978,199,65,106000
12945,959,352,29,160000
12946,3744,198,84,670000
12947,279,2,85,1635000
12948,2869,204,25,384000
12949,757,719,61,713000
12950,4612,741,48,1832000
12951,4784,82,15,84000
12952,1916,43,68,902000
12953,565,402,95,141000
12954,4697,425,66,2069000
12955,4843,696,95,611000
12956,244,94,20,574000
12957,4675,225,34,1135000
12958,116,364,25,217000
12959,4924,508,28,1543000
12960,2914,360,66,618000
12961,2777,768,25,556000
12962,2673,65,87,810000
12963,3187,248,92,74000
12964,1305,161,86,840000
12965,2070,80,25,129000
12966,2357,687,44,1623000
12967,4906,428,75,1235000
12968,4263,95,41,340000
12969,1062,64,85,949000
12970,4572,373,74,1477000
12971,2204,265,9,194000
12972,2231,703,24,1883000
12973,4460,329,39,24000
12974,4204,308,46,3748000
12975,3305,140,93,4293000
12976,3790,632,34,110000
12977,596,622,16,554000
12978,1718,331,87,279000
12979,541,605,100,1172000
12980,3930,99,61,106000
12981,3963,674,77,2003000
12982,2232,715,33,157000
12983,2596,134,35,182000
12984,2598,783,26,473000
12985,1073,764,55,257000
12986,4396,487,14,3935000
12987,2159,543,65,768000
12988,4497,649,46,1041000
12989,3898,719,55,642000
12990,4222,269,12,494000
12991,2028,669,58,206000
12992,1094,712,26,3269000
12993,2981,343,19,1451000
12994,2281,441,45,1057000
12995,3210,450,47,2134000
12996,1170,697,34,2094000
12997,3088,168,100,453000
12998,4605,754,23,342000
12999,449,175,38,2189000
13000,2380,769,20,33000
13001,3868,711,88,2570000
13002,1759,283,8,369000
13003,278,410,28,1283000
13004,287,749,47,594000
13005,2163,92,75,1573000
13006,1346,103,14,1451000
13007,2792,304,12,117000
13008,3099,726,59,268000
13009,3557,563,26,469000
13010,3333,376,74,1257000
13011,4536,148,44,1656000
13012,3456,703,23,1866000
13013,2117,111,35,2748000
13014,3083,613,61,187000
13015,3211,132,33,310000
13016,2410,435,28,180000
13017,1315,359,54,227000
13018,1130,227,92,1987000
13019,622,443,8,131000
13020,4936,275,65,5184000
13021,4840,17,27,1974000
13022,737,244,44,143000
13023,1250,537,53,391000
13024,259,74,17,307000
13025,1988,376,64,1023000
13026,2045,11,92,255000
13027,3608,443,83,144000
13028,4606,365,95,1704000
13029,2830,129,28,249000
13030,2351,521,71,1647000
13031,3994,724,29,978000
13032,607,768,92,516000
13033,3194,41,96,731000
13034,4982,285,6,1952000
13035,411,702,24,1619000
13036,1900,482,54,544000
13037,3987,134,97,246000
13038,3832,773,55,1228000
13039,2221,69,46,187000
13040,2796,114,48,364000
13041,4325,618,83,1437000
13042,845,618,43,1271000
13043,1790,677,31,4124000
13044,1585,456,99,44000
13045,1425,721,78,365000
13046,3087,189,86,2057000
13047,2496,756,35,127000
13048,1147,624,96,97000
13049,3266,531,36,2935000
13050,4682,142,88,510000
13051,103,131,37,62000
13052,3601,743,81,42000
13053,4228,527,49,767000
13054,4337,11,14,247000
13055,1931,684,98,98000
13056,2672,59,23,480000
13057,968,168,37,544000
13058,4204,156,32,549000
13059,319,400,46,1218000
13060,4532,527,45,618000
13061,507,733,27,1617000
13062,4019,218,54,996000
13063,190,612,91,395000
13064,4405,231,19,1639000
13065,1776,371,61,844000
13066,4778,92,97,1501000
13067,2083,302,29,421000
13068,3485,390,54,556000
13069,4762,779,79,742000
13070,1407,623,96,1118000
13071,2931,630,11,2278000
13072,4527,2,39,1603000
13073,1748,685,69,678000
13074,3549,116,24,3407000
13075,2110,101,47,329000
13076,2397,623,49,884000
13077,4622,683,39,1127000
13078,127,413,56,4937000
13079,829,309,18,65000
13080,3645,177,70,1292000
13081,3493,125,40,260000
13082,2385,420,53,2548000
13083,4734,469,12,1288000
13084,25,161,42,813000
13085,3309,726,42,253000
13086,1277,340,85,1351000
13087,4150,223,57,297000
13088,4264,759,47,320000
13089,825,558,84,387000
13090,2057,448,37,69000
13091,343,116,52,3885000
13092,573,188,47,275000
13093,3312,42,94,1040000
13094,729,588,6,599000
13095,225,377,51,105000
13096,4422,602,23,1750000
13097,1088,671,62,4107000
13098,1176,402,81,104000
13099,1300,413,90,4273000
13100,3389,87,48,2618000
13101,1733,350,67,99000
13102,4323,721,23,385000
13103,1605,275,51,4286000
13104,4113,271,34,1011000
13105,2703,549,97,2165000
13106,4330,142,8,566000
13107,3358,676,31,2466000
13108,1479,771,9,245000
13109,3820,423,34,1099000
13110,1517,589,17,770000
13111,4763,272,82,135000
13112,620,518,75,2774000
13113,4935,624,70,133000
13114,2492,389,15,217000
13115,2919,353,64,478000
13116,2227,341,86,1506000
13117,1182,201,97,831000
13118,2744,222,87,149000
13119,256,754,40,354000
13120,1255,739,24,69000
13121,330,744,23,56000
13122,4227,399,62,123000
13123,326,298,30,321000
13124,3387,758,7,1124000
13125,2667,528,84,1677000
13126,2787,393,66,1847000
13127,3293,404,71,3370000
13128,2587,440,97,236000
13129,4737,227,37,2356000
13130,2123,627,77,554000
13131,4064,209,49,831000
13132,3387,468,87,438000
13133,3051,720,78,1433000
13134,4827,488,32,497000
13135,4123,396,26,98000
13136,4296,406,89,454000
13137,3799,125,37,258000
13138,3617,210,53,657000
13139,4522,211,95,160000
13140,303,315,79,387000
13141,2349,546,75,1737000
13142,3814,303,94,1306000
13143,3380,91,83,44000
13144,3082,103,7,1486000
13145,2839,27,59,388000
13146,3308,27,9,463000
13147,1804,11,100,262000
13148,1038,393,49,2253000
13149,312,368,38,73000
13150,2820,673,22,695000
13151,1817,2,84,1152000
13152,4777,345,5,1758000
13153,4103,131,93,60000
13154,2704,483,86,440000
13155,4316,337,22,1618000
13156,4623,538,60,825000
13157,1506,749,83,566000
13158,4242,507,11,54000
13159,3119,342,79,1067000
13160,4559,755,5,80000
13161,4396,716,23,854000
13162,3689,67,32,1101000
13163,4332,455,8,96000
13164,276,593,37,313000
13165,3584,503,10,170000
13166,748,213,64,630000
13167,2475,454,100,1081000
13168,3600,360,84,771000
13169,4631,795,88,873000
13170,2066,377,96,117000
13171,2795,243,96,1152000
13172,971,94,57,761000
13173,3251,374,40,172000
13174,4078,661,92,3177000
13175,1870,255,19,231000
13176,4178,533,50,2383000
13177,4873,547,25,471000
13178,3715,722,44,3094000
13179,2559,469,47,1420000
13180,1272,1,49,1166000
13181,3509,103,40,2080000
13182,2725,407,20,1622000
13183,231,432,78,414000
13184,2134,278,83,1494000
13185,368,479,86,575000
13186,2413,230,16,405000
13187,1874,629,70,2465000
13188,2313,533,31,2279000
13189,4327,702,86,1497000
13190,3917,137,77,232000
13191,2738,111,18,2026000
13192,631,90,34,1102000
13193,1186,352,97,113000
13194,3972,415,19,205000
13195,3146,66,62,1040000
13196,4278,537,35,394000
13197,2416,454,62,968000
13198,3589,560,7,34000
13199,2357,183,95,1308000
13200,134,160,63,1396000
13201,2272,385,77,2914000
13202,4257,692,91,456000
13203,2734,426,73,467000
13204,599,83,55,3538000
13205,1797,687,22,1762000
13206,4373,779,17,780000
13207,3032,167,77,52000
13208,4478,792,39,2495000
13209,4275,67,70,1066000
13210,4193,212,23,296000
13211,3008,20,8,1052000
13212,2262,132,24,436000
13213,4154,381,54,187000
13214,3281,56,70,1128000
13215,441,149,23,1696000
13216,4839,792,87,3219000
13217,4281,493,7,3329000
13218,1576,352,42,120000
13219,3545,772,80,336000
13220,3112,484,93,901000
13221,1296,357,90,314000
13222,2179,402,17,119000
13223,4568,319,69,329000
13224,78,670,55,641000
13225,3703,538,84,913000
13226,4450,402,25,139000
13227,2988,468,74,334000
13228,4308,512,56,39000
13229,2916,520,36,1269000
13230,3347,354,70,1249000
13231,2060,214,43,946000
13232,4550,793,70,111000
13233,621,370,63,989000
13234,2287,80,78,131000
13235,1886,73,7,2828000
13236,3455,16,25,745000
13237,484,15,51,1477000
13238,1501,119,30,69000
13239,1878,693,39,1709000
13240,3307,371,75,989000
13241,1330,153,97,690000
13242,1918,214,13,810000
13243,3303,731,57,18000
13244,1030,154,59,902000
13245,1782,307,100,276000
13246,4436,249,56,186000
13247,788,271,51,1370000
13248,3180,462,76,443000
13249,2165,657,66,2005000
13250,3160,331,50,278000
13251,3258,243,54,913000
13252,1059,146,50,234000
13253,4164,396,48,105000
13254,4270,398,48,1127000
13255,289,169,97,143000
13256,1430,451,42,22000
13257,4887,398,65,1231000
13258,590,506,15,158000
13259,1136,144,15,1279000
13260,2067,724,78,1002000
13261,2910,316,72,76000
13262,1575,154,10,1213000
13263,4200,620,13,1812000
13264,1262,164,71,860000
13265,2451,418,45,259000
13266,4213,434,100,2046000
13267,435,179,98,497000
13268,4082,537,59,326000
13269,3661,231,57,1825000
13270,3389,589,16,836000
13271,3518,92,96,1436000
13272,2104,245,65,539000
13273,3651,223,85,292000
13274,3497,670,92,703000
13275,1004,57,76,441000
13276,2012,299,79,1349000
13277,4371,559,48,395000
13278,4389,726,27,291000
13279,4195,599,99,2418000
13280,1625,272,73,161000
13281,4728,569,41,1451000
13282,2892,787,28,1146000
13283,4099,677,51,4568000
13284,3263,153,51,545000
13285,272,569,35,1112000
13286,4295,626,50,1060000
13287,1434,74,9,297000
13288,309,197,43,1188000
13289,1341,693,62,1992000
13290,2561,358,96,1456000
13291,427,391,94,65000
13292,51,362,40,3986000
13293,689,286,95,167000
13294,4862,76,22,875000
13295,4887,581,12,343000
13296,2733,192,41,1395000
13297,3343,258,47,632000
13298,1401,490,100,330000
13299,2446,273,59,1295000
13300,1096,627,35,401000
13301,45,199,34,127000
13302,4016,777,48,1174000
13303,2430,357,65,234000
13304,4347,789,83,1853000
13305,4159,96,99,86000
13306,4773,162,13,3787000
13307,4606,316,73,68000
13308,1307,781,9,373000
13309,1160,305,22,2709000
13310,636,675,14,546000
13311,3252,183,5,1021000
13312,3384,589,56,919000
13313,241,726,18,236000
13314,268,115,11,275000
13315,3420,306,92,543000
13316,4357,579,38,372000
13317,1541,433,88,371000
13318,4483,799,84,210000
13319,4725,271,6,1247000
13320,4583,98,33,2400000
13321,3225,710,74,4063000
13322,2489,85,57,19000
13323,2732,381,75,161000
13324,653,312,27,1195000
13325,2357,148,59,1520000
13326,2548,772,34,248000
13327,3668,705,7,1164000
13328,1697,44,83,1540000
13329,2244,103,77,1665000
13330,3534,609,20,587000
13331,2895,209,56,883000
13332,162,16,21,593000
13333,1088,638,62,246000
13334,4218,694,87,92000
13335,4603,91,26,33000
13336,1510,597,61,2048000
13337,1029,760,13,887000
13338,1589,55,98,82000
13339,4392,193,40,274000
13340,3462,488,54,673000
13341,2597,320,20,2237000
13342,2861,436,93,263000
13343,3846,210,48,541000
13344,4262,734,45,286000
13345,4249,336,9,57000
13346,3278,145,17,1145000
13347,2056,216,51,985000
13348,3832,560,17,26000
13349,180,394,44,479000
13350,2715,479,40,524000
13351,2769,529,46,402000
13352,1439,22,31,392000
13353,1971,281,10,629000
13354,2617,715,8,130000
13355,816,528,67,1731000
13356,1427,201,34,635000
13357,159,216,6,1142000
13358,233,507,77,66000
13359,2922,533,96,1732000
13360,188,594,33,3458000
13361,3711,567,60,4575000
13362,4409,427,98,56000
13363,2158,161,91,753000
13364,222,33,10,424000
13365,2116,71,21,782000
13366,1979,628,55,1370000
13367,97,763,94,135000
13368,4248,590,84,326000
13369,2750,203,29,1601000
13370,3903,611,58,438000
13371,3479,724,34,720000
13372,747,651,94,1324000
13373,4513,713,17,326000
13374,1629,475,53,96000
13375,3013,698,39,557000
13376,28,201,8,704000
13377,2537,155,98,1594000
13378,4655,773,34,1357000
13379,1134,665,30,724000
13380,1512,298,90,306000
13381,2698,679,53,308000
13382,3718,778,13,2895000
13383,206,647,16,16000
13384,1574,380,79,984000
13385,2308,87,61,3401000
13386,3862,597,96,1774000
13387,958,775,13,974000
13388,4219,280,32,430000
13389,2007,341,27,1869000
13390,2672,75,31,1702000
13391,1769,349,81,3310000
13392,1762,234,52,3549000
13393,1386,498,28,147000
13394,3322,432,42,284000
13395,4733,495,74,365000
13396,743,253,82,748000
13397,3086,644,87,54000
13398,496,152,21,731000
13399,1137,185,73,416000
13400,1164,4,64,2349000
13401,1725,416,45,903000
13402,3107,309,53,62000
13403,4523,262,68,998000
13404,1771,77,73,14000
13405,2880,248,7,75000
13406,1019,85,11,20000
13407,4495,590,19,236000
13408,2291,210,76,670000
13409,3267,112,32,2077000
13410,1059,794,33,86000
13411,2675,379,98,129000
13412,3111,175,98,2103000
13413,935,501,39,1790000
13414,2000,286,69,215000
13415,619,410,83,1621000
13416,2807,71,19,656000
13417,1547,184,15,55000
13418,4950,670,21,501000
13419,665,178,68,1094000
13420,3467,444,57,38000
13421,1982,401,10,39000
13422,4870,750,45,4727000
13423,613,104,56,925000
13424,804,677,93,3969000
13425,1377,788,23,857000
13426,4359,772,97,333000
13427,958,536,42,137000
13428,3138,179,96,443000
13429,4902,79,50,3629000
13430,3888,319,68,390000
13431,1796,327,24,514000
13432,912,112,97,1861000
13433,2939,447,73,1812000
13434,4770,471,43,124000
13435,2500,463,42,2516000
13436,475,114,71,512000
13437,113,269,69,566000
13438,1316,680,7,818000
13439,2762,393,64,2310000
13440,4023,601,46,1490000
13441,2254,421,49,702000
13442,3515,136,73,132000
13443,3709,449,72,117000
13444,1164,294,74,336000
13445,1631,625,11,390000
13446,2368,210,11,661000
13447,3397,648,61,30000
13448,2892,139,100,3746000
13449,2680,654,53,37000
13450,1679,31,34,1439000
13451,1725,387,93,438000
13452,3925,38,55,294000
13453,4286,420,93,2095000
13454,1565,776,19,62000
13455,736,120,97,124000
13456,582,460,97,568000
13457,681,255,78,181000
13458,1578,75,49,1891000
13459,4401,576,29,155000
13460,442,467,54,106000
13461,4662,491,74,106000
13462,740,43,17,898000
13463,596,595,58,3655000
13464,4063,599,85,2652000
13465,1625,166,29,255000
13466,1039,202,81,91000
13467,1051,374,9,183000
13468,3376,648,25,34000
13469,2473,122,63,261000
13470,2959,560,81,32000
13471,3394,664,30,133000
13472,3361,458,14,535000
13473,1736,594,48,3320000
13474,3154,635,10,2955000
13475,4932,511,76,497000
13476,2380,563,54,576000
13477,3399,182,18,1320000
13478,4411,430,47,1321000
13479,4722,363,59,861000
13480,3908,334,27,418000
13481,3553,357,9,234000
13482,2027,523,33,3203000
13483,18,120,49,133000
13484,3170,540,86,204000
13485,1183,335,13,327000
13486,3611,323,92,885000
13487,4198,252,34,531000
13488,3040,163,94,4829000
13489,847,667,94,132000
13490,4885,601,39,1275000
13491,4265,798,23,89000
13492,3728,346,44,109000
13493,4591,245,96,561000
13494,3101,553,40,1774000
13495,4120,754,52,360000
13496,1426,143,70,410000
13497,1093,101,60,257000
13498,4505,781,87,283000
13499,3170,643,39,117000
13500,3879,640,44,321000
13501,1978,315,54,301000
13502,3102,232,64,832000
13503,4325,530,95,202000
13504,1981,114,45,440000
13505,1671,701,65,2701000
13506,4599,79,100,2957000
13507,3995,318,30,402000
13508,4673,103,30,2014000
13509,1684,653,95,427000
13510,2164,733,100,1363000
13511,3245,559,34,549000
13512,2690,89,40,1158000
13513,458,407,11,2139000
13514,593,178,72,916000
13515,4538,166,52,277000
13516,3871,110,23,427000
13517,2907,182,19,1470000
13518,513,232,97,1157000
13519,873,689,90,2221000
13520,4354,331,92,251000
13521,2351,650,68,822000
13522,3867,618,53,1274000
13523,4194,25,41,1131000
13524,1788,323,26,907000
13525,58,632,17,135000
13526,819,175,12,2221000
13527,1581,581,70,385000
13528,1752,205,53,4593000
13529,3805,174,67,578000
13530,2578,691,76,938000
13531,3065,698,15,430000
13532,2063,540,10,213000
13533,1567,303,66,1428000
13534,795,356,25,141000
13535,2001,172,40,572000
13536,2943,596,98,315000
13537,724,583,27,4033000
13538,3910,346,57,144000
13539,464,585,40,979000
13540,3448,781,25,400000
13541,39,112,99,1985000
13542,1996,142,28,619000
13543,1031,126,91,863000
13544,1446,406,82,424000
13545,844,717,38,604000
13546,4191,764,45,245000
13547,1034,658,18,1047000
13548,1252,636,51,522000
13549,1240,459,10,193000
13550,3845,583,21,3934000
13551,3473,648,71,27000
13552,4616,424,57,1333000
13553,985,718,69,243000
13554,278,564,12,95000
13555,4492,152,78,581000
13556,3508,735,21,228000
13557,4142,744,89,68000
13558,4404,647,56,18000
13559,1907,528,55,1398000
13560,1468,21,85,181000
13561,2792,781,99,371000
13562,2065,131,55,74000
13563,3924,400,35,1268000
13564,4378,420,98,2127000
13565,3514,504,11,1271000
13566,1651,582,96,865000
13567,2329,606,37,3452000
13568,1348,49,8,925000
13569,1231,252,79,517000
13570,1824,327,38,568000
13571,4753,254,92,1148000
13572,160,707,35,359000
13573,3676,221,62,3360000
13574,1491,583,11,4078000
13575,3219,419,54,990000
13576,2402,461,6,2093000
13577,3189,225,15,1505000
13578,3067,707,50,422000
13579,3212,299,58,1285000
13580,3264,328,94,326000
13581,4217,424,21,1902000
13582,1317,704,83,156000
13583,3209,366,25,553000
13584,3279,302,53,429000
13585,4274,288,43,100000
13586,1964,121,36,727000
13587,1197,243,56,1135000
13588,1227,486,74,1734000
13589,1072,741,78,1364000
13590,4428,388,16,546000
13591,3542,697,68,2377000
13592,3343,428,67,1241000
13593,4911,624,42,110000
13594,1366,738,41,1509000
13595,1725,735,94,230000
13596,3945,301,63,673000
13597,678,670,83,542000
13598,1183,433,53,287000
13599,4348,162,25,4715000
13600,464,13,33,800000
13601,2247,276,5,508000
13602,1380,523,75,2713000
13603,3081,430,52,1182000
13604,1275,594,24,3690000
13605,4018,447,63,1689000
13606,442,130,44,3167000
13607,2977,666,44,505000
13608,712,746,87,1430000
13609,695,666,18,654000
13610,4311,32,26,968000
13611,4423,392,43,57000
13612,3882,555,18,1304000
13613,4555,249,19,189000
13614,1750,376,12,1146000
13615,1091,504,69,888000
13616,3426,594,60,2919000
13617,3383,695,57,1061000
13618,644,450,49,2391000
13619,2807,720,68,1332000
13620,1184,594,81,3090000
13621,4015,219,42,1017000
13622,3578,308,55,4300000
13623,4549,298,35,256000
13624,4227,234,50,3644000
13625,1677,231,92,1634000
13626,1189,450,38,3052000
13627,4431,136,7,93000
13628,3716,545,38,1255000
13629,375,411,81,1098000
13630,1099,194,52,142000
13631,3766,494,86,3646000
13632,4955,784,28,2165000
13633,4111,467,41,120000
13634,4595,153,6,740000
13635,4436,520,93,1625000
13636,4550,222,45,125000
13637,4574,182,12,1370000
13638,296,9,23,179000
13639,2640,724,45,1010000
13640,906,726,29,255000
13641,4387,727,47,169000
13642,2270,19,14,13000
13643,182,598,95,1076000
13644,964,256,11,218000
13645,1413,608,70,42000
13646,1386,548,94,596000
13647,2021,728,18,522000
13648,2333,36,36,1555000
13649,3617,652,84,1055000
13650,1902,124,15,383000
13651,4077,342,37,874000
13652,4180,584,70,1350000
13653,810,213,28,687000
13654,1321,330,15,157000
13655,4639,261,100,126000
13656,1002,408,51,1437000
13657,679,776,39,46000
13658,3359,434,80,2212000
13659,910,709,94,1950000
13660,418,167,33,47000
13661,1288,736,71,437000
13662,3489,500,52,38000
13663,2367,556,83,4255000
13664,3148,507,52,73000
13665,1124,518,56,2551000
13666,3402,673,26,942000
13667,3606,609,85,465000
13668,2080,483,51,441000
13669,3196,692,38,398000
13670,4281,738,71,1577000
13671,1218,496,7,118000
13672,2217,739,27,70000
13673,1802,328,33,313000
13674,1949,630,27,2688000
13675,2762,409,15,566000
13676,3771,756,67,92000
13677,1003,36,24,1530000
13678,296,751,100,247000
13679,1600,791,62,4827000
13680,2361,167,67,52000
13681,211,533,35,2060000
13682,2711,753,17,296000
13683,4624,670,74,530000
13684,1264,535,76,377000
13685,1324,210,45,480000
13686,4110,168,34,520000
13687,525,601,79,1476000
13688,3221,701,56,2654000
13689,3062,265,62,210000
13690,3604,13,73,817000
13691,2309,397,21,1724000
13692,3831,516,74,2824000
13693,1844,501,44,2015000
13694,1466,596,33,265000
13695,2389,656,88,1962000
13696,2148,403,76,177000
13697,1757,354,10,1578000
13698,148,233,30,4505000
13699,4592,545,79,1305000
13700,621,224,97,130000
13701,4057,141,89,914000
13702,1132,612,84,557000
13703,1539,723,61,22000
13704,1259,418,81,225000
13705,3396,103,6,2025000
13706,308,167,92,46000
13707,818,183,61,1351000
13708,1905,439,63,2286000
13709,2703,24,64,306000
13710,3304,227,42,1997000
13711,4104,111,80,2197000
13712,1897,313,100,89000
13713,4463,649,10,1235000
13714,4625,227,44,1707000
13715,365,443,26,175000
13716,2711,357,68,333000
13717,1888,798,27,73000
13718,1141,225,41,1120000
13719,304,381,12,200000
13720,4447,633,17,321000
13721,4164,491,25,131000
13722,510,455,42,83000
13723,3448,643,11,120000
13724,4807,755,38,78000
13725,1075,297,99,227000
13726,3316,398,34,1349000
13727,1560,403,73,167000
13728,4395,460,35,574000
13729,3686,434,5,2753000
13730,4657,277,20,467000
13731,125,206,82,257000
13732,2731,724,43,835000
13733,3045,340,52,1447000
13734,918,236,47,3994000
13735,3008,320,51,2384000
13736,2835,135,31,174000
13737,438,538,60,783000
13738,3871,383,88,1450000
13739,3553,274,98,420000
13740,2660,295,47,436000
13741,191,25,92,1013000
13742,511,389,17,212000
13743,3700,263,95,1061000
13744,2054,757,86,3599000
13745,1191,311,82,186000
13746,1405,463,63,2698000
13747,677,513,47,601000
13748,1086,528,50,1712000
13749,154,160,38,1460000
13750,4574,108,7,456000
13751,1877,298,18,226000
13752,2223,44,83,1711000
13753,664,610,89,3156000
13754,4084,100,52,557000
13755,4341,740,46,4930000
13756,3925,380,85,1044000
13757,2546,458,8,552000
13758,1791,578,40,110000
13759,2067,631,52,1047000
13760,833,89,97,1030000
13761,2867,72,68,927000
13762,3496,139,16,4872000
13763,3172,252,35,552000
13764,2836,55,64,60000
13765,1506,776,24,61000
13766,1466,277,51,367000
13767,2827,29,54,1283000
13768,41,470,85,572000
13769,4888,250,40,178000
13770,2915,703,36,1719000
13771,4757,307,48,292000
13772,2004,12,90,147000
13773,1952,795,90,1235000
13774,2796,309,90,68000
13775,4605,334,27,508000
13776,1869,608,85,45000
13777,289,14,89,1589000
13778,4010,798,57,85000
13779,1078,414,58,222000
13780,4611,83,42,3052000
13781,2178,7,15,673000
13782,27,651,92,1228000
13783,719,473,25,799000
13784,2287,170,50,265000
13785,1015,229,69,261000
13786,4769,511,69,486000
13787,2949,404,36,4293000
13788,2872,56,30,1054000
13789,79,668,59,1982000
13790,3719,625,51,385000
13791,593,374,81,160000
13792,2813,307,42,325000
13793,4735,205,26,4769000
13794,3082,143,98,407000
13795,4469,520,6,1538000
13796,4577,743,5,53000
13797,4232,97,28,101000
13798,3305,371,24,1053000
13799,170,795,15,1287000
13800,3901,302,66,515000
13801,4642,655,39,1014000
13802,892,483,78,588000
13803,3476,586,49,820000
13804,4313,546,62,1311000
13805,2818,28,49,1378000
13806,4476,139,79,3628000
13807,4858,221,44,3194000
13808,1276,185,73,312000
13809,3632,485,85,412000
13810,3462,478,24,497000
13811,3826,686,25,603000
13812,1971,97,81,100000
13813,1664,720,56,1475000
13814,4351,668,42,1868000
13815,446,287,100,887000
13816,1873,250,68,248000
13817,654,28,27,1065000
13818,93,573,35,286000
13819,4706,478,58,525000
13820,4266,76,67,1102000
13821,2980,167,54,41000
13822,375,118,10,85000
13823,765,353,84,581000
13824,2392,83,35,3732000
13825,4166,37,70,352000
13826,36,636,41,483000
13827,2336,702,16,1662000
13828,1296,102,13,60000
13829,789,428,10,1277000
13830,968,354,79,1440000
13831,3293,277,76,418000
13832,3676,369,7,579000
13833,2758,600,21,591000
13834,639,629,45,2191000
13835,1462,523,76,2645000
13836,3082,661,61,3359000
13837,3687,519,92,438000
13838,4752,35,27,146000
13839,2856,231,6,1421000
13840,3301,759,10,267000
13841,2346,749,32,420000
13842,4236,425,54,1558000
13843,4201,24,15,370000
13844,156,742,61,868000
13845,4367,474,18,1855000
13846,4808,61,44,102000
13847,1871,303,28,1144000
13848,4390,354,15,1296000
13849,2118,552,19,1397000
13850,1915,327,90,561000
13851,448,604,53,864000
13852,4190,652,15,910000
13853,2691,487,89,3696000
13854,2291,684,79,122000
13855,4152,417,44,921000
13856,3896,498,66,141000
13857,601,344,49,539000
13858,4755,57,31,423000
13859,676,720,89,1647000
13860,4018,322,83,627000
13861,3950,118,43,83000
13862,631,260,72,68000
13863,4117,571,5,1463000
13864,2220,376,28,1097000
13865,1401,541,49,212000
13866,2174,610,72,2560000
13867,1874,269,70,558000
13868,243,387,23,358000
13869,2333,668,59,1512000
13870,24,649,42,1263000
13871,2814,122,36,297000
13872,4478,468,99,405000
13873,3055,20,75,876000
13874,3855,574,58,81000
13875,4463,300,44,409000
13876,2808,511,78,489000
13877,1405,615,86,49000
13878,2130,345,29,1667000
13879,1736,593,98,343000
13880,1944,626,11,765000
13881,577,401,33,49000
13882,344,522,96,1237000
13883,3518,478,55,610000
13884,465,313,70,83000
13885,4312,770,28,389000
13886,2911,481,92,1452000
13887,4425,144,80,1110000
13888,4712,3,19,1451000
13889,1030,252,78,422000
13890,4575,482,7,609000
13891,3753,323,52,1086000
13892,3435,621,93,1037000
13893,834,119,41,69000
13894,703,16,88,652000
13895,3374,673,95,896000
13896,730,577,80,141000
13897,3877,285,45,2079000
13898,1267,609,65,597000
13899,4015,269,88,496000
13900,554,499,69,655000
13901,1577,289,73,732000
13902,4204,594,72,2558000
13903,672,393,48,2481000
13904,2363,790,79,246000
13905,3626,552,59,1400000
13906,3458,552,59,1077000
13907,494,320,96,2881000
13908,986,201,14,820000
13909,4491,226,89,1276000
13910,1352,380,25,983000
13911,1545,508,80,1393000
13912,3961,34,69,131000
13913,1997,575,60,1188000
13914,4358,520,89,1362000
13915,4413,723,82,28000
13916,1779,376,70,1213000
13917,3188,14,38,1539000
13918,3243,411,75,1137000
13919,1247,355,91,411000
13920,3305,305,34,3891000
13921,2155,511,71,378000
13922,2866,488,90,708000
13923,3953,127,69,361000
13924,974,564,73,99000
13925,4179,475,88,121000
13926,3493,69,17,177000
13927,1688,603,47,270000
13928,3361,314,82,1701000
13929,2086,197,76,1619000
13930,998,158,99,79000
13931,2735,9,91,175000
13932,262,154,92,957000
13933,3309,64,43,1269000
13934,1095,476,91,182000
13935,1705,790,38,301000
13936,2583,191,75,1157000
13937,563,156,50,578000
13938,783,131,45,78000
13939,1170,112,60,1658000
13940,3500,690,82,357000
13941,514,530,14,188000
13942,4131,44,99,1592000
13943,4777,553,68,1994000
13944,1768,788,48,859000
13945,978,344,18,614000
13946,1421,442,31,1741000
13947,1764,429,21,2735000
13948,4709,490,34,305000
13949,2815,186,76,42000
13950,3423,623,34,1028000
13951,3708,741,9,1312000
13952,3119,579,22,362000
13953,1640,192,47,1502000
13954,3695,596,77,268000
13955,2811,708,19,3793000
13956,3938,625,64,368000
13957,2570,304,28,144000
13958,1836,614,16,133000
13959,328,648,8,33000
13960,849,356,23,192000
13961,986,461,36,2294000
13962,3839,612,74,431000
13963,3703,663,64,460000
13964,3938,409,17,523000
13965,2868,793,40,125000
13966,1312,149,22,1924000
13967,4490,496,14,113000
13968,4045,41,35,835000
13969,3232,742,5,787000
13970,1715,264,24,706000
13971,2287,520,72,1573000
13972,2267,501,11,1647000
13973,1018,104,86,1163000
13974,889,2,7,1660000
13975,2605,603,80,269000
13976,3918,285,8,2844000
13977,3122,675,6,477000
13978,2770,190,6,828000
13979,74,780,55,891000
13980,3447,733,99,1580000
13981,3052,231,78,1395000
13982,831,255,29,239000
13983,3815,389,70,234000
13984,2662,694,82,70000
13985,2195,65,51,970000
13986,661,444,34,41000
13987,2417,548,85,603000
13988,4426,137,30,279000
13989,2516,384,74,1017000
13990,3155,71,90,719000
13991,3325,748,27,474000
13992,1480,798,78,82000
13993,3045,730,92,77000
13994,2168,132,55,306000
13995,1969,406,12,384000
13996,3234,424,48,1858000
13997,721,231,22,1530000
13998,3740,238,17,532000
13999,1989,618,29,1260000
14000,3354,749,61,481000
14001,3721,470,78,567000
14002,4091,73,46,2647000
14003,372,306,15,612000
14004,4169,221,97,3484000
14005,3586,87,37,2943000
14006,659,598,17,772000
14007,1852,203,16,1694000
14008,13,425,98,2091000
14009,1216,48,66,3417000
14010,3830,51,43,164000
14011,836,15,30,1160000
14012,1344,604,73,761000
14013,35,664,59,127000
14014,4155,232,91,925000
14015,3307,768,80,425000
14016,511,600,99,837000
14017,2033,514,87,3789000
14018,1725,414,78,199000
14019,2674,65,99,715000
14020,4034,671,39,4538000
14021,4801,368,78,81000
14022,3120,520,18,1372000
14023,4998,107,23,663000
14024,4523,74,46,245000
14025,3231,35,20,115000
14026,686,306,19,574000
14027,2478,111,46,2492000
14028,2247,533,46,1659000
14029,2708,178,51,961000
14030,3629,226,43,1370000
14031,702,253,43,897000
14032,3836,339,75,2391000
14033,1726,641,46,852000
14034,89,570,14,782000
14035,2647,797,71,2644000
14036,3312,455,55,102000
14037,3448,640,71,391000
14038,4819,599,45,2228000
14039,3771,780,71,1156000
14040,4873,107,63,719000
14041,3322,64,24,873000
14042,4150,114,50,429000
14043,553,480,5,1079000
14044,2584,28,51,1173000
14045,4511,627,61,517000
14046,894,325,52,738000
14047,622,669,77,176000
14048,2339,212,88,257000
14049,1618,566,98,710000
14050,256,317,60,2862000
14051,3343,376,23,973000
14052,4631,161,90,1013000
14053,1154,69,34,185000
14054,1412,241,76,1105000
14055,2748,543,5,1084000
14056,4924,449,12,121000
14057,1210,473,88,653000
14058,1114,206,25,194000
14059,408,108,38,408000
14060,652,89,25,1489000
14061,2465,712,13,3220000
14062,1005,569,75,1211000
14063,4603,20,39,789000
14064,1915,164,54,822000
14065,1131,672,23,1084000
14066,4320,798,18,72000
14067,3663,239,17,1660000
14068,837,273,44,1106000
14069,4468,4,21,2986000
14070,123,96,25,113000
14071,624,152,64,597000
14072,4944,523,77,2944000
14073,268,710,51,4299000
14074,1228,673,39,722000
14075,3060,700,45,131000
14076,363,545,12,1305000
14077,1728,112,23,2232000
14078,2165,15,94,1109000
14079,2642,347,74,431000
14080,1744,345,51,2048000
14081,1294,287,28,729000
14082,4451,329,51,34000
14083,432,357,22,299000
14084,3129,723,24,29000
14085,114,694,90,82000
14086,36,712,75,2756000
14087,1115,578,49,116000
14088,2799,503,16,135000
14089,825,585,65,1083000
14090,2479,466,30,556000
14091,1773,643,86,100000
14092,548,441,9,1111000
14093,1925,348,100,1473000
14094,1428,8,73,341000
14095,711,553,7,1935000
14096,4972,194,64,126000
14097,1010,259,60,2027000
14098,3136,741,39,1944000
14099,146,542,74,879000
14100,140,586,13,825000
14101,3280,426,39,406000
14102,4262,639,92,405000
14103,4858,70,24,1372000
14104,2452,291,28,130000
14105,4844,602,62,1531000
14106,89,550,10,136000
14107,3679,44,6,1633000
14108,4567,745,66,530000
14109,1006,180,89,3436000
14110,3218,123,60,544000
14111,1359,226,89,1574000
14112,2438,449,91,90000
14113,3083,346,56,106000
14114,2677,698,56,435000
14115,496,465,78,1503000
14116,2265,295,98,410000
14117,4401,466,33,541000
14118,2331,340,45,1566000
14119,1708,562,91,53000
14120,1629,526,26,80000
14121,3365,350,37,107000
14122,3197,193,12,250000
14123,4004,6,27,868000
14124,2374,762,74,127000
14125,4103,236,86,4260000
14126,4782,621,74,760000
14127,1718,302,92,413000
14128,1192,252,11,528000
14129,826,14,42,1273000
14130,4679,65,14,852000
14131,3425,399,69,129000
14132,3458,471,80,120000
14133,290,363,74,1119000
14134,1707,20,82,992000
14135,2459,180,88,2712000
14136,2685,687,13,1538000
14137,968,607,9,295000
14138,2626,666,59,450000
14139,2461,163,68,3935000
14140,195,221,96,4200000
14141,84,299,63,1186000
14142,3303,57,21,436000
14143,1497,407,5,2216000
14144,2086,360,64,888000
14145,2555,445,96,147000
14146,1264,146,20,306000
14147,2636,636,84,481000
14148,2593,242,99,1657000
14149,2130,428,11,1003000
14150,3912,762,99,157000
14151,4543,296,37,61000
14152,3018,407,71,2178000
14153,4340,569,84,1576000
14154,1522,671,17,4437000
14155,2308,397,61,1736000
14156,826,43,66,934000
14157,4676,478,8,482000
14158,670,167,25,49000
14159,1252,586,22,992000
14160,1647,235,99,622000
14161,152,469,30,1404000
14162,465,85,47,19000
14163,130,181,48,125000
14164,818,661,18,3111000
14165,4318,68,100,97000
14166,3857,190,14,1209000
14167,1238,580,56,845000
14168,4254,531,29,2758000
14169,1512,146,91,314000
14170,1592,770,66,401000
14171,1620,607,68,308000
14172,1927,267,56,1121000
14173,3602,242,59,1373000
14174,3553,540,26,226000
14175,4010,8,5,373000
14176,1233,36,32,1154000
14177,683,630,75,2867000
14178,217,340,7,1595000
14179,1167,384,26,1030000
14180,199,59,20,489000
14181,2045,78,95,308000
14182,1236,279,77,2777000
14183,3502,183,98,1216000
14184,2153,3,29,1333000
14185,4041,526,67,60000
14186,1677,241,70,1238000
14187,1910,322,74,596000
14188,3025,582,37,830000
14189,4006,713,35,351000
14190,335,236,63,3811000
14191,1760,660,69,127000
14192,4397,121,34,810000
14193,3528,451,99,21000
14194,3794,543,11,1042000
14195,3232,330,40,157000
14196,3193,535,26,511000
14197,2327,322,26,583000
14198,4072,84,25,771000
14199,2038,345,81,1691000
14200,985,221,80,3729000
14201,2990,28,80,1065000
14202,786,213,22,606000
14203,2920,214,85,948000
14204,3648,661,12,3092000
14205,1953,524,52,926000
14206,4087,787,11,1352000
14207,120,168,68,588000
14208,1983,435,34,249000
14209,3469,81,16,3677000
14210,4981,607,6,305000
14211,4336,699,22,371000
14212,2939,19,84,13000
14213,2966,530,66,185000
14214,1775,26,46,91000
14215,2144,143,80,462000
14216,2316,349,74,3139000
14217,3017,119,96,76000
14218,79,564,62,103000
14219,1394,153,55,609000
14220,4045,794,92,89000
14221,580,627,45,535000
14222,2232,682,60,262000
14223,3146,536,65,154000
14224,1947,650,93,878000
14225,4306,783,69,367000
14226,4495,407,88,1960000
14227,4990,162,52,4536000
14228,1080,325,43,749000
14229,1989,347,90,429000
14230,3137,619,22,1222000
14231,3745,706,92,389000
14232,765,798,38,79000
14233,2099,671,63,3688000
14234,3201,60,57,254000
14235,856,449,80,96000
14236,1571,694,44,86000
14237,1398,311,49,192000
14238,4091,347,85,490000
14239,1011,301,30,541000
14240,1753,632,44,122000
14241,1097,550,14,151000
14242,950,365,31,1720000
14243,3059,246,20,4027000
14244,2854,506,16,151000
14245,2940,610,68,3596000
14246,1287,411,81,1002000
14247,1386,496,6,133000
14248,3455,269,38,504000
14249,2004,715,79,131000
14250,4261,634,33,1730000
14251,4570,622,76,415000
14252,625,102,17,52000
14253,3806,527,67,702000
14254,4205,35,30,138000
14255,3064,270,15,1082000
14256,4288,134,62,261000
14257,1049,334,22,577000
14258,1893,421,89,807000
14259,1152,607,40,299000
14260,2635,312,74,1044000
14261,2434,409,6,633000
14262,4226,191,24,1026000
14263,4772,453,93,874000
14264,4532,153,94,546000
14265,4382,9,100,186000
14266,1724,35,88,149000
14267,2105,344,45,560000
14268,4601,324,46,3609000
14269,1757,703,100,1685000
14270,1961,54,35,315000
14271,2715,383,24,1931000
14272,2570,213,25,610000
14273,297,595,49,3431000
14274,3013,417,98,795000
14275,2716,357,72,249000
14276,2116,632,5,107000
14277,2316,787,84,1025000
14278,1927,533,78,2296000
14279,1084,328,85,236000
14280,3741,607,22,283000
14281,4562,546,13,1498000
14282,131,672,76,1370000
14283,274,267,55,914000
14284,3182,388,42,659000
14285,2070,685,96,920000
14286,4960,668,36,1828000
14287,2635,597,72,2226000
14288,3277,118,34,72000
14289,1850,589,45,835000
14290,594,390,75,418000
14291,2173,398,77,1039000
14292,49,86,76,1654000
14293,4113,387,19,350000
14294,865,166,5,291000
14295,1055,504,15,990000
14296,2723,461,68,2128000
14297,1264,233,38,3510000
14298,4811,256,88,224000
14299,4935,398,8,1207000
14300,1273,535,30,488000
14301,3478,269,89,500000
14302,4356,232,13,870000
14303,1866,543,55,948000
14304,3938,647,46,19000
14305,1845,91,22,36000
14306,1263,788,24,819000
14307,2197,418,85,253000
14308,3292,176,62,424000
14309,3609,345,98,1942000
14310,3901,610,8,3596000
14311,4530,211,64,150000
14312,4181,11,97,258000
14313,3674,194,70,122000
14314,292,248,94,72000
14315,749,424,67,1399000
14316,859,591,38,1497000
14317,1713,158,11,70000
14318,2079,320,95,2271000
14319,4090,367,76,464000
14320,3331,320,54,2209000
14321,4000,716,22,865000
14322,1808,712,76,3426000
14323,3020,388,59,596000
14324,4483,603,45,304000
14325,2474,619,60,1260000
14326,1719,406,10,428000
14327,918,716,78,1048000
14328,3348,342,35,778000
14329,4355,514,88,3617000
14330,1604,169,79,146000
14331,2736,410,12,1565000
14332,3116,739,5,97000
14333,1803,430,89,1180000
14334,2120,305,60,3670000
14335,4390,443,63,135000
14336,937,109,64,2961000
14337,2053,542,46,996000
14338,1490,684,28,89000
14339,799,654,22,35000
14340,206,676,99,2026000
14341,2992,288,42,96000
14342,4087,268,86,532000
14343,4357,107,48,817000
14344,4057,356,18,185000
14345,1241,8,70,342000
14346,3374,606,67,3240000
14347,3045,551,11,42000
14348,4964,613,72,174000
14349,4815,382,88,357000
14350,628,546,41,1386000
14351,1306,712,49,3306000
14352,4390,59,65,533000
14353,2046,216,46,952000
14354,1589,120,37,168000
14355,2162,357,24,329000
14356,1314,439,60,1781000
14357,4353,701,71,2450000
14358,1752,137,45,285000
14359,3824,483,99,425000
14360,913,299,21,936000
14361,1978,310,51,4586000
14362,4189,119,30,55000
14363,404,267,90,775000
14364,2920,71,56,676000
14365,3326,258,56,849000
14366,3213,671,75,4271000
14367,2684,283,90,360000
14368,1116,426,45,534000
14369,1717,316,76,65000
14370,801,25,23,844000
14371,540,449,73,110000
14372,3691,234,36,3180000
14373,4,46,57,863000
14374,4146,769,71,29000
14375,3581,384,15,870000
14376,2825,55,35,82000
14377,2889,440,5,314000
14378,294,103,100,1596000
14379,3272,471,56,96000
14380,3194,125,59,249000
14381,1982,778,80,2881000
14382,4218,113,26,559000
14383,3581,324,69,3233000
14384,2321,613,33,151000
14385,1295,125,14,238000
14386,4878,127,39,313000
14387,1013,263,63,778000
14388,2137,130,33,2314000
14389,3635,462,44,465000
14390,4085,128,44,772000
14391,4673,126,13,895000
14392,907,594,72,2616000
14393,931,218,86,814000
14394,4632,3,100,1661000
14395,3905,284,48,2940000
14396,3003,104,31,1053000
14397,4918,607,49,277000
14398,2169,699,39,410000
14399,1280,229,63,261000
14400,469,441,60,1062000
14401,2349,222,67,157000
14402,1333,683,25,1001000
14403,4645,534,29,126000
14404,3971,365,100,1836000
14405,1917,277,93,369000
14406,3076,653,75,597000
14407,4384,612,74,558000
14408,2829,456,16,36000
14409,1371,428,33,975000
14410,1061,761,40,358000
14411,720,282,7,457000
14412,3069,168,33,409000
14413,248,579,8,421000
14414,180,649,49,952000
14415,4203,714,48,1272000
14416,1449,185,31,413000
14417,839,276,85,593000
14418,535,161,7,981000
14419,2771,741,63,1929000
14420,333,163,42,4141000
14421,4027,507,32,65000
14422,2559,765,70,217000
14423,1468,505,47,62000
14424,3429,233,97,3462000
14425,1050,769,75,35000
14426,1832,153,25,590000
14427,4640,696,10,624000
14428,4681,258,35,771000
14429,3991,587,71,3579000
14430,3210,370,88,1324000
14431,2621,310,35,4620000
14432,3655,175,44,1697000
14433,2466,563,12,558000
14434,4243,587,48,2617000
14435,4649,387,15,357000
14436,3258,778,100,3616000
14437,4015,310,91,5224000
14438,4206,652,67,1103000
14439,1689,748,92,589000
14440,2211,199,69,112000
14441,1200,648,33,27000
14442,266,531,45,3158000
14443,909,330,35,198000
14444,898,98,56,2744000
14445,821,782,17,3486000
14446,3255,454,88,827000
14447,531,591,41,1131000
14448,2935,609,78,688000
14449,832,653,68,504000
14450,101,4,94,3020000
14451,3416,52,84,285000
14452,3939,102,75,45000
14453,3556,320,68,2998000
14454,1556,193,31,272000
14455,3921,477,94,1130000
14456,2573,438,90,363000
14457,3403,610,59,2848000
14458,3775,610,20,2656000
14459,4099,596,29,218000
14460,4886,626,13,1073000
14461,2577,580,25,909000
14462,951,105,27,1774000
14463,1437,278,28,1736000
14464,295,747,60,169000
14465,1712,610,18,3261000
14466,1853,464,5,1146000
14467,1731,8,66,324000
14468,2141,743,8,45000
14469,100,800,92,61000
14470,1370,138,16,21000
14471,2470,287,92,907000
14472,875,143,52,455000
14473,899,35,69,126000
14474,2494,188,89,229000
14475,1819,575,39,1321000
14476,3241,21,98,174000
14477,2248,334,47,389000
14478,3761,520,12,1757000
14479,2237,143,74,427000
14480,737,613,92,156000
14481,909,28,93,1330000
14482,338,781,96,275000
14483,4562,118,55,86000
14484,2719,737,64,1431000
14485,15,460,11,635000
14486,3681,536,40,166000
14487,4169,632,93,106000
14488,629,229,22,240000
14489,4385,18,91,950000
14490,1950,452,74,210000
14491,3554,33,20,462000
14492,3107,451,95,20000
14493,2777,776,37,51000
14494,1697,241,13,1067000
14495,2415,256,37,214000
14496,687,388,49,587000
14497,3365,301,100,661000
14498,4300,316,67,80000
14499,2545,723,76,24000
14500,1572,399,38,148000
14501,1950,46,98,1254000
14502,1437,468,20,377000
14503,504,426,44,553000
14504,240,435,34,186000
14505,1867,569,5,1227000
14506,214,48,54,4096000
14507,1314,117,79,409000
14508,3125,244,38,148000
14509,147,677,64,4843000
14510,979,704,10,206000
14511,4814,439,43,2383000
14512,4735,148,39,1562000
14513,2287,495,50,335000
14514,1810,369,41,480000
14515,4012,241,60,1251000
14516,709,281,20,647000
14517,1761,203,64,1369000
14518,2342,745,58,650000
14519,4316,578,27,85000
14520,2981,742,48,777000
14521,2941,618,83,1541000
14522,4512,356,33,187000
14523,3165,3,68,1458000
14524,3541,669,94,167000
14525,3333,285,93,2622000
14526,3415,756,6,100000
14527,3348,705,31,1314000
14528,527,783,82,456000
14529,480,681,51,1036000
14530,2574,590,40,308000
14531,2271,612,76,395000
14532,2187,415,69,267000
14533,1382,112,37,1725000
14534,2657,753,100,393000
14535,1629,290,100,117000
14536,813,226,45,1775000
14537,3049,532,97,1577000
14538,1002,757,5,4017000
14539,4206,156,22,640000
14540,4541,710,37,3736000
14541,3847,742,8,841000
14542,1244,66,73,882000
14543,1050,204,11,414000
14544,3937,327,73,673000
14545,2985,95,69,313000
14546,2628,22,94,287000
14547,4809,426,77,514000
14548,2970,330,47,221000
14549,306,112,43,1503000
14550,1166,504,53,1302000
14551,1822,330,86,195000
14552,3461,33,90,490000
14553,2239,337,47,1756000
14554,4291,664,94,121000
14555,3707,101,53,299000
14556,3251,492,21,192000
14557,4232,504,67,1160000
14558,3285,219,48,820000
14559,1775,21,69,207000
14560,1641,53,76,1956000
14561,2305,564,12,113000
14562,3243,417,45,1091000
14563,1826,651,39,1203000
14564,1926,409,46,576000
14565,1224,509,83,109000
14566,2067,664,89,105000
14567,2868,19,53,18000
14568,792,121,6,801000
14569,2856,384,61,963000
14570,424,476,77,214000
14571,4385,281,95,617000
14572,1981,671,26,3461000
14573,2297,202,44,97000
14574,1757,337,42,1808000
14575,2758,394,73,487000
14576,1484,374,25,163000
14577,1831,494,63,2913000
14578,2554,184,19,77000
14579,4160,200,62,895000
14580,710,224,31,138000
14581,3858,100,80,575000
14582,4054,573,97,278000
14583,472,470,28,650000
14584,3979,379,5,125000
14585,3206,124,28,345000
14586,4590,482,6,510000
14587,3110,508,63,1497000
14588,3431,353,40,555000
14589,322,129,98,187000
14590,1727,133,27,1269000
14591,3895,159,10,839000
14592,877,579,74,341000
14593,1844,346,22,105000
14594,3476,422,31,207000
14595,916,785,55,2763000
14596,764,263,63,958000
14597,4157,132,5,316000
14598,415,86,82,1522000
14599,4766,464,39,1422000
14600,4345,665,100,861000
14601,3515,550,91,156000
14602,3963,396,27,98000
14603,191,788,79,673000
14604,1776,113,14,658000
14605,3366,699,95,384000
14606,459,112,65,1952000
14607,3504,437,89,837000
14608,3706,753,56,318000
14609,1611,689,40,2316000
14610,682,166,50,269000
14611,270,328,55,247000
14612,4817,240,98,211000
14613,3245,125,61,257000
14614,1559,390,91,448000
14615,4149,575,76,1415000
14616,77,647,47,18000
14617,4992,697,71,2923000
14618,3529,349,66,3231000
14619,377,697,16,2582000
14620,197,175,8,1519000
14621,3488,98,63,2487000
14622,1821,459,18,135000
14623,4381,189,23,2682000
14624,4251,446,53,958000
14625,2807,553,84,1977000
14626,1728,356,76,180000
14627,3468,672,56,1086000
14628,4433,304,18,146000
14629,1849,629,21,2057000
14630,202,24,100,297000
14631,3350,67,84,1144000
14632,4431,83,72,3010000
14633,1729,444,23,38000
14634,3181,208,29,2120000
14635,3146,553,29,1827000
14636,2204,133,41,1288000
14637,3924,197,36,1610000
14638,2009,78,84,339000
14639,1112,766,5,1321000
14640,794,666,30,653000
14641,3181,133,23,1633000
14642,1035,353,41,545000
14643,755,727,14,169000
14644,2842,140,57,3391000
14645,192,339,53,2447000
14646,1223,747,43,224000
14647,508,207,32,1252000
14648,1792,206,8,201000
14649,4826,198,89,808000
14650,2503,187,30,27000
14651,2722,179,53,470000
14652,225,574,90,72000
14653,2889,245,28,660000
14654,1414,313,58,72000
14655,4093,28,62,1165000
14656,92,757,63,3650000
14657,2527,51,63,168000
14658,422,159,28,877000
14659,464,240,91,177000
14660,3573,220,38,50000
14661,4885,282,89,495000
14662,562,718,55,173000
14663,2297,447,46,1822000
14664,922,659,36,1136000
14665,1265,410,76,1516000
14666,1981,659,44,1119000
14667,4344,245,26,585000
14668,2991,53,70,1723000
14669,4086,170,68,326000
14670,1540,148,79,1367000
14671,549,597,50,2414000
14672,343,617,43,754000
14673,819,493,87,3324000
14674,761,79,81,4218000
14675,1358,476,74,197000
14676,3740,649,100,936000
14677,3629,329,21,29000
14678,1095,561,86,602000
14679,4011,614,28,122000
14680,3215,622,8,533000
14681,3214,192,61,1456000
14682,2187,521,93,1558000
14683,3050,104,61,890000
14684,3742,242,56,1705000
14685,2876,254,72,1186000
14686,4213,27,87,538000
14687,762,279,29,3433000
14688,1263,730,50,71000
14689,304,307,48,247000
14690,3546,680,29,1030000
14691,3616,147,35,2516000
14692,4668,86,86,1577000
14693,3989,75,8,2053000
14694,74,554,53,442000
14695,668,422,69,185000
14696,4922,651,14,1334000
14697,2892,627,52,552000
14698,3638,228,16,85000
14699,3705,644,16,50000
14700,3218,631,98,1230000
14701,1169,346,38,109000
14702,94,598,9,816000
14703,168,216,75,933000
14704,4479,525,15,3228000
14705,2524,253,86,1028000
14706,3243,666,97,458000
14707,4005,461,44,1918000
14708,1870,619,44,1396000
14709,39,388,64,637000
14710,4285,227,11,1735000
14711,231,347,13,418000
14712,2916,382,87,352000
14713,2089,414,26,240000
14714,4571,548,25,607000
14715,708,545,95,1237000
14716,2158,409,19,509000
14717,2828,151,19,1094000
14718,1982,173,39,1199000
14719,4778,757,36,4770000
14720,3584,127,94,367000
14721,2500,748,42,478000
14722,2375,580,27,755000
14723,3680,640,9,438000
14724,992,470,90,581000
14725,3688,687,19,1866000
14726,2365,295,73,311000
14727,4887,191,62,1069000
14728,2955,353,15,526000
14729,844,362,35,3382000
14730,3715,414,63,213000
14731,1164,335,46,308000
14732,1982,596,95,319000
14733,3183,571,95,1288000
14734,3733,278,65,1887000
14735,2351,611,43,510000
14736,3185,514,16,3429000
14737,4501,111,82,2482000
14738,4613,400,61,1149000
14739,81,653,97,511000
14740,2681,40,10,86000
14741,1581,138,57,26000
14742,840,516,87,2605000
14743,3918,595,15,3379000
14744,632,71,68,750000
14745,141,790,42,288000
14746,1269,32,85,1052000
14747,1833,363,100,1075000
14748,2599,468,7,398000
14749,40,316,83,83000
14750,104,543,100,1042000
14751,3319,748,80,548000
14752,4609,297,61,274000
14753,4150,443,96,144000
14754,4083,775,9,1024000
14755,4091,521,79,1405000
14756,2170,364,91,195000
14757,982,251,37,1985000
14758,1352,123,59,403000
14759,2287,125,48,241000
14760,3772,622,94,482000
14761,1313,573,27,204000
14762,4377,237,60,3719000
14763,317,389,23,168000
14764,2637,493,52,2713000
14765,813,309,9,80000
14766,4858,463,43,2559000
14767,2701,743,88,47000
14768,3708,613,45,159000
14769,2595,783,70,474000
14770,4563,662,95,299000
14771,1157,27,8,521000
14772,716,706,42,379000
14773,3131,160,78,1500000
14774,2555,566,45,617000
14775,4597,597,10,2112000
14776,4388,185,36,342000
14777,525,477,81,974000
14778,3575,467,41,121000
14779,1497,3,58,1162000
14780,53,484,32,898000
14781,3237,597,94,1901000
14782,2511,484,31,749000
14783,2943,256,18,235000
14784,2904,144,74,886000
14785,2732,434,36,2830000
14786,3759,377,18,134000
14787,1704,3,65,1178000
14788,2634,286,88,212000
14789,3996,414,43,208000
14790,42,403,81,154000
14791,4378,56,6,907000
14792,2722,549,8,1665000
14793,4605,122,93,294000
14794,1112,436,62,290000
14795,254,490,27,373000
14796,651,259,27,2164000
14797,2995,536,64,152000
14798,383,128,23,772000
14799,135,257,23,43000
14800,4430,506,50,160000
14801,2464,375,13,2730000
14802,3579,736,80,467000
14803,2637,414,61,291000
14804,3244,790,46,298000
14805,729,583,45,3330000
14806,4603,129,54,246000
14807,2613,560,12,31000
14808,485,289,43,681000
14809,656,643,69,93000
14810,4503,680,84,820000
14811,1752,685,75,665000
14812,4761,261,93,181000
14813,3620,192,53,1671000
14814,2118,351,87,41000
14815,2100,45,79,166000
14816,3398,507,59,70000
14817,1714,608,58,48000
14818,1604,166,18,307000
14819,2680,700,60,166000
14820,4336,285,91,2027000
14821,4428,6,65,922000
14822,4788,260,27,80000
14823,4157,53,40,1685000
14824,2488,356,21,185000
14825,2561,783,61,488000
14826,1897,670,16,494000
14827,651,248,85,64000
14828,2911,48,50,3551000
14829,4708,265,41,237000
14830,1090,678,99,988000
14831,1518,552,50,1266000
14832,4852,689,73,2083000
14833,3642,622,40,431000
14834,1121,532,47,1734000
14835,232,675,43,541000
14836,264,385,37,3727000
14837,1802,43,80,1289000
14838,337,188,20,259000
14839,489,638,50,231000
14840,529,522,53,1252000
14841,2236,721,84,488000
14842,2148,247,72,1437000
14843,3831,785,85,2725000
14844,1987,776,6,49000
14845,778,48,7,4067000
14846,4474,522,25,1083000
14847,2096,336,81,50000
14848,3257,350,65,97000
14849,1759,228,44,73000
14850,2119,49,37,877000
14851,3399,687,18,1874000
14852,3778,209,92,840000
14853,2846,434,31,2898000
14854,4299,156,24,652000
14855,1772,751,23,182000
14856,4360,103,78,1883000
14857,627,578,14,110000
14858,1669,335,46,381000
14859,4207,615,86,56000
14860,3828,455,76,100000
14861,2555,426,73,475000
14862,2903,430,95,1638000
14863,980,764,74,249000
14864,1044,338,91,534000
14865,4327,88,81,1480000
14866,1461,617,91,690000
14867,3361,280,6,396000
14868,718,631,90,1163000
14869,1541,657,28,1939000
14870,3215,138,14,27000
14871,3991,115,62,213000
14872,4099,789,100,2229000
14873,768,309,43,68000
14874,4618,405,28,1467000
14875,1494,460,68,635000
14876,483,395,9,2492000
14877,411,300,62,319000
14878,3997,239,91,1705000
14879,3944,265,76,241000
14880,472,474,22,1886000
14881,4143,341,50,1642000
14882,3226,673,22,717000
14883,1280,430,96,1360000
14884,1354,698,21,418000
14885,3171,310,99,4950000
14886,4910,687,25,1574000
14887,4336,532,7,1563000
14888,2066,585,52,1364000
14889,4278,317,64,2818000
14890,4266,589,91,663000
14891,52,728,6,618000
14892,1752,681,64,1035000
14893,2615,670,34,570000
14894,3693,35,86,140000
14895,902,644,65,52000
14896,4324,7,15,808000
14897,3134,234,61,2924000
14898,3181,411,93,1004000
14899,4504,489,84,2617000
14900,135,314,89,1611000
14901,2933,120,49,154000
14902,1273,337,8,2240000
14903,3190,762,80,140000
14904,1270,38,47,292000
14905,248,310,36,4782000
14906,3332,84,80,590000
14907,1093,402,72,137000
14908,3108,554,9,417000
14909,4471,380,43,960000
14910,1336,57,51,394000
14911,3979,430,14,1607000
14912,2898,531,73,2888000
14913,2228,756,9,97000
14914,4845,209,5,1055000
14915,33,200,93,1058000
14916,4313,241,29,1088000
14917,38,196,80,81000
14918,1299,581,46,350000
14919,1290,536,75,131000
14920,445,525,24,3944000
14921,4712,464,88,1534000
14922,3494,541,17,210000
14923,956,259,95,1983000
14924,1677,699,82,349000
14925,4185,434,11,2203000
14926,3167,388,90,631000
14927,4283,129,88,194000
14928,4281,442,37,1691000
14929,1173,131,96,57000
14930,3487,57,12,421000
14931,625,453,44,837000
14932,887,752,24,291000
14933,1891,142,57,614000
14934,1873,313,89,79000
14935,2569,443,17,174000
14936,361,652,73,935000
14937,1368,217,61,2293000
14938,1300,551,55,44000
14939,1885,535,95,518000
14940,235,678,32,1272000
14941,1884,146,16,248000
14942,2424,286,55,183000
14943,2053,478,82,509000
14944,4556,4,36,2693000
14945,1644,773,41,1240000
14946,1786,533,38,2353000
14947,179,394,78,510000
14948,3287,197,88,1480000
14949,1785,740,56,4580000
14950,2982,680,61,1004000
14951,530,418,17,313000
14952,4263,629,85,1926000
14953,379,477,9,1070000
14954,1530,700,34,146000
14955,1476,741,59,1811000
14956,4110,552,94,1169000
14957,1081,279,13,3189000
14958,2800,747,22,206000
14959,1257,265,50,229000
14960,3678,588,19,678000
14961,1958,705,29,1425000
14962,4978,289,62,611000
14963,4458,767,19,419000
14964,725,536,95,174000
14965,4418,565,51,366000
14966,2011,651,91,1320000
14967,1391,464,60,1201000
14968,1279,312,78,1033000
14969,1343,766,33,1046000
14970,4643,311,22,141000
14971,4775,675,64,584000
14972,3140,785,75,2755000
14973,388,427,52,45000
14974,3337,346,75,140000
14975,2418,743,48,53000
14976,315,192,86,1251000
14977,2324,275,22,3827000
14978,1210,743,78,53000
14979,4231,658,86,1181000
14980,3477,481,50,1762000
14981,2851,74,70,244000
14982,4742,339,40,2347000
14983,2911,637,66,586000
14984,4209,55,84,81000
14985,3637,393,31,2716000
14986,62,396,28,109000
14987,3948,152,27,590000
14988,4776,530,93,196000
14989,4866,245,76,649000
14990,3750,229,72,210000
14991,2490,250,92,227000
14992,4220,544,38,530000
14993,4539,660,51,134000
14994,3029,79,43,2931000
14995,4944,622,98,579000
14996,4462,510,65,149000
14997,2558,243,23,942000
14998,3391,87,82,2910000
14999,4063,159,71,714000
15000,2389,388,66,628000
15001,1042,510,85,155000
15002,3684,516,47,2624000
15003,1658,275,32,5055000
15004,1248,724,27,910000
15005,4419,271,41,1238000
15006,3957,251,44,2289000
15007,2184,751,18,191000
15008,3300,499,12,758000
15009,1414,648,37,29000
15010,3306,638,16,222000
15011,3869,425,36,1934000
15012,4218,224,83,159000
15013,3092,605,57,1665000
15014,4819,720,83,1746000
15015,4814,554,99,509000
15016,1705,176,15,444000
15017,895,236,49,3938000
15018,3073,520,57,1678000
15019,306,705,65,1298000
15020,931,359,69,282000
15021,2739,698,15,475000
15022,4194,588,39,597000
15023,3024,679,62,369000
15024,2788,396,56,79000
15025,1725,94,61,660000
15026,3658,527,17,640000
15027,798,422,72,228000
15028,3594,201,92,730000
15029,2339,362,19,3022000
15030,1124,336,23,57000
15031,4225,77,44,18000
15032,1672,703,96,2133000
15033,945,7,60,752000
15034,2078,216,39,1011000
15035,877,548,64,516000
15036,367,653,99,448000
15037,3479,718,20,202000
15038,1574,129,49,203000
15039,838,438,81,321000
15040,4922,734,22,239000
15041,2688,725,85,35000
15042,3366,165,17,860000
15043,2696,792,9,3240000
15044,2912,121,36,709000
15045,932,446,16,1038000
15046,2692,91,95,37000
15047,2858,174,27,834000
15048,2463,128,25,993000
15049,2754,113,85,606000
15050,769,560,91,26000
15051,2426,625,74,360000
15052,3870,79,66,2913000
15053,1513,313,56,89000
15054,2991,221,44,4594000
15055,2760,134,32,197000
15056,1508,561,19,652000
15057,64,632,95,92000
15058,2896,480,89,1039000
15059,4031,269,19,486000
15060,2328,435,63,203000
15061,3866,796,91,921000
15062,3539,454,5,838000
15063,3927,793,30,105000
15064,1572,768,20,594000
15065,3388,108,18,418000
15066,2482,748,45,437000
15067,3116,373,31,1382000
15068,533,21,36,201000
15069,3596,558,99,343000
15070,4555,709,36,2457000
15071,2079,739,33,73000
15072,1271,407,78,2047000
15073,428,358,58,1438000
15074,3474,664,68,113000
15075,1996,487,38,3190000
15076,104,602,52,1710000
15077,1858,769,97,29000
15078,2037,47,35,62000
15079,1239,461,58,1588000
15080,585,373,19,1087000
15081,424,202,86,88000
15082,4250,780,100,987000
15083,4110,793,85,109000
15084,2370,271,78,1245000
15085,4317,507,67,73000
15086,1346,493,80,2506000
15087,1407,546,68,1616000
15088,3789,160,81,1497000
15089,619,694,99,96000
15090,2147,232,47,1009000
15091,2245,779,53,891000
15092,4298,370,47,1202000
15093,4895,599,14,2313000
15094,3092,71,16,646000
15095,456,639,65,301000
15096,1444,683,91,1386000
15097,2661,606,49,4102000
15098,3120,738,85,1472000
15099,1335,645,12,2259000
15100,1607,444,39,43000
15101,702,54,42,270000
15102,3183,260,27,69000
15103,3059,476,92,160000
15104,2139,196,23,113000
15105,281,57,31,386000
15106,1413,178,72,1161000
15107,4522,271,49,959000
15108,3371,657,26,2010000
15109,544,118,16,75000
15110,2232,294,61,363000
15111,1215,684,95,104000
15112,2288,197,41,1275000
15113,335,580,35,826000
15114,2296,112,14,1920000
15115,302,152,27,759000
15116,4557,41,14,729000
15117,3949,565,87,396000
15118,4636,785,11,2855000
15119,1653,416,35,997000
15120,254,612,24,387000
15121,4801,324,13,3416000
15122,51,604,78,1054000
15123,3564,65,45,797000
15124,2909,587,86,3614000
15125,2874,258,30,814000
15126,3996,498,85,137000
15127,3921,303,37,997000
15128,4269,464,31,1631000
15129,3357,149,31,1508000
15130,1926,156,33,767000
15131,1024,697,14,2718000
15132,1785,547,70,456000
15133,1717,61,6,126000
15134,2088,513,9,714000
15135,2753,800,48,85000
15136,3232,41,87,779000
15137,3493,692,17,505000
15138,2702,533,80,2337000
15139,2407,730,56,57000
15140,1122,710,31,3473000
15141,242,598,65,764000
15142,320,748,56,558000
15143,1173,198,79,698000
15144,4715,101,54,258000
15145,586,749,33,556000
15146,3603,528,30,1712000
15147,4450,218,64,1001000
15148,679,561,74,772000
15149,3974,758,23,1393000
15150,3962,202,31,94000
15151,510,621,95,912000
15152,3460,572,100,1468000
15153,4953,685,34,705000
15154,1887,123,42,564000
15155,830,150,99,1444000
15156,1310,463,30,2491000
15157,3197,328,11,315000
15158,533,775,99,836000
15159,3023,797,12,2012000
15160,2095,540,10,191000
15161,4571,110,92,431000
15162,4330,275,84,4285000
15163,4608,594,39,3455000
15164,2766,261,63,127000
15165,4465,285,43,2733000
15166,4936,464,14,1609000
15167,1914,314,48,1692000
15168,2546,237,28,2777000
15169,4210,96,61,101000
15170,2588,83,26,3612000
15171,3547,607,53,280000
15172,1486,366,12,471000
15173,1909,737,39,1767000
15174,4562,254,28,1428000
15175,841,792,46,3116000
15176,4070,236,91,3591000
15177,4955,286,36,232000
15178,3432,607,58,256000
15179,346,667,38,117000
15180,3750,554,98,489000
15181,2823,204,44,536000
15182,1445,754,43,484000
15183,925,161,72,903000
15184,349,329,5,31000
15185,4785,208,77,2031000
15186,833,674,90,2253000
15187,4172,270,70,965000
15188,7,229,72,178000
15189,2372,593,73,288000
15190,1306,456,72,47000
15191,4165,304,22,116000
15192,2094,419,48,884000
15193,3583,118,41,72000
15194,334,290,27,140000
15195,3754,75,88,2363000
15196,539,585,93,1165000
15197,2451,558,7,381000
15198,4266,674,70,2168000
15199,4244,283,19,474000
15200,2216,776,85,54000
15201,3560,620,49,1689000
15202,2596,52,88,253000
15203,878,301,21,660000
15204,2668,475,52,117000
15205,1406,328,20,333000
15206,2362,77,33,14000
15207,3353,440,66,342000
15208,1000,418,57,296000
15209,1434,154,42,973000
15210,2810,71,82,638000
15211,723,602,74,1383000
15212,496,674,9,2214000
15213,3440,207,61,1480000
15214,2463,576,44,151000
15215,958,211,72,142000
15216,3964,420,77,2057000
15217,2104,351,76,42000
15218,1097,597,64,2133000
15219,289,341,32,1817000
15220,3583,46,11,1085000
15221,4800,312,41,1023000
15222,2042,132,56,315000
15223,4229,92,10,1232000
15224,2696,759,70,298000
15225,572,589,74,749000
15226,2407,153,11,583000
15227,1144,569,5,1302000
15228,2269,57,63,472000
15229,2494,799,50,219000
15230,3832,149,44,1812000
15231,4707,539,67,1363000
15232,3683,593,47,354000
15233,2320,16,75,568000
15234,551,731,33,24000
15235,4404,741,62,1502000
15236,4964,476,53,178000
15237,3888,506,14,148000
15238,3181,466,34,730000
15239,589,433,88,268000
15240,2772,589,98,750000
15241,3848,21,72,218000
15242,628,262,14,1201000
15243,2977,642,6,919000
15244,3436,412,99,314000
15245,1044,632,90,114000
15246,109,625,62,292000
15247,3827,656,28,2368000
15248,2075,350,11,85000
15249,3182,104,9,1006000
15250,4168,257,79,44000
15251,1235,91,35,39000
15252,1299,184,10,66000
15253,3850,520,22,1536000
15254,2267,684,78,96000
15255,4600,303,70,1382000
15256,3257,538,58,1004000
15257,4939,586,83,671000
15258,3877,626,86,1005000
15259,4968,129,90,218000
15260,3929,798,92,90000
15261,3922,251,69,1793000
15262,3005,171,95,218000
15263,648,412,19,282000
15264,3020,197,62,1118000
15265,2306,39,21,175000
15266,4628,614,76,139000
15267,2333,505,9,61000
15268,3600,535,18,370000
15269,1507,54,67,325000
15270,4738,651,69,1407000
15271,1224,778,50,3419000
15272,3870,338,96,640000
15273,1619,524,48,722000
15274,4690,300,33,410000
15275,4985,570,38,720000
15276,310,694,31,78000
15277,846,693,47,2143000
15278,4412,411,18,949000
15279,4585,776,15,54000
15280,1905,48,68,4143000
15281,968,372,67,296000
15282,5,134,47,264000
15283,659,589,89,908000
15284,3433,789,68,1767000
15285,2466,530,22,157000
15286,162,547,34,457000
15287,800,460,100,593000
15288,1853,280,43,480000
15289,1754,5,90,974000
15290,4771,531,74,3778000
15291,95,465,68,1596000
15292,307,399,30,150000
15293,4521,186,81,57000
15294,1822,473,16,701000
15295,143,82,78,74000
15296,2233,394,54,418000
15297,2156,304,8,122000
15298,4997,784,44,2778000
15299,4337,61,52,130000
15300,224,710,32,4583000
15301,2964,513,28,756000
15302,3382,420,11,2486000
15303,1831,741,20,1574000
15304,260,242,65,1567000
15305,1053,297,59,240000
15306,4126,590,29,304000
15307,1383,604,85,1019000
15308,1992,200,58,943000
15309,3644,519,38,573000
15310,3272,702,23,1656000
15311,4606,342,42,749000
15312,1345,432,78,330000
15313,435,408,63,1619000
15314,1481,198,84,570000
15315,920,752,33,250000
15316,3466,335,5,329000
15317,4943,348,29,1162000
15318,1747,11,69,205000
15319,3664,70,93,1641000
15320,282,557,41,242000
15321,560,722,86,3175000
15322,4630,350,26,111000
15323,4588,495,31,355000
15324,176,16,10,610000
15325,312,80,82,115000
15326,3460,96,16,120000
15327,3706,632,16,111000
15328,972,5,76,885000
15329,4504,716,19,907000
15330,1113,484,23,796000
15331,4330,367,88,499000
15332,3575,547,7,369000
15333,3075,751,78,263000
15334,1424,546,76,1642000
15335,294,472,73,111000
15336,3053,450,34,2804000
15337,123,714,18,1203000
15338,3023,277,6,475000
15339,1436,228,80,94000
15340,2414,213,11,669000
15341,3158,194,67,140000
15342,1475,594,21,3554000
15343,400,480,92,1175000
15344,2149,56,6,934000
15345,1668,429,78,3728000
15346,3320,448,28,80000
15347,2692,733,77,1639000
15348,733,53,79,1588000
15349,729,679,85,333000
15350,3180,143,51,392000
15351,4684,338,13,467000
15352,4870,400,94,1296000
15353,1346,726,14,289000
15354,3484,505,7,42000
15355,461,490,50,408000
15356,2843,91,39,39000
15357,74,198,11,683000
15358,4345,640,64,440000
15359,1461,681,5,987000
15360,3764,64,74,1086000
15361,2162,412,11,279000
15362,2146,152,26,771000
15363,4391,548,7,606000
15364,753,67,90,897000
15365,3330,175,70,1705000
15366,3999,714,84,1141000
15367,4003,24,50,310000
15368,2879,544,53,675000
15369,43,33,97,532000
15370,1960,44,53,1674000
15371,4130,26,42,102000
15372,2768,626,69,778000
15373,4542,5,84,996000
15374,4223,313,90,93000
15375,773,71,49,787000
15376,1861,542,96,804000
15377,2465,734,57,242000
15378,2821,711,96,2367000
15379,2251,369,92,436000
15380,4656,49,65,725000
15381,3225,240,5,218000
15382,1802,591,36,1605000
15383,1503,86,95,2009000
15384,582,720,18,1664000
15385,2246,568,93,2249000
15386,387,746,45,1728000
15387,1826,733,53,1362000
15388,4340,319,55,340000
15389,4352,191,73,1040000
15390,757,740,43,4515000
15391,4211,13,7,660000
15392,2140,383,6,1980000
15393,1037,72,90,910000
15394,3155,767,62,526000
15395,3430,746,61,1412000
15396,1496,45,32,160000
15397,650,314,49,1529000
15398,1269,709,63,2522000
15399,2691,711,51,1864000
15400,1792,693,100,2391000
15401,2326,634,26,1800000
15402,4535,341,69,1880000
15403,1992,130,82,2605000
15404,3099,221,21,3355000
15405,3236,394,43,473000
15406,551,743,44,39000
15407,2315,183,88,1063000
15408,2345,345,99,1833000
15409,4050,455,92,103000
15410,3775,428,59,1216000
15411,1733,754,63,411000
15412,3932,676,61,2479000
15413,2724,551,80,46000
15414,656,214,11,787000
15415,840,401,26,44000
15416,45,766,87,1071000
15417,2653,383,66,1397000
15418,2446,213,90,792000
15419,235,475,88,119000
15420,2046,229,33,194000
15421,2395,283,26,344000
15422,3581,598,6,934000
15423,4282,497,6,1368000
15424,2793,391,28,69000
15425,4360,766,83,1113000
15426,3758,590,6,316000
15427,3331,737,38,1711000
15428,1714,288,39,106000
15429,2607,794,33,104000
15430,925,577,73,135000
15431,4122,188,58,204000
15432,1427,554,82,486000
15433,3469,155,21,1986000
15434,4261,767,42,518000
15435,4216,4,9,2938000
15436,4302,117,52,415000
15437,4244,781,41,331000
15438,3538,602,8,1457000
15439,4325,282,66,519000
15440,1495,425,16,1658000
15441,3716,593,9,348000
15442,1444,395,41,3012000
15443,3521,754,76,482000
15444,2249,795,37,1218000
15445,2622,278,52,1541000
15446,4098,64,27,1196000
15447,720,85,59,24000
15448,347,680,59,746000
15449,4089,610,33,2941000
15450,3911,138,6,23000
15451,3697,227,84,2415000
15452,4676,737,8,1671000
15453,1002,623,35,1084000
15454,49,127,78,292000
15455,3152,78,35,329000
15456,4763,241,31,1051000
15457,4103,312,17,1122000
15458,284,516,61,2463000
15459,3204,79,45,3980000
15460,4668,783,67,470000
15461,4120,668,76,1637000
15462,2425,253,44,949000
15463,3312,608,10,50000
15464,986,438,72,274000
15465,3410,105,23,1707000
15466,997,744,17,71000
15467,440,384,15,994000
15468,2137,280,94,430000
15469,2585,425,76,1792000
15470,1165,40,68,77000
15471,3293,485,16,407000
15472,1575,612,37,437000
15473,1590,343,96,1544000
15474,2443,123,48,410000
15475,1114,701,66,2240000
15476,543,428,34,899000
15477,4930,203,29,1574000
15478,53,649,94,859000
15479,1444,123,54,507000
15480,461,497,90,1795000
15481,3321,137,7,235000
15482,1852,369,94,598000
15483,140,57,93,391000
15484,1673,702,5,1634000
15485,4082,670,52,627000
15486,1408,191,26,1103000
15487,4599,661,21,3187000
15488,2852,711,75,1864000
15489,3237,568,100,2266000
15490,1925,332,97,320000
15491,3059,217,45,2255000
15492,4606,46,30,1062000
15493,1941,605,78,1558000
15494,4268,159,66,641000
15495,4233,387,62,494000
15496,821,774,91,4241000
15497,429,312,62,859000
15498,4558,284,91,3315000
15499,1805,534,62,142000
15500,3885,390,21,393000
15501,1820,130,84,2945000
15502,2470,186,54,57000
15503,4277,702,81,1589000
15504,4054,389,10,221000
15505,4426,669,38,169000
15506,1588,265,22,200000
15507,2490,488,72,679000
15508,1148,357,77,244000
15509,1490,777,19,1271000
15510,3617,642,42,919000
15511,875,672,58,1472000
15512,779,651,58,1334000
15513,752,196,77,105000
15514,1890,668,80,1708000
15515,2504,61,41,122000
15516,1509,798,24,97000
15517,2452,697,36,2694000
15518,4060,145,57,1180000
15519,4469,144,53,1176000
15520,4246,799,68,253000
15521,3812,649,42,966000
15522,1603,432,99,340000
15523,4974,327,86,724000
15524,1604,166,29,275000
15525,3096,437,94,690000
15526,1337,435,55,172000
15527,4207,92,19,1232000
15528,2132,86,89,1736000
15529,2323,19,69,18000
15530,4220,82,37,75000
15531,1179,597,71,2066000
15532,3910,554,84,465000
15533,695,340,97,1845000
15534,3078,497,20,1705000
15535,3599,630,35,2567000
15536,1288,712,5,3452000
15537,723,67,71,1096000
15538,273,371,78,1060000
15539,4230,483,89,575000
15540,1701,543,59,1095000
15541,4225,707,28,505000
15542,3156,364,18,200000
15543,419,295,59,433000
15544,2296,419,47,1035000
15545,3592,707,82,454000
15546,4058,489,35,2473000
15547,2763,381,83,189000
15548,3271,455,98,100000
15549,172,588,34,497000
15550,2009,767,57,424000
15551,1488,626,64,1068000
15552,1615,528,37,1241000
15553,173,443,81,175000
15554,3375,648,48,30000
15555,3996,338,19,588000
15556,4822,757,77,3702000
15557,252,666,67,599000
15558,4745,242,26,1402000
15559,1553,118,81,91000
15560,4330,120,60,118000
15561,1680,526,18,62000
15562,2131,248,19,85000
15563,3243,368,72,78000
15564,2685,156,24,722000
15565,4552,439,83,2227000
15566,556,276,26,656000
15567,453,800,79,67000
15568,1506,536,71,125000
15569,1396,91,63,41000
15570,1919,588,37,679000
15571,3147,752,81,296000
15572,446,79,66,3884000
15573,4395,84,42,751000
15574,1229,508,17,1181000
15575,1399,530,100,152000
15576,2452,460,13,818000
15577,954,205,74,3741000
15578,2857,242,43,1533000
15579,1694,656,70,2215000
15580,3828,316,57,68000
15581,55,125,98,201000
15582,1244,515,84,1722000
15583,4183,70,53,1551000
15584,2803,607,31,332000
15585,3412,629,66,2321000
15586,15,520,30,1732000
15587,1240,169,36,109000
15588,2559,49,29,923000
15589,1450,231,39,1283000
15590,360,723,54,25000
15591,344,224,75,157000
15592,3435,67,10,1122000
15593,1882,600,73,835000
15594,4073,777,84,1033000
15595,1881,290,29,125000
15596,3404,37,30,284000
15597,4241,377,14,116000
15598,689,16,54,695000
15599,2325,661,26,4270000
15600,3220,71,45,600000
15601,1315,512,44,48000
15602,285,789,99,2208000
15603,2703,550,8,139000
15604,3769,277,35,382000
15605,1322,406,95,500000
15606,3627,475,32,108000
15607,888,268,7,435000
15608,3938,800,50,72000
15609,3815,286,79,231000
15610,3277,229,35,243000
15611,869,42,84,986000
15612,534,225,30,1410000
15613,364,657,68,2111000
15614,161,176,87,379000
15615,674,21,6,203000
15616,9,250,78,227000
15617,3009,489,34,2589000
15618,3469,748,92,439000
15619,3958,658,59,1101000
15620,3167,679,58,418000
15621,3653,638,12,260000
15622,1120,543,31,917000
15623,4241,458,23,555000
15624,4172,379,97,121000
15625,4015,683,80,1274000
15626,1830,495,80,353000
15627,1833,360,99,626000
15628,2970,343,64,1731000
15629,3557,132,16,447000
15630,3285,83,45,3313000
15631,1191,349,55,2965000
15632,3261,199,82,123000
15633,793,651,79,1174000
15634,2029,784,42,3032000
15635,2146,730,94,55000
15636,3048,787,42,1215000
15637,3830,70,12,1306000
15638,2357,564,74,121000
15639,1904,281,44,682000
15640,571,429,36,3420000
15641,2016,41,83,726000
15642,1663,466,75,574000
15643,109,193,55,247000
15644,583,110,39,401000
15645,2976,733,7,1682000
15646,291,637,16,616000
15647,4644,328,7,315000
15648,4125,769,61,39000
15649,2616,588,59,594000
15650,4271,695,41,1035000
15651,2489,670,74,649000
15652,4036,194,16,138000
15653,4704,282,29,484000
15654,592,543,85,838000
15655,4656,503,57,188000
15656,236,428,27,1116000
15657,4527,131,25,70000
15658,1113,634,53,1230000
15659,4467,5,56,997000
15660,3789,179,53,540000
15661,3309,263,49,997000
15662,1164,775,46,902000
15663,1176,131,91,60000
15664,3545,409,25,605000
15665,3032,224,22,147000
15666,1314,628,72,1430000
15667,1214,330,15,210000
15668,959,373,41,1003000
15669,1386,239,34,2184000
15670,3262,667,44,141000
15671,4983,320,93,2497000
15672,3239,691,31,1119000
15673,3883,253,84,893000
15674,3933,190,17,1191000
15675,130,508,67,1435000
15676,3929,33,39,588000
15677,3417,42,73,970000
15678,2306,485,6,493000
15679,4503,499,57,653000
15680,2847,531,92,3705000
15681,833,267,93,825000
15682,1757,573,47,223000
15683,3900,472,27,100000
15684,1103,629,71,2543000
15685,2816,469,93,1722000
15686,482,486,61,1599000
15687,4767,697,86,2843000
15688,4637,583,85,3922000
15689,3047,8,45,389000
15690,2218,29,14,1389000
15691,717,735,98,276000
15692,3884,318,65,445000
15693,4046,303,60,1416000
15694,1276,498,95,137000
15695,2328,659,57,890000
15696,3043,2,95,1213000
15697,700,228,38,95000
15698,1681,37,72,303000
15699,2246,371,32,1036000
15700,2512,307,83,358000
15701,2317,170,9,256000
15702,4209,580,70,935000
15703,1216,693,27,1955000
15704,3943,527,36,619000
15705,1989,522,72,1102000
15706,4774,601,52,1697000
15707,4707,679,42,405000
15708,3222,748,6,579000
15709,714,433,90,340000
15710,2917,630,37,3052000
15711,1723,761,83,393000
15712,1707,501,61,2088000
15713,946,185,88,311000
15714,1235,45,8,126000
15715,1972,81,78,3365000
15716,1983,363,17,1031000
15717,4328,685,65,794000
15718,4665,215,74,274000
15719,4092,339,62,2148000
15720,4648,320,96,2972000
15721,1390,463,79,2471000
15722,1736,320,90,2895000
15723,431,770,75,458000
15724,517,571,80,995000
15725,2039,788,5,737000
15726,4622,676,6,2468000
15727,2024,746,6,1784000
15728,2658,563,49,486000
15729,2384,223,42,238000
15730,4572,633,64,263000
15731,3382,728,85,617000
15732,3924,755,20,76000
15733,849,217,35,1908000
15734,2068,357,47,264000
15735,221,58,99,3457000
15736,2967,674,22,2117000
15737,2397,500,11,35000
15738,1455,693,83,1996000
15739,840,556,31,3743000
15740,2814,83,44,2999000
15741,1068,177,68,1504000
15742,3018,757,60,3827000
15743,4559,376,73,1058000
15744,2401,726,68,285000
15745,470,540,50,232000
15746,581,338,56,590000
15747,4424,295,35,381000
15748,1335,752,56,271000
15749,1659,377,10,139000
15750,3383,752,54,270000
15751,2177,18,47,768000
15752,2476,231,6,1382000
15753,3693,148,9,1466000
15754,4448,425,82,1590000
15755,1142,579,87,356000
15756,681,555,15,1177000
15757,2831,152,69,735000
15758,108,484,78,1027000
15759,264,746,56,1726000
15760,2934,211,60,174000
15761,3909,75,93,2008000
15762,3871,382,97,392000
15763,3259,70,62,1263000
15764,3494,337,66,1893000
15765,4626,96,33,119000
15766,1697,437,66,843000
15767,714,777,75,1220000
15768,1182,638,68,270000
15769,4081,722,36,2509000
15770,2172,676,14,2445000
15771,2050,657,22,1781000
15772,2103,142,14,679000
15773,1434,248,98,71000
15774,561,314,22,1646000
15775,1717,375,20,3174000
15776,4128,573,46,249000
15777,2217,616,35,4535000
15778,616,335,55,359000
15779,1818,688,88,721000
15780,3348,207,11,1631000
15781,4724,458,9,597000
15782,2885,72,63,1241000
15783,2417,84,20,740000
15784,2480,773,71,1492000
15785,21,613,17,201000
15786,2757,398,69,1224000
15787,527,723,92,22000
15788,2351,542,17,861000
15789,4413,222,39,123000
15790,4929,687,24,1683000
15791,263,383,7,1763000
15792,1519,239,52,1696000
15793,4055,19,70,16000
15794,4925,22,42,412000
15795,4638,97,13,138000
15796,2960,793,46,111000
15797,2385,425,21,1615000
15798,4242,192,17,1605000
15799,4930,393,26,2425000
15800,4301,86,97,2032000
15801,2915,577,65,136000
15802,2174,283,43,339000
15803,1154,337,40,1761000
15804,1694,252,99,564000
15805,4921,187,38,25000
15806,2578,579,93,367000
15807,100,458,81,431000
15808,1271,426,53,553000
15809,171,625,72,381000
15810,3317,403,93,163000
15811,4552,447,100,1656000
15812,887,133,75,1434000
15813,1793,127,85,297000
15814,1606,759,47,297000
15815,2998,528,57,1723000
15816,2995,571,20,1033000
15817,134,793,73,105000
15818,785,35,67,171000
15819,4831,41,6,811000
15820,4881,570,15,582000
15821,4356,652,71,827000
15822,2431,724,12,737000
15823,2039,674,29,1818000
15824,118,728,35,641000
15825,3251,394,31,461000
15826,4104,450,35,3175000
15827,4696,656,17,2745000
15828,751,370,12,933000
15829,1338,262,90,868000
15830,3428,142,21,505000
15831,2245,349,6,2556000
15832,981,475,50,93000
15833,1921,4,58,2565000
15834,3487,392,76,59000
15835,376,61,5,123000
15836,14,420,41,1971000
15837,1234,33,78,469000
15838,28,200,42,1117000
15839,2892,344,52,508000
15840,395,682,92,304000
15841,1074,467,21,111000
15842,3327,696,20,494000
15843,3032,443,99,131000
15844,4134,674,34,2186000
15845,261,619,99,1217000
15846,830,248,70,81000
15847,3061,32,55,1111000
15848,3424,280,16,397000
15849,249,521,96,1398000
15850,3901,612,42,554000
15851,782,380,35,871000
15852,2717,15,30,1611000
15853,590,243,76,849000
15854,2606,625,5,393000
15855,3769,337,56,2256000
15856,1558,300,65,290000
15857,2033,109,11,3732000
15858,3485,781,44,364000
15859,4486,19,45,17000
15860,4199,168,43,554000
15861,4472,629,16,2461000
15862,181,321,81,1426000
15863,2330,393,63,2324000
15864,738,710,19,4679000
15865,1962,624,46,142000
15866,2035,383,58,1378000
15867,138,345,62,1433000
15868,4235,560,12,27000
15869,2565,119,42,68000
15870,2930,351,34,53000
15871,4390,687,27,1477000
15872,2675,323,33,1194000
15873,3866,172,52,516000
15874,1688,175,36,1900000
15875,1550,199,46,112000
15876,1816,635,63,2572000
15877,354,90,9,1013000
15878,2919,588,58,729000
15879,1369,214,92,1021000
15880,1395,636,80,418000
15881,2872,771,57,184000
15882,3111,170,96,359000
15883,4224,771,37,260000
15884,444,685,40,713000
15885,10,372,94,323000
15886,3360,46,96,1050000
15887,901,51,42,156000
15888,4883,428,57,965000
15889,2290,250,45,188000
15890,3253,186,56,47000
15891,1623,740,23,3971000
15892,4380,136,35,109000
15893,34,99,10,115000
15894,346,108,37,509000
15895,806,734,49,272000
15896,335,147,43,1784000
15897,2153,239,93,1595000
15898,188,116,54,4226000
15899,4104,692,46,426000
15900,226,551,71,47000
15901,3369,468,57,407000
15902,4031,134,31,195000
15903,1149,548,39,494000
15904,3981,633,79,268000
15905,1436,440,65,311000
15906,4890,474,60,2215000
15907,4928,362,13,4045000
15908,1667,365,73,2077000
15909,2236,443,43,143000
15910,2875,588,15,590000
15911,1254,189,23,2651000
15912,2571,338,50,456000
15913,1013,520,66,1738000
15914,1268,706,19,387000
15915,4840,372,16,300000
15916,4398,692,92,445000
15917,3923,103,27,1724000
15918,1936,284,75,4119000
15919,3369,673,68,723000
15920,4927,437,42,827000
15921,1658,786,86,160000
15922,2385,23,48,553000
15923,3123,524,91,872000
15924,3620,600,65,591000
15925,1279,232,11,1196000
15926,735,46,80,942000
15927,23,170,62,323000
15928,1976,673,25,742000
15929,4871,243,98,904000
15930,48,719,14,725000
15931,171,754,5,481000
15932,2084,125,63,208000
15933,84,266,49,1049000
15934,3498,347,31,353000
15935,548,13,82,693000
15936,4730,682,16,239000
15937,3833,792,36,3447000
15938,749,257,46,42000
15939,2234,125,35,258000
15940,2104,681,76,890000
15941,3808,224,55,178000
15942,2020,365,18,2070000
15943,505,77,56,17000
15944,216,549,62,1791000
15945,3577,147,13,2459000
15946,600,373,78,1003000
15947,3601,119,6,67000
15948,1021,259,40,1979000
15949,329,131,71,74000
15950,790,95,100,338000
15951,1148,571,38,1349000
15952,1140,443,55,151000
15953,1383,575,87,1147000
15954,2743,531,92,3411000
15955,4223,536,70,158000
15956,4017,604,84,856000
15957,3294,589,73,926000
15958,4917,767,52,524000
15959,2952,338,62,487000
15960,3518,39,79,200000
15961,321,92,35,1255000
15962,3082,597,30,2215000
15963,2769,699,50,452000
15964,3961,411,5,874000
15965,186,364,79,218000
15966,780,125,11,240000
15967,2854,754,85,389000
15968,2876,714,36,1361000
15969,2279,435,44,234000
15970,2186,217,58,2529000
15971,4922,521,18,1934000
15972,2433,139,29,4263000
15973,429,527,61,764000
15974,505,102,71,60000
15975,3710,391,15,70000
15976,3704,170,71,373000
15977,1233,333,48,1500000
15978,3641,650,74,695000
15979,4395,52,69,284000
15980,3284,718,52,213000
15981,972,601,70,1460000
15982,4234,765,59,164000
15983,1765,242,85,1450000
15984,4334,652,42,831000
15985,507,276,73,452000
15986,1664,384,15,1134000
15987,4985,163,64,3809000
15988,498,322,35,566000
15989,443,526,51,74000
15990,2605,624,19,125000
15991,4071,444,61,35000
15992,3758,70,14,1405000
15993,4603,433,59,268000
15994,2921,199,37,106000
15995,936,681,88,823000
15996,259,91,64,35000
15997,2471,227,31,1766000
15998,2674,214,75,709000
15999,716,743,51,42000
16000,748,16,93,544000
16001,497,63,35,127000
16002,3612,449,16,101000
16003,3423,305,57,3468000
16004,2301,366,21,487000
16005,1018,528,40,1398000
16006,1189,356,100,155000
16007,1844,529,97,306000
16008,3226,100,33,423000
16009,3228,592,25,107000
16010,647,180,57,3177000
16011,1812,611,46,520000
16012,493,304,51,122000
16013,2622,572,79,1186000
16014,3311,541,13,222000
16015,895,448,41,61000
16016,3186,34,59,103000
16017,3877,406,39,357000
16018,2466,5,28,1081000
16019,2411,784,53,2631000
16020,1424,22,40,375000
16021,3254,293,20,267000
16022,3438,268,11,479000
16023,664,260,97,90000
16024,1584,494,53,3236000
16025,2173,135,92,169000
16026,3699,421,99,793000
16027,1220,439,16,1935000
16028,447,508,84,1238000
16029,4178,398,51,1095000
16030,3713,564,8,96000
16031,2371,367,55,567000
16032,2577,466,54,704000
16033,651,186,99,58000
16034,270,44,12,1893000
16035,258,776,55,44000
16036,2596,303,55,1482000
16037,4323,350,29,101000
16038,3505,771,55,214000
16039,1578,520,63,1417000
16040,915,592,16,132000
16041,866,448,10,74000
16042,2210,330,14,175000
16043,1193,467,22,104000
16044,2474,339,80,2076000
16045,3306,407,10,1740000
16046,1337,607,34,262000
16047,1677,24,10,345000
16048,116,765,64,186000
16049,4665,449,85,110000
16050,1608,81,17,3608000
16051,4008,585,58,1424000
16052,32,524,41,876000
16053,3435,571,47,1388000
16054,1103,700,57,164000
16055,3798,617,60,686000
16056,3600,473,63,740000
16057,1178,541,49,202000
16058,4687,644,30,46000
16059,1681,688,17,768000
16060,1317,398,100,1477000
16061,864,659,99,950000
16062,4888,131,65,68000
16063,545,400,44,1434000
16064,2594,421,55,717000
16065,2264,303,73,1091000
16066,2130,135,39,174000
16067,2720,644,80,58000
16068,3699,439,94,2352000
16069,14,700,70,173000
16070,3409,701,97,2936000
16071,4010,416,52,1079000
16072,319,527,84,629000
16073,2476,701,96,2753000
16074,4727,191,36,1019000
16075,4366,717,20,764000
16076,1568,218,15,1001000
16077,1172,785,73,2335000
16078,3289,437,59,646000
16079,3284,528,96,1629000
16080,511,9,17,190000
16081,4863,299,60,1157000
16082,1332,465,19,1435000
16083,1276,415,23,223000
16084,259,44,85,1511000
16085,779,112,9,1655000
16086,2926,663,35,566000
16087,3513,646,62,2431000
16088,1645,667,78,135000
16089,1710,586,37,971000
16090,4458,320,67,2984000
16091,701,669,99,219000
16092,4161,661,9,3194000
16093,4432,313,93,94000
16094,575,250,48,209000
16095,3584,576,85,199000
16096,3153,508,19,1156000
16097,2041,34,9,114000
16098,726,696,87,535000
16099,3888,510,26,151000
16100,696,618,70,1131000
16101,3811,613,22,166000
16102,1023,695,21,787000
16103,2046,232,54,1090000
16104,515,608,97,36000
16105,1384,589,15,789000
16106,3058,374,88,186000
16107,2373,510,46,151000
16108,1754,260,33,68000
16109,183,520,34,1274000
16110,261,163,63,4554000
16111,1422,388,39,508000
16112,4808,411,24,802000
16113,1273,514,19,3484000
16114,3109,287,15,716000
16115,2218,725,80,38000
16116,4381,522,28,1182000
16117,4065,587,40,3727000
16118,2680,782,13,3229000
16119,4488,549,55,2256000
16120,3524,330,83,206000
16121,428,664,84,141000
16122,4879,763,67,109000
16123,1564,142,76,558000
16124,2297,752,79,281000
16125,230,677,51,3775000
16126,2549,410,96,1274000
16127,75,767,100,514000
16128,3791,289,39,642000
16129,1693,504,15,1188000
16130,4720,688,39,801000
16131,3919,648,36,30000
16132,1876,319,7,351000
16133,4016,293,33,312000
16134,330,538,72,874000
16135,4305,421,76,812000
16136,1708,468,47,448000
16137,1131,553,96,2465000
16138,693,4,81,3040000
16139,3208,497,8,1455000
16140,2377,158,85,74000
16141,2706,436,56,361000
16142,236,798,31,68000
16143,4403,249,61,219000
16144,3295,612,22,444000
16145,4479,664,58,116000
16146,3480,119,26,76000
16147,2005,479,77,484000
16148,3864,50,43,1741000
16149,1772,681,70,804000
16150,2795,199,16,106000
16151,110,64,24,1264000
16152,4812,13,71,893000
16153,223,787,39,1446000
16154,4869,139,47,3768000
16155,278,577,82,137000
16156,4995,562,89,55000
16157,1392,716,69,1062000
16158,4077,112,75,2079000
16159,892,709,95,2440000
16160,2888,477,25,1065000
16161,315,32,28,1065000
16162,1724,93,69,280000
16163,1794,638,27,307000
16164,3942,371,9,1124000
16165,1646,148,13,1204000
16166,1999,76,75,1015000
16167,4443,179,32,547000
16168,116,797,29,2295000
16169,1753,482,71,609000
16170,4493,587,69,2930000
16171,961,365,68,2152000
16172,4467,269,6,554000
16173,3385,591,29,1446000
16174,25,33,94,423000
16175,20,535,96,461000
16176,384,527,23,641000
16177,5000,320,86,2951000
16178,1630,497,43,1750000
16179,522,73,57,3647000
16180,4891,714,13,1399000
16181,1147,276,52,557000
16182,3037,214,70,954000
16183,868,552,6,1364000
16184,1123,166,39,300000
16185,1105,359,6,261000
16186,407,721,27,385000
16187,4338,699,17,431000
16188,436,785,5,2888000
16189,3736,705,91,1525000
16190,3219,276,53,509000
16191,2549,715,84,176000
16192,111,540,52,177000
16193,670,571,70,1461000
16194,1312,603,54,280000
16195,263,468,9,442000
16196,3977,190,80,1067000
16197,2650,572,24,1362000
16198,4328,62,73,941000
16199,2672,341,85,1612000
16200,2116,185,79,386000
16201,3253,33,22,537000
16202,1442,482,22,443000
16203,2460,797,99,2723000
16204,3402,365,29,2105000
16205,1342,334,34,461000
16206,1973,100,16,502000
16207,667,94,16,562000
16208,1907,561,79,738000
16209,1295,285,23,2177000
16210,88,682,28,231000
16211,3980,617,25,594000
16212,309,681,100,998000
16213,4782,355,80,414000
16214,1681,742,18,755000
16215,2375,372,66,326000
16216,459,704,48,195000
16217,3527,707,87,427000
16218,1154,293,25,236000
16219,3845,108,11,466000
16220,403,788,42,826000
16221,327,448,55,58000
16222,1778,531,47,3529000
16223,1532,295,53,449000
16224,1847,753,88,353000
16225,1825,140,98,3153000
16226,3218,17,13,2593000
16227,1785,664,56,127000
16228,3053,442,82,2130000
16229,1566,700,66,152000
16230,551,419,32,895000
16231,3557,150,52,1442000
16232,2264,676,50,1761000
16233,4541,99,7,108000
16234,1927,330,26,158000
16235,1807,202,72,90000
16236,2988,273,21,1185000
16237,321,434,52,2347000
16238,2699,619,60,1726000
16239,2472,689,44,2600000
16240,2166,200,6,1063000
16241,3023,243,17,1089000
16242,1931,428,67,1186000
16243,2011,502,78,346000
16244,2172,598,63,1039000
16245,1838,697,30,2951000
16246,4701,248,6,63000
16247,933,478,73,530000
16248,2272,353,78,616000
16249,4185,694,25,71000
16250,1114,222,47,121000
16251,1567,105,67,1915000
16252,4495,641,21,991000
16253,772,110,92,487000
16254,187,242,74,1775000
16255,3614,307,67,357000
16256,174,754,5,403000
16257,170,762,96,118000
16258,1892,726,48,303000
16259,2765,198,61,643000
16260,3562,403,72,149000
16261,2009,652,25,869000
16262,1057,681,70,991000
16263,962,282,76,448000
16264,1550,301,50,792000
16265,2693,299,91,1070000
16266,2608,697,79,2627000
16267,2738,277,5,499000
16268,1860,641,21,941000
16269,2154,481,42,1772000
16270,1545,777,99,923000
16271,2781,113,60,641000
16272,364,664,98,98000
16273,3870,325,90,865000
16274,191,364,50,158000
16275,2223,244,26,150000
16276,1493,730,82,62000
16277,891,92,13,1775000
16278,513,790,69,299000
16279,306,219,37,756000
16280,4828,797,71,2211000
16281,3669,335,51,321000
16282,4969,579,47,364000
16283,4242,783,11,453000
16284,158,501,67,1778000
16285,2999,62,39,801000
16286,1935,796,87,755000
16287,455,724,9,940000
16288,2488,692,74,370000
16289,971,395,20,2813000
16290,1727,592,9,108000
16291,4861,252,75,546000
16292,4797,414,84,207000
16293,3782,120,96,173000
16294,3397,640,70,405000
16295,272,375,100,3250000
16296,1297,579,72,297000
16297,871,653,62,529000
16298,444,575,34,1344000
16299,2949,58,81,4391000
16300,4894,138,41,27000
16301,1548,320,59,2904000
16302,485,48,88,3590000
16303,683,164,6,834000
16304,1432,676,53,1761000
16305,3748,101,67,259000
16306,1445,363,92,1124000
16307,3754,347,89,369000
16308,2214,87,55,2772000
16309,4463,415,10,205000
16310,3476,241,79,1145000
16311,1619,362,17,3155000
16312,1658,468,12,395000
16313,1298,264,52,854000
16314,3771,183,99,1139000
16315,4402,245,45,499000
16316,420,293,90,253000
16317,1867,10,23,3588000
16318,3933,439,55,2251000
16319,401,2,57,1474000
16320,2841,239,59,1863000
16321,919,628,92,1444000
16322,3552,229,19,190000
16323,1889,644,34,42000
16324,2888,621,12,782000
16325,3569,722,13,3048000
16326,4413,61,15,109000
16327,4723,683,50,962000
16328,3311,97,33,135000
16329,3799,360,17,737000
16330,1098,689,79,2038000
16331,1121,78,9,317000
16332,4542,488,18,626000
16333,3885,380,98,916000
16334,4695,682,88,223000
16335,989,380,30,765000
16336,2860,355,76,507000
16337,1384,507,7,55000
16338,3444,405,61,1401000
16339,2532,117,13,304000
16340,768,575,48,1506000
16341,4388,597,20,1808000
16342,182,76,73,1088000
16343,1494,561,55,594000
16344,2115,460,93,560000
16345,3896,746,95,1569000
16346,3227,622,96,516000
16347,4315,2,80,1550000
16348,4593,671,28,3387000
16349,3049,693,34,1741000
16350,4253,282,21,422000
16351,3806,27,70,405000
16352,4566,192,30,1348000
16353,403,125,91,259000
16354,3872,684,27,102000
16355,1240,68,46,92000
16356,302,481,52,1988000
16357,3118,732,86,209000
16358,3777,258,44,573000
16359,1004,515,64,1737000
16360,913,77,68,13000
16361,2909,203,18,1921000
16362,2770,452,21,171000
16363,4907,469,50,1364000
16364,1396,3,61,1333000
16365,715,599,67,2645000
16366,684,403,14,143000
16367,87,576,21,180000
16368,1196,739,69,93000
16369,4179,206,94,256000
16370,4417,327,72,704000
16371,1729,512,23,46000
16372,3527,58,73,4377000
16373,2230,263,29,838000
16374,2135,433,97,355000
16375,357,625,86,350000
16376,1485,346,24,143000
16377,4794,146,63,265000
16378,4807,665,96,651000
16379,1233,409,79,600000
16380,3858,647,5,19000
16381,3002,574,87,69000
16382,2800,661,95,3338000
16383,4459,409,11,563000
16384,855,653,96,522000
16385,755,26,35,96000
16386,4715,227,15,1643000
16387,2264,244,40,117000
16388,3408,137,40,302000
16389,738,578,17,84000
16390,4616,90,67,834000
16391,596,392,23,48000
16392,1125,429,53,3344000
16393,642,643,40,112000
16394,2169,703,46,2162000
16395,1577,503,87,143000
16396,3150,163,35,3766000
16397,4788,190,56,1158000
16398,845,261,57,165000
16399,3762,586,17,869000
16400,1774,397,92,1441000
16401,2572,402,13,138000
16402,2103,417,41,1039000
16403,3833,49,66,744000
16404,2031,755,34,78000
16405,97,488,25,558000
16406,2083,653,34,610000
16407,4749,550,92,154000
16408,936,505,20,50000
16409,4331,345,55,2032000
16410,370,481,60,1753000
16411,4570,453,71,946000
16412,739,214,35,737000
16413,61,748,6,452000
16414,5,606,6,4158000
16415,124,626,86,835000
16416,2309,739,42,94000
16417,4522,651,25,1093000
16418,1936,497,99,1839000
16419,3147,770,47,423000
16420,3450,625,52,413000
16421,4595,152,89,599000
16422,2903,352,19,120000
16423,3471,119,67,74000
16424,63,768,40,440000
16425,4232,470,89,514000
16426,3850,519,5,526000
16427,3544,293,32,300000
16428,1278,414,80,242000
16429,3621,640,55,426000
16430,1023,571,20,1203000
16431,4113,49,85,872000
16432,1610,2,6,1150000
16433,4452,467,33,86000
16434,1628,172,26,405000
16435,3419,218,57,842000
16436,95,132,22,398000
16437,623,519,41,454000
16438,3797,751,71,236000
16439,2944,12,93,163000
16440,2723,691,77,971000
16441,3725,758,29,1556000
16442,3902,429,41,3069000
16443,719,794,24,103000
16444,2579,85,84,25000
16445,4890,646,58,2335000
16446,2612,332,41,289000
16447,608,157,46,1894000
16448,3628,390,28,556000
16449,4965,492,33,212000
16450,1110,594,55,3727000
16451,3640,738,43,1513000
16452,1562,727,74,139000
16453,3312,42,94,936000
16454,3723,654,100,32000
16455,533,199,73,134000
16456,4417,719,72,747000
16457,1335,373,44,1269000
16458,4082,499,40,595000
16459,498,43,81,1071000
16460,3070,318,13,415000
16461,3031,575,90,1490000
16462,1977,787,55,1242000
16463,1657,385,37,3365000
16464,4001,424,41,1293000
16465,4629,753,39,377000
16466,439,689,58,2304000
16467,1403,256,88,239000
16468,2019,470,22,590000
16469,4602,176,84,326000
16470,2479,779,23,1072000
16471,2191,309,12,68000
16472,2826,5,95,1116000
16473,830,747,65,181000
16474,4727,388,12,662000
16475,4990,134,52,217000
16476,3086,603,35,285000
16477,4782,746,83,1319000
16478,1385,151,22,923000
16479,1504,717,44,657000
16480,3145,226,21,1670000
16481,831,575,25,1091000
16482,721,649,44,1183000
16483,3883,478,100,530000
16484,1981,397,70,2066000
16485,164,475,30,110000
16486,4896,603,59,237000
16487,4159,439,21,1817000
16488,3758,616,39,5084000
16489,4959,561,11,571000
16490,4549,267,94,1136000
16491,3400,567,7,4368000
16492,3184,725,92,43000
16493,2279,624,31,120000
16494,4853,596,10,288000
16495,2992,749,27,541000
16496,2151,428,60,956000
16497,2949,255,26,248000
16498,1778,115,41,224000
16499,2998,205,35,4299000
16500,153,761,14,382000
16501,817,137,34,303000
16502,1302,158,39,81000
16503,3206,506,16,153000
16504,1866,442,29,1494000
16505,92,289,57,734000
16506,1442,216,85,1143000
16507,4062,114,80,411000
16508,4788,327,75,569000
16509,889,763,64,143000
16510,2870,785,11,2308000
16511,4254,238,21,734000
16512,512,128,12,856000
16513,902,311,71,148000
16514,46,106,29,1646000
16515,2269,74,96,282000
16516,4201,797,79,2622000
16517,53,704,15,206000
16518,268,101,54,341000
16519,3208,617,65,783000
16520,4380,232,91,836000
16521,3889,160,30,1311000
16522,4954,343,43,1641000
16523,1085,207,37,1617000
16524,381,469,38,1235000
16525,4306,158,84,59000
16526,4337,792,53,2412000
16527,4319,95,14,418000
16528,2327,628,56,1474000
16529,2515,370,9,1165000
16530,3622,601,93,1732000
16531,3374,192,60,1178000
16532,3091,567,9,3604000
16533,4772,789,17,1791000
16534,852,466,16,767000
16535,2803,636,19,420000
16536,2923,618,64,1043000
16537,689,589,83,726000
16538,4268,21,42,180000
16539,3941,194,81,135000
16540,3800,404,87,3207000
16541,2216,7,80,672000
16542,1415,652,65,818000
16543,461,787,86,1308000
16544,146,317,8,3475000
16545,1634,264,20,780000
16546,3443,228,61,92000
16547,4032,305,24,3002000
16548,240,615,24,50000
16549,1654,361,99,585000
16550,1940,361,6,549000
16551,2028,443,79,172000
16552,1079,350,15,103000
16553,4287,491,19,131000
16554,924,537,18,391000
16555,754,450,50,2434000
16556,4834,518,14,2585000
16557,3833,315,81,346000
16558,1316,548,14,569000
16559,2522,47,81,77000
16560,963,145,34,1211000
16561,515,69,43,157000
16562,3064,48,50,3546000
16563,8,626,9,941000
16564,389,28,96,1464000
16565,1889,581,37,391000
16566,707,173,21,1343000
16567,1955,635,23,2403000
16568,2959,445,14,117000
16569,773,116,9,4484000
16570,2988,738,28,1451000
16571,4500,759,96,220000
16572,2055,607,52,250000
16573,578,171,90,211000
16574,4264,688,77,693000
16575,949,572,95,1345000
16576,165,140,40,4250000
16577,4374,361,40,566000
16578,2069,86,82,1579000
16579,447,710,8,3435000
16580,3967,198,37,602000
16581,3228,256,91,208000
16582,966,236,52,4237000
16583,4213,630,47,2260000
16584,1381,251,16,2188000
16585,3836,795,75,1004000
16586,3668,684,45,93000
16587,4592,376,92,1168000
16588,3291,679,31,313000
16589,2803,79,40,3544000
16590,2400,210,51,587000
16591,3274,744,34,65000
16592,4981,475,48,121000
16593,3029,738,95,1337000
16594,3013,360,82,646000
16595,3540,398,95,1431000
16596,2505,743,64,38000
16597,163,628,6,1693000
16598,4696,364,22,214000
16599,4001,630,42,2167000
16600,2583,474,18,2155000
16601,3358,444,33,42000
16602,1748,52,76,316000
16603,196,333,14,1595000
16604,3610,193,93,334000
16605,1942,34,61,132000
16606,554,587,79,3465000
16607,4215,775,13,981000
16608,2717,501,43,2168000
16609,1331,94,20,794000
16610,4940,357,30,305000
16611,3508,746,93,1424000
16612,4741,511,61,472000
16613,4354,128,96,923000
16614,4334,695,62,1032000
16615,1947,492,66,254000
16616,1361,365,6,1596000
16617,1223,397,55,2050000
16618,4797,711,36,2514000
16619,2454,510,80,152000
16620,1586,96,23,85000
16621,4416,542,54,1008000
16622,3307,663,47,477000
16623,2832,500,61,43000
16624,3018,466,83,658000
16625,2005,146,9,302000
16626,1697,545,96,1153000
16627,4241,56,48,917000
16628,2618,184,19,57000
16629,547,613,97,148000
16630,2342,413,97,3633000
16631,2904,520,11,1576000
16632,2314,624,21,119000
16633,4935,574,36,82000
16634,4519,144,75,1047000
16635,968,197,33,1651000
16636,853,570,62,816000
16637,4712,167,63,36000
16638,315,230,29,286000
16639,4304,278,15,1548000
16640,4312,431,37,162000
16641,1831,505,89,63000
16642,4215,46,91,877000
16643,2803,184,27,57000
16644,1101,664,80,109000
16645,463,332,41,248000
16646,1145,796,23,765000
16647,1315,293,65,233000
16648,2456,219,67,1037000
16649,44,453,78,833000
16650,4879,401,67,52000
16651,1686,243,89,971000
16652,1059,455,47,118000
16653,2951,131,62,61000
16654,3837,504,32,1205000
16655,2791,353,30,569000
16656,2555,38,36,295000
16657,587,416,35,800000
16658,1549,192,36,1235000
16659,4475,225,94,1160000
16660,2741,597,100,1850000
16661,2224,41,31,929000
16662,1289,672,94,1324000
16663,3982,633,35,329000
16664,3383,644,88,52000
16665,649,710,67,4239000
16666,3045,295,45,370000
16667,272,39,12,170000
16668,1848,89,18,1300000
16669,395,646,88,1805000
16670,2274,535,55,481000
16671,482,344,52,578000
16672,1950,482,82,643000
16673,237,498,98,174000
16674,3850,101,55,325000
16675,2343,541,41,171000
16676,245,347,100,469000
16677,4858,625,71,376000
16678,3958,418,90,248000
16679,1791,269,40,679000
16680,2926,347,87,413000
16681,1415,339,76,2089000
16682,3447,315,35,329000
16683,1211,104,63,915000
16684,508,734,56,228000
16685,187,132,63,347000
16686,3159,499,48,652000
16687,2406,274,48,434000
16688,1168,800,84,61000
16689,4510,89,94,1054000
16690,4109,275,43,3782000
16691,4654,520,15,1816000
16692,1547,279,10,3580000
16693,4300,744,15,71000
16694,1131,517,98,852000
16695,763,91,18,36000
16696,2121,566,36,659000
16697,1948,135,15,148000
16698,2894,625,48,287000
16699,3151,199,83,132000
16700,4798,392,72,42000
16701,310,565,78,417000
16702,3575,165,47,1053000
16703,1178,625,87,411000
16704,4424,38,34,248000
16705,2048,283,14,319000
16706,97,697,85,2754000
16707,852,499,87,728000
16708,2306,262,86,1056000
16709,1999,184,80,58000
16710,12,9,49,178000
16711,4769,458,65,585000
16712,4834,124,71,363000
16713,3948,250,82,238000
16714,3813,342,40,1007000
16715,436,157,92,2193000
16716,294,766,74,1415000
16717,3543,310,42,4215000
16718,2799,76,64,1207000
16719,2471,680,93,812000
16720,3252,583,37,3642000
16721,4973,164,42,882000
16722,1422,108,37,413000
16723,2366,192,55,1395000
16724,4275,113,91,670000
16725,3398,180,74,3196000
16726,741,177,36,1174000
16727,2382,595,27,2494000
16728,3486,130,85,2552000
16729,868,681,86,953000
16730,1010,239,59,1976000
16731,3163,408,53,1477000
16732,734,327,29,487000
16733,4178,663,82,607000
16734,4952,17,88,1949000
16735,1465,131,41,66000
16736,3470,357,11,260000
16737,4988,345,75,1778000
16738,3423,634,11,1257000
16739,848,673,54,945000
16740,1625,77,8,17000
16741,1939,625,43,380000
16742,4527,341,76,1505000
16743,2667,178,42,938000
16744,1693,701,36,2517000
16745,1039,531,19,2812000
16746,586,274,87,449000
16747,4112,323,99,923000
16748,706,330,64,220000
16749,221,469,42,1419000
16750,1203,698,12,581000
16751,2220,109,22,3370000
16752,4093,291,95,140000
16753,1773,109,32,2948000
16754,1519,344,37,496000
16755,621,657,23,1623000
16756,4488,46,95,988000
16757,2762,164,6,728000
16758,1509,536,83,164000
16759,3285,615,23,58000
16760,34,635,49,2038000
16761,608,565,80,368000
16762,636,218,29,841000
16763,3967,102,31,53000
16764,2632,627,100,390000
16765,3863,64,36,1169000
16766,3275,546,21,1694000
16767,4556,564,80,98000
16768,172,744,79,53000
16769,95,234,9,4015000
16770,4909,128,97,740000
16771,3042,438,11,373000
16772,4414,467,14,94000
16773,1309,272,62,122000
16774,2577,233,55,3707000
16775,3760,557,61,349000
16776,3367,357,24,251000
16777,3900,129,48,225000
16778,771,782,9,3159000
16779,662,252,12,468000
16780,933,267,33,1110000
16781,841,384,25,841000
16782,4254,656,40,2203000
16783,4412,561,66,739000
16784,3039,144,6,947000
16785,2449,543,91,861000
16786,3891,415,90,205000
16787,724,774,48,3861000
16788,3360,296,82,77000
16789,4072,716,33,954000
16790,1545,596,70,261000
16791,4273,303,12,1289000
16792,348,350,53,110000
16793,201,406,94,352000
16794,931,302,37,554000
16795,4937,19,72,15000
16796,3745,65,96,694000
16797,11,317,19,3348000
16798,1157,126,59,784000
16799,1285,323,6,1065000
16800,4976,14,38,1168000
16801,3553,641,85,958000
16802,3403,757,46,4157000
16803,1073,270,71,978000
16804,2352,708,27,2820000
16805,2052,747,100,225000
16806,3359,462,79,461000
16807,1893,417,50,925000
16808,4852,600,86,658000
16809,1411,793,20,126000
16810,1240,25,21,1038000
16811,1283,778,47,3293000
16812,1765,207,67,1556000
16813,4324,430,7,1423000
16814,1300,378,56,435000
16815,4288,121,14,803000
16816,839,572,32,1081000
16817,4038,454,16,840000
16818,179,525,72,3451000
16819,674,683,80,1135000
16820,4450,532,33,1581000
16821,4078,525,34,2871000
16822,640,779,62,963000
16823,3662,322,49,546000
16824,1482,316,12,85000
16825,2932,492,92,244000
16826,1361,799,9,202000
16827,1674,326,19,18000
16828,3266,26,28,89000
16829,1575,401,92,48000
16830,2124,521,55,1591000
16831,2049,130,68,3231000
16832,3336,538,49,752000
16833,615,603,58,297000
16834,993,693,66,1926000
16835,1476,294,76,294000
16836,1538,300,87,316000
16837,11,272,64,149000
16838,2432,52,95,293000
16839,1017,228,29,80000
16840,4822,192,46,1159000
16841,2534,353,42,636000
16842,2931,530,16,166000
16843,2805,423,62,1158000
16844,424,656,98,2699000
16845,2660,484,96,1037000
16846,2846,176,60,450000
16847,4259,757,82,4812000
16848,519,724,62,980000
16849,1290,281,13,630000
16850,2982,506,16,132000
16851,331,541,83,208000
16852,420,434,67,2057000
16853,1586,756,80,109000
16854,4059,370,16,1017000
16855,3944,777,89,1271000
16856,2351,153,89,603000
16857,7,736,52,494000
16858,88,322,52,559000
16859,2606,573,56,272000
16860,177,699,92,439000
16861,1444,607,47,231000
16862,373,375,38,2852000
16863,154,488,54,634000
16864,2448,323,70,1118000
16865,690,120,16,171000
16866,3904,459,40,168000
16867,3615,515,57,1784000
16868,2212,487,92,3474000
16869,4701,259,84,1524000
16870,1969,51,43,118000
16871,918,525,20,3740000
16872,3519,674,52,1584000
16873,4973,644,42,48000
16874,3056,480,48,1160000
16875,2027,578,19,107000
16876,1609,85,31,21000
16877,1536,77,51,16000
16878,3338,44,37,1592000
16879,2236,440,96,351000
16880,1101,700,65,155000
16881,2343,127,62,324000
16882,2466,449,55,97000
16883,2260,198,59,580000
16884,1713,528,14,1211000
16885,1974,367,91,635000
16886,239,490,17,361000
16887,2625,337,73,1670000
16888,3223,728,30,616000
16889,1373,456,6,38000
16890,29,251,47,1916000
16891,861,223,57,280000
16892,4356,499,37,597000
16893,2332,363,21,961000
16894,2602,131,60,59000
16895,1335,80,14,115000
16896,3249,93,91,281000
16897,1172,487,49,3312000
16898,1272,540,44,247000
16899,1693,619,79,1401000
16900,4550,754,96,434000
16901,1048,143,72,473000
16902,827,240,79,158000
16903,3354,360,23,726000
16904,3854,538,44,916000
16905,3581,685,67,695000
16906,2755,515,61,2082000
16907,466,19,94,19000
16908,4572,567,67,3948000
16909,964,370,29,1073000
16910,4058,673,79,884000
16911,2561,560,47,28000
16912,3732,755,5,69000
16913,3486,115,46,255000
16914,3934,157,74,1872000
16915,2186,78,87,350000
16916,3570,230,53,294000
16917,3950,654,6,31000
16918,1525,741,65,1603000
16919,1611,80,16,105000
16920,2797,634,65,1280000
16921,269,12,66,153000
16922,4677,281,17,718000
16923,2539,361,58,525000
16924,2565,299,62,1098000
16925,4135,328,46,249000
16926,2556,424,66,1440000
16927,4179,592,80,117000
16928,4786,705,77,1531000
16929,2456,567,93,4035000
16930,1796,415,64,246000
16931,4449,217,74,2059000
16932,2559,251,37,1785000
16933,1922,291,78,127000
16934,925,485,94,491000
16935,107,355,33,487000
16936,2653,245,61,742000
16937,2177,416,16,1093000
16938,1053,8,57,394000
16939,2473,634,83,1575000
16940,4624,550,68,126000
16941,2710,426,46,537000
16942,4105,254,45,1434000
16943,2724,550,79,157000
16944,3339,591,18,1473000
16945,3757,132,17,324000
16946,4147,466,77,790000
16947,4441,59,69,560000
16948,1113,107,25,761000
16949,38,15,71,1178000
16950,3040,248,13,61000
16951,2917,128,41,838000
16952,422,721,66,505000
16953,846,148,82,1176000
16954,3,560,39,29000
16955,3444,107,99,651000
16956,4189,636,87,528000
16957,2456,631,59,1298000
16958,951,258,91,816000
16959,1466,793,24,87000
16960,3386,683,9,1171000
16961,4037,255,21,223000
16962,437,87,42,3268000
16963,3635,87,28,2421000
16964,3535,586,76,862000
16965,1288,330,81,190000
16966,4278,796,44,900000
16967,1542,289,27,524000
16968,2054,219,94,1034000
16969,3230,508,31,1434000
16970,3041,325,35,683000
16971,4006,434,12,2099000
16972,4663,108,80,544000
16973,453,442,50,2185000
16974,3722,108,56,454000
16975,3213,233,34,4136000
16976,3892,145,81,1240000
16977,1586,287,41,757000
16978,1576,639,30,319000
16979,4214,394,45,453000
16980,4052,227,73,1738000
16981,961,424,6,1858000
16982,4110,676,53,2233000
16983,403,601,69,1693000
16984,1805,407,77,2169000
16985,1248,411,61,849000
16986,2249,121,36,751000
16987,1548,2,16,1461000
16988,3943,580,30,772000
16989,3210,122,62,271000
16990,556,681,58,784000
16991,609,593,98,259000
16992,2646,724,50,695000
16993,1007,296,52,88000
16994,158,377,29,135000
16995,1765,297,29,220000
16996,2799,631,95,1076000
16997,1999,470,29,464000
16998,2711,758,89,1155000
16999,2377,775,82,1032000
17000,398,773,20,1252000
17001,219,461,86,2333000
17002,3805,791,6,4422000
17003,885,536,51,173000
17004,4623,171,73,175000
17005,2030,412,16,374000
17006,508,789,37,1788000
17007,4841,737,58,2019000
17008,671,485,29,464000
17009,602,474,94,1849000
17010,4435,336,54,52000
17011,2176,136,54,128000
17012,4517,354,15,1565000
17013,391,655,34,1378000
17014,1469,120,99,164000
17015,4226,326,88,19000
17016,2239,201,42,814000
17017,2796,445,74,135000
17018,2593,76,43,975000
17019,2007,271,50,1078000
17020,4750,413,16,4956000
17021,4295,43,94,1172000
17022,563,536,64,169000
17023,2142,418,100,286000
17024,54,374,93,179000
17025,2159,538,18,786000
17026,3643,317,38,3331000
17027,4238,95,67,421000
17028,4122,70,46,1706000
17029,3968,657,48,1495000
17030,3383,42,85,1131000
17031,217,178,77,951000
17032,1344,697,77,2316000
17033,2303,490,37,413000
17034,1841,666,62,519000
17035,3443,92,97,1761000
17036,609,171,86,233000
17037,3149,225,85,1328000
17038,2384,334,71,554000
17039,947,48,39,3519000
17040,2466,757,66,4695000
17041,3336,786,48,165000
17042,4254,49,54,892000
17043,911,582,96,737000
17044,396,431,48,144000
17045,688,680,19,751000
17046,1145,696,64,543000
17047,2597,102,9,51000
17048,2960,748,76,459000
17049,4176,40,83,75000
17050,3044,392,94,61000
17051,4632,712,73,2747000
17052,3469,125,25,201000
17053,4034,619,66,1211000
17054,2833,430,45,1625000
17055,721,671,85,3220000
17056,91,159,28,937000
17057,1207,773,76,1140000
17058,1912,331,16,275000
17059,320,221,30,4653000
17060,1497,267,27,953000
17061,1653,343,37,1456000
17062,2214,584,100,1256000
17063,533,325,88,613000
17064,2274,784,43,2173000
17065,3943,71,63,605000
17066,1330,732,50,217000
17067,1885,120,55,120000
17068,200,249,25,193000
17069,3126,247,31,1521000
17070,4790,298,84,246000
17071,4642,488,42,653000
17072,2700,678,37,1308000
17073,2855,288,77,109000
17074,2694,427,15,52000
17075,4704,693,24,2209000
17076,3994,36,5,1592000
17077,4223,423,94,1167000
17078,4988,762,56,173000
17079,2678,607,17,255000
17080,1559,673,62,911000
17081,1933,341,98,1901000
17082,980,197,89,1189000
17083,5000,640,16,415000
17084,2372,595,92,3277000
17085,1340,373,85,1031000
17086,4785,707,79,369000
17087,162,537,11,397000
17088,4369,726,8,263000
17089,4818,200,100,1045000
17090,1766,573,74,214000
17091,2419,505,62,46000
17092,4842,654,15,43000
17093,4359,340,14,1440000
17094,1480,675,93,504000
17095,1769,699,97,454000
17096,3117,660,43,151000
17097,3055,124,26,332000
17098,2362,674,57,1962000
17099,272,368,32,68000
17100,426,107,90,755000
17101,2717,645,28,2156000
17102,933,61,94,123000
17103,1087,434,26,2791000
17104,603,286,55,219000
17105,1985,525,15,3862000
17106,63,243,14,1072000
17107,1874,378,82,435000
17108,2285,2,78,1568000
17109,2331,161,36,763000
17110,2654,32,62,914000
17111,1195,629,13,1821000
17112,304,465,6,1529000
17113,1859,584,17,1050000
17114,2386,589,81,796000
17115,1402,47,71,82000
17116,3497,691,22,972000
17117,1429,509,60,129000
17118,2429,696,57,587000
17119,854,521,30,1464000
17120,3035,727,60,171000
17121,2005,161,69,961000
17122,2193,528,70,1449000
17123,1437,386,78,153000
17124,2628,129,14,220000
17125,2319,556,28,3572000
17126,118,496,78,134000
17127,1238,87,44,3426000
17128,3503,271,88,1159000
17129,3516,661,8,2906000
17130,3573,255,92,268000
17131,3912,159,55,929000
17132,2049,493,42,3112000
17133,169,398,9,1333000
17134,2821,426,81,439000
17135,878,322,12,603000
17136,4590,789,35,1678000
17137,2373,499,90,824000
17138,1083,641,97,1021000
17139,860,476,24,154000
17140,1933,609,84,589000
17141,2723,244,16,143000
17142,1670,475,70,97000
17143,1292,73,55,3219000
17144,259,106,11,1748000
17145,4525,206,74,194000
17146,4030,687,80,1590000
17147,561,320,61,2127000
17148,210,207,49,1394000
17149,4277,632,65,98000
17150,801,636,35,461000
17151,2765,211,45,123000
17152,2414,92,78,1686000
17153,638,414,65,265000
17154,1272,316,60,79000
17155,467,36,43,1525000
17156,2679,745,46,631000
17157,4290,129,21,248000
17158,4484,428,25,991000
17159,4136,94,6,824000
17160,4632,668,20,1723000
17161,2276,409,31,638000
17162,2930,457,54,1407000
17163,3714,528,29,1749000
17164,21,202,60,81000
17165,1791,640,73,463000
17166,4099,96,9,95000
17167,582,501,12,2090000
17168,4967,601,56,1227000
17169,4942,174,68,674000
17170,60,682,66,276000
17171,2214,17,84,2493000
17172,3795,441,94,1297000
17173,4506,735,28,199000
17174,2415,716,98,996000
17175,2997,563,90,495000
17176,4473,676,18,2479000
17177,3998,704,64,179000
17178,785,625,7,277000
17179,1670,619,85,1482000
17180,2680,16,46,547000
17181,4123,784,30,2169000
17182,458,396,86,102000
17183,401,422,83,230000
17184,4298,661,27,4147000
17185,1000,356,60,199000
17186,1024,81,74,4010000
17187,1603,792,24,2676000
17188,4766,416,69,1127000
17189,245,476,44,157000
17190,4309,361,80,406000
17191,3359,364,10,195000
17192,2043,772,13,364000
17193,3952,155,98,1369000
17194,1625,9,48,141000
17195,3998,31,94,2125000
17196,1136,339,90,2080000
17197,3537,629,21,1812000
17198,4247,420,52,2120000
17199,3826,693,15,1935000
17200,3372,42,6,775000
17201,3820,115,13,208000
17202,4695,496,56,136000
17203,4010,680,8,1047000
17204,2749,384,27,1071000
17205,1852,273,17,1052000
17206,4695,255,42,199000
17207,2150,225,66,1238000
17208,1173,337,55,2071000
17209,2259,697,78,2707000
17210,3044,567,29,4278000
17211,3308,382,78,342000
17212,2906,356,83,155000
17213,2853,186,81,51000
17214,2588,561,81,711000
17215,4058,167,47,39000
17216,2935,319,95,352000
17217,826,555,80,1105000
17218,4930,677,19,4280000
17219,551,290,14,129000
17220,4848,777,45,918000
17221,4673,26,22,89000
17222,3311,362,66,3343000
17223,1904,545,21,1145000
17224,721,292,100,95000
17225,2805,50,57,1371000
17226,140,770,41,358000
17227,2872,636,44,393000
17228,2209,120,70,130000
17229,206,257,60,45000
17230,1707,258,32,585000
17231,3840,753,16,403000
17232,4562,404,99,3880000
17233,3449,151,27,1036000
17234,3665,277,93,503000
17235,4267,783,99,446000
17236,379,246,48,4081000
17237,1561,111,19,2012000
17238,1128,379,98,102000
17239,3755,525,36,2662000
17240,1858,162,38,4584000
17241,2847,73,78,2908000
17242,1070,368,49,80000
17243,2971,508,31,1571000
17244,1365,773,52,1197000
17245,4629,79,46,3378000
17246,2818,440,95,244000
17247,1688,404,9,3813000
17248,55,264,46,853000
17249,2116,733,66,1579000
17250,1022,558,76,353000
17251,3982,76,18,1093000
17252,3256,751,63,227000
17253,3453,712,83,2681000
17254,2053,510,80,120000
17255,871,765,24,194000
17256,4798,645,50,2162000
17257,1990,83,79,3667000
17258,1463,97,13,94000
17259,3404,430,98,1204000
17260,4201,367,65,645000
17261,1287,653,92,596000
17262,4560,779,23,938000
17263,1329,281,83,522000
17264,327,673,57,769000
17265,4545,305,83,2763000
17266,4419,14,45,1417000
17267,1640,429,70,3193000
17268,560,521,98,1760000
17269,2122,224,39,167000
17270,823,90,56,1174000
17271,4403,77,29,12000
17272,4108,270,11,768000
17273,1557,456,51,46000
17274,3853,467,29,108000
17275,2487,786,45,199000
17276,2410,181,86,136000
17277,1342,711,49,2470000
17278,2322,532,5,1445000
17279,674,49,46,717000
17280,2679,65,9,714000
17281,2551,68,19,103000
17282,2220,115,48,243000
17283,2308,323,87,1032000
17284,195,567,60,4071000
17285,2498,425,9,1553000
17286,3236,689,27,2006000
17287,1595,706,44,275000
17288,3057,155,53,1936000
17289,2753,351,43,42000
17290,4222,279,27,2929000
17291,1744,766,94,1206000
17292,3391,532,83,1354000
17293,2937,254,35,1214000
17294,4022,780,60,1219000
17295,4795,734,39,210000
17296,2469,305,88,3580000
17297,978,242,39,1228000
17298,4969,95,67,377000
17299,394,316,64,82000
17300,4628,314,76,1629000
17301,1718,112,81,2062000
17302,1830,710,43,3345000
17303,1473,43,90,1184000
17304,4471,193,37,311000
17305,2628,508,46,1228000
17306,1142,217,74,2598000
17307,592,297,55,251000
17308,1971,548,25,534000
17309,4149,80,82,108000
17310,1274,16,50,752000
17311,3406,470,18,617000
17312,4884,591,59,1614000
17313,2160,182,76,1427000
17314,4826,284,8,3300000
17315,528,67,61,1029000
17316,4099,120,90,160000
17317,4628,783,43,364000
17318,1558,29,79,994000
17319,1383,104,59,1140000
17320,2146,188,54,213000
17321,2602,568,58,2343000
17322,281,414,41,284000
17323,786,295,58,308000
17324,2707,114,74,460000
17325,2010,445,59,142000
17326,1474,336,79,47000
17327,4001,473,13,732000
17328,2053,766,72,1147000
17329,4679,494,15,4042000
17330,4758,74,85,237000
17331,2229,149,78,1911000
17332,1691,722,21,2983000
17333,3319,402,17,103000
17334,1403,613,71,199000
17335,3420,635,64,2022000
17336,605,215,34,224000
17337,31,32,15,1273000
17338,2931,28,92,1265000
17339,3666,212,59,283000
17340,1116,202,70,66000
17341,2136,753,9,369000
17342,3414,298,23,239000
17343,2354,79,55,3784000
17344,3431,772,51,275000
17345,3756,434,34,2484000
17346,4713,282,82,469000
17347,3257,408,95,2071000
17348,3546,239,67,1675000
17349,3673,456,95,48000
17350,777,706,93,291000
17351,4490,594,77,3633000
17352,3678,545,80,1313000
17353,3057,420,43,2001000
17354,293,154,37,1001000
17355,1574,490,24,370000
17356,2573,122,100,256000
17357,2213,537,41,426000
17358,2638,308,62,4335000
17359,3722,554,83,544000
17360,2096,477,37,1155000
17361,203,104,100,913000
17362,3395,757,85,3637000
17363,1495,121,19,704000
17364,557,682,70,308000
17365,1244,360,66,794000
17366,3856,462,32,478000
17367,774,348,25,1481000
17368,4878,346,33,132000
17369,3153,342,13,951000
17370,3347,325,13,810000
17371,541,443,71,174000
17372,3117,185,51,280000
17373,3592,799,88,246000
17374,2819,142,86,504000
17375,3070,202,37,83000
17376,2975,17,9,2536000
17377,2730,490,70,422000
17378,4232,255,55,214000
17379,4004,566,76,588000
17380,4007,41,18,715000
17381,1355,61,33,120000
17382,1461,294,38,300000
17383,220,415,96,220000
17384,1961,347,13,417000
17385,1284,30,60,1142000
17386,3266,554,75,400000
17387,4266,580,55,781000
17388,3512,339,80,1729000
17389,6,344,89,575000
17390,4186,39,26,228000
17391,1522,380,100,1016000
17392,819,26,100,74000
17393,204,617,80,837000
17394,4074,357,35,275000
17395,4490,90,11,1102000
17396,4226,674,10,2247000
17397,3869,417,56,898000
17398,1568,71,99,612000
17399,1463,774,76,3671000
17400,260,724,82,726000
17401,195,477,71,905000
17402,3861,60,51,358000
17403,1845,579,51,340000
17404,2399,575,98,1361000
17405,2307,631,16,1298000
17406,323,776,12,45000
17407,604,387,57,460000
17408,3254,253,77,852000
17409,3752,307,29,325000
17410,1929,44,80,1606000
17411,2495,254,82,1327000
17412,2730,251,11,1635000
17413,4610,5,94,1090000
17414,4352,522,8,1304000
17415,3019,541,5,163000
17416,1554,294,35,404000
17417,3294,299,59,1373000
17418,2919,52,6,321000
17419,1763,133,46,1743000
17420,3943,640,19,470000
17421,3550,484,24,796000
17422,2433,475,92,122000
17423,2353,258,64,668000
17424,73,698,16,493000
17425,4605,676,94,2457000
17426,1906,204,74,373000
17427,4786,36,70,1367000
17428,2127,658,79,1435000
17429,4828,91,40,36000
17430,1062,402,77,111000
17431,332,7,82,916000
17432,4323,710,52,4082000
17433,2657,392,69,48000
17434,1143,678,67,1277000
17435,4530,799,34,221000
17436,3378,122,5,274000
17437,3738,119,65,81000
17438,2116,311,47,188000
17439,735,368,70,76000
17440,3824,44,85,1620000
17441,192,258,76,754000
17442,2780,347,74,482000
17443,2479,245,81,741000
17444,1444,303,35,1262000
17445,3213,654,53,30000
17446,4087,361,88,407000
17447,4129,211,5,176000
17448,4839,483,32,468000
17449,2979,2,93,1616000
17450,1802,179,18,528000
17451,2029,364,89,196000
17452,1156,737,77,1430000
17453,1690,713,34,264000
17454,273,232,33,1085000
17455,4947,80,28,145000
17456,3974,657,44,1953000
17457,4,788,37,661000
17458,1394,268,38,432000
17459,1468,587,53,3290000
17460,3031,767,89,555000
17461,1523,499,23,632000
17462,234,635,81,2426000
17463,56,642,53,904000
17464,4707,666,59,443000
17465,4342,131,78,72000
17466,4680,60,57,263000
17467,4898,768,10,489000
17468,3622,326,92,19000
17469,4965,360,71,730000
17470,3256,63,59,117000
17471,4815,794,70,80000
17472,35,747,40,197000
17473,983,265,68,209000
17474,3923,395,90,2396000
17475,2088,73,30,3416000
17476,2932,601,87,1279000
17477,4277,473,45,812000
17478,3054,145,14,1077000
17479,945,468,51,478000
17480,608,743,11,44000
17481,567,105,42,2316000
17482,2806,450,94,2154000
17483,719,127,70,276000
17484,582,133,35,1437000
17485,780,673,18,696000
17486,2031,560,74,31000
17487,4918,14,69,1552000
17488,2254,90,27,953000
17489,3311,379,38,117000
17490,4727,330,53,205000
17491,888,764,9,326000
17492,3360,194,87,130000
17493,2284,233,22,3944000
17494,2695,731,38,23000
17495,985,150,70,1611000
17496,2835,42,97,771000
17497,4106,424,42,1456000
17498,1192,581,46,375000
17499,3842,135,35,160000
17500,747,467,96,123000
17501,3363,418,47,261000
17502,1992,16,97,622000
17503,4535,728,41,615000
17504,3669,528,38,1646000
17505,475,213,89,804000
17506,2631,37,44,336000
17507,523,747,70,196000
17508,3724,393,100,2348000
17509,2648,36,93,1645000
17510,4512,215,91,224000
17511,3352,480,17,899000
17512,4854,234,86,3057000
17513,4965,217,31,2140000
17514,2604,158,83,62000
17515,735,149,15,1937000
17516,552,187,48,22000
17517,437,159,99,876000
17518,75,436,97,321000
17519,3731,718,82,223000
17520,1349,762,76,129000
17521,1919,267,14,932000
17522,3141,60,74,349000
17523,37,758,20,1403000
17524,4840,507,39,65000
17525,2423,738,78,1743000
17526,3624,298,85,303000
17527,831,250,53,195000
17528,242,382,96,350000
17529,2001,623,38,767000
17530,3320,725,12,41000
17531,802,640,85,451000
17532,4637,649,7,948000
17533,4074,334,21,429000
17534,1805,717,76,544000
17535,3179,127,40,368000
17536,312,456,36,42000
17537,3713,722,35,2888000
17538,4130,67,29,1191000
17539,3270,146,44,245000
17540,1885,82,85,102000
17541,2028,719,68,723000
17542,3893,93,48,296000
17543,2419,340,58,1697000
17544,1588,457,32,1547000
17545,3143,210,82,464000
17546,477,785,99,2497000
17547,2601,578,11,92000
17548,3352,458,42,478000
17549,3501,427,5,57000
17550,3783,602,82,2041000
17551,4083,487,80,3909000
17552,4278,407,22,1565000
17553,923,116,22,4045000
17554,1832,768,86,472000
17555,3192,782,64,2983000
17556,1297,125,82,296000
17557,2420,437,86,748000
17558,911,553,62,2473000
17559,620,236,6,4110000
17560,2181,245,99,665000
17561,3313,483,37,458000
17562,1797,770,10,431000
17563,3618,206,45,251000
17564,2934,364,30,216000
17565,1796,639,84,395000
17566,489,739,78,98000
17567,244,540,37,233000
17568,3138,387,11,446000
17569,731,43,66,875000
17570,2785,65,36,722000
17571,4127,643,65,88000
17572,1884,259,38,1799000
17573,3830,518,97,2903000
17574,4120,357,77,262000
17575,2802,419,97,986000
17576,3607,146,23,227000
17577,2125,504,36,1270000
17578,236,501,49,1851000
17579,4503,678,37,1091000
17580,4358,390,17,496000
17581,4332,532,16,1474000
17582,432,741,24,1529000
17583,1796,71,31,699000
17584,317,262,96,898000
17585,1917,532,60,1646000
17586,4295,734,59,246000
17587,1394,611,39,562000
17588,1018,398,38,1397000
17589,3598,125,19,257000
17590,760,21,46,209000
17591,3412,151,37,898000
17592,689,616,93,4947000
17593,1956,139,42,4036000
17594,843,743,50,46000
17595,3812,659,86,1059000
17596,2384,753,58,277000
17597,22,281,49,621000
17598,2783,312,27,1057000
17599,1718,340,79,1368000
17600,166,784,25,2937000
17601,939,641,31,902000
17602,984,507,38,68000
17603,1196,508,76,1416000
17604,1160,677,94,4346000
17605,194,597,90,1962000
17606,1281,655,75,1101000
17607,4599,443,55,168000
17608,3773,600,26,636000
17609,792,400,69,1320000
17610,471,74,61,256000
17611,3883,190,69,976000
17612,4398,743,97,54000
17613,3574,127,53,361000
17614,2288,279,56,3253000
17615,1240,367,6,612000
17616,2117,311,58,194000
17617,4340,104,6,1248000
17618,523,518,81,2044000
17619,692,94,77,560000
17620,4355,743,23,54000
17621,3302,259,70,1529000
17622,3762,231,66,1639000
17623,1210,168,7,456000
17624,1306,598,92,1079000
17625,345,434,89,2802000
17626,3626,668,14,1747000
17627,2984,257,91,48000
17628,2859,650,10,1002000
17629,4215,708,28,3805000
17630,3298,166,36,287000
17631,587,118,29,92000
17632,1910,416,11,1087000
17633,3880,662,60,303000
17634,712,755,99,70000
17635,2357,269,52,645000
17636,2108,431,64,137000
17637,1799,2,95,1502000
17638,4262,11,31,202000
17639,3394,450,41,2568000
17640,1652,114,79,468000
17641,2545,529,53,430000
17642,968,216,22,856000
17643,4656,281,52,588000
17644,865,437,68,916000
17645,2190,720,72,1480000
17646,2668,7,83,922000
17647,167,428,57,1261000
17648,4693,230,48,317000
17649,1603,729,32,1421000
17650,435,276,65,611000
17651,2321,390,84,402000
17652,834,321,33,1319000
17653,1393,366,15,662000
17654,3854,5,81,1106000
17655,3867,160,51,1506000
17656,224,514,63,3799000
17657,4692,356,73,195000
17658,4825,461,90,1694000
17659,3582,194,69,109000
17660,1083,703,90,1455000
17661,2376,643,17,102000
17662,32,632,5,95000
17663,3568,424,32,1798000
17664,762,283,13,320000
17665,1838,88,60,1735000
17666,290,391,79,65000
17667,1595,339,23,2208000
17668,37,130,48,2723000
17669,4103,665,56,650000
17670,3711,718,82,190000
17671,3826,171,24,220000
17672,1806,525,59,3417000
17673,700,711,25,1815000
17674,2698,572,92,1407000
17675,2717,283,82,403000
17676,176,64,84,1084000
17677,976,81,81,3378000
17678,2839,756,31,119000
17679,852,62,49,962000
17680,3049,631,34,1251000
17681,4171,242,40,1297000
17682,1054,793,8,96000
17683,4638,402,38,132000
17684,4317,352,46,148000
17685,1652,200,77,876000
17686,2918,276,56,636000
17687,970,9,32,178000
17688,3249,127,22,304000
17689,4752,110,58,436000
17690,1282,751,70,192000
17691,4067,329,50,35000
17692,2022,137,59,295000
17693,4481,90,80,1011000
17694,4561,67,44,994000
17695,2503,454,5,962000
17696,3493,33,47,558000
17697,4224,381,13,199000
17698,775,216,67,1031000
17699,3267,738,28,1786000
17700,1285,482,53,544000
17701,4242,88,47,1710000
17702,1963,176,25,364000
17703,4507,227,72,2204000
17704,4090,594,93,3647000
17705,1335,228,26,104000
17706,1249,685,90,812000
17707,53,530,63,198000
17708,976,310,10,4860000
17709,2549,8,94,321000
17710,1974,477,38,1145000
17711,1415,43,9,1062000
17712,4656,114,93,380000
17713,2759,607,62,325000
17714,4283,7,24,734000
17715,2393,490,33,296000
17716,2440,183,46,1285000
17717,4288,185,77,326000
17718,4614,711,14,2557000
17719,2564,625,90,285000
17720,1058,485,17,403000
17721,2202,541,87,187000
17722,669,550,42,141000
17723,2037,787,59,1168000
17724,4111,560,36,29000
17725,2077,417,25,863000
17726,3038,360,9,760000
17727,1854,201,75,773000
17728,100,93,36,251000
17729,1016,521,36,1607000
17730,4882,674,82,1821000
17731,3216,265,90,259000
17732,229,44,68,1309000
17733,690,405,86,1491000
17734,1137,282,79,422000
17735,339,364,73,194000
17736,950,616,41,4935000
17737,1393,482,64,616000
17738,3821,441,59,1334000
17739,839,370,87,948000
17740,2687,301,14,586000
17741,3895,639,66,361000
17742,3388,635,17,2885000
17743,1419,58,47,3562000
17744,630,417,53,956000
17745,2124,421,29,571000
17746,2910,292,29,84000
17747,4339,381,5,143000
17748,250,290,41,139000
17749,3716,90,40,1169000
17750,1733,773,18,1377000
17751,2980,517,17,907000
17752,4832,196,46,106000
17753,3899,347,39,477000
17754,1401,361,89,592000
17755,2064,787,20,1415000
17756,2682,307,46,339000
17757,2546,461,35,2107000
17758,2988,341,13,1784000
17759,2057,44,86,1550000
17760,2472,348,65,1203000
17761,3321,49,57,929000
17762,969,370,31,1077000
17763,3592,213,13,593000
17764,18,476,81,151000
17765,2822,669,47,167000
17766,1037,389,80,199000
17767,3329,116,69,3416000
17768,1704,336,71,58000
17769,3621,339,31,2426000
17770,1164,264,19,756000
17771,1521,260,23,77000
17772,1452,796,94,759000
17773,715,375,35,2414000
17774,3559,595,38,3043000
17775,4456,630,5,2885000
17776,146,43,14,916000
17777,3119,730,52,64000
17778,1618,721,61,471000
17779,3132,499,26,784000
17780,1972,531,8,3102000
17781,2758,575,29,1433000
17782,3411,474,24,2225000
17783,4904,226,12,1228000
17784,3100,491,49,111000
17785,720,120,44,129000
17786,201,671,48,4482000
17787,2814,720,45,1486000
17788,1162,301,75,671000
17789,3032,666,72,581000
17790,2906,12,77,214000
17791,3821,336,93,63000
17792,3474,793,46,90000
17793,361,473,7,573000
17794,3762,486,97,1646000
17795,4876,618,75,1304000
17796,4931,526,65,68000
17797,4432,350,11,115000
17798,4407,64,38,877000
17799,3451,686,69,605000
17800,1285,632,27,96000
17801,2032,778,29,2980000
17802,1537,744,54,59000
17803,4657,301,45,638000
17804,1826,610,77,3426000
17805,1844,778,32,4184000
17806,685,183,9,1143000
17807,1560,325,79,712000
17808,4641,430,78,1444000
17809,3928,502,8,446000
17810,1537,327,31,643000
17811,2622,736,23,468000
17812,2690,601,43,1553000
17813,4939,444,91,46000
17814,2929,619,87,1592000
17815,369,601,96,1403000
17816,3470,34,80,135000
17817,2241,573,73,280000
17818,91,339,91,2010000
17819,2624,623,99,911000
17820,407,607,76,276000
17821,4070,497,75,1894000
17822,3273,330,58,208000
17823,1404,755,86,74000
17824,4636,415,24,237000
17825,2828,642,8,901000
17826,3568,169,98,138000
17827,4865,94,24,713000
17828,2072,110,11,361000
17829,3489,338,74,577000
17830,2051,61,96,94000
17831,1162,50,6,1585000
17832,1314,510,68,152000
17833,4745,197,94,1649000
17834,1718,709,11,2489000
17835,1050,564,20,119000
17836,1271,293,17,266000
17837,4957,707,43,393000
17838,3245,781,67,353000
17839,3071,781,68,352000
17840,4756,380,41,908000
17841,1419,131,15,55000
17842,3633,736,6,417000
17843,2364,612,46,415000
17844,3989,284,27,3606000
17845,2459,573,77,278000
17846,4042,400,18,1111000
17847,2205,604,75,863000
17848,600,105,100,1843000
17849,3511,756,95,89000
17850,4000,92,26,1492000
17851,3702,166,79,356000
17852,3091,373,79,1434000
17853,4049,66,18,1040000
17854,3891,492,28,245000
17855,3849,113,25,579000
17856,2776,572,62,1298000
17857,507,571,28,1031000
17858,4654,643,28,100000
17859,3089,200,75,999000
17860,698,268,90,519000
17861,1668,219,34,789000
17862,1075,35,90,128000
17863,1046,574,86,86000
17864,1919,258,94,714000
17865,1205,404,83,3017000
17866,3985,181,53,153000
17867,3517,547,48,494000
17868,3142,656,10,2492000
17869,20,301,80,598000
17870,2449,767,84,457000
17871,3961,614,85,131000
17872,3931,99,68,125000
17873,4580,672,44,1342000
17874,3395,373,32,1414000
17875,382,359,14,288000
17876,1913,28,58,1441000
17877,1161,636,67,369000
17878,1257,361,86,542000
17879,1028,390,83,403000
17880,3117,310,58,5187000
17881,2507,571,67,1320000
17882,2135,429,59,3332000
17883,3225,698,62,562000
17884,4215,601,15,1329000
17885,1645,783,26,456000
17886,1933,409,57,718000
17887,210,769,5,29000
17888,1619,322,43,539000
17889,4547,784,18,3076000
17890,1135,632,35,121000
17891,918,282,28,432000
17892,2331,7,58,809000
17893,1133,367,74,645000
17894,824,776,12,58000
17895,2971,655,67,1269000
17896,2982,506,70,119000
17897,3909,686,53,499000
17898,4044,417,98,986000
17899,3682,97,99,136000
17900,1573,468,34,451000
17901,1996,686,41,468000
17902,352,499,63,809000
17903,2768,380,7,1120000
17904,2886,398,70,1267000
17905,3516,799,37,186000
17906,3288,256,46,232000
17907,547,598,46,938000
17908,647,673,51,647000
17909,4588,95,86,412000
17910,701,67,22,1175000
17911,1997,610,66,3365000
17912,2058,794,22,96000
17913,1776,1,60,1384000
17914,2816,298,65,316000
17915,1419,707,71,358000
17916,300,528,44,1712000
17917,2412,219,42,779000
17918,3857,233,38,4150000
17919,4949,347,7,366000
17920,4,399,64,173000
17921,3232,576,38,204000
17922,4198,15,98,1656000
17923,978,159,33,693000
17924,589,294,44,306000
17925,3885,357,32,274000
17926,4170,432,51,287000
17927,419,322,42,615000
17928,4689,204,80,422000
17929,17,203,47,1848000
17930,3764,460,60,578000
17931,2348,772,21,349000
17932,4698,431,23,145000
17933,1718,349,39,3000000
17934,4309,687,89,1499000
17935,1159,281,14,697000
17936,1387,429,67,3225000
17937,430,399,35,150000
17938,3140,162,34,4334000
17939,944,246,57,3679000
17940,1813,444,24,32000
17941,2272,708,91,3019000
17942,1948,766,45,1252000
17943,564,177,22,1149000
17944,788,477,63,988000
17945,4387,229,67,258000
17946,2485,508,34,1507000
17947,4408,624,98,116000
17948,4020,680,20,795000
17949,3284,371,48,802000
17950,57,327,59,695000
17951,172,669,99,180000
17952,543,320,47,2694000
17953,1578,504,39,1044000
17954,1627,6,36,1251000
17955,932,356,43,199000
17956,2543,182,97,1523000
17957,3642,85,11,23000
17958,1610,389,52,231000
17959,1018,259,84,1725000
17960,946,283,32,408000
17961,835,383,29,1389000
17962,1956,96,43,103000
17963,2634,350,14,105000
17964,4119,9,20,145000
17965,344,239,27,2044000
17966,1629,638,17,282000
17967,4135,387,30,397000
17968,784,703,52,2089000
17969,3859,502,17,373000
17970,3982,580,20,798000
17971,2471,684,63,108000
17972,4369,402,25,126000
17973,430,83,79,4211000
17974,1345,40,49,99000
17975,4339,474,11,1974000
17976,616,498,84,151000
17977,3316,25,94,908000
17978,2242,38,61,322000
17979,212,175,84,2049000
17980,3374,375,36,2443000
17981,2863,236,78,3771000
17982,4778,285,96,2486000
17983,1629,515,97,1932000
17984,492,15,17,1527000
17985,406,670,25,681000
17986,31,550,40,144000
17987,3109,740,39,4219000
17988,806,495,22,386000
17989,1340,209,36,863000
17990,2405,138,27,24000
17991,4205,604,26,772000
17992,3443,594,69,2642000
17993,2217,498,8,188000
17994,748,45,79,133000
17995,4373,464,63,1360000
17996,2270,437,84,722000
17997,4738,664,73,141000
17998,3590,730,96,79000
17999,3260,572,5,1435000
18000,3697,3,23,1520000
18001,4329,156,43,783000
18002,2283,82,37,81000
18003,4352,231,10,1613000
18004,1319,246,20,3735000
18005,1841,286,65,163000
18006,1820,44,23,1504000
18007,1276,718,61,201000
18008,973,490,64,420000
18009,788,323,63,1113000
18010,4974,569,79,1571000
18011,4538,63,20,112000
18012,3646,457,60,1416000
18013,1803,577,15,125000
18014,154,339,30,2136000
18015,3874,47,93,85000
18016,3020,98,9,3173000
18017,2313,61,13,125000
18018,56,275,57,3814000
18019,3996,775,20,773000
18020,3150,127,60,283000
18021,2584,715,9,136000
18022,1612,467,12,113000
18023,3964,653,46,535000
18024,3688,365,92,1549000
18025,4247,433,56,320000
18026,3752,487,43,3208000
18027,1179,107,81,643000
18028,700,780,40,1223000
18029,2640,309,23,70000
18030,3762,236,85,3343000
18031,1305,707,23,356000
18032,2837,375,15,2472000
18033,2533,281,96,538000
18034,263,519,29,544000
18035,4914,650,25,746000
18036,3543,679,47,448000
18037,3079,791,10,4382000
18038,4189,166,47,287000
18039,1047,34,74,114000
18040,1094,792,6,2649000
18041,2147,524,75,707000
18042,2914,330,94,201000
18043,1409,781,23,278000
18044,1712,397,63,2047000
18045,2751,749,34,458000
18046,4106,731,53,22000
18047,3298,276,92,516000
18048,4563,355,63,421000
18049,310,629,29,2259000
18050,615,554,57,440000
18051,2981,590,92,310000
18052,1094,268,25,518000
18053,2695,17,93,2437000
18054,787,496,93,138000
18055,877,790,20,315000
18056,4090,113,78,771000
18057,4524,284,16,4068000
18058,3500,200,27,874000
18059,3037,650,23,956000
18060,1551,121,60,925000
18061,3410,159,8,919000
18062,2050,221,44,4479000
18063,4279,93,79,253000
18064,4538,44,62,1474000
18065,2442,406,43,429000
18066,2058,181,84,128000
18067,4139,246,9,3514000
18068,676,321,72,1427000
18069,1610,106,19,2201000
18070,2903,85,6,20000
18071,341,340,21,1274000
18072,1026,243,48,1054000
18073,2543,385,10,2995000
18074,230,28,61,1436000
18075,2373,596,23,316000
18076,4473,640,14,368000
18077,1113,472,97,116000
18078,1630,9,97,156000
18079,2048,135,97,169000
18080,2409,254,87,1535000
18081,3705,387,51,478000
18082,918,147,5,2303000
18083,4650,702,23,1653000
18084,2451,450,85,2809000
18085,585,244,51,135000
18086,1374,361,48,548000
18087,2931,717,36,727000
18088,1378,160,7,1573000
18089,541,712,11,2760000
18090,3455,7,27,693000
18091,4565,551,83,34000
18092,1091,48,82,3926000
18093,230,86,69,1656000
18094,3453,406,59,391000
18095,4942,731,42,26000
18096,937,155,48,1795000
18097,2359,611,95,421000
18098,3904,498,49,179000
18099,1939,521,39,1917000
18100,1114,723,40,23000
18101,3017,718,84,175000
18102,4564,341,87,1948000
18103,2977,645,35,1815000
18104,1314,393,50,2230000
18105,275,1,89,987000
18106,3479,110,73,473000
18107,961,724,48,979000
18108,4503,28,87,1085000
18109,3857,58,72,3272000
18110,348,760,28,1070000
18111,3510,136,92,102000
18112,2253,246,9,4240000
18113,212,777,13,1093000
18114,2954,585,56,1394000
18115,473,539,32,1422000
18116,1192,179,92,423000
18117,3766,544,5,610000
18118,1569,29,68,1355000
18119,2294,628,72,1295000
18120,2770,172,45,528000
18121,4331,287,19,801000
18122,1417,164,99,829000
18123,2637,567,61,4387000
18124,3726,303,49,1294000
18125,387,499,73,701000
18126,1704,746,11,1535000
18127,3504,443,78,152000
18128,2714,738,58,1465000
18129,3715,490,97,359000
18130,3139,198,51,576000
18131,1778,509,92,114000
18132,1896,419,29,930000
18133,4066,310,11,4061000
18134,1989,452,42,211000
18135,2622,779,73,798000
18136,1497,596,84,298000
18137,3082,81,92,3966000
18138,4708,687,99,1804000
18139,4262,669,74,214000
18140,332,424,75,1491000
18141,15,443,96,151000
18142,929,369,6,483000
18143,1247,606,32,3993000
18144,2844,672,91,1151000
18145,2585,787,64,1235000
18146,1631,148,44,1550000
18147,2604,413,68,4997000
18148,3356,4,37,2910000
18149,3215,64,34,894000
18150,4942,775,62,1113000
18151,4534,603,77,253000
18152,1639,419,90,1137000
18153,4419,426,30,561000
18154,2508,84,50,735000
18155,1366,698,56,554000
18156,844,557,22,267000
18157,4402,382,91,369000
18158,1642,423,77,1070000
18159,2206,481,48,1731000
18160,2386,151,95,1161000
18161,1860,74,44,275000
18162,946,558,99,398000
18163,2765,543,22,1116000
18164,458,144,77,1269000
18165,1234,61,17,119000
18166,4837,154,76,923000
18167,4030,601,55,1422000
18168,2341,35,39,126000
18169,2147,670,40,583000
18170,2420,741,73,1662000
18171,3437,736,9,511000
18172,866,304,60,113000
18173,1660,718,20,228000
18174,4992,158,65,67000
18175,1855,1,99,1286000
18176,4448,743,85,42000
18177,731,573,40,261000
18178,1282,295,46,423000
18179,2529,519,79,403000
18180,3258,663,43,452000
18181,1421,40,95,92000
18182,1101,107,79,784000
18183,2660,634,93,1244000
18184,3238,300,40,342000
18185,1,32,76,967000
18186,3751,522,28,942000
18187,1690,784,56,2694000
18188,4526,656,39,2575000
18189,955,600,51,675000
18190,4338,527,84,820000
18191,1331,31,87,2139000
18192,4339,615,71,44000
18193,2595,580,74,796000
18194,299,646,79,2473000
18195,4126,555,40,1053000
18196,1119,659,76,830000
18197,2277,262,37,1130000
18198,2904,560,42,24000
18199,2120,424,49,1685000
18200,4765,639,78,360000
18201,2012,754,6,353000
18202,2616,474,63,2140000
18203,4598,458,74,450000
18204,172,637,21,633000
18205,4959,139,47,4007000
18206,3425,366,35,639000
18207,4226,575,28,1392000
18208,2525,345,17,1486000
18209,713,673,11,788000
18210,223,283,41,433000
18211,4963,576,49,175000
18212,2224,686,44,477000
18213,1666,395,41,2226000
18214,4840,300,18,350000
18215,3939,22,16,292000
18216,2327,466,70,552000
18217,4000,610,46,3677000
18218,5,761,39,357000
18219,1878,432,39,406000
18220,4140,126,90,734000
18221,4177,599,46,2281000
18222,3639,426,11,533000
18223,2717,667,44,96000
18224,4749,139,99,5308000
18225,3540,278,20,1692000
18226,3932,31,16,1638000
18227,764,132,67,389000
18228,2798,571,6,1030000
18229,2590,680,64,748000
18230,439,488,92,600000
18231,1138,88,9,1345000
18232,4916,202,77,94000
18233,3150,565,25,317000
18234,4472,138,91,22000
18235,4776,448,58,74000
18236,3376,710,63,4260000
18237,2097,732,97,240000
18238,3425,706,19,280000
18239,880,117,57,328000
18240,2004,167,62,41000
18241,3062,760,58,1092000
18242,443,413,40,3779000
18243,2366,441,9,984000
18244,4712,447,68,1485000
18245,467,720,46,1501000
18246,4800,164,96,791000
18247,3548,449,73,123000
18248,375,87,20,2629000
18249,4836,591,74,1250000
18250,2900,622,75,490000
18251,3629,74,38,268000
18252,2219,734,37,253000
18253,1639,20,38,805000
18254,61,42,44,1016000
18255,1725,197,92,1128000
18256,3500,727,91,131000
18257,2594,524,39,877000
18258,339,791,59,4330000
18259,3645,700,44,161000
18260,2230,480,99,1226000
18261,1232,50,33,1728000
18262,3280,334,32,490000
18263,1274,665,39,728000
18264,3594,190,48,1217000
18265,2458,196,76,96000
18266,4844,686,86,637000
18267,192,195,64,740000
18268,3915,430,22,1411000
18269,2412,670,59,616000
18270,2729,541,87,233000
18271,1556,690,72,297000
18272,628,78,15,273000
18273,4317,589,69,850000
18274,1038,480,77,984000
18275,1016,667,37,127000
18276,2102,732,7,204000
18277,2491,104,55,870000
18278,2951,353,53,620000
18279,2348,143,28,514000
18280,3586,701,50,2340000
18281,4750,232,35,1092000
18282,1319,373,62,1395000
18283,1791,763,31,114000
18284,3557,351,62,39000
18285,704,475,37,130000
18286,1281,211,25,156000
18287,4253,194,82,138000
18288,4645,357,91,326000
18289,4389,102,85,56000
18290,1614,354,37,1678000
18291,3491,514,58,3256000
18292,4786,279,72,3715000
18293,3323,675,25,573000
18294,2520,700,76,124000
18295,2729,27,28,504000
18296,4545,677,36,4356000
18297,347,595,56,3567000
18298,4705,410,6,1722000
18299,3661,542,23,993000
18300,3935,683,85,1025000
18301,1621,606,87,4228000
18302,1931,749,78,495000
18303,2695,280,10,433000
18304,4775,11,88,258000
18305,1154,716,77,1127000
18306,3833,100,31,591000
18307,4040,355,15,423000
18308,1918,88,59,1335000
18309,4475,251,44,2048000
18310,1812,329,7,31000
18311,4297,31,49,1830000
18312,1004,237,78,3902000
18313,2813,413,40,4171000
18314,1039,313,36,85000
18315,247,14,21,1307000
18316,3126,550,9,134000
18317,4731,188,43,197000
18318,2292,642,47,1014000
18319,1737,753,5,309000
18320,4919,226,63,1189000
18321,4556,795,67,889000
18322,1549,670,72,663000
18323,3331,357,41,285000
18324,2519,490,31,407000
18325,3700,126,16,757000
18326,4547,318,12,408000
18327,3025,376,23,1160000
18328,2352,263,90,958000
18329,3833,627,39,441000
18330,3982,377,50,101000
18331,4992,461,67,1815000
18332,4833,404,66,3495000
18333,2355,495,35,362000
18334,3586,645,49,1949000
18335,35,535,14,364000
18336,1986,551,7,36000
18337,4913,97,38,137000
18338,3935,238,22,538000
18339,106,73,16,2627000
18340,4581,151,12,1229000
18341,2121,522,78,1322000
18342,2675,272,81,147000
18343,3815,47,13,79000
18344,2904,360,21,864000
18345,3692,561,15,777000
18346,1251,85,84,22000
18347,1124,65,73,883000
18348,1697,795,32,1041000
18349,3730,587,52,3479000
18350,1264,333,98,1322000
18351,4885,57,87,401000
18352,3374,544,28,647000
18353,1365,657,33,1732000
18354,1383,614,61,141000
18355,4553,514,46,3754000
18356,4360,418,37,298000
18357,1853,603,41,270000
18358,4585,477,8,972000
18359,3980,765,80,202000
18360,3489,86,85,1477000
18361,87,366,63,626000
18362,4636,772,21,275000
18363,4184,575,27,1561000
18364,771,652,94,891000
18365,2185,165,33,945000
18366,2705,381,89,152000
18367,641,697,66,2288000
18368,4708,539,96,1557000
18369,4508,782,88,3430000
18370,1349,474,98,1767000
18371,601,148,68,1458000
18372,762,104,100,991000
18373,4520,543,29,1012000
18374,2014,760,44,1127000
18375,343,555,85,1230000
18376,3808,146,40,291000
18377,1057,336,97,63000
18378,2406,247,70,1313000
18379,857,459,37,144000
18380,50,688,78,805000
18381,1472,725,89,33000
18382,4048,18,89,936000
18383,2257,252,26,405000
18384,3517,5,17,1193000
18385,2286,420,73,2141000
18386,1524,247,54,1243000
18387,2767,706,23,343000
18388,2203,156,94,675000
18389,965,362,92,3947000
18390,4879,199,37,96000
18391,314,133,13,1508000
18392,1049,520,11,1433000
18393,4010,526,100,81000
18394,2290,8,28,349000
18395,2713,620,88,1723000
18396,3563,550,42,168000
18397,3445,132,65,352000
18398,2276,664,79,139000
18399,3397,696,39,621000
18400,1584,262,69,930000
18401,1640,177,67,1150000
18402,3162,161,24,1003000
18403,3814,235,61,575000
18404,4964,265,85,194000
18405,986,512,77,48000
18406,2169,1,89,1449000
18407,4051,758,94,1623000
18408,801,372,24,310000
18409,4800,63,51,106000
18410,241,484,74,814000
18411,3807,25,19,1103000
18412,3519,786,18,195000
18413,3910,7,34,675000
18414,3803,57,21,482000
18415,1012,476,44,189000
18416,4306,777,66,1082000
18417,2646,749,51,405000
18418,3055,253,7,825000
18419,1894,714,87,1524000
18420,436,164,60,848000
18421,1133,212,5,244000
18422,251,47,40,61000
18423,4574,670,23,518000
18424,2269,502,57,508000
18425,1375,179,65,419000
18426,4191,612,72,399000
18427,892,2,24,1475000
18428,3844,690,33,404000
18429,4224,524,57,704000
18430,1780,579,32,350000
18431,4657,792,22,2680000
18432,3590,49,81,719000
18433,4492,530,7,189000
18434,1748,1,16,1379000
18435,4240,277,14,449000
18436,2744,763,94,116000
18437,1433,771,23,226000
18438,4219,351,36,54000
18439,1985,403,64,142000
18440,3038,519,10,502000
18441,3638,624,95,111000
18442,4789,87,89,2838000
18443,1010,67,88,1260000
18444,1739,131,82,60000
18445,4853,724,98,731000
18446,740,378,38,514000
18447,3494,731,19,19000
18448,3339,682,14,258000
18449,732,419,93,1044000
18450,2359,691,8,1114000
18451,1704,507,48,54000
18452,1452,485,69,536000
18453,1129,295,23,324000
18454,578,362,63,3050000
18455,2515,768,62,592000
18456,1195,765,31,219000
18457,2780,67,20,853000
18458,2630,125,24,264000
18459,4994,762,99,119000
18460,1973,32,78,1041000
18461,654,351,40,47000
18462,1898,733,32,1385000
18463,4911,510,48,128000
18464,4737,580,50,709000
18465,2740,649,41,1193000
18466,1261,91,83,45000
18467,4127,311,92,147000
18468,2708,497,65,1506000
18469,3179,110,93,383000
18470,1861,412,93,359000
18471,4199,138,10,25000
18472,1977,704,8,188000
18473,1926,90,100,990000
18474,1967,134,8,206000
18475,556,564,9,124000
18476,2293,562,100,51000
18477,1006,18,43,650000
18478,3201,649,41,869000
18479,953,125,51,216000
18480,4098,375,64,2351000
18481,350,736,84,426000
18482,7,274,75,459000
18483,1380,690,88,374000
18484,603,692,6,547000
18485,1480,555,13,1283000
18486,2120,502,31,464000
18487,2793,426,28,502000
18488,2193,83,44,3466000
18489,1695,700,7,121000
18490,595,345,94,1590000
18491,4461,643,100,123000
18492,728,473,96,612000
18493,2078,461,40,1960000
18494,2727,319,97,397000
18495,2567,584,31,1074000
18496,3232,753,66,280000
18497,3111,734,78,236000
18498,1494,215,14,224000
18499,2215,114,53,355000
18500,2555,219,28,1052000
18501,1416,248,45,59000
18502,261,472,28,127000
18503,2529,605,45,1564000
18504,71,363,84,992000
18505,3353,404,76,3441000
18506,4112,47,49,78000
18507,3641,571,93,1356000
18508,2272,421,7,666000
18509,3060,348,99,1299000
18510,3015,268,87,578000
18511,839,467,46,94000
18512,3968,723,69,21000
18513,1274,298,42,315000
18514,1347,104,82,1242000
18515,4178,530,83,209000
18516,2809,721,5,402000
18517,139,191,87,1152000
18518,1178,296,40,61000
18519,2027,750,71,4787000
18520,2968,255,5,230000
18521,104,440,64,252000
18522,3781,446,98,1019000
18523,3295,438,57,280000
18524,4474,275,91,4191000
18525,2702,553,12,2161000
18526,904,502,41,419000
18527,4801,777,28,1130000
18528,2296,575,26,1497000
18529,3241,391,94,76000
18530,3414,297,30,220000
18531,2670,366,10,470000
18532,1568,45,8,158000
18533,3291,339,96,2255000
18534,3971,781,80,380000
18535,2612,420,66,1939000
18536,633,185,59,372000
18537,4427,699,76,394000
18538,1913,322,96,637000
18539,1703,670,67,521000
18540,1845,463,11,2233000
18541,4805,27,20,391000
18542,2180,207,20,1535000
18543,3522,409,61,648000
18544,125,406,69,464000
18545,4631,107,47,812000
18546,3104,455,84,95000
18547,3353,24,94,340000
18548,4421,434,78,2038000
18549,3355,55,48,89000
18550,1047,680,95,792000
18551,2750,622,74,517000
18552,4952,678,63,943000
18553,3652,76,27,1041000
18554,365,591,22,1341000
18555,1840,505,73,58000
18556,4990,185,42,416000
18557,1843,253,27,712000
18558,4893,668,77,1558000
18559,3594,348,55,1099000
18560,502,108,76,469000
18561,2340,86,59,1853000
18562,4084,488,8,579000
18563,1268,6,49,1218000
18564,3822,114,74,517000
18565,3592,74,52,217000
18566,1175,71,94,698000
18567,3273,95,54,352000
18568,591,89,65,1468000
18569,2609,703,47,2134000
18570,2052,504,89,1097000
18571,512,249,63,231000
18572,351,27,24,417000
18573,177,581,60,313000
18574,1366,203,92,1457000
18575,755,407,58,1671000
18576,2978,749,53,495000
18577,531,608,100,47000
18578,3112,764,56,246000
18579,2766,20,16,1034000
18580,3506,291,43,131000
18581,3218,263,48,796000
18582,2585,409,53,709000
18583,3420,386,72,180000
18584,2028,334,37,522000
18585,3678,785,6,2998000
18586,1199,640,80,356000
18587,3444,91,46,43000
18588,4282,546,66,1655000
18589,3786,649,67,1162000
18590,3226,334,98,455000
18591,2465,41,7,776000
18592,516,755,51,85000
18593,2877,652,21,871000
18594,2271,90,40,946000
18595,1998,191,41,1025000
18596,3836,208,76,2185000
18597,3274,708,16,3180000
18598,4670,766,69,1349000
18599,2985,84,88,627000
18600,3802,529,61,298000
18601,875,555,47,1273000
18602,547,221,17,3477000
18603,561,466,85,706000
18604,4533,306,43,783000
18605,2759,52,86,280000
18606,875,224,29,130000
18607,2901,787,79,1107000
18608,1756,790,39,304000
18609,938,713,33,296000
18610,2875,46,13,975000
18611,635,139,38,5319000
18612,3316,747,59,178000
18613,893,771,96,224000
18614,2056,148,43,1208000
18615,795,138,16,24000
18616,4371,478,64,486000
18617,4595,424,22,1784000
18618,4603,294,100,411000
18619,2535,268,49,438000
18620,574,365,66,1827000
18621,3229,266,67,950000
18622,4065,562,13,58000
18623,108,727,15,137000
18624,686,691,47,1128000
18625,1394,653,93,586000
18626,1142,205,97,3918000
18627,569,714,42,1195000
18628,2852,121,37,745000
18629,3823,88,27,1860000
18630,3468,570,53,696000
18631,2265,509,80,126000
18632,3828,352,10,120000
18633,2800,159,21,651000
18634,3377,367,59,548000
18635,3156,675,44,502000
18636,2634,713,33,343000
18637,4121,451,10,22000
18638,3616,419,11,976000
18639,3302,480,42,919000
18640,1369,655,83,1392000
18641,4515,655,94,1274000
18642,2516,392,23,43000
18643,2763,174,47,753000
18644,3332,788,44,888000
18645,2109,253,21,932000
18646,3581,425,44,2001000
18647,672,471,22,90000
18648,4071,500,64,45000
18649,1335,140,59,3351000
18650,4317,127,5,364000
18651,3795,607,84,281000
18652,3691,701,51,2228000
18653,2422,604,64,858000
18654,1448,35,82,120000
18655,3479,64,66,881000
18656,4478,659,56,842000
18657,3810,508,53,1269000
18658,476,106,39,2088000
18659,3072,258,50,623000
18660,3863,574,77,96000
18661,500,101,61,248000
18662,2461,322,9,557000
18663,656,106,99,2346000
18664,1149,134,65,209000
18665,1903,305,66,3875000
18666,1642,111,74,2705000
18667,1907,553,97,1866000
18668,2019,373,84,1274000
18669,1462,418,28,264000
18670,1142,704,90,215000
18671,4386,325,91,778000
18672,1591,169,96,135000
18673,1156,253,82,906000
18674,491,85,56,25000
18675,3774,45,82,122000
18676,2653,186,10,58000
18677,3682,644,33,47000
18678,933,338,86,492000
18679,2921,799,58,250000
18680,3780,531,51,3607000
18681,2227,254,53,1250000
18682,343,598,51,812000
18683,4660,336,47,44000
18684,1290,601,47,1632000
18685,267,557,56,284000
18686,790,278,9,1955000
18687,1955,51,84,121000
18688,4507,2,11,1635000
18689,3688,88,77,1656000
18690,1508,420,19,2392000
18691,461,263,59,1048000
18692,2247,1,33,1394000
18693,1030,669,72,217000
18694,826,458,54,545000
18695,4215,41,90,929000
18696,3415,433,21,314000
18697,2811,147,62,1786000
18698,4843,503,92,179000
18699,1385,490,6,333000
18700,4117,661,36,4232000
18701,955,389,75,166000
18702,3087,302,68,559000
18703,4150,209,88,1101000
18704,4735,92,100,1770000
18705,3831,151,86,1028000
18706,1472,295,75,403000
18707,3532,293,15,253000
18708,1942,105,8,2344000
18709,3601,674,66,1629000
18710,2604,105,5,1836000
18711,60,683,27,1377000
18712,1914,190,97,1060000
18713,4726,651,64,962000
18714,1600,752,31,279000
18715,1856,687,83,1599000
18716,36,48,46,4422000
18717,1028,618,50,1201000
18718,3585,211,89,171000
18719,2478,130,25,2549000
18720,246,401,47,46000
18721,2165,187,33,29000
18722,4200,326,28,20000
18723,2018,541,49,167000
18724,2310,587,71,2862000
18725,2383,188,74,221000
18726,4768,191,87,938000
18727,2962,624,19,125000
18728,4907,255,47,211000
18729,206,632,63,119000
18730,4835,40,60,73000
18731,4451,201,64,594000
18732,3043,131,45,58000
18733,433,255,44,187000
18734,442,36,40,1389000
18735,4076,325,21,863000
18736,1068,740,32,4547000
18737,3534,788,73,895000
18738,3000,102,57,57000
18739,1235,770,88,385000
18740,2540,147,58,1841000
18741,1319,629,69,2314000
18742,3472,376,87,1177000
18743,1247,374,88,188000
18744,4651,773,32,1217000
18745,4511,680,55,1016000
18746,2169,476,60,202000
18747,1788,181,100,106000
18748,1295,626,77,1016000
18749,2240,412,40,334000
18750,3619,130,12,3036000
18751,3599,57,38,419000
18752,2030,227,48,1712000
18753,4073,97,33,138000
18754,2033,226,76,1656000
18755,1987,581,73,287000
18756,3836,143,45,362000
18757,2798,206,82,213000
18758,2632,159,29,823000
18759,4416,733,50,1737000
18760,2242,22,57,363000
18761,337,41,68,661000
18762,3021,557,81,270000
18763,14,511,64,377000
18764,2065,189,42,1880000
18765,2475,486,73,1368000
18766,3013,92,15,1506000
18767,3967,702,24,1673000
18768,1374,2,58,1626000
18769,1158,259,41,1628000
18770,917,585,57,1243000
18771,3352,62,86,854000
18772,4389,152,20,570000
18773,3854,322,22,534000
18774,754,365,27,1788000
18775,4634,484,54,1040000
18776,4360,501,89,1722000
18777,4321,307,42,277000
18778,1824,748,13,593000
18779,27,525,52,2798000
18780,3529,155,78,1592000
18781,4544,760,49,1125000
18782,4359,321,51,1155000
18783,738,448,27,68000
18784,1280,34,69,109000
18785,1653,73,36,2586000
18786,4268,585,42,1212000
18787,367,604,12,972000
18788,298,572,68,1326000
18789,746,66,37,1311000
18790,1962,576,6,177000
18791,702,728,87,592000
18792,3177,535,19,388000
18793,2307,253,45,976000
18794,4662,190,81,1076000
18795,4130,760,91,980000
18796,4687,500,28,37000
18797,2421,349,54,3301000
18798,4612,27,78,535000
18799,1566,55,89,62000
18800,3233,677,40,4875000
18801,4883,531,83,2885000
18802,2486,29,25,1031000
18803,1866,6,77,1073000
18804,645,746,30,1768000
18805,3065,440,21,286000
18806,4106,52,92,353000
18807,2865,426,55,545000
18808,1626,134,48,263000
18809,1727,445,76,149000
18810,717,691,98,1238000
18811,72,503,16,171000
18812,3764,431,61,153000
18813,3392,684,21,102000
18814,3129,357,66,281000
18815,2008,302,8,425000
18816,4046,445,86,142000
18817,3354,539,5,1447000
18818,667,224,95,125000
18819,4057,231,71,1848000
18820,1374,602,72,1491000
18821,4513,693,42,1868000
18822,4490,107,9,864000
18823,4000,59,36,412000
18824,3604,726,46,272000
18825,589,515,77,1705000
18826,1363,699,57,425000
18827,2966,102,15,61000
18828,1199,677,48,3848000
18829,3997,605,34,1211000
18830,2991,137,53,298000
18831,1332,116,46,4309000
18832,2367,738,71,1884000
18833,4497,487,28,3193000
18834,4710,480,54,1144000
18835,289,659,15,1081000
18836,4633,114,97,473000
18837,3679,654,96,40000
18838,841,661,36,3036000
18839,2156,580,69,933000
18840,2799,414,58,292000
18841,4965,337,24,2309000
18842,1811,290,49,157000
18843,860,138,73,26000
18844,4405,257,96,52000
18845,1352,462,12,374000
18846,480,364,69,151000
18847,1780,232,84,1199000
18848,4404,83,100,4034000
18849,4237,181,35,114000
18850,573,799,84,262000
18851,3642,543,7,776000
18852,3694,745,87,691000
18853,693,280,64,455000
18854,2952,787,93,1415000
18855,1120,512,16,41000
18856,4059,329,95,33000
18857,2600,538,77,983000
18858,2445,666,18,509000
18859,4548,790,41,302000
18860,3842,114,95,382000
18861,1277,156,57,541000
18862,2548,764,100,233000
18863,2359,731,53,23000
18864,2779,306,85,563000
18865,2929,639,25,331000
18866,1129,702,37,1213000
18867,1351,151,57,1214000
18868,3695,356,46,136000
18869,4009,460,14,746000
18870,2592,594,83,2660000
18871,2009,105,54,1632000
18872,3789,752,76,270000
18873,1451,751,8,231000
18874,3655,546,96,1671000
18875,4015,778,17,3276000
18876,3428,586,41,835000
18877,3908,606,44,3055000
18878,2107,251,51,1628000
18879,254,173,63,1395000
18880,518,391,69,55000
18881,3661,225,50,1351000
18882,3,235,48,602000
18883,3692,544,31,698000
18884,1152,670,60,597000
18885,426,560,30,26000
18886,4975,217,90,2719000
18887,3486,750,74,4366000
18888,3781,9,89,153000
18889,4269,247,42,1547000
18890,4886,500,51,34000
18891,1932,784,100,2544000
18892,1652,135,46,145000
18893,3648,83,47,4292000
18894,2840,244,72,127000
18895,4672,19,70,17000
18896,1920,693,48,2031000
18897,3257,738,35,1525000
18898,3069,450,63,3162000
18899,3725,414,82,206000
18900,2836,140,33,4299000
18901,3748,51,20,141000
18902,3511,218,34,842000
18903,3500,170,89,335000
18904,51,385,89,3337000
18905,1853,347,54,490000
18906,2247,305,16,2865000
18907,784,770,82,453000
18908,414,326,71,23000
18909,425,408,39,1894000
18910,330,309,55,73000
18911,2283,192,42,1226000
18912,4034,394,34,436000
18913,3020,703,13,1619000
18914,170,623,59,957000
18915,3427,512,23,48000
18916,1069,51,24,157000
18917,1692,4,59,2281000
18918,2296,454,56,845000
18919,4634,56,99,990000
18920,811,259,44,1515000
18921,43,237,48,3278000
18922,3314,141,7,811000
18923,1868,666,5,545000
18924,4289,189,89,2574000
18925,2662,355,86,457000
18926,3258,738,72,1563000
18927,92,690,97,334000
18928,4058,305,96,3564000
18929,2166,281,39,541000
18930,4222,285,16,2089000
18931,246,701,9,2499000
18932,776,688,87,793000
18933,4045,708,61,3750000
18934,1776,677,46,5508000
18935,1718,270,89,904000
18936,2427,737,66,1957000
18937,1555,367,75,516000
18938,2153,548,9,501000
18939,1845,266,88,742000
18940,324,602,64,1898000
18941,1011,24,97,382000
18942,2540,367,83,551000
18943,3130,222,95,146000
18944,4876,95,62,409000
18945,2449,162,72,4623000
18946,2707,144,45,1066000
18947,3813,183,85,1064000
18948,3314,707,80,501000
18949,3993,356,57,148000
18950,2801,277,63,472000
18951,4129,446,32,1324000
18952,2894,551,73,33000
18953,1372,461,62,1769000
18954,1767,793,95,126000
18955,4655,334,90,464000
18956,4818,743,54,46000
18957,1657,710,80,4227000
18958,4086,717,23,539000
18959,2996,530,26,178000
18960,1783,366,93,456000
18961,3850,379,94,118000
18962,3441,201,5,718000
18963,4617,769,61,40000
18964,3793,241,62,972000
18965,1731,474,59,2297000
18966,2840,151,96,903000
18967,1977,453,76,747000
18968,2641,119,40,57000
18969,2756,720,19,1404000
18970,2144,544,98,526000
18971,4555,487,19,4105000
18972,1107,79,11,3027000
18973,4439,151,23,1151000
18974,160,413,75,3793000
18975,4860,351,6,44000
18976,3315,88,70,1818000
18977,3124,751,80,255000
18978,909,308,80,3834000
18979,957,206,25,233000
18980,4897,139,9,3885000
18981,488,242,42,1373000
18982,4854,413,44,5149000
18983,2459,352,75,155000
18984,319,560,18,31000
18985,647,359,64,238000
18986,2614,336,56,58000
18987,3988,8,17,437000
18988,3880,524,94,935000
18989,2610,623,30,877000
18990,3808,565,63,424000
18991,579,680,30,737000
18992,1245,731,67,22000
18993,3063,544,90,662000
18994,581,198,5,660000
18995,3162,240,23,201000
18996,4546,37,84,357000
18997,936,88,39,1321000
18998,1727,612,34,469000
18999,2821,216,94,969000
19000,3389,475,15,114000
19001,764,648,8,27000
19002,1540,450,100,2418000
19003,2967,489,40,1847000
19004,636,514,44,2936000
19005,4465,329,30,27000
19006,1635,30,35,1166000
19007,3289,368,52,62000
19008,3878,505,100,50000
19009,2728,47,22,64000
19010,2014,696,38,513000
19011,3849,680,12,1071000
19012,315,333,86,1498000
19013,4092,629,50,1907000
19014,2012,251,99,2337000
19015,4955,79,53,3599000
19016,4757,700,9,129000
19017,408,436,90,307000
19018,4127,538,22,893000
19019,4033,727,8,141000
19020,268,774,59,3923000
19021,4877,345,40,1401000
19022,1308,9,84,137000
19023,2251,541,86,234000
19024,242,106,75,1608000
19025,1442,497,99,1783000
19026,931,62,47,947000
19027,3988,785,19,2732000
19028,340,232,15,834000
19029,958,124,47,450000
19030,601,469,85,1222000
19031,2038,642,44,1169000
19032,2379,59,84,532000
19033,3146,343,58,1461000
19034,2128,393,12,1955000
19035,3696,177,84,1381000
19036,2806,476,47,167000
19037,2973,405,96,1092000
19038,821,606,72,3644000
19039,2148,597,85,2354000
19040,4875,407,66,2210000
19041,1532,238,61,592000
19042,1844,32,22,1127000
19043,3014,58,84,3497000
19044,3044,544,49,564000
19045,70,115,100,270000
19046,2425,136,78,121000
19047,4362,337,73,1699000
19048,657,577,80,151000
19049,471,275,65,3769000
19050,2615,754,26,484000
19051,4994,312,92,1042000
19052,3816,603,10,273000
19053,3580,427,6,43000
19054,1239,686,10,463000
19055,4237,610,75,3530000
19056,3392,688,90,557000
19057,4250,715,61,166000
19058,2580,470,35,474000
19059,1890,187,9,28000
19060,1777,2,35,1189000
19061,2980,615,77,58000
19062,3695,721,32,361000
19063,1404,187,93,28000
19064,2790,752,97,263000
19065,3679,349,6,2771000
19066,2668,356,21,159000
19067,2692,451,42,22000
19068,1580,276,89,486000
19069,4644,212,68,321000
19070,3027,71,62,754000
19071,4528,259,68,1820000
19072,3182,51,30,144000
19073,2215,521,49,1467000
19074,4645,535,7,444000
19075,1227,50,98,1794000
19076,363,93,59,267000
19077,1753,354,89,1495000
19078,3089,631,56,1257000
19079,3925,426,21,562000
19080,2037,364,99,174000
19081,2355,434,93,2666000
19082,4582,237,38,2999000
19083,3821,635,81,2345000
19084,234,4,64,2947000
19085,904,448,41,82000
19086,3989,304,29,130000
19087,3001,261,32,138000
19088,1720,65,38,695000
19089,977,84,30,664000
19090,2249,224,65,158000
19091,2353,759,53,306000
19092,659,92,52,1228000
19093,2430,263,50,968000
19094,4628,388,60,693000
19095,2797,106,62,1814000
19096,3634,700,28,131000
19097,2228,727,25,180000
19098,1311,443,68,156000
19099,4269,239,65,2163000
19100,1199,740,63,4431000
19101,2897,382,75,450000
19102,3522,110,50,402000
19103,3056,139,96,4202000
19104,4928,16,69,614000
19105,281,70,55,1740000
19106,1452,210,76,469000
19107,4659,343,44,1596000
19108,351,472,16,106000
19109,2475,366,99,523000
19110,1822,628,7,1617000
19111,41,353,44,556000
19112,3283,746,89,1704000
19113,4049,292,54,75000
19114,2720,282,8,561000
19115,3684,21,24,211000
19116,720,411,41,1145000
19117,4101,123,74,445000
19118,1990,626,71,954000
19119,77,567,76,3507000
19120,2232,468,71,377000
19121,2546,732,20,278000
19122,494,234,25,3857000
19123,603,619,24,1405000
19124,1255,55,81,74000
19125,226,300,23,381000
19126,3385,734,90,196000
19127,3026,40,43,71000
19128,4478,365,70,2243000
19129,2624,579,64,402000
19130,464,535,73,392000
19131,2697,98,30,2184000
19132,2680,132,57,340000
19133,4562,659,77,1201000
19134,2570,254,76,1362000
19135,4193,720,62,1432000
19136,524,477,83,1090000
19137,2978,129,88,187000
19138,3287,544,40,631000
19139,1474,79,84,3639000
19140,3375,741,15,1672000
19141,4643,691,82,1176000
19142,3046,420,65,2560000
19143,3775,190,45,963000
19144,3967,762,9,156000
19145,504,478,59,610000
19146,2986,338,39,601000
19147,2073,657,85,1615000
19148,789,28,79,1281000
19149,3765,128,33,848000
19150,2364,606,73,4109000
19151,3852,172,33,442000
19152,2598,39,8,181000
19153,4789,25,35,879000
19154,345,104,64,1172000
19155,1953,262,10,1022000
19156,3902,352,14,133000
19157,1685,318,82,359000
19158,1657,504,97,922000
19159,3189,714,68,1488000
19160,4718,658,28,1167000
19161,2689,380,51,1119000
19162,4709,646,19,2320000
19163,4175,520,83,1731000
19164,1689,165,18,967000
19165,558,32,19,1207000
19166,2642,256,100,202000
19167,4504,599,78,2718000
19168,380,449,82,110000
19169,4515,620,21,1872000
19170,597,248,82,64000
19171,887,270,24,994000
19172,176,302,100,552000
19173,4969,720,17,1522000
19174,4538,665,81,666000
19175,1481,536,23,147000
19176,3265,491,19,155000
19177,930,704,50,201000
19178,1289,380,13,773000
19179,713,214,43,924000
19180,2648,533,39,2306000
19181,4717,608,45,51000
19182,1651,641,39,865000
19183,1993,1,87,998000
19184,4657,484,41,844000
19185,3612,125,84,285000
19186,361,564,5,120000
19187,2977,316,10,69000
19188,1378,647,87,15000
19189,4795,467,78,120000
19190,3805,437,66,837000
19191,3700,18,48,914000
19192,4711,174,69,804000
19193,3036,67,54,1235000
19194,2743,575,93,1319000
19195,3773,726,98,211000
19196,4847,197,64,1573000
19197,383,84,11,737000
19198,1587,562,71,61000
19199,2205,515,37,1597000
19200,915,398,83,1117000
19201,4192,673,12,703000
19202,4303,336,15,56000
19203,4938,388,18,659000
19204,2012,746,11,1515000
19205,2181,431,5,151000
19206,1264,283,32,351000
19207,2690,707,45,521000
19208,1247,620,17,1404000
19209,3353,159,98,885000
19210,4344,298,49,269000
19211,1054,442,36,2163000
19212,2413,571,66,1435000
19213,341,149,48,1411000
19214,140,622,61,416000
19215,2072,680,8,942000
19216,2298,544,84,607000
19217,2645,291,37,114000
19218,713,636,26,508000
19219,3117,337,81,2105000
19220,3318,332,24,322000
19221,4240,771,44,219000
19222,502,175,61,2129000
19223,2278,391,81,65000
19224,476,282,80,435000
19225,4783,746,35,1665000
19226,554,368,21,60000
19227,536,514,76,2790000
19228,615,630,47,2374000
19229,1782,518,12,2837000
19230,1757,147,77,2445000
19231,1389,233,27,4277000
19232,3454,400,14,1310000
19233,2919,242,34,1268000
19234,1430,495,10,373000
19235,934,631,76,938000
19236,2927,366,48,676000
19237,1311,540,40,203000
19238,4975,400,11,1087000
19239,919,672,11,1191000
19240,1946,219,83,959000
19241,1731,734,19,283000
19242,712,676,21,2175000
19243,4050,382,27,356000
19244,3780,93,12,311000
19245,1146,540,100,227000
19246,230,617,29,740000
19247,2939,443,93,154000
19248,4477,632,95,93000
19249,1756,341,69,1765000
19250,4279,654,32,30000
19251,1770,222,88,149000
19252,2753,701,14,2636000
19253,344,659,99,1079000
19254,4672,325,30,720000
19255,647,653,95,570000
19256,3745,202,28,95000
19257,1060,184,92,74000
19258,1596,291,96,134000
19259,3638,167,98,45000
19260,644,195,24,865000
19261,3191,750,62,4459000
19262,605,503,29,157000
19263,2103,158,42,67000
19264,910,2,95,1250000
19265,1156,509,52,137000
19266,96,716,58,805000
19267,3099,339,37,2089000
19268,1900,331,21,236000
19269,2794,65,88,839000
19270,2392,455,33,110000
19271,1739,458,76,595000
19272,577,556,26,3539000
19273,2968,63,96,104000
19274,2689,148,56,1167000
19275,1715,165,28,1141000
19276,3013,391,88,53000
19277,4341,39,13,211000
19278,1630,173,92,1033000
19279,4703,134,21,232000
19280,4306,603,42,299000
19281,588,792,66,3011000
19282,3884,765,27,178000
19283,1730,732,62,213000
19284,1729,711,59,2141000
19285,838,367,42,559000
19286,1383,170,65,365000
19287,1698,110,37,363000
19288,1672,87,66,2884000
19289,3499,124,96,411000
19290,160,759,51,226000
19291,4205,111,28,2176000
19292,3744,636,35,535000
19293,489,799,95,209000
19294,1581,211,18,129000
19295,4810,420,15,1925000
19296,617,184,28,56000
19297,3073,674,39,1914000
19298,1048,681,33,899000
19299,3055,440,17,305000
19300,994,117,97,410000
19301,3176,433,35,327000
19302,1707,652,91,774000
19303,2318,786,79,215000
19304,2003,259,18,1657000
19305,2886,632,93,108000
19306,2204,598,22,1004000
19307,1526,4,35,3032000
19308,4760,233,85,4735000
19309,3139,396,24,81000
19310,653,62,58,902000
19311,1067,491,9,117000
19312,3163,76,98,949000
19313,2938,419,52,759000
19314,2937,512,50,41000
19315,3415,284,48,2843000
19316,731,782,35,3779000
19317,4496,111,29,2545000
19318,3192,781,14,317000
19319,1856,371,19,915000
19320,988,558,76,424000
19321,3751,728,8,639000
19322,4111,309,43,67000
19323,2442,628,73,1427000
19324,2232,397,9,1955000
19325,86,467,49,108000
19326,276,600,14,662000
19327,4166,65,87,823000
19328,1813,405,21,1291000
19329,2559,306,9,619000
19330,3097,530,19,174000
19331,3028,257,51,55000
19332,4748,395,15,2550000
19333,4379,116,54,3126000
19334,2881,615,79,57000
19335,4855,7,60,762000
19336,4713,583,68,3169000
19337,1373,331,21,246000
19338,3190,346,6,143000
19339,4171,596,6,280000
19340,34,501,34,1829000
19341,3723,299,24,1185000
19342,3079,713,14,290000
19343,2349,475,55,100000
19344,2668,310,75,4414000
19345,4437,6,47,1174000
19346,3872,761,54,410000
19347,3243,192,85,1372000
19348,4455,174,97,807000
19349,552,689,55,1815000
19350,1885,439,92,2095000
19351,447,392,96,56000
19352,2394,752,87,336000
19353,1413,63,9,110000
19354,4473,380,70,1092000
19355,3421,74,54,305000
19356,3055,693,31,2143000
19357,4477,44,60,1474000
19358,2173,664,20,124000
19359,752,226,45,1340000
19360,3454,345,54,1847000
19361,4874,291,66,132000
19362,1298,431,98,138000
19363,2310,259,65,1825000
19364,837,643,41,105000
19365,3812,364,59,187000
19366,1813,598,44,956000
19367,4799,219,78,848000
19368,4919,30,100,1673000
19369,2523,372,20,351000
19370,4035,219,36,1015000
19371,4288,307,61,261000
19372,1825,446,47,1105000
19373,3753,580,55,1009000
19374,873,248,51,80000
19375,119,680,46,1001000
19376,1280,755,72,84000
19377,4671,395,47,2961000
19378,892,788,51,790000
19379,1820,32,6,1217000
19380,3654,461,64,2175000
19381,1779,676,24,1728000
19382,2655,736,41,473000
19383,2667,138,16,23000
19384,2271,113,46,672000
19385,4012,320,28,2704000
19386,4918,321,9,1506000
19387,949,43,88,1101000
19388,943,430,97,1234000
19389,4733,100,68,405000
19390,4107,104,16,1152000
19391,2592,113,49,653000
19392,4698,704,17,207000
19393,4193,756,17,119000
19394,1435,214,24,876000
19395,1901,327,89,508000
19396,2410,550,97,156000
19397,3785,542,81,906000
19398,286,461,45,2097000
19399,496,278,51,1976000
19400,2566,700,36,132000
19401,2735,756,66,91000
19402,1819,693,43,2017000
19403,2141,101,11,316000
19404,4158,641,12,740000
19405,3839,10,99,3340000
19406,1773,662,99,287000
19407,889,665,50,789000
19408,4282,216,96,1086000
19409,760,778,75,2868000
19410,1439,372,95,295000
19411,1004,180,9,3604000
19412,2461,598,40,1049000
19413,1628,463,86,2896000
19414,356,733,58,1251000
19415,3130,268,52,506000
19416,3426,128,27,736000
19417,4468,359,87,244000
19418,3459,146,25,245000
19419,1494,332,79,330000
19420,1397,491,26,122000
19421,206,17,12,2320000
19422,995,43,50,1023000
19423,3743,142,16,577000
19424,1499,379,71,112000
19425,867,477,79,871000
19426,3678,285,16,1949000
19427,2524,264,56,711000
19428,4685,358,79,1292000
19429,1529,198,72,793000
19430,2618,742,39,813000
19431,2321,93,18,285000
19432,4692,245,74,628000
19433,1433,580,67,880000
19434,2431,203,83,1800000
19435,3756,166,47,344000
19436,1460,438,75,366000
19437,4489,252,37,527000
19438,120,68,33,104000
19439,2079,701,83,2256000
19440,4287,481,45,2111000
19441,2593,195,37,737000
19442,1985,234,13,3123000
19443,3945,143,65,447000
19444,2798,549,73,1881000
19445,2576,413,51,4879000
19446,1009,219,46,1010000
19447,67,703,63,1894000
19448,1743,390,11,505000
19449,436,267,23,1124000
19450,2599,75,60,2140000
19451,716,300,73,319000
19452,1740,452,63,161000
19453,3837,639,51,348000
19454,1402,175,83,2225000
19455,3182,295,71,352000
19456,338,389,31,236000
19457,2044,406,80,348000
19458,713,371,50,836000
19459,3228,350,71,86000
19460,2831,486,92,1396000
19461,3127,305,55,3492000
19462,3076,505,34,47000
19463,3390,272,72,165000
19464,2394,769,20,33000
19465,1374,580,87,946000
19466,38,370,94,1144000
19467,2768,483,56,604000
19468,1770,154,95,908000
19469,870,526,82,78000
19470,643,236,22,4123000
19471,4060,388,35,682000
19472,4192,20,51,979000
19473,2128,675,85,577000
19474,1438,78,38,254000
19475,880,445,14,145000
19476,4894,122,31,231000
19477,2617,444,92,38000
19478,1992,497,22,1856000
19479,1160,65,52,790000
19480,718,374,36,184000
19481,637,163,99,4336000
19482,4516,420,62,1895000
19483,4422,676,34,1770000
19484,558,156,65,632000
19485,4287,229,75,228000
19486,3253,306,28,763000
19487,1529,651,48,1138000
19488,2845,298,90,257000
19489,2820,14,23,1473000
19490,3908,307,94,364000
19491,2991,761,9,322000
19492,3891,792,32,3302000
19493,2033,81,60,3399000
19494,797,474,27,2612000
19495,2510,559,79,535000
19496,3655,394,21,473000
19497,1622,432,21,303000
19498,1987,673,89,714000
19499,1525,316,10,87000
19500,2518,493,83,2950000
19501,1085,107,88,619000
19502,897,689,7,2088000
19503,2325,720,82,1639000
19504,3483,674,47,1658000
19505,4288,762,78,119000
19506,4860,285,37,2756000
19507,1389,790,41,305000
19508,4442,376,32,1115000
19509,316,527,43,591000
19510,2343,550,95,159000
19511,447,366,32,676000
19512,3066,681,80,752000
19513,1338,289,84,699000
19514,1070,236,29,3305000
19515,1441,785,88,2645000
19516,1549,740,73,4888000
19517,122,144,48,1070000
19518,2312,541,95,227000
19519,1576,578,85,93000
19520,4615,541,17,173000
19521,4182,172,73,459000
19522,4827,674,73,2238000
19523,1757,325,68,809000
19524,965,254,90,1377000
19525,278,168,94,507000
19526,751,489,100,1906000
19527,4499,41,66,679000
19528,3130,389,26,182000
19529,3423,629,69,2578000
19530,4478,684,46,89000
19531,3039,459,47,186000
19532,93,450,62,2796000
19533,4175,664,51,133000
19534,2613,761,98,296000
19535,1446,130,48,2788000
19536,4232,687,81,1619000
19537,1627,501,20,2171000
19538,4242,274,72,337000
19539,4702,133,63,1237000
19540,921,342,89,1041000
19541,4220,557,90,270000
19542,2119,554,40,521000
19543,1301,321,26,1421000
19544,1286,143,71,511000
19545,1147,711,34,2356000
19546,4564,421,92,661000
19547,1439,33,93,435000
19548,4260,292,99,76000
19549,358,628,78,1566000
19550,403,310,36,4817000
19551,3610,716,71,993000
19552,2500,663,48,594000
19553,2703,42,53,952000
19554,3566,301,87,771000
19555,4058,263,92,733000
19556,1487,147,48,2263000
19557,2152,280,37,438000
19558,1664,148,89,1667000
19559,2614,318,67,464000
19560,3620,770,92,363000
19561,3366,499,82,689000
19562,4545,398,29,1206000
19563,2932,481,50,1958000
19564,2757,739,63,98000
19565,3203,667,38,140000
19566,2957,34,87,144000
19567,1483,622,89,541000
19568,1186,230,35,321000
19569,2953,340,93,1592000
19570,3651,661,24,3410000
19571,1896,509,42,146000
19572,216,668,65,1840000
19573,2249,357,5,309000
19574,4947,739,16,78000
19575,4100,671,61,3336000
19576,2103,500,12,34000
19577,220,445,21,124000
19578,3404,57,19,479000
19579,2496,325,13,818000
19580,744,504,53,1251000
19581,4605,368,81,83000
19582,3703,292,97,73000
19583,1896,509,61,119000
19584,723,245,42,672000
19585,3194,602,48,1599000
19586,4818,612,61,514000
19587,1326,186,78,57000
19588,4596,751,62,255000
19589,2370,353,74,579000
19590,2303,283,30,461000
19591,4892,256,26,199000
19592,3798,494,5,3818000
19593,2355,690,49,380000
19594,2182,136,98,100000
19595,1002,26,76,88000
19596,2037,390,79,468000
19597,4399,348,74,1368000
19598,2583,139,79,4208000
19599,2579,206,10,217000
19600,4086,746,98,1722000
19601,3039,379,21,120000
19602,3869,60,50,267000
19603,1195,533,41,1972000
19604,2906,411,99,1032000
19605,325,471,11,113000
19606,1496,213,80,777000
19607,4055,518,39,2514000
19608,4738,377,30,113000
19609,4752,107,90,823000
19610,4308,268,45,566000
19611,4957,486,64,1637000
19612,1431,472,20,97000
19613,3639,439,70,2047000
19614,1082,222,92,141000
19615,1296,525,68,3642000
19616,2849,66,48,984000
19617,638,706,70,336000
19618,4235,698,45,547000
19619,1652,174,52,607000
19620,572,110,89,476000
19621,4331,276,80,626000
19622,3147,339,81,1865000
19623,1492,656,85,2547000
19624,3448,747,84,214000
19625,2851,669,26,171000
19626,3564,796,96,902000
19627,4565,332,39,252000
19628,573,457,36,1684000
19629,3433,773,22,1508000
19630,2143,316,81,85000
19631,2141,214,93,763000
19632,1881,216,99,895000
19633,2077,680,94,849000
19634,12,65,45,760000
19635,115,435,77,175000
19636,802,211,35,170000
19637,1183,625,38,367000
19638,4883,634,95,1250000
19639,3298,388,98,720000
19640,1861,200,94,1041000
19641,2027,177,84,1141000
19642,3646,334,88,538000
19643,3538,560,81,33000
19644,2931,370,6,1097000
19645,3777,411,61,893000
19646,4959,526,48,64000
19647,4830,450,22,2427000
19648,2752,654,70,35000
19649,1848,579,84,365000
19650,2589,709,33,2053000
19651,3720,694,72,90000
19652,2634,727,38,185000
19653,4317,514,92,2725000
19654,2539,571,59,1230000
19655,3889,17,68,2727000
19656,3788,666,54,437000
19657,1219,299,38,1169000
19658,4160,25,28,797000
19659,371,402,40,142000
19660,1436,364,52,195000
19661,940,436,94,344000
19662,3475,422,47,185000
19663,2762,767,69,454000
19664,4137,529,36,323000
19665,2764,713,91,330000
19666,4397,338,50,557000
19667,282,346,44,137000
19668,2721,59,9,493000
19669,1077,110,64,471000
19670,3593,549,14,1664000
19671,1743,472,26,113000
19672,423,590,71,317000
19673,1292,183,91,1238000
19674,4523,194,28,111000
19675,4412,559,5,384000
19676,4680,137,23,245000
19677,4514,767,42,520000
19678,1109,507,22,59000
19679,3218,459,43,189000
19680,2545,345,36,1656000
19681,2960,383,45,1991000
19682,4248,736,14,516000
19683,1811,783,49,383000
19684,2499,542,96,1013000
19685,605,477,94,1164000
19686,2187,731,93,19000
19687,2354,172,18,445000
19688,4481,361,19,472000
19689,308,143,9,430000
19690,561,567,94,3577000
19691,347,41,54,685000
19692,2832,440,51,273000
19693,3659,556,16,3588000
19694,3881,586,77,771000
19695,365,760,39,1116000
19696,770,674,64,2234000
19697,4702,67,13,1215000
19698,487,299,29,1273000
19699,370,483,80,618000
19700,1424,77,21,13000
19701,2229,496,64,98000
19702,2671,551,96,41000
19703,1589,780,73,995000
19704,964,629,46,2528000
19705,3841,355,84,393000
19706,1578,31,34,1787000
19707,833,343,71,1819000
19708,3098,720,91,1482000
19709,2050,586,43,761000
19710,105,395,96,2243000
19711,4194,658,54,1459000
19712,2809,735,76,284000
19713,4620,501,42,2245000
19714,2705,799,61,197000
19715,1101,278,54,1928000
19716,948,390,16,444000
19717,342,333,93,1835000
19718,1411,434,15,2204000
19719,3467,777,59,1031000
19720,2851,168,39,431000
19721,3613,726,40,234000
19722,3889,135,52,149000
19723,3925,598,90,1048000
19724,4233,697,45,2832000
19725,4501,148,98,1256000
19726,1976,39,29,168000
19727,2453,401,52,46000
19728,3359,93,99,247000
19729,3325,787,26,1269000
19730,4125,653,16,452000
19731,4190,364,41,166000
19732,313,334,90,511000
19733,4835,420,69,1803000
19734,563,724,81,857000
19735,2015,382,42,450000
19736,1245,680,57,797000
19737,1363,553,91,2390000
19738,2149,140,15,3653000
19739,3684,598,83,970000
19740,3808,94,93,663000
19741,793,276,91,487000
19742,4766,678,6,1199000
19743,4963,21,87,216000
19744,2344,10,32,3730000
19745,4516,463,44,2296000
19746,2331,190,56,1213000
19747,3781,477,12,991000
19748,2513,11,74,208000
19749,2387,460,99,711000
19750,1699,692,92,529000
19751,1848,54,67,324000
19752,2732,677,54,4071000
19753,2565,514,78,3260000
19754,3535,486,43,1332000
19755,1359,774,64,4105000
19756,3530,434,80,2918000
19757,575,672,78,1205000
19758,4958,739,21,68000
19759,669,621,22,794000
19760,1494,670,55,636000
19761,1696,545,69,1256000
19762,782,400,44,1392000
19763,345,742,100,745000
19764,2195,545,79,916000
19765,4553,282,20,488000
19766,207,781,50,363000
19767,616,600,73,868000
19768,2969,428,19,1294000
19769,4374,381,50,181000
19770,4812,465,26,1363000
19771,921,265,22,194000
19772,1291,19,20,14000
19773,4967,800,70,79000
19774,3729,515,77,1967000
19775,2108,384,35,1070000
19776,1469,675,74,455000
19777,643,562,87,47000
19778,376,777,8,1145000
19779,3742,87,79,2372000
19780,2542,630,34,2326000
19781,2767,169,11,114000
19782,3468,144,36,1215000
19783,457,302,89,492000
19784,1506,661,43,3586000
19785,1398,481,86,1747000
19786,1203,140,60,3936000
19787,2793,39,97,231000
19788,42,2,100,1639000
19789,3304,150,45,1547000
19790,794,684,66,99000
19791,1199,471,20,126000
19792,2323,468,47,391000
19793,2646,206,36,268000
19794,929,216,87,865000
19795,2221,133,79,1430000
19796,1189,467,27,123000
19797,1479,195,48,1056000
19798,3447,447,67,1798000
19799,207,498,92,136000
19800,4976,615,78,47000
19801,2508,373,55,1175000
19802,4802,95,37,348000
19803,1226,133,49,1614000
19804,723,681,44,856000
19805,3768,294,31,359000
19806,153,711,42,1886000
19807,657,349,91,3274000
19808,815,644,49,54000
19809,3107,468,56,455000
19810,1547,296,96,75000
19811,1470,571,43,1380000
19812,2605,80,29,156000
19813,779,560,81,25000
19814,2153,146,45,319000
19815,3099,434,92,2447000
19816,4884,794,100,103000
19817,4581,372,9,389000
19818,1229,434,25,2928000
19819,4799,751,17,225000
19820,2731,669,37,188000
19821,3759,733,63,1228000
19822,1648,14,99,1562000
19823,775,94,78,659000
19824,2884,261,31,141000
19825,3252,127,60,348000
19826,1665,264,80,677000
19827,4592,221,12,3812000
19828,2688,756,96,88000
19829,3499,211,28,122000
19830,1633,477,74,1139000
19831,4609,207,82,1579000
19832,2839,393,88,2265000
19833,3709,531,57,3324000
19834,4326,196,52,112000
19835,1065,65,41,738000
19836,1394,721,98,438000
19837,743,558,45,399000
19838,2541,55,22,88000
19839,2078,751,43,236000
19840,2274,619,86,1207000
19841,3959,130,33,3159000
19842,3147,517,92,981000
19843,2409,392,41,60000
19844,4160,203,15,1396000
19845,4372,689,73,1925000
19846,3587,272,14,170000
19847,418,53,49,1709000
19848,280,497,49,1283000
19849,4398,86,26,1933000
19850,1076,173,50,1069000
19851,1514,770,86,394000
19852,3352,289,74,601000
19853,4861,778,77,4223000
19854,2732,571,40,1257000
19855,281,302,87,589000
19856,1899,342,26,748000
19857,1281,38,29,292000
19858,1544,500,49,40000
19859,546,769,73,34000
19860,1040,271,64,1109000
19861,4955,419,64,1110000
19862,3042,590,82,279000
19863,267,617,73,752000
19864,3435,777,10,1173000
19865,2995,42,63,834000
19866,2126,404,52,3474000
19867,1224,450,50,2768000
19868,117,476,97,184000
19869,793,476,96,202000
19870,3745,699,87,427000
19871,693,681,65,925000
19872,2808,718,40,174000
19873,3074,443,13,141000
19874,1495,219,47,923000
19875,49,397,87,1613000
19876,2241,719,22,690000
19877,4164,365,79,1966000
19878,341,578,9,105000
19879,3095,474,64,1851000
19880,4027,15,45,1535000
19881,4271,7,30,921000
19882,4730,205,8,4570000
19883,2852,592,6,147000
19884,3203,279,73,2697000
19885,270,793,81,116000
19886,1168,154,86,990000
19887,2484,448,33,85000
19888,2590,325,16,824000
19889,1557,422,86,253000
19890,1661,114,97,454000
19891,2406,537,68,385000
19892,4701,618,91,1087000
19893,1899,226,48,1746000
19894,1069,650,11,750000
19895,1009,656,10,2570000
19896,3911,446,47,1175000
19897,2557,431,75,138000
19898,3912,487,13,4330000
19899,3350,358,75,1534000
19900,3186,52,93,304000
19901,3606,498,87,164000
19902,1988,43,18,881000
19903,4818,40,57,80000
19904,3177,228,39,100000
19905,1458,16,97,701000
19906,2299,709,6,2607000
19907,1848,211,44,171000
19908,4340,140,51,3165000
19909,264,255,50,261000
19910,302,566,29,568000
19911,471,421,32,667000
19912,4810,123,67,514000
19913,2690,185,52,389000
19914,4951,49,42,665000
19915,4729,187,24,30000
19916,61,263,86,987000
19917,650,479,19,412000
19918,2797,23,68,571000
19919,483,343,86,1510000
19920,2092,250,75,230000
19921,4386,588,80,603000
19922,1421,332,34,231000
19923,1441,576,67,205000
19924,3562,360,24,699000
19925,4951,621,10,749000
19926,3532,769,67,40000
19927,1535,721,75,426000
19928,1659,143,41,508000
19929,3547,454,46,812000
19930,2529,546,14,1689000
19931,1771,149,92,1984000
19932,2266,552,46,1086000
19933,2610,156,21,743000
19934,3129,723,50,21000
19935,3797,343,64,1780000
19936,4026,721,30,496000
19937,2885,549,46,1583000
19938,303,138,46,26000
19939,4950,210,42,509000
19940,3486,755,73,80000
19941,4058,595,63,3093000
19942,2548,736,93,410000
19943,2379,360,44,725000
19944,131,328,96,297000
19945,2747,369,92,566000
19946,261,590,96,272000
19947,3524,230,84,279000
19948,4435,186,69,58000
19949,3545,141,83,1043000
19950,4998,241,44,846000
19951,4785,714,59,1517000
19952,3620,258,35,626000
19953,625,574,10,91000
19954,1193,256,88,244000
19955,3500,136,49,104000
19956,2052,488,81,632000
19957,2268,269,43,471000
19958,2299,429,76,3786000
19959,3483,523,61,2894000
19960,1762,414,40,204000
19961,3965,390,77,516000
19962,729,564,72,91000
19963,2822,240,47,225000
19964,1038,693,71,2395000
19965,3537,208,82,1828000
19966,2132,350,82,112000
19967,2321,721,56,385000
19968,964,58,88,3573000
19969,2731,292,40,82000
19970,2973,567,7,3165000
19971,3199,267,86,1120000
19972,715,419,14,790000
19973,1534,11,33,214000
19974,3595,704,72,204000
19975,4383,368,11,80000
19976,4424,596,21,227000
19977,2114,324,34,2735000
19978,3538,730,42,68000
19979,1483,482,40,643000
19980,3719,361,54,540000
19981,4025,319,98,304000
19982,2403,466,80,771000
19983,510,233,70,4838000
19984,2299,258,38,832000
19985,3173,750,23,4378000
19986,3874,318,21,481000
19987,3745,563,26,589000
19988,2408,4,6,2462000
19989,1383,253,70,787000
19990,1849,48,15,3619000
19991,1718,164,24,983000
19992,4017,595,19,3028000
19993,1554,158,54,72000
19994,3744,155,95,1639000
19995,3016,764,28,276000
19996,3420,740,90,4575000
19997,4220,574,45,90000
19998,4525,633,21,331000
19999,2804,89,37,1324000
20000,882,200,78,852000
