IdVenta,FechaVenta,IdCliente,IdEmpleado,IdMetodoPago,Total
1,2025-10-12,692,24,6,33244000
2,2025-06-10,717,20,1,17228000
3,2024-05-06,2752,36,1,47361000
4,2025-05-30,1329,17,6,7718000
5,2024-10-01,194,3,6,21824000
6,2024-09-17,1252,42,6,11001000
7,2024-10-19,2672,30,6,5985000
8,2024-05-29,807,5,2,18400000
9,2024-05-23,793,10,6,15458000
10,2024-10-19,2201,40,6,25624000
11,2025-11-29,2543,47,2,44952000
12,2025-04-06,1796,50,6,4015000
13,2024-07-30,995,43,6,18748000
14,2025-10-22,2628,44,1,2135000
15,2025-05-16,696,2,1,15965000
16,2025-07-22,2208,25,1,24415000
17,2024-03-15,1945,23,2,9494000
18,2025-11-01,2224,4,3,7788000
19,2025-09-13,1586,16,3,31096000
20,2024-09-18,1348,46,1,365000
21,2024-02-03,1584,39,1,960000
22,2024-11-28,2946,35,3,14245000
23,2024-05-28,1093,40,1,27427000
24,2024-12-04,941,20,3,8296000
25,2024-02-06,2868,41,3,17532000
26,2025-06-11,284,46,6,7847000
27,2025-03-27,1943,33,6,9481000
28,2025-06-10,275,28,6,6875000
29,2024-06-25,1143,17,6,16132000
30,2025-11-17,1473,17,6,23852000
31,2025-03-13,220,35,1,13515000
32,2025-07-01,1482,45,3,18534000
33,2025-05-01,2469,40,1,16590000
34,2025-04-06,2886,36,3,1630000
35,2024-01-16,2629,44,6,22505000
36,2024-09-03,2637,39,3,5878000
37,2024-05-30,2199,30,3,10043000
38,2025-06-08,2708,17,3,8346000
39,2025-01-30,2549,37,3,6494000
40,2025-03-11,2402,34,3,27645000
41,2024-06-07,2829,39,2,8298000
42,2024-11-09,1289,31,3,7688000
43,2025-12-20,545,31,2,5468000
44,2024-10-07,1841,44,1,6704000
45,2024-09-16,1544,15,2,17808000
46,2024-04-01,2986,39,3,25522000
47,2025-01-25,2911,17,1,14840000
48,2024-10-01,542,14,3,10803000
49,2025-10-26,928,38,6,3491000
50,2024-06-15,2136,16,1,5813000
51,2025-08-04,423,10,2,37110000
52,2025-10-23,2702,36,6,41308000
53,2024-01-31,1606,11,3,1052000
54,2024-08-03,707,34,3,4505000
55,2024-02-20,2916,37,3,6346000
56,2024-08-05,688,10,3,28592000
57,2024-02-15,480,1,1,4788000
58,2024-08-23,720,1,3,44580000
59,2024-03-05,2834,34,6,5075000
60,2025-04-17,1778,25,3,20397000
61,2024-02-16,123,33,3,13037000
62,2025-11-18,2287,44,6,34527000
63,2025-01-30,499,1,3,11535000
64,2024-03-26,1211,13,6,6520000
65,2025-01-27,381,19,3,38138000
66,2024-08-28,2266,19,6,20402000
67,2025-10-27,1000,42,3,4991000
68,2025-08-26,2091,49,2,35792000
69,2025-05-09,1132,27,3,17438000
70,2025-10-18,567,13,6,16061000
71,2024-11-12,1674,38,6,30936000
72,2025-11-23,401,3,2,2922000
73,2024-07-22,70,30,6,24048000
74,2024-07-05,15,24,6,7368000
75,2024-12-03,2410,25,6,8452000
76,2024-03-17,1358,2,3,18302000
77,2025-03-22,1773,43,6,4750000
78,2025-03-08,1101,6,2,19770000
79,2024-01-14,2652,26,6,5710000
80,2024-11-02,355,46,3,8171000
81,2025-12-21,921,19,2,17628000
82,2025-04-02,2219,21,3,7836000
83,2025-02-12,2516,38,6,32351000
84,2025-09-25,1923,3,3,19245000
85,2025-09-21,62,24,3,36814000
86,2024-07-18,1761,27,3,5560000
87,2024-07-26,1206,36,1,23291000
88,2025-01-21,2189,47,3,761000
89,2025-08-01,2548,26,1,6052000
90,2025-02-01,2486,30,3,23270000
91,2025-06-24,959,35,6,26033000
92,2025-07-25,2276,34,3,3092000
93,2024-05-01,1936,34,6,7957000
94,2025-09-21,298,24,2,31477000
95,2025-01-14,2423,28,1,3290000
96,2025-01-06,1858,5,3,4712000
97,2025-04-10,1545,2,3,65064000
98,2024-08-30,519,2,2,506000
99,2024-05-15,1768,45,6,43247000
100,2025-04-10,2585,34,3,15539000
101,2025-07-26,766,25,3,5615000
102,2024-11-05,323,36,3,20453000
103,2025-08-08,1510,9,3,899000
104,2025-04-17,1480,22,3,6632000
105,2024-11-17,483,30,6,13764000
106,2025-04-12,1192,46,3,1385000
107,2025-11-18,566,32,6,4704000
108,2025-01-29,2467,12,3,35632000
109,2024-04-08,2220,44,3,1665000
110,2024-05-28,1149,6,3,8534000
111,2025-12-30,2426,26,1,2305000
112,2025-03-22,1091,12,1,7627000
113,2024-05-24,2471,31,6,13152000
114,2025-06-08,2407,5,6,24482000
115,2024-02-24,2897,17,6,15733000
116,2024-09-29,541,7,3,12413000
117,2024-12-20,2790,19,6,6816000
118,2025-05-12,186,21,6,23384000
119,2025-06-01,518,1,3,21800000
120,2024-05-24,518,24,6,386000
121,2024-01-01,2910,37,2,10458000
122,2024-02-20,260,41,6,581000
123,2024-08-12,2885,22,6,2253000
124,2024-10-08,217,30,1,43500000
125,2024-08-04,558,18,6,17723000
126,2024-06-30,2061,11,3,33800000
127,2025-09-17,1344,47,6,5631000
128,2024-01-06,240,6,6,7537000
129,2025-06-16,2671,34,1,8207000
130,2024-06-13,2822,17,6,12920000
131,2024-09-03,370,9,6,35729000
132,2024-03-15,1596,35,6,14884000
133,2024-01-07,1973,5,2,1834000
134,2024-12-25,2304,42,3,4616000
135,2024-04-03,476,37,6,5536000
136,2024-01-02,2501,12,6,7878000
137,2024-04-21,2691,6,6,24181000
138,2024-07-09,1751,6,3,39558000
139,2025-01-06,932,29,2,22740000
140,2025-08-06,558,13,2,37666000
141,2024-02-03,1894,5,6,10724000
142,2025-08-30,1286,44,3,14807000
143,2024-01-05,1982,17,3,16897000
144,2025-05-31,2352,20,3,11112000
145,2025-12-29,1341,45,6,3672000
146,2024-08-20,2646,10,3,29372000
147,2025-06-18,1919,27,3,2000000
148,2025-07-22,2348,14,6,19807000
149,2024-12-18,539,39,6,17638000
150,2024-10-12,1935,50,3,29084000
151,2025-02-27,361,40,3,38256000
152,2024-05-24,1943,13,6,31654000
153,2025-07-05,339,14,3,6934000
154,2024-02-06,1057,22,3,9654000
155,2024-06-06,1441,50,3,18216000
156,2025-11-10,2502,26,1,23632000
157,2025-12-02,751,5,6,6873000
158,2024-10-30,874,47,6,44879000
159,2025-03-24,1049,34,1,19395000
160,2024-12-11,621,27,3,5910000
161,2024-03-02,1662,18,3,655000
162,2025-03-21,160,48,6,11651000
163,2025-04-03,794,38,3,40919000
164,2024-08-12,2940,17,6,53065000
165,2025-07-08,2062,13,3,16322000
166,2024-11-06,725,21,1,30325000
167,2025-01-26,2584,20,6,17384000
168,2024-05-21,2213,4,6,26254000
169,2024-12-08,218,29,6,4774000
170,2024-10-10,2887,4,6,3671000
171,2025-01-03,1840,40,6,28282000
172,2024-12-26,328,24,6,4233000
173,2024-06-12,844,37,1,8111000
174,2024-01-10,2434,3,3,36362000
175,2024-12-07,1330,7,2,36295000
176,2025-05-20,2577,45,6,21927000
177,2024-01-29,2729,39,3,11689000
178,2024-08-27,409,6,3,3888000
179,2025-04-18,2079,25,2,7035000
180,2025-09-07,2813,2,1,12826000
181,2024-12-02,1209,46,6,18182000
182,2025-11-29,1594,4,1,4576000
183,2024-06-21,2597,2,6,33827000
184,2025-09-27,1520,15,6,10120000
185,2024-10-01,2862,6,1,10469000
186,2024-01-01,339,43,1,36296000
187,2024-07-05,1793,21,3,1574000
188,2024-12-31,244,1,1,4740000
189,2025-03-03,2866,4,2,15684000
190,2024-11-23,455,22,1,10282000
191,2024-07-06,1422,42,3,15160000
192,2024-09-22,1803,41,3,4421000
193,2024-12-13,132,29,6,12709000
194,2024-02-14,2017,7,6,885000
195,2025-12-22,784,9,6,7492000
196,2025-09-01,2256,4,6,33129000
197,2025-12-26,2417,44,6,4492000
198,2025-10-21,115,15,3,2227000
199,2024-02-19,40,26,6,27461000
200,2025-11-24,2548,14,6,7326000
201,2024-01-13,833,45,3,11127000
202,2024-05-01,13,18,6,8164000
203,2024-05-09,129,14,6,8349000
204,2024-02-16,2075,40,6,13386000
205,2024-03-06,295,35,6,24218000
206,2025-10-03,2513,7,1,20967000
207,2025-10-31,1380,40,3,32897000
208,2024-06-27,2235,23,6,2285000
209,2024-09-06,1532,44,3,4838000
210,2024-12-14,601,3,6,13380000
211,2025-02-01,290,3,2,2840000
212,2025-02-21,1995,37,3,14184000
213,2024-01-14,2639,2,6,457000
214,2025-08-07,1756,36,2,4065000
215,2024-03-16,2240,25,6,4533000
216,2025-05-03,1077,3,1,18758000
217,2025-05-05,2052,18,1,12821000
218,2024-08-11,2713,13,3,14767000
219,2024-10-22,1257,38,6,4942000
220,2024-08-18,85,1,6,9320000
221,2025-05-17,1878,25,1,22735000
222,2024-12-08,1344,1,1,22380000
223,2024-06-13,2593,23,3,5611000
224,2024-03-15,2021,14,6,8765000
225,2024-11-16,1045,9,6,3190000
226,2024-07-07,1171,7,6,11930000
227,2025-07-04,1044,12,3,15426000
228,2024-03-03,2572,12,3,7263000
229,2025-12-20,613,15,1,7524000
230,2024-11-11,1356,7,2,4859000
231,2024-01-16,131,37,2,10708000
232,2025-10-20,1728,44,3,18610000
233,2024-12-30,1001,1,3,4362000
234,2025-07-23,1696,33,6,8089000
235,2024-09-05,58,10,3,15744000
236,2024-03-31,1573,26,6,17018000
237,2024-08-13,558,40,3,56147000
238,2024-10-15,2779,22,6,30206000
239,2024-12-08,2305,36,3,8946000
240,2025-04-06,1325,37,1,9328000
241,2024-03-30,701,38,3,4165000
242,2025-03-09,1277,11,6,7864000
243,2024-02-17,946,16,6,2701000
244,2025-11-18,734,1,1,26179000
245,2025-04-13,1516,23,3,8439000
246,2024-07-10,319,17,6,20603000
247,2025-04-19,102,45,3,9774000
248,2024-05-09,5,29,2,82000
249,2024-04-03,1411,11,1,4212000
250,2025-12-31,2256,1,1,23817000
251,2024-07-12,1768,45,1,597000
252,2024-04-11,2651,39,1,7607000
253,2024-03-10,1445,34,2,2944000
254,2025-06-18,2347,32,3,20035000
255,2025-12-03,1500,37,3,32518000
256,2025-03-20,436,50,3,4515000
257,2025-05-30,1789,14,3,1720000
258,2025-01-15,1362,36,3,1220000
259,2024-03-24,2992,38,6,16718000
260,2025-08-05,1900,45,6,19515000
261,2024-06-20,2884,45,2,43463000
262,2025-01-25,2278,34,3,6365000
263,2025-12-26,207,49,6,2560000
264,2024-08-30,1961,35,3,37055000
265,2024-08-09,276,36,6,11192000
266,2025-09-15,634,33,3,13877000
267,2025-05-06,707,33,6,7540000
268,2024-12-05,1274,4,3,3176000
269,2025-06-10,566,11,6,3467000
270,2024-06-15,5,4,1,3554000
271,2025-07-18,876,40,6,11342000
272,2025-07-03,523,41,1,4855000
273,2024-05-18,2714,10,3,4849000
274,2024-09-15,364,18,6,1342000
275,2025-05-13,1142,42,1,634000
276,2024-05-14,2150,48,3,2479000
277,2024-03-08,1727,24,3,19195000
278,2025-09-08,2911,13,3,5329000
279,2025-11-20,519,48,2,8912000
280,2024-05-10,148,41,1,11810000
281,2024-02-21,1135,46,1,4077000
282,2024-08-12,538,9,6,27618000
283,2025-05-24,1472,9,2,7091000
284,2024-09-06,1528,46,1,10345000
285,2024-02-12,536,33,2,24585000
286,2025-03-03,1375,4,6,53266000
287,2024-09-16,1622,13,2,14797000
288,2025-11-29,236,23,3,5160000
289,2024-08-24,1803,30,6,4286000
290,2024-12-30,1630,38,2,9420000
291,2025-09-17,2201,15,1,26232000
292,2024-03-13,2801,2,1,8956000
293,2025-09-04,368,27,2,15931000
294,2025-04-25,1223,25,3,636000
295,2024-02-11,652,38,3,9759000
296,2024-08-11,489,2,6,48673000
297,2024-09-10,2217,18,2,52137000
298,2025-09-26,1586,26,1,12375000
299,2024-06-03,2325,6,1,10518000
300,2024-05-01,1720,32,2,20140000
301,2025-05-28,229,24,6,41659000
302,2025-07-24,1510,27,6,3068000
303,2025-04-16,167,25,1,9216000
304,2025-12-18,1614,10,3,22687000
305,2025-08-07,2098,26,6,2711000
306,2025-01-05,248,20,3,6960000
307,2024-10-20,1044,20,2,1053000
308,2025-03-27,1768,26,1,5487000
309,2025-12-02,1255,39,1,61367000
310,2024-08-18,2325,27,6,23648000
311,2024-01-09,1239,42,3,2053000
312,2025-01-20,686,30,1,27015000
313,2024-05-12,692,25,1,41126000
314,2025-03-20,482,6,6,9712000
315,2024-05-30,1048,14,6,4564000
316,2025-11-12,563,48,6,13623000
317,2025-11-01,2273,45,6,31505000
318,2024-09-29,2759,10,3,8074000
319,2025-11-26,2109,33,3,28312000
320,2025-06-30,2020,39,3,13287000
321,2024-04-10,2551,27,1,36142000
322,2025-10-16,984,47,6,27783000
323,2025-12-29,347,43,3,9340000
324,2025-08-07,2797,25,6,1666000
325,2024-08-13,824,36,6,9882000
326,2024-09-02,549,47,6,6629000
327,2025-04-16,765,24,2,12596000
328,2025-01-08,2178,16,1,3572000
329,2024-09-08,1068,13,2,14658000
330,2025-12-07,987,5,3,44446000
331,2025-12-24,1499,43,3,2000000
332,2025-05-26,1662,2,6,334000
333,2024-09-30,1515,30,6,1816000
334,2025-12-07,2309,44,6,890000
335,2025-05-26,1356,30,6,21670000
336,2025-08-23,2917,47,6,50497000
337,2025-10-12,1375,13,6,30135000
338,2024-09-02,1789,24,3,10676000
339,2025-04-28,1110,26,6,11268000
340,2025-08-31,2060,25,3,12722000
341,2025-03-17,855,18,1,17264000
342,2024-03-21,726,22,6,10456000
343,2025-01-13,91,35,3,4046000
344,2025-08-09,1361,40,6,32500000
345,2025-06-04,359,22,1,26306000
346,2025-02-12,2441,10,6,10173000
347,2025-01-15,2359,25,6,38789000
348,2024-11-05,1830,12,2,11100000
349,2024-09-02,56,30,6,16712000
350,2024-05-19,982,24,3,10644000
351,2024-05-01,1089,12,6,7914000
352,2024-05-05,1172,4,6,34171000
353,2025-10-28,2231,38,1,3372000
354,2024-09-10,645,27,2,8289000
355,2024-11-04,1298,20,1,38201000
356,2024-02-27,1855,37,6,950000
357,2024-08-13,2695,50,6,34287000
358,2024-08-19,428,44,3,5379000
359,2024-01-31,2188,42,3,7778000
360,2025-05-22,2175,23,1,42501000
361,2024-05-25,493,6,6,12568000
362,2025-07-16,1830,6,3,50135000
363,2024-10-14,1304,11,1,5554000
364,2025-01-06,2695,18,1,168000
365,2025-03-19,2071,30,6,40599000
366,2024-09-30,2787,42,6,1451000
367,2024-02-19,461,32,1,42849000
368,2025-10-20,671,42,3,26829000
369,2025-12-09,2167,27,6,1304000
370,2024-05-31,912,29,6,5579000
371,2025-04-08,541,37,6,4758000
372,2025-02-13,2794,21,6,2871000
373,2024-07-11,799,30,3,15793000
374,2024-04-24,1142,4,3,588000
375,2025-10-06,2869,23,1,8556000
376,2025-03-25,2200,5,2,1697000
377,2025-01-11,1334,42,3,31587000
378,2025-11-05,187,3,3,51172000
379,2024-06-04,1982,44,1,1732000
380,2024-05-11,270,20,1,4752000
381,2024-11-23,1897,43,1,3310000
382,2024-05-02,1743,2,3,8887000
383,2024-11-04,929,37,3,8301000
384,2024-08-10,1631,34,2,14742000
385,2025-05-21,674,3,1,1910000
386,2024-05-04,812,25,3,7484000
387,2024-12-20,1438,46,1,1937000
388,2025-06-14,1601,12,2,9645000
389,2025-09-07,2642,12,3,5651000
390,2025-10-08,1986,16,6,885000
391,2024-05-10,2946,24,3,3065000
392,2024-12-26,2701,44,1,3290000
393,2024-08-28,608,11,1,800000
394,2025-10-17,2840,50,6,16985000
395,2024-08-20,2865,40,1,284000
396,2025-06-18,2472,39,1,23716000
397,2024-01-02,1177,24,6,19430000
398,2025-12-08,2841,15,6,2772000
399,2024-08-18,530,15,6,11395000
400,2025-03-13,357,33,6,4964000
401,2024-02-05,1924,26,2,25194000
402,2024-02-20,2258,30,2,24037000
403,2025-06-07,768,25,3,12195000
404,2025-05-24,495,49,3,15482000
405,2024-06-11,819,25,3,6829000
406,2024-04-11,58,32,2,5332000
407,2024-06-08,1624,7,6,17413000
408,2025-10-22,2268,15,3,14730000
409,2025-11-25,2295,41,1,19971000
410,2025-12-24,368,32,6,3145000
411,2025-12-25,1074,35,6,9230000
412,2025-02-16,1960,13,6,7994000
413,2025-03-29,1076,9,1,14283000
414,2024-08-02,888,45,1,9777000
415,2024-05-25,662,46,3,4476000
416,2024-01-18,2600,7,3,2496000
417,2024-10-26,1040,10,6,28316000
418,2025-07-27,2746,48,3,7235000
419,2024-06-06,2939,43,1,21608000
420,2024-07-01,1449,26,2,31075000
421,2025-01-21,750,40,6,2062000
422,2024-08-04,1523,42,3,11520000
423,2025-02-02,993,41,6,18286000
424,2024-09-07,274,42,2,13954000
425,2025-06-28,228,18,6,26250000
426,2025-12-01,2015,18,2,21248000
427,2024-08-29,26,32,6,12881000
428,2024-08-22,2290,20,2,14634000
429,2025-10-30,2301,21,1,24971000
430,2024-01-14,2704,5,1,4400000
431,2025-01-29,715,26,2,4462000
432,2025-06-04,1175,43,6,12284000
433,2024-08-22,2339,47,6,32237000
434,2025-11-03,1497,25,2,14092000
435,2024-11-17,2993,18,6,21627000
436,2024-02-16,1481,21,6,23863000
437,2025-08-05,298,12,3,28932000
438,2025-01-12,355,28,6,7729000
439,2024-03-14,318,37,6,20545000
440,2024-12-03,1755,18,2,11030000
441,2025-08-06,2747,6,3,14576000
442,2025-01-19,2427,14,3,13402000
443,2024-11-24,1847,36,6,16002000
444,2025-01-01,758,4,6,13049000
445,2024-01-01,562,2,6,27190000
446,2024-06-21,1781,11,2,17788000
447,2024-03-13,2551,42,6,18649000
448,2024-04-08,557,47,2,15905000
449,2024-06-02,1260,5,1,29853000
450,2025-08-08,998,49,6,4782000
451,2025-09-27,1653,30,3,12361000
452,2025-08-03,2652,30,6,1980000
453,2024-02-07,2320,34,6,25156000
454,2024-08-08,304,11,6,38369000
455,2025-05-17,1982,15,3,9126000
456,2025-09-08,760,9,6,4522000
457,2025-10-29,1595,44,2,5955000
458,2025-04-16,1390,45,3,29986000
459,2025-06-27,2191,40,6,13901000
460,2025-10-26,2232,27,6,25000
461,2024-08-30,2611,14,3,21691000
462,2025-12-16,2839,20,1,17634000
463,2024-04-28,2469,6,6,26475000
464,2024-12-02,1265,13,3,53654000
465,2025-06-08,2753,47,3,8114000
466,2025-10-14,1372,12,1,824000
467,2024-05-07,593,3,1,16020000
468,2024-05-03,2401,5,6,18568000
469,2024-01-25,1430,32,6,13659000
470,2024-10-05,1159,37,6,25223000
471,2024-10-17,1966,1,3,7994000
472,2024-01-02,575,27,3,9065000
473,2025-04-20,1621,20,6,21072000
474,2025-07-11,2726,49,6,38373000
475,2025-05-23,1643,20,3,11522000
476,2025-04-03,2430,29,6,6590000
477,2024-04-01,1720,13,6,25924000
478,2024-12-21,1748,45,3,9516000
479,2024-09-20,1355,3,3,19027000
480,2025-02-20,1001,23,6,3957000
481,2025-12-16,904,31,1,15834000
482,2024-02-08,2412,48,6,8944000
483,2024-10-05,2315,28,3,32510000
484,2024-07-09,1903,29,2,11309000
485,2024-04-22,2601,37,6,16917000
486,2024-05-20,2332,45,6,7996000
487,2024-08-16,1316,14,2,8136000
488,2025-12-12,1520,38,6,5209000
489,2024-01-09,735,24,6,21174000
490,2024-04-22,662,34,1,17182000
491,2025-04-18,1694,44,1,23628000
492,2025-03-12,1228,16,3,22342000
493,2024-11-17,2516,19,3,15926000
494,2025-09-27,2293,37,6,21300000
495,2025-09-18,1612,23,6,15934000
496,2025-02-27,2693,28,1,13757000
497,2024-11-01,1354,49,6,32649000
498,2024-10-26,907,20,6,563000
499,2024-03-15,1251,40,3,14369000
500,2025-02-09,2333,39,3,9200000
501,2024-09-07,2489,16,6,4588000
502,2024-10-09,2369,29,6,15003000
503,2024-08-19,2355,18,6,1766000
504,2024-09-27,71,34,3,827000
505,2024-06-24,599,15,3,11548000
506,2025-08-30,1345,33,6,9799000
507,2024-05-11,2480,47,6,6339000
508,2024-08-11,2358,43,3,36070000
509,2025-10-19,2140,38,6,4431000
510,2024-04-12,1021,11,3,2658000
511,2024-01-09,2339,29,1,1682000
512,2024-03-03,2832,12,3,1125000
513,2025-05-05,178,31,6,6720000
514,2024-11-04,2125,23,1,38571000
515,2024-10-20,2582,46,6,18578000
516,2025-01-14,1380,31,3,4458000
517,2024-05-15,515,3,1,2421000
518,2024-01-11,176,20,6,5430000
519,2025-08-03,1773,20,6,192000
520,2024-03-06,608,47,3,16750000
521,2024-08-16,2321,4,2,5012000
522,2024-05-24,1458,7,1,16195000
523,2024-04-27,836,47,6,30911000
524,2024-12-07,1612,23,3,30687000
525,2025-12-24,2437,26,1,16261000
526,2024-12-04,2386,22,6,13809000
527,2024-01-03,2275,28,2,12363000
528,2025-08-10,2497,14,2,13924000
529,2024-09-24,2892,24,3,3483000
530,2024-11-01,775,17,6,17855000
531,2025-02-10,1589,15,3,10626000
532,2024-03-15,913,35,3,10365000
533,2025-01-14,197,14,6,9418000
534,2024-07-06,781,27,1,29860000
535,2025-11-17,556,3,1,11960000
536,2024-07-18,1270,30,6,6425000
537,2024-07-06,1086,27,1,4424000
538,2025-11-02,442,2,6,5240000
539,2024-08-25,2717,29,3,15530000
540,2025-03-01,2067,48,6,32038000
541,2025-07-07,115,3,3,22552000
542,2025-10-28,1286,46,1,23612000
543,2025-08-05,1150,25,3,10586000
544,2024-02-21,627,42,3,23606000
545,2025-10-24,2715,32,6,9915000
546,2024-10-19,264,30,6,25669000
547,2024-07-11,154,20,1,26052000
548,2024-11-22,240,10,1,7400000
549,2025-07-03,1502,4,1,16880000
550,2024-06-14,2291,40,6,8255000
551,2025-03-08,1601,22,1,29453000
552,2025-04-04,1380,47,1,5184000
553,2024-07-22,824,9,3,54065000
554,2024-06-05,2555,15,3,9916000
555,2024-05-19,67,9,6,54511000
556,2025-02-14,2350,7,1,3498000
557,2024-07-28,41,15,2,17847000
558,2024-08-12,809,17,6,23788000
559,2025-04-24,1807,5,2,8705000
560,2025-11-17,1753,30,6,19018000
561,2024-01-11,1793,28,1,11719000
562,2025-05-04,2498,40,6,28536000
563,2024-11-18,1021,48,2,5024000
564,2024-06-26,1139,42,6,9140000
565,2024-08-03,230,6,1,10035000
566,2024-08-24,2383,36,6,8424000
567,2025-05-14,699,16,3,1217000
568,2024-08-09,1110,46,1,8864000
569,2024-02-17,521,35,6,550000
570,2025-04-14,279,38,2,28167000
571,2024-04-03,1861,46,1,12574000
572,2024-06-16,2712,9,6,19395000
573,2024-02-23,1530,4,6,47347000
574,2025-02-27,1061,43,3,8566000
575,2025-04-18,2989,50,2,22557000
576,2025-05-02,2631,41,6,3636000
577,2024-11-24,1067,27,3,2994000
578,2025-09-29,2461,12,6,6290000
579,2024-02-21,1583,24,3,3139000
580,2024-08-20,2199,29,1,17138000
581,2025-11-24,1922,41,1,15301000
582,2024-12-13,2072,5,1,17150000
583,2024-06-08,1298,39,2,35287000
584,2025-08-21,2819,22,6,14334000
585,2025-02-07,2187,19,6,3861000
586,2025-06-03,2969,48,1,41014000
587,2024-09-10,1989,16,1,9216000
588,2025-04-07,2349,50,3,13286000
589,2024-07-09,409,9,3,8578000
590,2024-03-29,194,8,3,25186000
591,2025-04-13,2104,3,1,28038000
592,2025-12-14,1420,45,3,11257000
593,2025-03-01,2516,4,2,6132000
594,2025-04-10,203,32,6,6021000
595,2025-12-11,148,41,1,16725000
596,2025-09-04,619,23,3,21360000
597,2025-08-24,2538,40,6,4283000
598,2025-12-12,1454,12,3,26531000
599,2024-11-21,449,32,2,12119000
600,2024-06-25,719,10,6,53131000
601,2025-02-01,1043,16,1,7720000
602,2025-07-24,1862,12,1,7740000
603,2024-01-22,1478,19,1,191000
604,2024-05-27,463,25,1,6015000
605,2025-01-20,2782,21,6,3540000
606,2025-08-28,2647,25,1,3713000
607,2024-07-18,7,45,3,203000
608,2024-07-19,829,19,6,4342000
609,2024-11-05,1814,2,6,2919000
610,2025-05-29,2125,32,3,13229000
611,2025-09-05,2377,22,3,868000
612,2024-10-04,1904,2,1,28599000
613,2024-01-11,1533,40,6,36507000
614,2025-06-03,2804,23,2,26186000
615,2025-09-18,1283,13,6,13124000
616,2025-05-23,1055,40,1,27031000
617,2025-02-10,1750,41,1,9580000
618,2024-06-12,2449,48,6,2142000
619,2025-02-28,956,18,1,17422000
620,2025-04-08,2040,31,6,15714000
621,2024-06-23,656,23,3,12300000
622,2024-06-06,72,27,2,4623000
623,2025-02-12,1431,35,2,5297000
624,2024-05-25,2477,9,3,7237000
625,2025-10-31,1511,37,1,31915000
626,2024-06-03,2427,19,2,12372000
627,2024-03-14,1322,50,6,15188000
628,2024-08-11,173,10,3,45538000
629,2024-11-21,1294,49,3,30820000
630,2025-02-15,953,28,1,10223000
631,2025-04-19,2738,47,1,13053000
632,2025-10-23,1674,12,3,34652000
633,2024-10-30,2721,49,1,6078000
634,2024-02-13,1768,25,2,11336000
635,2024-12-09,2717,17,3,19984000
636,2025-06-10,111,42,3,8320000
637,2024-12-13,398,13,1,2248000
638,2024-04-19,914,42,3,14214000
639,2024-02-11,179,18,3,11829000
640,2025-07-01,920,46,1,17559000
641,2024-03-06,2632,6,1,16155000
642,2024-06-04,387,12,3,22880000
643,2025-01-16,1213,33,3,15460000
644,2025-12-29,1526,35,1,25578000
645,2025-03-21,2226,27,3,11498000
646,2025-05-26,1645,20,2,2974000
647,2024-04-16,2388,8,3,7177000
648,2024-11-30,1074,36,3,26070000
649,2024-02-29,1596,20,6,19996000
650,2024-05-16,2760,1,2,31331000
651,2025-02-01,728,37,3,10947000
652,2025-05-24,1812,41,3,635000
653,2025-05-06,1002,21,3,312000
654,2024-12-01,1589,41,6,43845000
655,2024-10-15,1636,48,6,3043000
656,2024-05-01,2441,28,1,44435000
657,2024-08-10,1214,43,1,1754000
658,2024-04-24,2501,10,6,12261000
659,2024-05-28,734,5,1,14629000
660,2024-07-06,71,20,3,2681000
661,2024-02-16,1165,11,3,18325000
662,2024-09-16,2179,14,3,17263000
663,2024-10-15,1990,33,3,60150000
664,2025-12-17,459,6,6,19523000
665,2025-09-21,1829,10,6,2762000
666,2025-08-25,2497,39,3,2475000
667,2024-10-11,2357,45,3,8685000
668,2024-04-08,2670,11,3,1074000
669,2025-12-16,816,8,3,2355000
670,2024-01-21,234,15,6,14082000
671,2025-03-08,1679,2,1,7946000
672,2025-12-24,9,4,3,25296000
673,2024-12-22,806,48,1,14929000
674,2025-07-06,1379,13,3,14448000
675,2025-02-09,773,7,2,6948000
676,2024-11-25,2588,3,6,25534000
677,2024-07-02,1107,16,3,107741000
678,2024-08-28,2253,46,3,2343000
679,2024-12-29,2266,45,1,23356000
680,2025-03-03,2523,11,3,14004000
681,2025-09-18,256,4,6,2745000
682,2025-02-11,2188,45,6,17786000
683,2024-06-16,1874,49,6,21130000
684,2024-09-06,931,12,3,46863000
685,2024-07-30,2055,40,6,54779000
686,2025-11-20,835,14,6,13580000
687,2025-02-21,342,33,6,507000
688,2025-10-12,468,41,3,6632000
689,2025-02-16,726,26,6,11706000
690,2024-04-17,1016,28,3,2966000
691,2024-11-08,446,1,3,21304000
692,2024-07-13,636,43,3,8965000
693,2024-06-09,824,15,3,10480000
694,2024-06-05,407,44,3,12081000
695,2025-06-04,2995,15,6,35470000
696,2024-07-10,1889,48,3,302000
697,2024-03-05,2165,31,6,8536000
698,2025-12-26,2869,2,6,7189000
699,2025-05-08,2020,25,3,4329000
700,2025-10-28,178,28,6,3248000
701,2025-08-18,685,1,3,12510000
702,2025-06-19,412,42,6,1132000
703,2024-09-10,308,40,1,5871000
704,2025-04-23,2486,29,6,17002000
705,2024-04-29,1887,33,3,11264000
706,2024-12-26,2431,27,3,41573000
707,2025-06-30,2635,16,3,12296000
708,2025-12-10,1225,23,6,27593000
709,2024-07-01,2768,2,1,10173000
710,2025-12-19,1601,25,6,10404000
711,2025-12-13,1636,35,6,19805000
712,2024-06-23,2506,23,3,5001000
713,2024-04-06,567,21,6,16788000
714,2024-07-28,1262,40,3,6161000
715,2025-08-30,2317,11,6,16119000
716,2024-11-29,916,39,6,14263000
717,2025-11-18,1783,41,2,9237000
718,2025-03-31,1221,9,3,8378000
719,2025-09-14,93,29,6,30499000
720,2025-10-04,1947,10,3,10116000
721,2025-02-25,1733,38,6,20224000
722,2024-03-05,1794,37,3,17440000
723,2025-02-09,1985,2,3,3234000
724,2024-01-04,2267,39,6,8779000
725,2024-11-10,2810,44,6,7918000
726,2024-09-18,2291,23,3,1592000
727,2025-08-07,1165,26,6,1134000
728,2024-03-18,2086,13,3,20544000
729,2025-05-31,1239,8,6,25134000
730,2025-04-18,994,19,6,10296000
731,2025-06-15,2581,22,1,26615000
732,2025-02-12,2382,35,3,2235000
733,2024-04-19,1560,19,3,17343000
734,2025-06-30,115,17,6,12249000
735,2024-11-19,41,39,1,13758000
736,2025-11-09,2622,33,6,4507000
737,2024-01-11,1339,11,2,6108000
738,2024-02-02,672,26,1,23902000
739,2025-04-14,161,26,6,37301000
740,2024-10-23,2265,39,2,6382000
741,2024-01-19,2230,12,6,7089000
742,2025-07-01,1035,23,3,17868000
743,2024-04-16,908,1,3,45435000
744,2025-07-06,2348,36,1,18879000
745,2025-11-12,169,22,6,1831000
746,2024-11-08,2732,35,3,15077000
747,2024-08-30,2535,39,6,17054000
748,2024-09-25,435,36,6,16688000
749,2025-03-01,969,1,1,6575000
750,2025-04-02,1518,1,2,21771000
751,2024-01-01,872,3,6,12419000
752,2025-02-03,2781,26,3,2640000
753,2025-08-29,2444,23,1,9560000
754,2024-01-18,1465,25,6,164000
755,2024-04-09,2286,17,3,10574000
756,2024-07-15,1796,35,6,2804000
757,2025-03-18,1839,37,2,1424000
758,2025-05-29,1966,47,3,24683000
759,2025-10-31,485,34,6,7951000
760,2024-06-14,1698,42,2,20540000
761,2024-02-01,463,41,1,6944000
762,2025-03-13,1526,45,3,17019000
763,2024-02-18,946,18,6,45771000
764,2024-11-06,1033,9,3,9588000
765,2025-09-01,178,26,6,30120000
766,2024-10-07,2725,22,6,10366000
767,2025-07-26,1642,24,1,1446000
768,2024-11-04,159,25,1,29099000
769,2024-05-09,479,21,6,8043000
770,2025-09-17,2447,28,6,23201000
771,2024-05-20,1292,28,1,1225000
772,2024-07-07,741,8,3,25020000
773,2024-01-09,1359,16,1,20075000
774,2025-10-12,2653,43,6,32488000
775,2025-03-26,121,17,6,18328000
776,2024-11-10,1968,25,6,12949000
777,2025-07-08,1182,44,6,9265000
778,2025-01-16,2447,15,3,10796000
779,2025-03-23,1337,11,2,1616000
780,2024-08-25,2189,15,6,14793000
781,2024-01-07,2004,6,1,38838000
782,2024-10-21,1365,47,6,10244000
783,2024-08-11,417,11,3,2491000
784,2024-02-27,14,48,1,49129000
785,2025-02-07,524,43,1,4654000
786,2024-04-03,279,46,6,22735000
787,2024-08-30,2622,10,6,12658000
788,2025-05-21,644,28,6,15457000
789,2025-07-02,2632,35,1,4830000
790,2025-09-24,1420,36,6,5208000
791,2025-12-30,2766,21,3,23910000
792,2024-11-28,701,12,3,4527000
793,2025-11-15,1251,11,6,9705000
794,2024-05-23,2920,21,3,7645000
795,2025-02-19,474,33,6,9297000
796,2025-05-15,1509,40,3,70176000
797,2025-04-04,273,4,6,29803000
798,2024-02-23,2168,41,2,26306000
799,2025-01-06,1264,39,2,22314000
800,2024-09-21,1836,30,6,2572000
801,2024-10-02,1932,15,6,21589000
802,2025-10-15,880,23,1,27919000
803,2024-10-31,1796,34,6,14299000
804,2024-04-24,1890,8,6,1255000
805,2025-08-17,1230,45,3,4024000
806,2025-04-15,817,17,6,57115000
807,2025-09-09,833,3,6,1677000
808,2024-08-24,2001,33,3,34344000
809,2024-02-01,911,13,3,18774000
810,2025-06-26,892,27,2,13187000
811,2024-03-11,2820,13,1,23188000
812,2025-10-21,2135,39,1,13613000
813,2025-03-13,154,33,6,9997000
814,2025-06-02,2192,12,3,21787000
815,2024-03-10,1445,12,6,7515000
816,2025-07-10,1947,13,3,44765000
817,2024-10-19,2273,28,1,14308000
818,2024-11-19,2803,5,6,12865000
819,2024-07-04,501,29,6,3434000
820,2025-02-22,1339,43,1,21123000
821,2024-12-01,2986,15,6,3244000
822,2025-06-08,205,7,3,3177000
823,2025-08-01,440,23,6,3881000
824,2025-12-03,1960,13,6,11433000
825,2024-10-12,1563,32,2,3102000
826,2025-05-05,1814,48,6,11806000
827,2024-06-15,2427,26,3,5042000
828,2024-03-07,1272,15,1,7797000
829,2025-02-09,560,38,3,5615000
830,2025-08-12,1053,25,6,41356000
831,2024-09-25,1399,4,3,16757000
832,2025-08-24,2356,38,3,16164000
833,2025-12-07,152,8,3,11271000
834,2025-06-29,2440,36,6,3270000
835,2025-05-06,934,37,2,695000
836,2025-06-28,959,44,6,6208000
837,2024-06-16,390,46,3,16622000
838,2025-07-07,2435,27,3,15392000
839,2024-10-24,1178,11,6,27953000
840,2025-02-03,1135,48,3,12343000
841,2025-06-13,1219,40,3,29728000
842,2025-04-13,2388,24,6,27325000
843,2024-06-23,2299,24,6,1316000
844,2024-12-02,2602,46,3,12151000
845,2024-12-22,2130,9,3,28670000
846,2024-04-23,2427,4,1,13195000
847,2024-05-26,293,29,3,4886000
848,2025-04-18,2995,35,3,9579000
849,2025-11-07,2714,41,3,42101000
850,2024-05-20,1226,34,3,8520000
851,2024-07-11,2619,39,6,18225000
852,2024-03-24,1893,1,6,11111000
853,2025-08-17,2168,20,6,6497000
854,2024-12-02,406,18,1,2499000
855,2025-03-11,2034,49,1,9978000
856,2025-06-19,1603,34,3,6644000
857,2024-03-25,747,47,1,14850000
858,2025-10-15,122,14,3,33591000
859,2025-05-29,1400,49,6,9613000
860,2025-07-03,468,50,2,3360000
861,2025-08-14,1007,40,6,58764000
862,2025-07-05,327,18,6,9234000
863,2025-08-13,47,2,3,10995000
864,2025-11-03,2950,37,1,48876000
865,2024-04-17,1824,30,3,25910000
866,2024-02-18,1518,21,1,15915000
867,2025-07-27,1742,28,3,9740000
868,2024-07-31,906,24,2,8885000
869,2025-10-05,2692,21,3,3298000
870,2025-07-05,85,49,6,8920000
871,2024-01-13,2740,21,1,27523000
872,2024-05-09,2758,26,2,23662000
873,2024-05-04,500,37,1,40083000
874,2025-08-21,327,1,1,1114000
875,2025-06-29,515,37,6,523000
876,2024-11-10,551,42,6,11797000
877,2024-12-23,497,16,6,39617000
878,2024-02-13,2351,4,3,5495000
879,2024-12-01,2192,7,3,17156000
880,2024-05-05,175,19,6,10289000
881,2024-03-03,556,20,1,16395000
882,2025-04-17,847,26,2,29010000
883,2024-12-17,2856,34,6,1443000
884,2024-07-29,1553,49,6,25048000
885,2024-05-23,1802,6,1,895000
886,2025-12-07,1429,33,3,5562000
887,2025-02-14,2328,16,1,19960000
888,2024-12-27,992,40,2,13492000
889,2025-12-22,30,41,6,12253000
890,2025-07-11,1318,49,6,37743000
891,2024-04-02,1503,41,6,26899000
892,2025-04-06,2727,16,2,21554000
893,2025-10-28,1370,25,6,1564000
894,2024-09-02,2396,32,3,2004000
895,2024-07-09,1463,23,3,16973000
896,2024-04-13,1556,19,1,572000
897,2025-02-06,2781,40,2,44904000
898,2025-11-06,549,33,1,9302000
899,2025-04-27,1992,12,6,8418000
900,2024-01-29,649,35,3,13324000
901,2025-03-07,2664,25,6,7299000
902,2024-01-05,1406,16,6,11059000
903,2024-06-30,2135,6,6,14118000
904,2024-09-18,1051,5,6,11001000
905,2024-03-19,144,7,3,14917000
906,2025-12-14,1892,21,1,6940000
907,2024-12-08,2194,41,6,12884000
908,2025-02-23,1088,3,6,7790000
909,2024-05-07,154,13,3,9225000
910,2025-07-13,6,9,6,11240000
911,2024-08-07,34,17,1,28838000
912,2025-05-13,1720,14,6,12556000
913,2024-05-17,2086,7,6,3918000
914,2025-10-10,1062,44,6,2413000
915,2025-04-09,476,34,3,3834000
916,2024-08-23,2425,21,1,32428000
917,2024-01-23,2357,27,3,1728000
918,2024-02-15,1714,32,6,11418000
919,2024-09-23,2848,49,3,12519000
920,2025-10-03,2835,1,3,1721000
921,2024-06-26,710,33,3,13082000
922,2024-10-11,2514,33,6,35290000
923,2024-10-03,1311,49,6,564000
924,2024-04-24,2896,16,6,9162000
925,2025-07-04,1859,9,6,684000
926,2024-05-06,1858,18,1,18432000
927,2024-01-22,2629,28,3,22436000
928,2025-07-27,491,7,6,8038000
929,2024-10-04,2953,50,3,14402000
930,2024-07-26,1250,14,3,4396000
931,2025-05-30,2142,5,3,4991000
932,2025-05-20,842,36,6,6769000
933,2025-03-29,2671,48,6,7875000
934,2025-06-08,912,47,1,18520000
935,2024-08-07,1658,19,6,21252000
936,2025-04-05,58,17,3,2338000
937,2024-08-26,2939,1,3,9026000
938,2024-01-13,2551,8,6,27200000
939,2024-07-16,2100,41,6,11441000
940,2024-01-24,764,35,1,10380000
941,2025-02-09,546,23,6,16508000
942,2024-06-19,162,17,2,228000
943,2025-11-01,698,15,2,11317000
944,2025-09-17,143,47,6,22953000
945,2025-04-06,1892,9,2,14807000
946,2024-10-01,1145,5,2,44604000
947,2024-02-27,2898,45,6,10687000
948,2025-12-07,2424,46,6,1707000
949,2024-04-12,2315,14,1,78292000
950,2024-10-04,1521,50,1,16188000
951,2025-07-18,2635,5,2,32287000
952,2025-09-28,1978,46,3,11539000
953,2024-11-12,405,41,1,30220000
954,2024-05-27,1135,35,6,44456000
955,2024-01-29,2406,47,3,26790000
956,2025-05-01,619,48,6,9911000
957,2024-09-18,2353,27,1,14073000
958,2024-07-06,727,24,2,5223000
959,2025-05-22,1223,10,1,4191000
960,2024-10-23,58,17,1,4262000
961,2024-06-25,1718,7,3,21182000
962,2025-06-30,2548,4,2,29938000
963,2024-07-16,1252,25,3,4774000
964,2025-03-17,407,45,6,24403000
965,2024-08-08,206,31,2,427000
966,2024-06-01,2238,26,6,6190000
967,2025-12-12,2674,11,2,42786000
968,2024-06-04,144,3,3,14632000
969,2024-12-09,969,26,6,195000
970,2024-05-18,288,37,6,1792000
971,2024-07-20,1677,35,3,15112000
972,2024-02-01,41,22,6,7887000
973,2025-05-02,2478,21,3,696000
974,2024-03-02,393,32,1,11118000
975,2024-05-19,1367,37,2,47413000
976,2024-01-27,1890,14,3,15700000
977,2025-04-17,367,13,3,4461000
978,2025-11-01,1850,11,1,32289000
979,2024-04-05,448,14,3,12516000
980,2025-01-24,2320,3,3,4180000
981,2025-04-28,310,42,6,18415000
982,2025-05-22,584,12,2,18168000
983,2024-01-26,1040,21,6,31658000
984,2025-02-21,459,32,3,21366000
985,2025-08-06,685,36,3,4876000
986,2025-04-30,26,30,6,14495000
987,2024-11-09,1004,27,3,7010000
988,2024-05-28,924,49,6,1329000
989,2024-10-27,540,12,6,10595000
990,2024-05-27,381,42,6,21428000
991,2024-01-16,591,22,1,1398000
992,2024-08-07,2408,18,2,11570000
993,2024-05-25,2722,47,2,26506000
994,2025-08-20,1113,20,6,36661000
995,2025-04-30,739,25,3,10192000
996,2024-01-24,853,44,1,4882000
997,2025-03-06,2628,41,6,42109000
998,2024-11-19,387,15,1,21545000
999,2025-04-26,1676,6,6,18809000
1000,2025-09-09,1230,47,3,4972000
1001,2024-01-25,2774,9,6,10972000
1002,2024-12-19,2835,23,3,10896000
1003,2025-07-07,1437,8,6,14081000
1004,2024-02-07,539,7,3,10545000
1005,2025-08-11,2734,8,6,24715000
1006,2025-07-03,2382,6,1,24950000
1007,2025-03-16,2214,26,6,51530000
1008,2025-09-13,2195,27,6,17192000
1009,2025-05-05,2278,28,3,1967000
1010,2025-11-21,1726,9,1,6688000
1011,2025-04-19,1554,4,3,4788000
1012,2025-05-27,2153,18,6,23394000
1013,2025-04-12,1061,2,3,12180000
1014,2024-08-24,1796,43,3,242000
1015,2024-03-31,2313,8,3,26351000
1016,2024-02-03,2010,19,3,16856000
1017,2025-08-03,536,6,6,11336000
1018,2024-11-03,179,4,6,20655000
1019,2025-08-07,2975,49,3,40382000
1020,2024-07-25,1610,39,1,29116000
1021,2024-07-21,1336,15,6,8794000
1022,2025-07-07,1102,33,6,2368000
1023,2024-10-03,1840,3,3,5146000
1024,2024-06-10,481,15,3,2212000
1025,2025-06-24,1681,21,6,19652000
1026,2025-03-18,768,10,3,21549000
1027,2024-06-21,271,11,1,22052000
1028,2025-05-18,2812,48,1,4580000
1029,2024-01-15,1472,22,2,5384000
1030,2024-08-01,893,1,2,68306000
1031,2024-01-22,75,36,3,12416000
1032,2025-01-20,1019,19,6,9817000
1033,2025-04-09,981,38,2,11964000
1034,2025-09-18,20,1,3,11168000
1035,2025-06-17,2342,50,3,236000
1036,2024-04-02,497,17,3,16430000
1037,2025-02-19,11,2,3,7470000
1038,2024-04-04,1575,37,1,22864000
1039,2024-08-28,569,44,6,8828000
1040,2024-07-25,1871,48,3,4691000
1041,2025-11-20,2179,50,3,2946000
1042,2025-04-15,2935,40,2,20229000
1043,2025-02-01,37,35,6,28293000
1044,2024-11-03,2226,6,3,1652000
1045,2025-03-11,1967,17,6,35068000
1046,2024-09-07,167,4,2,34639000
1047,2025-09-03,2415,33,6,22676000
1048,2025-12-01,898,16,6,25240000
1049,2024-05-01,397,47,1,29603000
1050,2025-04-01,338,7,3,26998000
1051,2024-03-28,1304,6,3,26600000
1052,2025-07-22,2646,24,6,15795000
1053,2024-12-03,2054,10,3,10615000
1054,2024-11-12,615,2,1,3550000
1055,2025-10-13,1065,43,2,10944000
1056,2024-03-11,1487,14,6,1830000
1057,2024-09-01,1138,27,6,19300000
1058,2024-01-31,1829,21,6,4582000
1059,2025-08-11,2488,39,6,10260000
1060,2024-10-17,2384,46,6,23174000
1061,2025-02-18,1770,29,1,31186000
1062,2024-02-24,392,4,3,95000
1063,2024-05-21,1094,42,2,12852000
1064,2024-05-22,2894,50,3,12236000
1065,2024-04-03,2821,33,1,28655000
1066,2024-05-21,2674,15,3,16156000
1067,2025-04-02,2444,50,6,3408000
1068,2024-01-02,612,26,1,8774000
1069,2024-02-04,2175,23,3,36612000
1070,2024-03-12,2036,17,6,8884000
1071,2024-05-19,1916,15,6,15031000
1072,2025-10-14,790,27,6,13063000
1073,2024-06-12,911,23,6,38355000
1074,2024-01-18,35,19,2,34293000
1075,2024-06-12,2539,7,3,6876000
1076,2024-05-22,2260,45,6,11121000
1077,2024-04-19,2249,8,6,3703000
1078,2024-03-12,2574,12,6,11044000
1079,2024-12-20,2313,2,6,7553000
1080,2025-11-12,1629,8,3,5893000
1081,2024-03-03,1904,39,1,37610000
1082,2024-08-12,227,17,6,6626000
1083,2025-02-22,97,4,2,5998000
1084,2024-05-10,2301,16,3,981000
1085,2024-05-26,1878,6,2,1153000
1086,2024-04-01,2964,48,1,29704000
1087,2024-07-24,521,37,6,4806000
1088,2024-03-11,1438,6,1,20270000
1089,2024-01-31,2683,17,3,20267000
1090,2025-01-18,48,32,6,5259000
1091,2025-03-21,1332,15,6,11022000
1092,2024-11-15,1564,47,3,18811000
1093,2024-11-08,2684,12,1,52727000
1094,2025-03-26,1717,15,6,14030000
1095,2025-01-27,104,7,3,26867000
1096,2024-03-31,1364,16,3,11197000
1097,2025-01-09,2045,47,1,31842000
1098,2024-11-12,2015,10,6,10028000
1099,2024-08-28,1433,36,6,37008000
1100,2024-03-26,2012,27,3,23529000
1101,2024-06-22,669,21,2,992000
1102,2025-11-26,517,30,1,51236000
1103,2025-02-07,1856,1,3,17235000
1104,2025-02-05,1714,46,6,387000
1105,2024-12-25,2863,26,1,6503000
1106,2024-05-13,1131,5,3,3619000
1107,2025-03-28,1675,35,6,13677000
1108,2025-06-06,1105,40,6,3303000
1109,2025-04-29,1914,6,1,15810000
1110,2025-08-15,247,41,1,29746000
1111,2025-01-05,62,3,6,27836000
1112,2024-04-21,2091,20,3,3845000
1113,2025-08-02,1980,20,1,2284000
1114,2024-05-08,964,21,6,8207000
1115,2024-08-02,1260,4,6,13168000
1116,2025-03-05,1550,36,1,11739000
1117,2024-04-23,618,6,6,1870000
1118,2025-10-14,1773,17,3,23785000
1119,2024-12-30,671,23,6,21756000
1120,2025-08-11,705,2,6,15444000
1121,2025-11-06,2831,18,6,2331000
1122,2025-10-20,361,50,2,4448000
1123,2024-04-13,2747,46,3,5534000
1124,2025-05-19,802,35,3,22170000
1125,2024-03-23,2176,10,6,14843000
1126,2024-09-12,11,43,6,23058000
1127,2024-08-27,1257,15,6,34446000
1128,2025-11-24,2404,19,3,10646000
1129,2025-05-29,733,47,2,1191000
1130,2025-06-24,2117,18,3,30811000
1131,2025-03-05,2199,2,6,30797000
1132,2025-02-18,1064,50,2,9424000
1133,2024-12-21,403,7,3,10432000
1134,2024-07-05,374,11,6,21849000
1135,2024-11-14,804,43,6,1843000
1136,2024-03-25,2975,12,1,1721000
1137,2024-01-31,486,46,6,9669000
1138,2024-02-22,1274,40,3,48371000
1139,2025-03-10,18,16,6,4653000
1140,2024-05-25,412,46,3,30077000
1141,2025-01-29,217,4,1,13031000
1142,2024-06-16,256,45,1,38233000
1143,2024-04-17,2436,29,3,52216000
1144,2025-08-29,2552,39,2,1544000
1145,2024-03-23,367,18,2,33886000
1146,2024-01-14,860,20,6,424000
1147,2024-04-29,986,7,6,2581000
1148,2024-04-11,2416,30,3,12656000
1149,2025-02-28,187,50,3,16162000
1150,2025-10-07,1590,10,6,8571000
1151,2025-12-01,2930,40,2,908000
1152,2025-06-03,1059,7,3,21683000
1153,2025-10-25,1167,41,6,2140000
1154,2025-06-20,1347,24,2,17399000
1155,2025-10-05,494,5,1,11881000
1156,2025-03-24,1396,15,6,7226000
1157,2025-06-26,679,46,3,3631000
1158,2024-01-24,1936,11,3,1101000
1159,2025-06-25,2769,29,3,7800000
1160,2024-01-04,1932,9,6,17885000
1161,2025-09-05,231,46,1,19979000
1162,2025-04-24,459,27,3,25881000
1163,2025-03-12,113,36,3,2508000
1164,2024-04-23,2522,31,1,16315000
1165,2024-05-12,831,44,3,177000
1166,2025-08-25,2596,25,6,5160000
1167,2025-05-07,2009,50,2,6030000
1168,2025-07-02,811,32,6,13718000
1169,2024-08-20,166,29,6,14036000
1170,2025-07-27,435,1,1,21021000
1171,2024-10-20,2241,1,3,9108000
1172,2025-01-10,1442,30,3,8744000
1173,2024-02-02,61,11,6,9800000
1174,2025-11-16,1201,13,1,575000
1175,2024-08-06,1619,12,1,40450000
1176,2024-05-04,1601,38,3,14177000
1177,2025-01-28,2468,43,6,26149000
1178,2025-07-18,1444,30,6,24925000
1179,2025-02-11,2730,31,3,1656000
1180,2025-02-02,1813,44,6,18685000
1181,2024-03-08,1790,40,3,13394000
1182,2024-09-08,2368,24,1,23795000
1183,2024-04-01,1319,4,2,20711000
1184,2025-02-20,1222,10,6,8231000
1185,2024-03-15,19,31,3,7142000
1186,2024-08-10,810,24,2,26237000
1187,2025-10-26,2141,50,6,31417000
1188,2024-06-09,1156,14,3,5842000
1189,2025-09-26,2205,15,3,37846000
1190,2024-05-20,1182,35,6,21678000
1191,2025-05-30,271,15,2,4102000
1192,2024-01-11,1235,7,6,8096000
1193,2025-09-07,306,1,6,20508000
1194,2024-08-22,192,10,3,23542000
1195,2025-01-12,292,25,6,35012000
1196,2025-01-08,2926,36,6,1870000
1197,2025-12-16,1192,26,1,6079000
1198,2024-08-24,2736,40,6,11221000
1199,2024-08-26,1270,36,2,7584000
1200,2024-04-05,13,21,3,2363000
1201,2024-05-01,1132,32,6,3320000
1202,2024-09-22,637,32,3,890000
1203,2025-08-22,1739,8,6,13153000
1204,2025-04-28,1011,36,6,11485000
1205,2024-11-24,456,9,3,24087000
1206,2024-03-19,1840,32,6,2622000
1207,2024-04-10,549,15,3,2543000
1208,2025-01-16,2306,32,3,9307000
1209,2024-04-10,1399,24,6,19512000
1210,2024-06-07,1542,41,3,16525000
1211,2025-11-18,2452,30,1,25050000
1212,2024-08-20,1571,2,1,53254000
1213,2024-10-29,1199,28,6,5586000
1214,2024-10-13,1732,50,6,7120000
1215,2025-04-24,579,3,6,38323000
1216,2024-03-07,1809,7,3,5084000
1217,2025-04-16,834,4,3,20395000
1218,2025-04-19,502,24,6,32317000
1219,2024-09-26,2672,31,3,15746000
1220,2025-10-18,942,31,2,8772000
1221,2024-08-09,401,32,6,29268000
1222,2024-11-10,935,34,2,41065000
1223,2024-07-09,1812,19,3,17687000
1224,2024-11-04,2062,21,6,9623000
1225,2025-11-18,742,25,2,9410000
1226,2024-06-14,2305,12,6,19147000
1227,2024-09-22,1616,44,3,6325000
1228,2025-02-16,605,29,1,20716000
1229,2025-07-22,2115,20,2,15271000
1230,2025-04-04,1707,28,6,25537000
1231,2024-05-19,43,29,6,32650000
1232,2025-11-30,848,10,6,32448000
1233,2024-03-10,2894,14,6,23339000
1234,2024-08-01,2977,36,6,35909000
1235,2025-05-02,1711,45,1,3974000
1236,2025-01-01,2473,9,1,24575000
1237,2025-06-25,1767,47,3,24767000
1238,2025-05-01,2488,4,6,27136000
1239,2025-11-18,2843,2,6,8175000
1240,2025-06-13,2144,26,3,13758000
1241,2025-11-26,958,12,3,10827000
1242,2025-12-11,1371,50,6,18650000
1243,2024-08-28,1064,1,6,8766000
1244,2024-01-27,2816,34,3,31732000
1245,2024-05-28,1943,13,3,10246000
1246,2025-03-04,344,21,3,14569000
1247,2025-04-05,1758,17,2,2392000
1248,2024-11-17,786,44,6,26709000
1249,2025-02-25,1845,4,6,737000
1250,2025-05-27,2439,30,6,15945000
1251,2025-12-28,1389,23,6,29259000
1252,2024-06-11,1788,5,3,8520000
1253,2025-12-22,114,16,3,8744000
1254,2024-09-22,603,12,6,18847000
1255,2024-08-03,1649,48,1,10743000
1256,2025-04-11,2985,14,1,19687000
1257,2024-03-02,2893,12,1,8782000
1258,2025-10-20,604,31,2,897000
1259,2024-04-18,308,30,6,5616000
1260,2025-10-28,2008,28,3,33326000
1261,2024-05-03,2015,7,6,7173000
1262,2024-06-17,235,50,6,484000
1263,2024-06-10,2527,35,6,22291000
1264,2024-04-26,1184,18,3,2404000
1265,2025-02-17,2364,36,1,15490000
1266,2024-02-03,1536,12,3,3783000
1267,2025-03-11,2370,1,1,4091000
1268,2025-08-21,734,12,2,11376000
1269,2024-07-03,1693,37,3,15312000
1270,2024-01-15,392,18,1,25304000
1271,2025-11-25,1629,18,6,40949000
1272,2024-03-20,249,28,3,7264000
1273,2024-01-26,293,29,6,14955000
1274,2024-01-20,885,6,6,5703000
1275,2024-07-17,1826,50,3,53652000
1276,2024-12-16,2807,1,2,175000
1277,2024-10-25,2390,13,1,13340000
1278,2024-07-08,1693,30,1,3851000
1279,2024-09-16,1146,25,3,27643000
1280,2024-08-17,464,29,1,12283000
1281,2025-07-30,1142,29,6,15816000
1282,2024-09-04,2275,1,3,11903000
1283,2024-08-15,2306,3,6,456000
1284,2024-11-28,1066,4,1,12239000
1285,2024-12-24,2523,47,3,10578000
1286,2025-07-17,1332,7,3,14065000
1287,2024-08-12,2477,15,1,36675000
1288,2025-04-18,2871,11,6,19315000
1289,2024-07-03,2216,6,1,22899000
1290,2025-08-09,483,25,1,20320000
1291,2024-12-22,2672,4,6,9546000
1292,2025-07-30,1759,4,1,6829000
1293,2025-03-16,2944,27,6,50849000
1294,2025-02-08,2646,22,1,20884000
1295,2025-04-09,681,36,6,22170000
1296,2024-12-30,842,38,6,55161000
1297,2024-09-28,2554,48,3,10096000
1298,2025-01-17,96,29,3,30471000
1299,2025-06-01,2237,28,6,4488000
1300,2024-01-03,1715,48,6,15287000
1301,2025-01-07,1691,2,1,13538000
1302,2024-02-15,2235,1,2,1076000
1303,2025-08-01,704,39,2,4092000
1304,2024-06-18,763,50,3,981000
1305,2025-01-15,1226,16,3,3974000
1306,2024-02-03,1145,17,3,19434000
1307,2025-08-09,142,38,1,29512000
1308,2024-06-26,643,23,1,1116000
1309,2024-09-10,845,12,3,1361000
1310,2024-06-20,1003,23,2,2559000
1311,2024-02-11,631,24,6,7951000
1312,2024-12-18,244,8,3,19977000
1313,2024-08-19,1383,19,6,9320000
1314,2025-11-30,137,15,6,20329000
1315,2025-08-17,2066,36,3,14248000
1316,2024-10-18,2848,14,3,6459000
1317,2024-07-17,1006,13,1,14735000
1318,2024-10-28,1009,26,1,38202000
1319,2025-08-29,1748,9,2,2436000
1320,2025-07-04,110,23,3,49983000
1321,2025-07-05,2643,15,2,14675000
1322,2024-05-09,1104,49,6,27949000
1323,2024-04-02,663,38,3,5907000
1324,2025-03-30,1366,49,3,19055000
1325,2025-02-06,1283,40,3,9662000
1326,2025-09-21,549,4,3,6248000
1327,2024-05-26,995,32,6,8268000
1328,2024-07-21,309,31,6,11911000
1329,2024-11-12,2409,24,6,738000
1330,2024-06-12,269,1,6,18061000
1331,2024-07-05,2439,50,6,29254000
1332,2025-10-18,381,37,1,29445000
1333,2025-04-03,1401,40,3,5314000
1334,2025-08-23,543,12,6,7894000
1335,2025-04-02,312,45,1,4312000
1336,2024-04-12,1973,24,1,3383000
1337,2025-02-14,525,28,6,9912000
1338,2025-04-29,1305,10,3,30033000
1339,2025-10-06,1633,17,6,6846000
1340,2024-04-15,582,45,3,22480000
1341,2025-09-27,1744,8,6,52131000
1342,2024-08-22,109,1,3,22267000
1343,2025-08-30,649,43,3,7836000
1344,2024-10-02,1292,9,6,68424000
1345,2024-03-03,783,11,2,15155000
1346,2024-03-05,1450,45,1,23843000
1347,2024-12-05,1453,1,6,16916000
1348,2024-04-06,1110,14,1,33198000
1349,2024-04-12,2384,41,3,4977000
1350,2024-11-02,974,43,3,24809000
1351,2025-06-13,1809,32,3,1108000
1352,2025-04-17,2613,9,6,29076000
1353,2025-04-22,2480,9,6,8932000
1354,2025-12-10,1030,9,1,32775000
1355,2024-04-05,2056,35,1,27621000
1356,2025-12-26,1042,41,6,19583000
1357,2025-12-18,2211,8,3,18832000
1358,2024-07-03,31,20,3,31189000
1359,2025-05-09,2018,3,6,15275000
1360,2025-05-19,2598,25,3,3100000
1361,2024-07-22,856,16,1,8770000
1362,2025-08-26,2415,36,6,25587000
1363,2024-12-28,391,23,3,7951000
1364,2024-02-28,680,22,6,18789000
1365,2025-07-09,2726,19,6,14529000
1366,2024-10-08,235,34,6,30911000
1367,2025-10-13,2063,23,3,23118000
1368,2025-06-27,787,48,3,30210000
1369,2024-06-24,1314,45,6,2622000
1370,2025-12-28,1958,9,6,8858000
1371,2024-06-25,74,48,3,15577000
1372,2024-09-29,1630,31,1,13263000
1373,2025-11-05,2395,50,1,1857000
1374,2025-01-06,1250,14,6,18757000
1375,2025-01-17,329,38,6,34172000
1376,2024-06-21,2276,11,1,25436000
1377,2024-07-06,1436,1,2,19263000
1378,2025-06-30,752,23,6,15717000
1379,2024-06-21,1229,29,1,8373000
1380,2025-07-19,1685,13,3,5012000
1381,2024-09-14,739,42,3,7188000
1382,2024-04-02,695,11,1,692000
1383,2024-10-07,358,19,3,5634000
1384,2025-08-10,717,39,2,45228000
1385,2024-01-14,2481,45,6,13680000
1386,2025-02-07,698,45,6,14563000
1387,2024-02-10,551,27,6,29680000
1388,2024-01-01,1075,22,3,46546000
1389,2025-08-17,1480,28,1,28854000
1390,2024-07-08,274,31,6,4518000
1391,2025-10-24,162,2,1,462000
1392,2025-09-21,307,4,3,7260000
1393,2025-08-11,900,16,6,21132000
1394,2024-07-24,2207,40,1,22930000
1395,2024-05-17,657,20,6,7038000
1396,2024-04-05,356,38,1,2017000
1397,2025-01-26,24,45,3,17632000
1398,2025-03-05,88,34,1,28998000
1399,2025-04-17,1991,43,2,32089000
1400,2024-11-24,1639,18,6,7323000
1401,2024-04-23,2807,48,6,2634000
1402,2024-02-26,1942,28,1,4392000
1403,2025-02-04,1153,14,3,15152000
1404,2025-12-31,1450,1,3,21722000
1405,2025-08-09,1334,15,6,7580000
1406,2024-06-26,819,18,6,6014000
1407,2024-04-02,1822,28,1,3865000
1408,2024-08-16,2758,8,1,17458000
1409,2024-07-21,1681,8,3,28334000
1410,2025-10-20,2529,17,6,19146000
1411,2025-12-30,382,28,6,9249000
1412,2024-05-20,820,46,3,1060000
1413,2025-02-02,1430,18,6,16600000
1414,2024-04-29,806,30,1,2017000
1415,2025-04-20,1925,43,6,1574000
1416,2025-06-19,1483,31,6,16410000
1417,2024-02-02,1729,45,1,31578000
1418,2024-09-14,2476,19,1,43189000
1419,2025-09-30,185,18,6,972000
1420,2024-03-12,1939,21,6,4710000
1421,2024-04-12,2096,36,6,16434000
1422,2024-01-21,355,32,3,4448000
1423,2025-09-22,2313,13,1,1234000
1424,2024-11-02,2857,12,2,3067000
1425,2024-06-21,1176,36,1,9993000
1426,2025-03-31,1261,18,6,9018000
1427,2024-03-20,2033,11,1,11410000
1428,2024-10-02,1415,28,6,40456000
1429,2024-07-20,2053,25,3,13410000
1430,2024-09-18,1838,37,2,23922000
1431,2024-06-18,1471,19,3,5083000
1432,2025-01-13,924,25,1,1729000
1433,2025-03-04,2292,37,2,8349000
1434,2024-10-14,2819,30,1,3905000
1435,2024-07-21,2113,28,6,10115000
1436,2024-03-05,2675,1,2,6093000
1437,2025-09-01,1389,15,3,5740000
1438,2024-12-11,2564,21,6,37950000
1439,2024-10-01,715,6,6,10507000
1440,2024-10-12,961,21,3,1726000
1441,2025-09-09,66,3,3,10793000
1442,2024-08-13,1954,35,2,28799000
1443,2024-09-25,2753,28,3,13047000
1444,2024-11-08,2002,42,6,56369000
1445,2024-04-06,1203,15,6,16407000
1446,2025-06-01,2141,17,6,7493000
1447,2024-08-05,1873,4,6,3040000
1448,2025-01-19,338,35,6,7894000
1449,2025-10-29,1440,27,6,11728000
1450,2025-02-28,1915,9,6,31781000
1451,2024-08-27,1656,36,3,22512000
1452,2025-01-11,2700,20,2,14963000
1453,2025-06-15,1527,34,3,18229000
1454,2025-08-07,138,4,1,33244000
1455,2025-04-08,1948,45,1,38641000
1456,2025-08-13,451,1,3,16599000
1457,2024-11-11,1371,3,6,3309000
1458,2025-10-27,2303,25,2,556000
1459,2024-10-24,968,24,6,3281000
1460,2025-03-14,137,22,3,16023000
1461,2024-08-21,2892,16,6,25382000
1462,2024-09-30,1741,38,3,4206000
1463,2024-09-08,866,2,6,11866000
1464,2025-05-09,2641,29,1,23150000
1465,2024-01-23,1658,31,2,18934000
1466,2025-07-15,556,12,1,3960000
1467,2025-03-06,1681,31,3,19145000
1468,2025-10-19,1152,50,3,5127000
1469,2025-09-21,67,50,3,13512000
1470,2025-04-07,2082,42,3,65511000
1471,2025-03-17,1348,14,3,8503000
1472,2024-12-03,2770,39,3,12595000
1473,2025-01-31,1929,49,1,805000
1474,2025-08-09,1699,14,6,4347000
1475,2025-11-27,693,45,3,2178000
1476,2025-12-11,2531,33,6,8372000
1477,2025-02-13,99,48,6,13756000
1478,2025-10-14,1322,2,6,6136000
1479,2025-08-07,566,9,3,17307000
1480,2025-12-12,1866,4,6,13651000
1481,2025-10-25,2298,28,2,3476000
1482,2025-07-12,1645,44,6,9354000
1483,2024-01-31,1668,26,1,11105000
1484,2024-07-10,251,49,3,24123000
1485,2025-02-15,668,37,3,32352000
1486,2025-04-30,786,38,3,16938000
1487,2024-06-30,2085,40,2,5183000
1488,2025-11-20,2321,35,1,30591000
1489,2025-05-17,492,36,1,4418000
1490,2025-03-04,2878,21,1,18918000
1491,2024-08-26,1900,6,6,6380000
1492,2024-01-07,2187,28,6,23044000
1493,2025-09-17,1075,11,6,23546000
1494,2025-08-24,1196,11,3,13436000
1495,2024-07-30,2941,45,3,4601000
1496,2025-07-02,2814,43,1,24576000
1497,2024-03-30,2764,50,1,1737000
1498,2024-11-30,1239,44,3,6692000
1499,2025-12-09,79,8,6,6785000
1500,2025-01-02,2317,40,6,4091000
1501,2025-04-05,110,25,3,24403000
1502,2024-07-02,261,40,6,23607000
1503,2025-07-05,1799,13,2,11844000
1504,2025-01-11,1059,39,3,24815000
1505,2024-06-15,1113,15,3,7831000
1506,2025-06-08,1139,43,1,23459000
1507,2024-02-25,2857,10,2,2005000
1508,2025-04-22,2969,35,3,3830000
1509,2025-02-28,1932,33,2,6212000
1510,2025-01-30,2597,25,6,14455000
1511,2025-11-10,909,44,3,3182000
1512,2024-12-17,2643,34,3,12822000
1513,2024-02-23,422,25,6,19290000
1514,2025-08-17,2961,43,1,18678000
1515,2025-10-31,2094,6,6,862000
1516,2024-01-02,819,29,2,6611000
1517,2024-04-27,1950,4,3,21662000
1518,2024-06-08,1689,41,6,16899000
1519,2024-02-13,1828,4,1,7841000
1520,2024-02-01,2102,41,3,18297000
1521,2024-02-02,2121,41,2,50565000
1522,2025-04-10,653,26,1,16532000
1523,2025-06-25,679,39,6,11796000
1524,2025-07-17,713,42,6,7712000
1525,2024-11-02,2157,21,3,9533000
1526,2025-11-07,79,30,1,5750000
1527,2025-06-12,2080,43,3,4476000
1528,2024-12-13,2315,12,6,980000
1529,2025-10-08,1129,6,2,11251000
1530,2025-03-05,2212,1,6,807000
1531,2025-08-29,2808,8,3,13008000
1532,2025-01-29,452,11,6,19187000
1533,2025-02-19,1606,9,2,29380000
1534,2025-07-24,136,34,1,36181000
1535,2024-01-18,984,40,2,18523000
1536,2025-04-12,233,41,1,7626000
1537,2025-03-07,798,44,6,6340000
1538,2024-10-14,1104,14,6,16783000
1539,2025-09-01,1563,41,1,20986000
1540,2025-10-19,1037,22,3,8939000
1541,2025-11-27,1985,1,3,35717000
1542,2024-07-01,45,48,6,29210000
1543,2025-11-08,2695,10,6,5961000
1544,2024-06-15,2694,24,1,14701000
1545,2025-02-21,2444,2,3,4511000
1546,2024-04-02,640,15,6,31595000
1547,2025-01-07,1019,1,1,3369000
1548,2025-07-18,1091,37,6,7027000
1549,2025-02-18,2885,4,1,21838000
1550,2025-09-16,1544,42,6,6008000
1551,2024-01-01,541,49,6,40653000
1552,2024-09-05,1538,21,1,19724000
1553,2025-12-07,1263,3,6,38338000
1554,2024-12-29,911,45,6,29853000
1555,2024-09-18,2054,49,2,15381000
1556,2025-12-17,2183,29,6,2440000
1557,2024-10-12,2784,2,1,19277000
1558,2025-02-13,2875,18,3,12896000
1559,2025-07-13,602,8,6,3127000
1560,2025-08-06,1851,32,1,5090000
1561,2025-06-14,1514,18,6,5844000
1562,2025-02-24,624,13,1,11539000
1563,2024-08-24,1753,3,6,3512000
1564,2025-02-16,1899,39,3,7030000
1565,2025-06-25,1671,19,3,16157000
1566,2024-03-16,530,24,3,4548000
1567,2024-11-13,2323,32,1,15191000
1568,2024-05-18,207,17,1,4821000
1569,2025-09-11,2149,25,1,48339000
1570,2024-06-18,1683,37,3,12954000
1571,2024-05-11,46,25,6,8946000
1572,2025-02-11,298,30,3,21579000
1573,2025-08-20,1672,12,1,9920000
1574,2024-12-19,1545,40,3,16948000
1575,2025-09-07,2693,10,3,19906000
1576,2025-09-09,2246,16,1,30063000
1577,2024-11-24,2265,48,6,25205000
1578,2025-02-13,2278,33,6,6232000
1579,2025-12-28,2030,29,3,6960000
1580,2024-07-10,1525,50,6,1274000
1581,2024-01-13,1234,8,1,2499000
1582,2024-09-17,2152,12,3,5333000
1583,2025-06-19,1031,39,1,4632000
1584,2024-04-07,1341,13,3,13305000
1585,2025-06-24,777,49,3,13360000
1586,2024-03-27,634,9,6,19802000
1587,2024-01-11,121,1,2,37946000
1588,2024-10-23,1219,4,6,919000
1589,2025-02-12,602,40,3,4184000
1590,2024-11-08,2671,43,1,34621000
1591,2024-02-04,1165,47,3,38698000
1592,2024-03-13,892,20,3,53813000
1593,2024-01-18,837,34,3,5186000
1594,2025-05-22,1317,10,3,23509000
1595,2025-04-26,543,3,3,7399000
1596,2025-09-19,2213,28,6,1468000
1597,2025-11-18,1572,20,1,9625000
1598,2025-11-14,2857,9,6,22800000
1599,2024-01-12,1350,40,1,1020000
1600,2024-02-26,2125,12,1,2517000
1601,2024-12-10,951,2,3,9969000
1602,2025-05-11,1748,28,3,24307000
1603,2024-04-14,2550,17,3,11571000
1604,2025-09-27,1642,9,3,24669000
1605,2025-07-12,140,42,6,624000
1606,2025-02-15,2188,9,3,16283000
1607,2024-03-28,1941,43,6,576000
1608,2024-09-08,2573,1,6,24438000
1609,2025-09-22,1674,27,2,11371000
1610,2025-06-22,1764,37,6,6847000
1611,2025-05-06,627,49,6,14343000
1612,2024-01-07,1269,16,6,5090000
1613,2025-05-17,1056,8,1,912000
1614,2024-11-21,924,5,1,10580000
1615,2025-05-08,2706,40,6,9993000
1616,2025-02-18,398,1,2,2682000
1617,2025-05-23,2008,32,1,21455000
1618,2025-10-19,695,5,6,25596000
1619,2024-12-24,255,15,6,14750000
1620,2024-03-29,2358,49,1,1241000
1621,2024-02-16,601,45,6,2965000
1622,2025-09-28,2392,39,2,34285000
1623,2025-08-27,813,34,6,15761000
1624,2024-07-17,861,30,2,5580000
1625,2024-07-13,1222,47,1,15151000
1626,2024-10-27,1272,18,6,38120000
1627,2024-10-20,2253,39,2,19014000
1628,2024-10-04,2021,28,3,19436000
1629,2025-03-30,2190,27,1,52276000
1630,2024-08-18,1292,5,2,11803000
1631,2025-12-09,1927,27,6,8727000
1632,2024-03-19,2492,5,6,9882000
1633,2025-10-06,140,45,3,8656000
1634,2024-12-31,368,31,1,5390000
1635,2025-11-04,682,35,3,7604000
1636,2024-12-21,322,18,6,12567000
1637,2025-01-27,789,17,2,10667000
1638,2025-09-11,301,36,6,3851000
1639,2025-06-05,6,23,6,10077000
1640,2025-07-11,324,47,2,12999000
1641,2024-11-24,1851,17,6,8173000
1642,2025-09-26,1608,43,6,32265000
1643,2024-09-11,2467,43,3,31913000
1644,2025-02-11,193,42,6,19339000
1645,2025-04-29,12,4,6,30304000
1646,2024-01-12,2408,16,3,6503000
1647,2024-11-14,1307,20,2,1104000
1648,2025-07-06,1132,2,1,38104000
1649,2025-09-10,2916,35,1,10856000
1650,2024-07-01,334,35,3,7368000
1651,2025-11-28,857,38,6,1799000
1652,2025-02-07,657,50,3,4098000
1653,2024-09-01,2105,24,3,31491000
1654,2025-07-21,1636,44,6,4535000
1655,2025-10-05,2841,48,2,13185000
1656,2025-11-06,1822,35,3,9467000
1657,2024-01-13,621,26,6,7464000
1658,2024-06-10,2491,45,6,27515000
1659,2024-04-02,1566,19,6,12119000
1660,2025-12-27,2459,14,1,10390000
1661,2024-08-30,1404,47,6,4312000
1662,2024-05-15,820,4,1,20416000
1663,2025-09-11,1919,20,6,55754000
1664,2024-01-22,2061,33,3,13871000
1665,2025-03-18,1997,3,3,4376000
1666,2025-09-11,2288,31,3,20517000
1667,2025-09-02,689,3,2,25850000
1668,2025-09-05,2865,40,3,15907000
1669,2025-07-07,2961,45,6,36619000
1670,2024-08-15,324,6,1,14247000
1671,2025-11-28,595,25,6,18409000
1672,2024-04-12,395,22,3,33442000
1673,2024-10-09,2268,22,3,4878000
1674,2024-02-18,1405,11,6,16972000
1675,2024-09-03,764,43,2,23777000
1676,2024-04-24,2434,42,6,13530000
1677,2024-02-03,1210,30,1,29366000
1678,2024-05-30,75,21,1,12461000
1679,2025-09-07,1927,44,2,6232000
1680,2025-05-02,1956,18,6,19570000
1681,2025-12-29,1141,19,6,21356000
1682,2025-12-15,233,35,1,1016000
1683,2025-10-17,806,6,6,15848000
1684,2024-03-06,1185,25,2,2865000
1685,2025-09-24,2345,22,1,40641000
1686,2025-08-13,1116,27,6,16972000
1687,2025-01-31,1672,9,6,4090000
1688,2024-07-03,1017,21,3,5676000
1689,2025-01-19,12,24,1,22090000
1690,2024-01-14,565,48,6,17092000
1691,2024-03-16,2190,20,2,31183000
1692,2024-05-12,1532,32,3,38824000
1693,2025-04-04,25,14,6,21617000
1694,2025-06-13,1644,4,6,14803000
1695,2024-02-23,1612,16,3,24176000
1696,2025-02-09,1622,16,6,1948000
1697,2024-01-09,1520,3,1,22560000
1698,2025-06-27,2626,6,6,46530000
1699,2024-09-29,33,40,3,3980000
1700,2025-08-24,495,1,1,3932000
1701,2025-08-23,180,38,2,13800000
1702,2024-06-17,241,48,1,239000
1703,2025-10-16,119,10,6,6822000
1704,2024-05-18,96,39,6,34585000
1705,2024-12-13,648,45,1,46213000
1706,2025-04-16,1520,37,6,8225000
1707,2025-12-13,2448,24,1,33610000
1708,2024-04-24,2354,42,1,6082000
1709,2025-02-05,171,4,3,12932000
1710,2025-06-30,1763,3,1,17091000
1711,2025-04-19,1429,32,6,14558000
1712,2025-11-08,1318,17,6,6050000
1713,2025-10-07,2419,9,3,4119000
1714,2024-11-22,1171,48,3,6370000
1715,2025-09-11,1154,45,6,10290000
1716,2024-12-03,923,33,2,856000
1717,2024-05-07,2284,2,3,5648000
1718,2024-05-03,2943,36,3,40391000
1719,2025-02-02,1425,41,6,1412000
1720,2025-06-26,866,19,6,14861000
1721,2024-12-04,1631,26,1,12373000
1722,2024-06-20,2446,44,6,12260000
1723,2024-06-01,506,32,3,9452000
1724,2025-05-21,215,21,6,10322000
1725,2025-01-24,50,16,6,26911000
1726,2024-04-15,1721,9,6,38461000
1727,2025-07-08,1733,2,6,806000
1728,2024-01-11,1214,29,1,9994000
1729,2025-03-07,1664,2,1,23552000
1730,2024-07-20,1448,5,6,52061000
1731,2025-05-31,1496,2,3,18255000
1732,2025-01-18,816,44,3,10820000
1733,2024-03-10,1808,15,3,9038000
1734,2025-03-09,2036,7,6,9714000
1735,2025-03-09,222,23,3,14371000
1736,2025-03-26,2344,4,6,25341000
1737,2024-05-12,735,17,6,406000
1738,2024-03-17,857,16,3,31325000
1739,2024-11-30,1260,29,3,1895000
1740,2024-09-28,232,46,6,2665000
1741,2024-09-27,2998,48,6,13639000
1742,2024-08-06,398,44,6,10451000
1743,2025-12-12,1916,38,3,10897000
1744,2024-11-22,2961,30,2,8666000
1745,2025-08-09,328,49,3,33303000
1746,2025-10-14,2358,35,6,9332000
1747,2025-03-21,1231,46,6,34129000
1748,2025-08-17,880,28,6,23616000
1749,2025-02-01,505,36,1,8689000
1750,2024-07-18,1321,46,3,35659000
1751,2025-05-21,1081,41,3,5368000
1752,2025-04-16,1622,36,2,19325000
1753,2025-01-18,2813,30,3,17795000
1754,2024-07-09,995,48,6,4425000
1755,2025-04-30,2995,6,3,14316000
1756,2024-09-28,1001,1,2,21728000
1757,2025-07-31,761,11,2,27822000
1758,2025-09-09,1475,28,6,1373000
1759,2024-09-04,889,13,1,36447000
1760,2025-12-07,2894,39,6,3784000
1761,2024-08-05,2796,9,1,15257000
1762,2025-08-02,1659,19,6,8221000
1763,2024-02-10,763,36,1,304000
1764,2024-11-25,984,49,1,9208000
1765,2025-02-08,1885,25,3,5400000
1766,2025-08-30,2674,12,6,16513000
1767,2024-06-18,1800,31,1,7686000
1768,2025-09-28,2905,11,1,21146000
1769,2025-07-01,1386,42,1,5853000
1770,2024-02-17,560,16,1,20598000
1771,2024-01-23,2357,7,6,4637000
1772,2025-12-06,1,5,6,9695000
1773,2025-09-23,774,15,1,5193000
1774,2025-06-12,1143,19,1,4362000
1775,2024-08-05,1217,32,3,5030000
1776,2025-09-11,2421,34,1,8745000
1777,2025-09-14,38,44,6,25735000
1778,2024-12-05,1316,6,6,2880000
1779,2024-10-02,2827,22,1,10500000
1780,2025-02-02,236,29,6,26328000
1781,2025-03-22,2329,45,3,1794000
1782,2025-09-29,285,13,3,825000
1783,2024-08-14,510,2,3,16743000
1784,2025-02-06,1165,16,1,3777000
1785,2025-11-20,634,12,6,4996000
1786,2025-10-02,2969,50,1,3358000
1787,2024-05-11,2019,29,6,17458000
1788,2025-04-23,895,14,2,20263000
1789,2025-02-28,2974,33,2,12614000
1790,2025-02-11,1646,20,6,24024000
1791,2024-01-29,1815,1,1,11632000
1792,2025-07-25,1481,4,1,20151000
1793,2025-01-22,142,22,3,1403000
1794,2024-11-16,695,40,3,49595000
1795,2024-11-07,555,41,6,7286000
1796,2024-03-27,2982,3,6,6026000
1797,2025-12-26,1219,47,2,24659000
1798,2024-05-15,2032,18,2,24506000
1799,2025-11-22,2655,28,6,10704000
1800,2025-01-10,2074,11,6,4322000
1801,2025-04-09,1722,9,6,3824000
1802,2025-08-05,10,28,1,43453000
1803,2024-01-15,164,16,6,7424000
1804,2024-07-14,2083,43,6,39152000
1805,2025-10-11,1653,17,6,5519000
1806,2024-03-13,1159,37,6,8958000
1807,2024-09-30,1291,39,6,26232000
1808,2025-10-23,2402,14,3,9294000
1809,2025-06-19,892,38,3,12401000
1810,2025-11-26,1985,48,3,15657000
1811,2025-07-08,2901,18,3,1427000
1812,2024-03-20,1056,39,3,6771000
1813,2025-03-13,141,38,3,1600000
1814,2024-11-18,1285,1,6,5356000
1815,2025-09-03,2877,43,1,4036000
1816,2024-05-26,1708,50,6,8811000
1817,2024-10-30,887,9,1,991000
1818,2024-08-15,2419,17,6,42353000
1819,2024-04-13,536,7,1,14050000
1820,2025-07-15,2400,46,3,36828000
1821,2025-10-28,306,43,3,12769000
1822,2024-12-03,2523,19,3,38971000
1823,2024-12-13,934,17,2,11255000
1824,2024-01-05,2867,5,1,39839000
1825,2025-12-02,1845,28,1,4520000
1826,2024-05-20,791,38,3,2362000
1827,2025-12-21,1246,32,6,15776000
1828,2024-06-25,2610,11,6,9017000
1829,2025-02-11,2930,30,3,23835000
1830,2025-12-13,2014,5,3,41362000
1831,2025-05-28,2156,10,1,2409000
1832,2024-07-28,1845,34,3,9278000
1833,2025-10-26,1979,4,6,2487000
1834,2025-11-04,2240,19,2,16108000
1835,2025-02-01,2139,4,6,16789000
1836,2025-12-15,316,47,1,6782000
1837,2025-12-15,2963,17,3,30849000
1838,2025-10-19,1516,26,6,10130000
1839,2025-04-23,2356,39,3,6290000
1840,2024-10-04,1604,2,6,9081000
1841,2025-06-11,1755,44,6,7269000
1842,2025-09-30,1104,37,6,53035000
1843,2024-07-16,2779,35,1,6196000
1844,2024-01-04,2544,29,1,16940000
1845,2024-07-25,1618,8,2,740000
1846,2025-07-10,244,37,1,6776000
1847,2025-03-03,343,25,6,5953000
1848,2024-05-15,31,7,6,29316000
1849,2024-11-26,1460,21,6,12165000
1850,2025-12-01,2075,27,6,24981000
1851,2024-12-04,2045,43,3,22994000
1852,2025-02-12,1321,21,6,5878000
1853,2025-05-20,1443,7,1,5564000
1854,2024-09-17,1927,28,6,1832000
1855,2024-01-06,29,4,6,3381000
1856,2025-06-20,1829,22,3,19075000
1857,2025-02-28,2175,9,6,20234000
1858,2025-11-30,236,23,3,62474000
1859,2025-02-28,1568,23,6,25364000
1860,2024-11-28,437,10,1,11158000
1861,2024-09-19,1240,17,3,16714000
1862,2025-06-08,2412,40,6,32475000
1863,2024-10-30,21,10,1,2686000
1864,2024-07-25,2168,27,3,49620000
1865,2025-03-12,70,33,1,18855000
1866,2024-11-21,1925,3,2,12141000
1867,2025-04-08,82,16,6,11688000
1868,2024-07-17,187,40,6,18743000
1869,2024-10-01,631,14,3,6180000
1870,2025-10-20,1685,4,1,14939000
1871,2024-02-16,2842,22,3,19475000
1872,2025-07-07,2505,48,3,2349000
1873,2024-08-16,125,39,6,4420000
1874,2024-03-11,871,18,3,1527000
1875,2024-01-13,2392,50,6,11209000
1876,2025-10-15,272,39,6,49193000
1877,2025-09-02,1986,37,6,1220000
1878,2024-05-18,1118,22,1,49241000
1879,2025-07-22,1101,8,1,1278000
1880,2025-01-06,1595,40,6,1520000
1881,2025-06-23,54,20,6,22195000
1882,2024-02-13,1901,14,6,22399000
1883,2025-01-21,2832,32,6,44765000
1884,2025-06-05,59,37,6,38377000
1885,2025-05-25,2623,41,1,18512000
1886,2025-08-09,1029,44,2,8064000
1887,2024-12-10,2395,41,3,7829000
1888,2024-02-16,575,43,6,11696000
1889,2024-01-02,691,46,3,43293000
1890,2024-09-13,1108,10,3,38138000
1891,2024-08-26,369,23,3,11952000
1892,2025-09-06,574,22,3,24160000
1893,2024-10-14,2501,2,6,6420000
1894,2024-07-14,1279,10,2,890000
1895,2024-08-20,395,37,6,381000
1896,2025-11-11,1884,31,6,49171000
1897,2025-06-29,1790,30,6,23278000
1898,2025-09-16,1497,8,6,3893000
1899,2024-03-09,2104,28,6,10212000
1900,2025-12-04,2141,47,1,14694000
1901,2024-07-25,16,33,3,1951000
1902,2024-05-12,2484,21,3,11032000
1903,2025-02-09,2853,33,6,8481000
1904,2024-04-18,2337,27,1,24341000
1905,2024-09-07,2649,50,1,16187000
1906,2024-06-21,1759,2,6,9031000
1907,2025-07-15,1544,46,3,39667000
1908,2024-10-13,679,30,6,26131000
1909,2025-05-07,1199,34,1,5901000
1910,2024-04-11,1817,13,2,16975000
1911,2025-01-28,1651,12,3,3882000
1912,2024-08-06,2692,42,3,20445000
1913,2025-01-15,378,34,3,10840000
1914,2025-04-24,2216,33,1,4119000
1915,2024-10-28,601,25,6,26696000
1916,2024-12-14,2307,20,6,11566000
1917,2025-09-29,2248,38,2,8237000
1918,2025-03-06,626,16,1,5120000
1919,2025-04-16,2970,10,1,10621000
1920,2025-10-31,1941,8,6,8430000
1921,2025-10-01,2059,38,3,24104000
1922,2024-06-04,702,15,6,1990000
1923,2025-11-26,2348,4,3,7689000
1924,2025-12-26,1755,21,6,20768000
1925,2025-07-09,2572,41,6,29258000
1926,2024-02-26,2749,36,6,12298000
1927,2025-04-22,1830,38,6,975000
1928,2025-12-21,1063,5,6,7397000
1929,2025-03-06,2034,21,6,4641000
1930,2024-07-26,2431,34,3,25735000
1931,2025-07-11,2216,40,3,23040000
1932,2025-04-08,861,30,3,4972000
1933,2024-03-08,1445,38,2,10710000
1934,2024-11-24,2024,39,2,29586000
1935,2025-07-25,2380,20,6,2368000
1936,2025-06-06,2493,49,6,3992000
1937,2024-06-20,1659,36,1,3556000
1938,2025-06-01,1080,36,3,26637000
1939,2025-03-29,1684,14,3,37651000
1940,2024-01-24,638,2,6,28552000
1941,2025-02-12,325,10,1,5899000
1942,2025-08-30,1635,44,3,23080000
1943,2024-07-03,470,41,3,25714000
1944,2024-01-29,2589,22,2,33532000
1945,2025-07-14,2240,7,1,17487000
1946,2025-08-03,2651,35,3,19230000
1947,2025-10-21,1586,42,3,19227000
1948,2025-06-07,549,2,6,35206000
1949,2024-01-08,1646,25,3,5022000
1950,2024-02-07,486,4,6,31430000
1951,2025-08-23,541,15,6,17867000
1952,2024-05-30,2415,36,1,1534000
1953,2025-01-31,2267,39,1,16494000
1954,2024-08-17,1126,46,3,3593000
1955,2025-11-09,1789,43,6,10005000
1956,2025-09-14,1861,3,1,315000
1957,2025-12-31,1296,3,6,336000
1958,2025-05-17,1344,30,3,3100000
1959,2025-09-20,1695,34,1,19211000
1960,2024-07-14,1386,23,6,10845000
1961,2024-01-14,1995,29,1,9341000
1962,2024-04-13,700,43,1,33641000
1963,2024-04-12,1323,22,6,31219000
1964,2025-10-09,175,44,6,29837000
1965,2025-03-26,2770,3,6,16224000
1966,2024-05-10,2637,6,3,9830000
1967,2025-05-04,2531,39,1,2356000
1968,2025-06-12,1122,46,6,6485000
1969,2024-09-26,184,20,6,11531000
1970,2025-06-05,2202,14,2,30590000
1971,2024-03-19,1276,5,6,8382000
1972,2025-05-09,211,42,2,20183000
1973,2024-06-05,930,42,6,29013000
1974,2024-02-20,813,26,3,11344000
1975,2025-03-30,467,21,6,30185000
1976,2025-06-30,2465,5,3,21044000
1977,2025-08-19,2617,29,6,45900000
1978,2025-09-24,1829,35,3,15466000
1979,2024-05-25,951,41,6,21751000
1980,2025-10-04,1094,23,6,41676000
1981,2025-06-08,1196,17,6,9804000
1982,2025-04-29,2354,19,2,27801000
1983,2024-08-25,1734,47,6,23482000
1984,2024-11-01,89,5,6,16133000
1985,2024-08-11,552,40,6,12619000
1986,2025-05-06,896,49,6,17002000
1987,2025-06-02,2712,14,3,4203000
1988,2024-12-29,2386,32,6,11372000
1989,2025-04-08,2894,11,3,37422000
1990,2025-12-21,2742,10,6,26822000
1991,2024-08-27,428,33,6,4377000
1992,2025-07-26,854,46,3,13920000
1993,2024-05-19,2314,6,6,1464000
1994,2025-07-26,1509,46,6,116000
1995,2025-10-19,671,15,1,32207000
1996,2024-06-28,1230,6,6,2040000
1997,2025-01-16,283,36,6,30986000
1998,2025-10-03,1042,35,1,8964000
1999,2025-08-20,1773,25,2,28097000
2000,2025-04-22,850,20,6,5770000
2001,2025-01-28,1929,46,6,8021000
2002,2025-02-02,724,47,2,7063000
2003,2024-12-19,2590,37,6,9776000
2004,2025-07-11,1161,42,2,5043000
2005,2025-10-04,1995,18,3,27105000
2006,2024-04-27,1740,5,6,33487000
2007,2024-01-04,1380,1,1,10704000
2008,2024-06-18,316,33,2,1643000
2009,2025-02-18,2313,36,3,5836000
2010,2025-10-23,1175,7,1,12452000
2011,2024-11-03,1121,43,6,12404000
2012,2025-01-30,2864,4,3,13177000
2013,2024-09-18,2304,14,6,25111000
2014,2025-04-05,1179,2,1,13308000
2015,2025-08-28,2945,9,3,29494000
2016,2025-02-18,1183,43,1,374000
2017,2024-07-25,118,10,6,26136000
2018,2025-10-11,1425,48,2,13865000
2019,2025-08-11,2974,42,3,6832000
2020,2025-01-28,2897,12,2,10907000
2021,2025-07-25,773,27,6,5417000
2022,2025-04-08,1883,8,3,2432000
2023,2025-01-21,1702,27,6,18631000
2024,2024-03-20,7,9,6,4197000
2025,2025-02-07,986,18,1,6060000
2026,2024-02-02,551,9,1,8551000
2027,2025-11-27,2863,15,6,11240000
2028,2025-09-20,2411,35,3,15355000
2029,2024-03-15,856,47,6,3545000
2030,2025-03-09,2269,15,6,12566000
2031,2025-05-14,1467,40,2,69685000
2032,2024-04-06,1943,29,3,47957000
2033,2024-03-14,1342,10,6,5807000
2034,2024-10-09,1654,8,6,13064000
2035,2024-10-27,111,40,1,22029000
2036,2024-08-04,1005,50,6,11362000
2037,2024-03-05,1876,20,6,3776000
2038,2025-01-04,1779,20,1,14465000
2039,2025-01-20,216,8,3,28530000
2040,2025-01-27,1009,32,1,3533000
2041,2025-01-23,894,5,3,37571000
2042,2025-08-21,1462,48,6,3296000
2043,2025-09-19,2596,22,6,8115000
2044,2025-08-19,647,41,1,1540000
2045,2025-05-12,2808,29,6,1489000
2046,2024-09-26,380,20,3,6426000
2047,2024-02-16,108,14,3,18485000
2048,2024-11-27,11,12,6,39050000
2049,2024-12-17,261,47,1,21209000
2050,2024-10-04,1182,44,6,4602000
2051,2025-07-16,1636,31,1,39751000
2052,2024-07-03,2185,35,1,22186000
2053,2025-08-09,4,20,6,16382000
2054,2024-09-03,957,5,6,30674000
2055,2025-01-04,1131,25,3,46069000
2056,2025-01-17,2813,31,6,8997000
2057,2025-08-17,811,10,6,3301000
2058,2024-04-05,469,17,3,12840000
2059,2025-04-13,2155,34,6,1172000
2060,2025-08-26,1298,14,2,16489000
2061,2024-05-17,2819,1,6,15439000
2062,2024-01-15,2389,21,6,1516000
2063,2024-09-06,1806,32,6,3915000
2064,2025-03-11,389,33,1,18647000
2065,2024-02-23,2861,34,6,18372000
2066,2025-05-29,212,4,3,5702000
2067,2025-12-14,2196,31,1,2130000
2068,2024-03-28,1279,14,3,5601000
2069,2024-03-27,1330,6,3,6588000
2070,2024-09-13,938,28,6,14596000
2071,2025-07-01,1690,11,2,3965000
2072,2024-01-16,1991,36,2,21013000
2073,2025-07-15,1869,7,2,2574000
2074,2025-09-21,2751,26,3,20155000
2075,2024-11-23,1734,20,1,20903000
2076,2024-12-04,1861,4,6,1354000
2077,2025-10-19,2245,42,3,474000
2078,2024-05-26,1753,38,1,11944000
2079,2024-09-07,2956,5,6,9960000
2080,2024-09-26,735,46,1,5654000
2081,2024-01-13,1656,3,3,35122000
2082,2024-07-08,800,4,1,9432000
2083,2025-05-29,1769,22,6,34650000
2084,2025-12-13,78,44,6,31676000
2085,2024-05-21,689,19,3,12329000
2086,2024-04-08,1185,10,2,11124000
2087,2025-02-17,1675,31,3,13542000
2088,2024-04-15,1291,5,6,8963000
2089,2024-11-23,2412,37,1,36006000
2090,2024-01-20,391,26,6,1098000
2091,2024-09-12,843,48,3,10885000
2092,2024-05-24,528,9,1,23004000
2093,2024-10-11,154,3,6,1350000
2094,2024-08-25,2405,9,1,8805000
2095,2025-11-11,722,4,6,1170000
2096,2025-01-21,573,42,2,24384000
2097,2024-04-07,2717,48,3,17630000
2098,2024-02-17,310,8,1,29128000
2099,2024-09-19,2189,20,1,28811000
2100,2024-08-16,2359,7,1,16467000
2101,2024-08-21,2629,12,6,14990000
2102,2024-07-04,2118,25,2,9583000
2103,2024-08-07,649,16,3,36875000
2104,2024-09-17,1375,27,6,37022000
2105,2024-12-07,518,14,6,17401000
2106,2024-07-09,2051,26,6,20652000
2107,2024-11-01,2497,29,6,15028000
2108,2024-01-06,710,17,3,26164000
2109,2025-06-08,1762,28,1,4974000
2110,2024-10-01,713,48,3,34005000
2111,2025-08-20,1461,16,6,24737000
2112,2025-04-09,2608,43,6,11944000
2113,2025-10-02,994,18,3,24594000
2114,2025-07-17,2610,41,6,2984000
2115,2024-06-30,2548,31,1,76000
2116,2024-12-30,1658,50,2,2303000
2117,2024-12-08,2820,12,6,8890000
2118,2025-02-17,1520,22,3,28466000
2119,2024-03-08,1096,32,6,1241000
2120,2024-06-10,1515,16,3,1857000
2121,2024-03-03,2538,27,6,4483000
2122,2024-11-03,432,18,6,18831000
2123,2025-01-13,898,16,6,2249000
2124,2025-08-18,2859,24,1,9507000
2125,2024-10-22,1809,50,6,5052000
2126,2025-02-07,1779,47,6,10788000
2127,2025-11-13,956,22,1,26003000
2128,2025-07-28,2378,45,6,10051000
2129,2024-05-10,2597,50,3,36299000
2130,2025-07-18,1389,48,1,7190000
2131,2024-06-06,1187,13,6,24129000
2132,2025-05-20,2427,10,6,14900000
2133,2024-04-15,1388,31,2,22215000
2134,2024-06-09,2626,30,6,56794000
2135,2024-07-20,2562,36,1,31485000
2136,2024-11-27,1112,14,6,16980000
2137,2025-02-24,2247,22,3,4062000
2138,2025-03-15,1010,43,3,18890000
2139,2024-01-27,1692,7,6,31524000
2140,2025-07-05,603,19,3,3816000
2141,2025-04-26,2418,41,1,7930000
2142,2025-09-22,2493,49,3,29297000
2143,2025-11-04,317,27,2,29607000
2144,2024-12-28,920,44,3,21789000
2145,2024-03-26,416,26,3,2740000
2146,2025-11-02,806,45,6,7292000
2147,2024-03-31,120,16,2,14003000
2148,2025-05-24,853,31,1,12656000
2149,2025-01-23,242,31,1,12798000
2150,2024-01-05,391,18,3,43574000
2151,2025-09-20,1736,31,3,27825000
2152,2025-12-29,79,36,1,6094000
2153,2025-01-30,2998,18,3,14151000
2154,2024-07-31,483,9,2,13444000
2155,2024-10-19,1632,13,3,33005000
2156,2024-10-31,1811,26,1,2048000
2157,2024-11-27,2632,18,1,884000
2158,2025-08-15,2593,11,6,7040000
2159,2025-12-20,1215,23,6,5388000
2160,2024-07-29,784,39,2,17837000
2161,2025-04-16,569,48,3,10848000
2162,2025-08-25,2583,20,2,14323000
2163,2024-08-08,1620,37,6,13154000
2164,2025-06-01,2724,6,3,17593000
2165,2024-07-04,2630,27,6,8864000
2166,2024-10-26,2324,30,2,15665000
2167,2025-09-27,1680,29,3,48764000
2168,2025-02-25,2794,36,1,2922000
2169,2024-08-11,1347,15,3,20178000
2170,2024-04-23,135,7,6,38309000
2171,2024-04-20,696,23,3,27673000
2172,2024-01-29,466,26,1,28005000
2173,2025-08-04,2465,18,3,19603000
2174,2024-02-04,334,13,1,9849000
2175,2024-08-25,1115,18,1,1973000
2176,2025-05-02,2728,27,6,36662000
2177,2025-11-03,841,44,6,15450000
2178,2025-06-30,412,19,3,1026000
2179,2025-07-30,2235,45,6,163000
2180,2024-03-31,2984,4,2,8639000
2181,2025-03-20,2022,39,1,4114000
2182,2024-02-08,303,17,3,7187000
2183,2024-04-03,425,26,2,5253000
2184,2024-10-16,2369,42,3,28516000
2185,2025-11-09,2694,6,2,38362000
2186,2024-02-18,1277,42,1,16370000
2187,2024-02-09,617,34,3,7909000
2188,2025-03-03,1709,8,6,20060000
2189,2025-07-11,136,48,3,48919000
2190,2025-09-27,2467,3,1,22527000
2191,2024-10-25,592,8,1,1401000
2192,2024-09-21,2056,48,6,6622000
2193,2024-11-05,2268,17,1,13620000
2194,2024-03-02,859,21,1,2468000
2195,2024-03-17,1743,4,6,29204000
2196,2025-08-02,2750,7,6,43351000
2197,2025-08-28,409,14,3,14173000
2198,2025-01-26,241,6,6,7817000
2199,2025-05-07,406,45,3,6705000
2200,2025-05-22,476,14,1,11554000
2201,2025-12-23,401,38,6,29535000
2202,2024-01-17,555,20,6,13208000
2203,2025-11-16,18,11,3,20720000
2204,2025-07-22,2684,6,6,23492000
2205,2024-04-04,489,9,3,37613000
2206,2025-04-15,2589,20,6,25693000
2207,2024-05-19,1985,45,2,31837000
2208,2025-09-14,873,28,6,11642000
2209,2025-06-06,1510,32,6,24111000
2210,2024-10-28,1756,13,3,10108000
2211,2024-03-14,979,36,3,9537000
2212,2024-02-08,2610,32,6,4806000
2213,2025-09-21,456,43,6,36666000
2214,2024-05-05,2366,19,1,43007000
2215,2024-09-12,2628,10,2,5181000
2216,2024-12-22,1164,4,2,6715000
2217,2025-12-28,973,6,6,48708000
2218,2024-08-11,1358,4,6,2227000
2219,2025-09-03,2718,28,1,18835000
2220,2025-02-01,273,27,3,4127000
2221,2024-09-16,1411,22,1,8693000
2222,2024-11-26,719,49,6,3434000
2223,2024-11-15,308,1,1,13270000
2224,2025-10-10,1489,19,6,18587000
2225,2024-03-07,2899,30,3,27187000
2226,2025-07-09,2447,46,3,13301000
2227,2024-10-09,2133,34,6,10278000
2228,2025-03-12,1600,39,6,27570000
2229,2025-06-02,2336,39,1,3020000
2230,2024-02-29,126,24,2,4133000
2231,2025-08-28,2576,45,6,5106000
2232,2025-03-19,1850,23,6,11572000
2233,2024-08-01,1498,24,3,23240000
2234,2024-10-30,597,12,6,7142000
2235,2025-10-15,2968,6,6,11407000
2236,2024-06-08,1597,26,1,64039000
2237,2025-10-31,1482,26,6,31260000
2238,2024-01-27,1061,25,3,7524000
2239,2025-05-02,93,43,3,6769000
2240,2024-03-25,1205,42,6,19259000
2241,2024-04-23,912,1,6,18405000
2242,2025-06-05,2656,27,1,10648000
2243,2024-09-23,166,45,3,56671000
2244,2025-03-31,421,1,2,24009000
2245,2025-10-15,1687,27,3,5266000
2246,2025-09-05,242,44,6,2983000
2247,2024-04-12,1991,9,3,23484000
2248,2024-05-24,32,31,6,9252000
2249,2024-06-21,788,33,3,10627000
2250,2024-05-04,1439,43,1,45835000
2251,2024-05-23,940,10,3,32025000
2252,2024-05-31,742,12,3,13420000
2253,2024-06-07,1163,1,3,21233000
2254,2024-10-11,1930,21,1,16704000
2255,2025-06-22,789,23,3,24145000
2256,2025-08-28,2440,20,2,21237000
2257,2024-01-02,1118,6,2,3871000
2258,2025-07-21,1098,29,3,21303000
2259,2024-04-28,935,24,2,2781000
2260,2025-12-22,473,16,6,9609000
2261,2025-11-14,122,50,6,2860000
2262,2024-07-17,1306,50,6,680000
2263,2024-05-29,675,50,3,36967000
2264,2025-08-29,538,1,6,12047000
2265,2024-10-23,482,41,6,344000
2266,2025-05-16,2280,3,3,3918000
2267,2025-04-20,2148,16,3,10656000
2268,2024-05-10,2214,2,3,17077000
2269,2024-01-25,1230,7,3,2888000
2270,2024-10-21,2918,22,1,1876000
2271,2024-11-04,317,40,6,7498000
2272,2024-05-09,2092,49,3,12974000
2273,2025-11-02,1076,19,6,2893000
2274,2025-07-23,1680,30,6,12280000
2275,2025-10-05,528,36,2,8868000
2276,2024-06-28,349,42,3,38892000
2277,2025-11-21,2276,40,1,1044000
2278,2024-01-24,1580,15,6,21925000
2279,2025-05-24,2291,42,3,12463000
2280,2025-11-20,932,30,3,11278000
2281,2025-08-22,473,43,1,11477000
2282,2024-04-09,909,43,3,12553000
2283,2025-03-31,1027,16,6,11522000
2284,2025-09-02,2359,1,6,27537000
2285,2024-12-05,2264,21,6,35098000
2286,2025-05-19,1525,38,3,12898000
2287,2024-11-09,2859,50,3,21292000
2288,2025-07-11,1140,12,3,42280000
2289,2024-01-01,1717,39,6,5125000
2290,2025-08-03,2612,4,6,29310000
2291,2025-01-02,628,34,3,9942000
2292,2025-07-10,1758,1,6,11300000
2293,2024-03-09,2982,4,6,4013000
2294,2024-12-05,1722,30,1,923000
2295,2024-08-27,1853,49,6,19372000
2296,2025-01-15,1819,3,2,17080000
2297,2025-02-12,1304,10,6,2084000
2298,2025-02-28,382,15,6,3920000
2299,2025-11-10,2295,5,6,13924000
2300,2025-08-24,2261,4,1,42378000
2301,2025-01-01,901,41,2,4152000
2302,2025-06-08,1149,13,6,16124000
2303,2025-02-12,2523,40,1,6764000
2304,2025-10-17,2511,26,6,6034000
2305,2024-10-02,1235,30,6,9472000
2306,2024-07-03,1324,1,3,59448000
2307,2024-10-15,2767,12,1,21440000
2308,2024-05-24,1027,12,1,15721000
2309,2024-11-04,2099,1,2,50521000
2310,2024-10-07,328,30,1,5618000
2311,2024-11-11,454,47,6,26765000
2312,2024-12-16,1011,26,3,17248000
2313,2024-04-20,1342,35,6,22049000
2314,2024-11-18,1879,19,3,10107000
2315,2024-01-30,1574,12,6,27437000
2316,2025-07-30,1552,1,1,18962000
2317,2024-10-11,674,24,6,43420000
2318,2024-03-03,980,49,1,17887000
2319,2024-08-14,2692,10,3,4214000
2320,2024-12-12,2768,39,6,14527000
2321,2025-01-02,743,15,2,15600000
2322,2024-11-25,2622,35,1,34832000
2323,2025-06-21,1585,15,3,10571000
2324,2024-10-13,83,9,3,9197000
2325,2025-03-21,1607,12,3,960000
2326,2025-09-06,372,29,1,17211000
2327,2024-04-11,1989,19,1,717000
2328,2025-09-06,569,9,3,11739000
2329,2024-11-05,357,27,6,4253000
2330,2025-07-08,725,8,6,4076000
2331,2025-12-01,987,38,1,3294000
2332,2025-02-19,1567,39,1,10200000
2333,2025-05-01,21,26,1,13917000
2334,2024-05-09,1454,49,3,41526000
2335,2024-08-08,497,15,3,8582000
2336,2024-06-09,2049,3,6,37268000
2337,2025-06-28,1468,1,1,13704000
2338,2024-06-03,185,27,2,41149000
2339,2025-11-18,2397,4,2,3728000
2340,2025-08-13,981,42,1,16814000
2341,2024-08-04,1531,40,1,14912000
2342,2025-05-16,2475,32,3,33270000
2343,2025-09-10,254,1,2,42436000
2344,2025-10-23,89,12,3,24550000
2345,2025-10-25,1400,28,3,20209000
2346,2025-01-20,599,12,6,23090000
2347,2025-01-20,2931,46,6,22968000
2348,2025-12-17,2017,5,3,6411000
2349,2025-01-12,1450,39,6,5420000
2350,2024-01-03,2979,29,3,8292000
2351,2025-09-28,585,15,3,16585000
2352,2024-10-19,1410,47,1,4077000
2353,2024-05-19,960,6,6,4896000
2354,2025-10-28,2571,30,6,8988000
2355,2025-07-01,310,19,6,26700000
2356,2025-01-20,1187,29,6,11090000
2357,2024-09-07,1819,1,2,3426000
2358,2025-09-21,1212,49,6,14870000
2359,2024-07-19,2776,40,2,26231000
2360,2024-03-23,2745,29,6,21483000
2361,2025-03-14,1724,46,6,693000
2362,2024-12-14,240,23,1,10001000
2363,2025-11-05,1929,42,6,4767000
2364,2024-03-09,513,2,3,20441000
2365,2024-06-12,2269,6,6,7938000
2366,2025-05-03,2243,4,6,7908000
2367,2025-11-09,304,47,3,18155000
2368,2024-03-02,639,9,1,1932000
2369,2024-03-11,2766,8,6,8363000
2370,2025-05-04,2565,36,6,12478000
2371,2024-01-25,1583,41,6,25236000
2372,2025-10-09,1752,14,6,19749000
2373,2024-09-08,555,10,1,18236000
2374,2025-12-01,1992,8,3,20046000
2375,2024-12-30,2400,10,3,25720000
2376,2024-05-21,1551,41,3,6198000
2377,2024-10-18,2651,33,6,1110000
2378,2025-02-28,904,32,3,5258000
2379,2024-03-26,1172,10,3,15145000
2380,2024-11-15,789,2,3,4558000
2381,2024-01-30,1003,30,6,33522000
2382,2024-09-08,2334,49,3,21624000
2383,2025-08-01,2855,10,1,22154000
2384,2025-12-20,2857,5,1,18622000
2385,2024-05-26,1064,28,6,61960000
2386,2025-09-05,2699,41,3,7743000
2387,2025-01-24,1557,40,1,5879000
2388,2024-05-09,1961,49,3,31636000
2389,2025-12-31,1057,7,6,21525000
2390,2025-11-05,2269,13,6,41422000
2391,2025-02-26,1403,37,3,33361000
2392,2024-12-15,862,34,1,7069000
2393,2024-02-12,387,7,6,13680000
2394,2025-11-14,125,25,6,3568000
2395,2024-06-16,2869,28,6,7164000
2396,2024-10-26,754,28,6,2965000
2397,2024-08-13,1511,5,1,2900000
2398,2025-05-14,750,18,6,1920000
2399,2024-12-19,904,16,6,45186000
2400,2025-01-09,2756,26,6,5555000
2401,2025-01-30,2514,31,6,14033000
2402,2024-09-23,2167,29,3,14889000
2403,2024-10-27,2412,28,1,11250000
2404,2024-06-17,1142,37,6,1952000
2405,2025-12-26,1506,8,3,11571000
2406,2024-11-10,1667,41,1,3073000
2407,2024-11-18,24,27,3,9005000
2408,2024-05-12,2325,27,6,28762000
2409,2025-01-27,2187,22,3,8653000
2410,2024-05-26,2754,4,6,9198000
2411,2024-05-09,1833,27,6,4205000
2412,2024-07-02,2447,15,6,13847000
2413,2025-12-20,90,40,6,7832000
2414,2025-08-21,883,17,6,18282000
2415,2024-05-21,299,9,3,12296000
2416,2024-04-22,1234,28,6,18621000
2417,2024-01-05,763,10,1,12065000
2418,2024-10-26,2022,30,3,3320000
2419,2025-12-07,2865,43,2,4267000
2420,2024-10-20,1413,32,3,21958000
2421,2025-04-19,561,24,2,24592000
2422,2025-06-16,1194,45,3,6278000
2423,2025-04-14,100,14,1,22092000
2424,2025-10-27,2503,34,1,3249000
2425,2024-04-05,1199,29,3,1151000
2426,2025-11-27,590,50,1,3380000
2427,2024-07-16,1822,42,1,1761000
2428,2025-12-11,230,37,6,5136000
2429,2024-11-20,263,46,6,19753000
2430,2025-05-14,1640,50,6,20099000
2431,2024-01-13,1620,13,6,11340000
2432,2025-10-07,900,43,1,20402000
2433,2025-06-16,1747,13,2,13724000
2434,2024-04-25,276,9,1,11839000
2435,2024-01-28,201,47,3,8639000
2436,2024-10-26,2062,18,1,57160000
2437,2025-02-01,1037,50,3,21543000
2438,2024-07-27,839,49,1,3199000
2439,2025-03-09,1849,44,3,39544000
2440,2025-01-25,94,33,1,21973000
2441,2025-12-08,2213,39,6,34000
2442,2025-05-25,2965,48,3,29473000
2443,2025-12-15,848,25,2,30828000
2444,2024-12-09,2622,44,6,37446000
2445,2025-09-13,1172,28,3,7284000
2446,2024-05-16,99,36,6,13972000
2447,2025-03-05,1147,37,3,20006000
2448,2024-04-26,770,10,6,1880000
2449,2025-09-28,1514,49,3,60176000
2450,2025-07-31,882,24,2,12480000
2451,2025-10-30,4,5,3,2663000
2452,2024-12-05,1196,26,3,5548000
2453,2025-05-01,1414,34,3,9307000
2454,2025-07-07,200,14,3,16184000
2455,2025-06-05,2364,41,2,30813000
2456,2024-10-19,1046,41,2,4975000
2457,2024-03-03,1155,4,6,8670000
2458,2024-09-04,262,23,6,14316000
2459,2025-01-29,2085,22,2,11930000
2460,2025-12-04,875,22,1,18602000
2461,2025-06-18,2599,42,2,39665000
2462,2024-10-08,2110,42,1,8280000
2463,2025-05-03,1271,30,6,15411000
2464,2024-12-26,2072,4,1,21255000
2465,2024-02-13,2558,41,2,23492000
2466,2024-04-15,1652,34,6,10611000
2467,2025-01-25,1155,29,3,11441000
2468,2025-05-13,1847,36,6,4701000
2469,2024-02-06,374,39,3,7018000
2470,2024-06-07,1895,43,2,17339000
2471,2025-02-18,2484,34,3,22336000
2472,2025-10-23,2881,14,6,10612000
2473,2025-12-19,422,28,3,30309000
2474,2024-04-19,1499,34,6,880000
2475,2025-03-10,2120,28,2,9558000
2476,2024-03-28,2330,37,6,13556000
2477,2025-01-29,1797,23,3,1925000
2478,2025-12-30,2136,13,1,17244000
2479,2024-06-12,1696,5,6,16951000
2480,2024-02-12,2947,21,3,445000
2481,2024-12-06,2197,14,6,2591000
2482,2024-07-13,1047,23,3,8139000
2483,2024-03-09,2409,23,6,8344000
2484,2024-12-01,1802,46,1,27744000
2485,2025-07-12,1514,16,6,36136000
2486,2024-09-02,1014,38,3,8301000
2487,2025-06-05,669,19,1,10857000
2488,2025-02-01,1640,43,1,16610000
2489,2024-04-06,1918,50,6,6132000
2490,2024-12-09,2292,3,2,12183000
2491,2025-11-28,1353,35,6,10056000
2492,2025-03-11,1753,36,6,31107000
2493,2025-09-11,853,1,1,18479000
2494,2024-01-07,622,33,6,1085000
2495,2024-07-28,646,30,1,232000
2496,2025-05-05,1574,28,3,49334000
2497,2025-07-27,2652,15,6,9642000
2498,2024-11-20,286,41,6,6136000
2499,2025-12-28,251,11,6,8409000
2500,2024-05-08,2122,24,6,36980000
2501,2025-03-12,437,16,3,13603000
2502,2025-07-11,1914,13,3,6272000
2503,2025-07-02,2312,31,1,1856000
2504,2024-01-09,2617,30,1,3640000
2505,2025-07-22,2929,11,6,31363000
2506,2025-05-01,1922,30,3,23322000
2507,2024-05-03,2054,19,1,836000
2508,2024-11-22,526,45,6,8868000
2509,2025-10-30,2065,25,1,41752000
2510,2024-01-02,2469,4,2,12298000
2511,2025-03-29,340,10,2,9869000
2512,2024-02-19,580,46,6,14230000
2513,2024-05-24,793,19,6,1372000
2514,2025-05-15,888,44,2,30664000
2515,2024-12-23,2698,31,6,13931000
2516,2025-04-25,385,49,3,2160000
2517,2025-12-29,1750,8,3,5810000
2518,2025-08-19,2585,31,3,10941000
2519,2025-01-20,1495,46,3,2083000
2520,2025-03-20,1434,50,6,29241000
2521,2025-02-16,1865,27,6,5657000
2522,2024-02-11,2488,40,6,19796000
2523,2025-06-20,961,13,6,23109000
2524,2024-09-29,66,2,3,8425000
2525,2025-12-31,1502,10,1,8020000
2526,2024-10-15,567,44,6,22421000
2527,2025-11-29,2919,24,1,3777000
2528,2025-04-14,2557,13,1,19181000
2529,2024-05-10,362,38,3,20025000
2530,2024-09-21,999,40,3,1810000
2531,2025-04-14,88,24,6,2936000
2532,2025-05-04,2752,16,6,1256000
2533,2024-02-21,468,22,6,6981000
2534,2025-10-17,2404,8,3,8261000
2535,2024-12-02,153,48,2,24550000
2536,2024-02-14,284,26,1,32173000
2537,2025-03-05,37,2,3,10342000
2538,2024-02-03,552,26,6,12430000
2539,2025-07-27,2343,46,1,23059000
2540,2025-11-16,1072,30,6,8034000
2541,2025-09-04,1867,36,1,25574000
2542,2024-08-13,1306,19,3,38467000
2543,2025-05-27,2924,14,6,22040000
2544,2025-05-18,366,39,1,16577000
2545,2024-04-20,1162,37,6,15607000
2546,2025-04-28,2336,6,6,47447000
2547,2025-01-28,994,46,3,2240000
2548,2025-02-27,2596,25,6,5188000
2549,2025-11-26,984,10,3,441000
2550,2024-07-31,376,32,1,3315000
2551,2025-11-04,1670,28,6,19383000
2552,2024-05-29,2124,10,6,7508000
2553,2025-02-06,2207,22,6,4232000
2554,2025-08-29,682,47,6,5930000
2555,2025-11-16,527,19,3,29753000
2556,2024-02-10,141,45,1,5533000
2557,2024-01-22,2237,26,3,8708000
2558,2024-03-29,1246,43,6,1384000
2559,2024-01-18,1310,6,3,23195000
2560,2024-01-25,2292,50,6,33778000
2561,2024-10-13,854,10,6,77634000
2562,2024-04-27,1642,42,1,40940000
2563,2024-02-28,2642,45,1,33146000
2564,2024-08-28,1312,27,1,11469000
2565,2025-01-25,2451,46,1,26975000
2566,2024-01-14,367,4,3,3866000
2567,2024-02-08,2414,4,3,17810000
2568,2025-09-01,2412,16,2,2647000
2569,2025-07-20,1817,34,3,604000
2570,2024-01-04,1269,35,2,1947000
2571,2024-06-26,2158,42,1,19644000
2572,2024-12-09,2864,18,3,10188000
2573,2024-12-09,2228,39,1,15912000
2574,2025-10-01,2798,4,3,6724000
2575,2024-08-23,203,17,1,10586000
2576,2025-10-10,1817,27,6,2156000
2577,2024-03-31,994,50,6,37135000
2578,2025-02-07,698,35,3,17897000
2579,2025-06-08,338,9,1,30964000
2580,2025-11-21,2602,28,3,5331000
2581,2024-03-09,1429,49,3,28562000
2582,2024-11-06,1880,45,6,30731000
2583,2025-04-13,16,23,1,20146000
2584,2024-03-16,362,3,6,1777000
2585,2025-11-28,2247,14,1,19625000
2586,2024-01-09,2511,28,6,6510000
2587,2024-07-26,2477,29,3,3544000
2588,2025-05-30,1189,9,3,30563000
2589,2025-07-25,2395,8,6,7440000
2590,2024-05-23,2734,28,3,8876000
2591,2024-08-26,1944,27,6,21452000
2592,2025-10-25,118,49,2,25545000
2593,2025-02-19,1990,28,6,13681000
2594,2025-12-07,403,33,6,1364000
2595,2025-05-05,1631,9,3,130000
2596,2025-07-09,888,27,1,23011000
2597,2025-03-18,2232,34,6,15750000
2598,2024-01-26,360,47,6,32007000
2599,2025-10-17,662,30,6,1104000
2600,2024-06-25,2426,11,1,16765000
2601,2025-03-11,1771,28,6,1219000
2602,2025-06-11,2831,33,2,6959000
2603,2025-08-06,2865,45,1,5923000
2604,2025-04-03,2637,26,2,31775000
2605,2025-02-08,1331,11,1,3152000
2606,2025-07-17,2625,39,3,22683000
2607,2025-09-15,3,30,6,8370000
2608,2025-08-17,2391,16,6,808000
2609,2025-08-02,2194,7,1,19185000
2610,2024-11-27,1399,40,6,21279000
2611,2025-05-06,1905,10,6,10196000
2612,2024-11-26,2471,32,6,9796000
2613,2024-10-30,103,36,1,17708000
2614,2025-07-24,1513,48,3,13220000
2615,2024-01-26,1299,2,3,15179000
2616,2025-12-28,1192,8,6,2000000
2617,2024-04-21,1588,22,6,45398000
2618,2025-07-18,2387,13,3,12925000
2619,2024-03-12,570,38,6,12580000
2620,2025-02-09,1438,6,3,8959000
2621,2025-06-29,1808,6,3,15515000
2622,2024-11-11,2153,28,3,3845000
2623,2024-02-27,2669,24,2,16096000
2624,2024-01-05,2943,39,1,74413000
2625,2024-09-25,1105,39,1,47500000
2626,2025-06-19,1832,36,6,19967000
2627,2024-12-23,2620,30,3,22947000
2628,2025-10-03,955,42,3,16947000
2629,2024-05-24,2416,13,2,4932000
2630,2024-05-06,417,47,1,5292000
2631,2024-12-14,2596,1,3,8160000
2632,2025-10-21,2078,26,3,32506000
2633,2025-05-20,1128,11,3,14415000
2634,2024-01-24,1645,43,3,72911000
2635,2024-12-18,612,12,1,31828000
2636,2024-08-20,775,27,3,34390000
2637,2024-08-03,488,41,3,37544000
2638,2024-01-17,1575,11,3,2633000
2639,2024-01-14,2042,41,1,46055000
2640,2024-01-21,558,17,1,1941000
2641,2025-01-29,2668,46,6,1656000
2642,2024-05-22,1064,45,3,32750000
2643,2025-04-07,1489,16,6,1973000
2644,2025-10-12,1181,2,6,5840000
2645,2025-05-21,2828,6,6,10282000
2646,2024-11-08,1602,43,3,16208000
2647,2025-01-11,1672,44,6,6204000
2648,2024-09-18,204,47,6,33057000
2649,2025-07-09,2020,14,6,854000
2650,2025-10-23,1245,17,6,20388000
2651,2024-08-12,1042,22,2,5661000
2652,2024-10-14,1560,42,6,29399000
2653,2025-07-16,2198,43,6,11652000
2654,2024-12-28,2106,13,6,7458000
2655,2025-06-02,813,19,3,8455000
2656,2024-08-22,2709,23,3,14448000
2657,2025-03-15,2581,11,6,9409000
2658,2025-05-21,885,28,6,45430000
2659,2024-11-02,2121,21,1,4314000
2660,2024-06-06,121,43,6,17658000
2661,2025-04-29,1495,34,6,5476000
2662,2024-01-05,2081,39,6,9738000
2663,2024-09-06,652,50,6,24859000
2664,2025-09-16,2298,14,6,23548000
2665,2024-11-03,999,47,6,16201000
2666,2025-09-03,2829,22,3,21824000
2667,2024-02-02,1459,2,6,1288000
2668,2024-11-22,245,24,3,9414000
2669,2025-09-02,717,35,6,9521000
2670,2025-02-14,1899,11,2,16444000
2671,2024-02-22,1876,13,6,18413000
2672,2024-06-25,2472,49,1,25593000
2673,2025-08-03,188,45,6,14861000
2674,2025-04-02,931,48,6,17165000
2675,2024-05-25,2418,21,6,7969000
2676,2025-10-12,1415,43,2,12773000
2677,2024-09-04,2303,2,3,10446000
2678,2025-03-07,565,22,3,20300000
2679,2024-12-25,451,23,2,3674000
2680,2025-11-23,544,45,2,20133000
2681,2024-11-03,1407,2,1,8345000
2682,2025-07-29,386,20,1,13724000
2683,2024-12-17,930,5,1,12311000
2684,2025-04-20,2444,17,1,2259000
2685,2024-08-17,2014,40,6,7861000
2686,2024-07-11,323,47,3,17500000
2687,2024-04-24,583,16,6,14199000
2688,2025-08-12,120,18,1,1386000
2689,2025-02-14,1467,12,6,24363000
2690,2024-09-27,611,36,6,26732000
2691,2025-11-22,1558,12,6,14710000
2692,2024-04-23,2835,4,3,13291000
2693,2025-01-07,2032,15,3,17196000
2694,2024-07-16,2270,46,6,17327000
2695,2024-12-22,1199,22,3,8190000
2696,2024-09-22,2589,49,6,2840000
2697,2024-02-11,2473,41,3,8032000
2698,2025-08-21,951,21,2,6464000
2699,2024-03-21,1953,43,6,1706000
2700,2024-12-18,1465,21,1,22590000
2701,2025-12-06,1859,45,3,29141000
2702,2025-03-03,556,31,1,21572000
2703,2025-07-10,441,27,6,9855000
2704,2024-07-23,1014,29,6,15306000
2705,2025-01-29,392,9,3,7270000
2706,2025-11-14,1301,31,6,1382000
2707,2025-03-09,2946,47,1,30459000
2708,2025-03-11,1055,7,1,5023000
2709,2025-03-10,118,33,6,21496000
2710,2025-06-22,486,33,6,12673000
2711,2025-02-05,655,1,3,35836000
2712,2025-09-28,243,28,3,32539000
2713,2024-08-27,344,39,6,21725000
2714,2024-09-03,83,16,3,2202000
2715,2025-09-04,1377,5,6,632000
2716,2025-05-20,243,20,6,21098000
2717,2024-02-03,2918,22,3,3089000
2718,2025-08-27,2212,10,1,1929000
2719,2025-11-24,2884,47,6,52409000
2720,2025-03-27,933,44,2,46570000
2721,2024-06-26,882,18,1,38923000
2722,2025-06-27,2278,34,3,29890000
2723,2024-11-11,2057,23,2,44865000
2724,2025-11-04,1196,42,1,8952000
2725,2024-02-28,595,24,3,7445000
2726,2024-09-05,1642,20,6,17236000
2727,2024-02-17,2784,10,3,14547000
2728,2024-06-28,2959,16,2,6264000
2729,2024-09-09,1046,9,6,8452000
2730,2025-01-05,1520,29,6,2539000
2731,2025-04-22,757,39,3,12794000
2732,2024-03-06,452,46,6,3678000
2733,2024-10-26,2419,2,6,5704000
2734,2025-10-05,1060,13,2,20661000
2735,2025-06-17,2897,13,6,18568000
2736,2024-09-11,1786,40,6,16959000
2737,2024-08-18,347,3,1,14424000
2738,2025-11-11,2398,31,6,34334000
2739,2024-05-01,2778,42,3,20945000
2740,2024-11-24,65,27,1,6396000
2741,2025-11-30,2395,8,6,35153000
2742,2025-09-11,519,25,6,35271000
2743,2024-03-06,1852,14,1,5910000
2744,2025-06-05,457,28,1,15745000
2745,2025-12-02,2517,6,3,26205000
2746,2025-05-30,2004,15,3,65015000
2747,2024-06-08,642,7,3,8770000
2748,2025-07-17,1009,26,3,28050000
2749,2024-03-18,1320,29,1,27437000
2750,2025-11-26,1887,28,6,516000
2751,2024-04-26,111,23,1,2468000
2752,2025-08-01,2105,44,6,1978000
2753,2025-05-14,5,29,6,6599000
2754,2024-12-20,2437,48,3,5429000
2755,2024-03-23,1529,13,2,94000
2756,2024-09-17,1123,21,3,10127000
2757,2024-01-11,728,1,1,7497000
2758,2025-10-23,1546,48,3,24264000
2759,2024-09-06,2296,32,3,32257000
2760,2025-09-19,141,14,6,735000
2761,2025-10-15,1419,4,1,26721000
2762,2025-08-31,1296,33,6,4333000
2763,2025-04-08,1625,4,1,7578000
2764,2025-10-26,195,18,3,10598000
2765,2025-09-11,2945,14,6,51429000
2766,2025-02-21,2806,45,6,6984000
2767,2025-11-26,1426,20,2,19091000
2768,2025-07-03,2913,47,1,16251000
2769,2024-09-02,1737,35,3,9532000
2770,2024-04-08,183,5,1,18314000
2771,2025-07-16,2724,9,6,11095000
2772,2024-06-25,294,4,6,534000
2773,2024-04-12,999,16,6,23204000
2774,2025-01-19,247,7,3,1273000
2775,2024-11-13,655,10,2,20156000
2776,2024-04-10,963,35,3,20197000
2777,2024-06-22,1482,16,1,47079000
2778,2024-02-02,2254,48,1,18396000
2779,2025-12-02,2996,5,6,1476000
2780,2025-06-19,498,47,6,14397000
2781,2024-08-15,1702,1,1,5619000
2782,2025-07-04,2316,44,2,26730000
2783,2025-10-26,2873,31,1,21239000
2784,2025-01-24,2459,1,6,20340000
2785,2025-06-06,2427,46,6,10565000
2786,2025-10-25,1992,28,6,20674000
2787,2024-07-07,190,3,3,167000
2788,2024-12-28,531,6,6,12913000
2789,2025-12-16,2938,7,3,27105000
2790,2025-04-30,37,30,3,10792000
2791,2025-03-20,989,18,3,14308000
2792,2025-01-08,113,42,3,1122000
2793,2025-09-13,1314,7,1,18193000
2794,2024-08-09,1880,1,3,3001000
2795,2025-01-15,332,49,3,1401000
2796,2025-08-21,330,40,6,456000
2797,2025-10-20,1245,24,6,11690000
2798,2025-01-07,1722,39,6,8464000
2799,2024-05-25,2527,26,6,13343000
2800,2024-12-12,1596,8,3,11775000
2801,2024-07-09,1858,28,6,8398000
2802,2024-03-21,968,29,6,7840000
2803,2025-12-01,477,45,3,18086000
2804,2025-05-27,1701,49,1,10292000
2805,2025-03-11,986,38,6,12624000
2806,2025-02-14,437,9,6,4050000
2807,2025-01-25,1805,35,1,31048000
2808,2024-01-26,1525,24,6,20030000
2809,2024-07-31,1880,7,1,5685000
2810,2025-07-11,2150,31,6,6912000
2811,2024-02-17,680,47,1,9910000
2812,2024-08-10,2816,42,6,39171000
2813,2025-11-14,1560,5,6,26835000
2814,2024-10-31,1602,25,1,10021000
2815,2025-05-21,1738,14,1,39074000
2816,2024-01-01,1216,44,3,4659000
2817,2024-03-14,1873,27,3,28265000
2818,2025-12-01,1222,12,3,4016000
2819,2025-01-18,761,19,3,6476000
2820,2024-08-20,462,39,6,6034000
2821,2025-06-28,1727,14,6,25245000
2822,2024-09-25,1963,2,6,20621000
2823,2025-02-01,1283,25,3,17603000
2824,2025-08-01,1588,38,3,10504000
2825,2025-05-09,90,14,6,5592000
2826,2025-07-18,2289,50,1,9793000
2827,2024-01-04,116,18,3,15093000
2828,2024-08-13,1993,44,3,50454000
2829,2025-10-18,934,26,1,5806000
2830,2025-12-07,323,49,6,15249000
2831,2025-08-13,742,48,1,26479000
2832,2025-12-24,2433,8,1,29712000
2833,2025-05-09,237,25,6,10860000
2834,2025-09-04,914,18,3,1638000
2835,2024-02-14,1083,4,6,5676000
2836,2025-12-03,595,38,2,16436000
2837,2024-03-24,2226,29,1,13302000
2838,2024-05-11,2104,11,6,4499000
2839,2025-05-06,509,34,1,11910000
2840,2024-01-21,359,35,3,6160000
2841,2025-04-02,2853,38,6,8380000
2842,2025-10-29,219,31,6,6276000
2843,2025-11-24,1836,34,3,14831000
2844,2025-06-17,2688,17,3,16368000
2845,2025-05-03,1167,38,3,2940000
2846,2025-04-04,2558,39,3,4716000
2847,2024-11-19,661,9,3,2517000
2848,2025-05-17,509,8,6,6747000
2849,2025-07-13,1677,22,6,23539000
2850,2024-12-30,2117,48,2,16306000
2851,2025-07-20,2539,35,2,4878000
2852,2024-01-10,1773,5,6,39000
2853,2024-08-04,2589,44,6,37978000
2854,2025-02-20,997,7,6,53125000
2855,2024-07-23,386,11,3,8177000
2856,2025-04-17,1502,23,6,4005000
2857,2024-07-01,1698,7,6,23831000
2858,2025-09-03,1250,39,6,68819000
2859,2024-08-11,1999,36,3,40084000
2860,2024-03-13,364,37,1,2634000
2861,2025-06-22,2826,46,3,207000
2862,2025-10-25,2379,38,2,24565000
2863,2025-02-05,2173,11,2,7885000
2864,2024-04-26,849,42,2,28982000
2865,2025-05-26,315,28,6,8300000
2866,2024-12-22,773,44,1,5178000
2867,2024-04-27,1594,15,1,7720000
2868,2025-03-07,494,16,3,7945000
2869,2025-04-26,2515,34,6,21051000
2870,2024-10-01,2370,3,2,26367000
2871,2024-11-13,2824,39,3,1056000
2872,2024-09-05,1951,44,1,8895000
2873,2025-09-07,1464,48,6,270000
2874,2025-01-15,2114,50,6,38242000
2875,2025-05-30,922,22,6,18116000
2876,2024-08-28,2786,39,3,20984000
2877,2025-07-15,507,10,6,7748000
2878,2024-10-12,893,39,1,2778000
2879,2024-05-28,1320,50,6,5967000
2880,2024-04-18,1794,18,3,4544000
2881,2025-09-06,2870,48,1,3905000
2882,2024-11-26,2285,5,6,39889000
2883,2025-05-20,1725,12,3,4644000
2884,2025-12-21,747,46,1,3258000
2885,2025-02-19,153,8,3,38719000
2886,2025-02-08,956,37,3,13993000
2887,2024-09-24,1467,17,3,3746000
2888,2024-07-31,2963,50,3,13150000
2889,2024-09-14,1304,15,2,7340000
2890,2024-11-17,1596,14,2,23869000
2891,2025-09-09,993,1,6,12133000
2892,2025-09-04,1639,34,6,5126000
2893,2025-09-28,189,42,3,34756000
2894,2025-03-14,2850,43,6,11025000
2895,2025-01-06,2373,35,6,20416000
2896,2024-05-18,2579,18,2,6794000
2897,2025-07-29,2504,39,1,2527000
2898,2025-12-20,441,30,6,702000
2899,2025-10-13,771,22,2,19519000
2900,2025-03-04,1641,33,2,17191000
2901,2024-03-09,845,14,3,956000
2902,2025-04-26,787,28,6,22785000
2903,2024-01-30,1959,45,1,26697000
2904,2024-05-03,1962,43,1,8056000
2905,2025-12-24,1204,1,1,1449000
2906,2024-11-08,544,42,1,24201000
2907,2025-10-23,700,48,6,6305000
2908,2024-04-06,2820,40,3,6582000
2909,2024-08-23,252,27,1,22483000
2910,2024-07-08,962,28,6,33859000
2911,2024-11-11,60,7,3,5898000
2912,2024-04-12,2658,20,6,49435000
2913,2024-10-01,689,19,3,40198000
2914,2024-10-04,637,43,3,3219000
2915,2024-06-10,2840,18,1,17723000
2916,2025-01-11,30,45,3,3710000
2917,2024-11-11,1800,27,6,17070000
2918,2025-12-19,373,8,3,13101000
2919,2025-03-12,2693,5,6,17264000
2920,2025-03-02,1123,1,3,3811000
2921,2025-08-12,1168,7,6,17286000
2922,2025-05-21,1440,13,3,30724000
2923,2025-07-06,2540,46,2,9746000
2924,2024-07-16,1915,3,6,32169000
2925,2024-11-14,2607,9,6,21062000
2926,2024-11-28,383,44,3,17629000
2927,2024-02-27,2084,12,6,28348000
2928,2024-03-18,2734,50,3,42604000
2929,2024-01-28,2634,13,6,12519000
2930,2025-01-27,1309,40,6,9949000
2931,2024-07-04,2368,38,1,16181000
2932,2024-02-06,2598,12,1,1106000
2933,2025-05-06,1566,46,6,4840000
2934,2025-03-19,2389,43,6,8955000
2935,2025-09-06,710,50,1,15195000
2936,2025-08-06,1422,15,1,25626000
2937,2025-07-04,1572,6,3,11068000
2938,2024-09-13,381,5,3,12143000
2939,2024-07-15,2494,44,2,4220000
2940,2025-09-28,945,20,1,4113000
2941,2024-10-14,2678,41,1,19270000
2942,2024-10-28,10,25,6,37638000
2943,2025-11-20,728,33,1,11981000
2944,2024-10-03,1680,13,1,38316000
2945,2024-11-03,2763,34,3,1430000
2946,2025-09-11,943,16,6,11722000
2947,2024-08-01,1936,24,3,16850000
2948,2025-06-23,1562,28,3,3352000
2949,2024-09-17,2997,3,3,41633000
2950,2025-03-21,1483,19,1,7441000
2951,2024-10-18,1021,47,3,2564000
2952,2024-06-29,1572,40,1,16014000
2953,2025-07-21,1351,22,3,1815000
2954,2025-04-05,1102,14,6,27481000
2955,2024-01-23,2366,23,1,3996000
2956,2025-07-26,2596,34,3,39838000
2957,2025-01-17,2494,18,6,7435000
2958,2025-10-08,34,16,3,34472000
2959,2025-03-13,2479,28,6,31784000
2960,2024-11-30,859,21,3,39832000
2961,2024-04-08,1927,26,6,6790000
2962,2024-02-15,1060,30,2,40615000
2963,2025-07-16,2143,13,2,15796000
2964,2024-02-08,2425,38,6,24753000
2965,2024-10-07,559,36,3,15048000
2966,2025-04-11,870,18,6,14635000
2967,2025-09-17,2643,26,6,404000
2968,2025-06-12,1777,28,6,8471000
2969,2025-08-26,2208,40,3,20596000
2970,2024-09-21,1872,2,6,14112000
2971,2025-12-18,437,30,3,11050000
2972,2025-03-19,2394,4,3,4577000
2973,2024-09-24,2545,29,3,5807000
2974,2024-03-23,108,49,1,5839000
2975,2025-06-20,1068,46,6,42771000
2976,2024-04-15,1380,26,6,5542000
2977,2025-01-02,1716,28,6,4164000
2978,2024-01-01,2674,22,2,7460000
2979,2025-07-09,2982,33,6,19876000
2980,2024-01-21,2811,7,6,6806000
2981,2025-05-18,2713,19,6,19712000
2982,2025-07-30,2963,44,1,25546000
2983,2024-07-28,1164,45,1,46096000
2984,2025-01-11,2502,41,6,9108000
2985,2025-08-12,2119,21,3,2880000
2986,2024-10-11,1328,49,3,65080000
2987,2025-10-23,1373,27,6,32070000
2988,2025-12-25,2362,15,6,19699000
2989,2024-12-17,1274,3,1,16985000
2990,2025-12-30,1083,12,3,50067000
2991,2025-03-21,296,31,3,10524000
2992,2025-08-24,688,22,6,27385000
2993,2024-05-07,1232,3,1,16673000
2994,2024-12-04,229,44,1,30235000
2995,2025-07-05,1326,46,6,8863000
2996,2025-03-14,707,49,6,35441000
2997,2024-11-04,2107,5,6,4623000
2998,2024-09-12,2119,42,6,5187000
2999,2025-08-09,1002,49,6,10963000
3000,2025-07-26,213,43,6,38065000
3001,2024-07-19,1324,33,6,6486000
3002,2024-08-14,78,47,3,6450000
3003,2024-01-23,326,49,1,10285000
3004,2025-03-25,2250,37,6,7645000
3005,2025-09-07,1366,6,3,13261000
3006,2025-10-26,854,1,6,4932000
3007,2025-10-20,2064,24,1,25486000
3008,2025-12-26,2006,30,6,3338000
3009,2025-06-20,1541,49,6,16707000
3010,2024-02-19,886,25,6,34942000
3011,2025-02-28,601,4,1,12245000
3012,2025-03-08,884,17,6,39212000
3013,2025-11-27,1153,14,3,21476000
3014,2024-09-21,1651,33,3,6808000
3015,2025-01-21,2944,16,1,9232000
3016,2024-04-17,2201,5,1,15834000
3017,2024-07-19,911,24,6,3214000
3018,2025-11-26,1728,6,6,8171000
3019,2024-02-18,1838,15,2,4848000
3020,2025-04-02,1235,18,6,1873000
3021,2025-04-17,1891,28,1,24794000
3022,2025-11-22,1694,9,6,12491000
3023,2024-09-07,1608,29,3,717000
3024,2024-11-16,2854,3,3,19719000
3025,2025-09-20,2271,39,6,16343000
3026,2025-05-22,1086,32,6,4576000
3027,2025-09-19,1117,44,6,11380000
3028,2025-10-27,981,19,3,365000
3029,2025-12-30,1370,9,3,29135000
3030,2024-12-28,780,29,6,10297000
3031,2024-09-16,113,49,1,37551000
3032,2025-05-02,1595,30,6,415000
3033,2025-07-24,1947,19,3,22073000
3034,2024-09-28,616,2,6,17223000
3035,2025-03-07,1914,23,3,15825000
3036,2024-11-11,2445,29,6,84000
3037,2024-07-23,1221,6,3,31923000
3038,2024-11-20,1930,50,1,66136000
3039,2025-10-29,852,4,3,9824000
3040,2025-08-25,239,3,2,9534000
3041,2025-08-07,1138,48,2,1608000
3042,2025-02-22,1527,26,6,21233000
3043,2025-06-02,615,16,6,10162000
3044,2024-09-26,1407,16,3,4578000
3045,2024-12-07,2682,43,6,15408000
3046,2025-01-09,1008,22,1,37434000
3047,2024-07-24,2773,9,6,4143000
3048,2025-03-16,131,41,2,1958000
3049,2024-02-07,1066,30,3,2146000
3050,2025-08-07,323,5,2,20661000
3051,2024-09-08,1261,38,6,9455000
3052,2025-03-07,319,6,3,20928000
3053,2025-12-06,2449,33,3,732000
3054,2025-08-28,1635,21,3,9897000
3055,2024-03-29,2244,7,6,13577000
3056,2025-05-29,881,48,6,11955000
3057,2024-10-10,1646,28,3,14666000
3058,2024-11-15,2991,20,6,18794000
3059,2025-04-04,1742,6,3,3984000
3060,2025-10-20,2654,27,3,7835000
3061,2025-05-13,2740,1,6,8923000
3062,2025-04-17,2391,27,6,28278000
3063,2025-11-18,2667,25,3,16849000
3064,2024-05-30,2901,40,3,1035000
3065,2025-01-16,2917,9,6,1312000
3066,2025-02-17,1406,39,3,11481000
3067,2025-01-18,69,34,3,6471000
3068,2024-03-10,1132,46,1,21913000
3069,2025-12-19,954,45,1,18672000
3070,2024-01-04,2991,12,3,40107000
3071,2025-12-22,762,32,6,6360000
3072,2024-10-19,72,21,6,5644000
3073,2025-05-07,2787,16,3,11358000
3074,2025-07-01,1730,12,1,6164000
3075,2024-03-09,1038,4,6,7243000
3076,2024-03-09,886,6,3,41792000
3077,2025-02-01,1541,3,6,41913000
3078,2025-05-11,1260,29,1,29311000
3079,2024-08-06,2261,38,3,17032000
3080,2024-09-16,1859,47,3,476000
3081,2024-12-13,687,17,6,5856000
3082,2024-11-02,1239,9,3,15814000
3083,2024-07-11,1341,39,6,31553000
3084,2024-10-15,423,2,1,380000
3085,2024-08-19,2067,31,1,5136000
3086,2024-12-31,337,35,6,5020000
3087,2025-02-27,1271,32,6,15192000
3088,2024-11-05,392,14,2,10898000
3089,2024-07-27,1502,5,3,482000
3090,2025-11-21,770,1,1,34507000
3091,2024-12-29,2106,24,1,9540000
3092,2024-09-30,1714,50,6,23720000
3093,2025-07-01,322,23,1,1535000
3094,2025-09-28,2160,50,3,12200000
3095,2025-01-08,2613,11,2,22804000
3096,2025-05-15,2255,39,6,45189000
3097,2024-12-17,2551,40,2,1920000
3098,2025-08-14,2141,20,3,415000
3099,2024-06-23,2270,25,6,6331000
3100,2025-01-04,2126,8,6,2245000
3101,2025-04-16,1414,49,3,12495000
3102,2024-07-01,882,35,1,19317000
3103,2024-04-09,2407,15,6,7165000
3104,2025-06-29,2343,6,3,40729000
3105,2024-02-12,3000,4,1,2674000
3106,2025-06-29,267,17,6,9256000
3107,2024-07-12,1062,9,3,15365000
3108,2024-06-26,1277,11,3,17077000
3109,2025-12-06,2492,24,3,2016000
3110,2025-04-19,992,49,3,12038000
3111,2025-08-24,417,12,2,49289000
3112,2025-06-11,1288,10,6,4478000
3113,2024-07-16,1210,6,2,6695000
3114,2024-10-29,2965,26,3,34874000
3115,2024-07-20,1022,6,6,19065000
3116,2025-10-18,1460,24,1,1633000
3117,2024-02-25,258,21,1,34522000
3118,2024-02-09,778,4,6,24636000
3119,2024-10-30,43,29,6,33042000
3120,2025-06-29,361,43,3,4439000
3121,2024-02-18,2526,48,6,3159000
3122,2025-01-04,2515,36,6,13711000
3123,2025-11-10,1282,21,6,28663000
3124,2025-02-20,2900,28,1,3854000
3125,2024-11-08,1334,20,3,12388000
3126,2025-07-25,753,39,3,2268000
3127,2024-04-10,580,27,3,696000
3128,2025-09-04,1094,22,1,31259000
3129,2024-02-26,1708,20,2,45314000
3130,2025-09-24,422,2,6,28910000
3131,2024-04-17,2846,48,6,49679000
3132,2025-10-18,1559,45,3,8665000
3133,2024-04-05,71,4,3,20041000
3134,2025-10-13,543,11,6,17808000
3135,2024-05-17,506,26,3,8461000
3136,2024-05-24,1710,33,1,11216000
3137,2024-06-04,2815,6,6,4629000
3138,2024-12-30,2614,26,1,3771000
3139,2025-10-27,1561,40,3,18799000
3140,2025-01-25,599,2,3,25452000
3141,2024-07-17,2587,18,6,55936000
3142,2025-08-09,2902,6,2,13514000
3143,2024-01-12,1415,37,1,13498000
3144,2024-05-22,2712,41,6,7826000
3145,2025-05-19,531,49,1,39772000
3146,2025-07-18,2570,30,2,5332000
3147,2025-12-21,825,11,1,4795000
3148,2024-02-01,191,42,6,6368000
3149,2024-09-30,2290,22,3,1873000
3150,2025-05-20,528,17,1,45054000
3151,2025-07-23,1897,8,1,6736000
3152,2025-09-16,1433,6,6,16824000
3153,2024-12-08,763,46,2,2364000
3154,2024-12-05,2773,33,2,45928000
3155,2025-12-24,604,41,3,7444000
3156,2025-02-13,66,25,2,41209000
3157,2024-10-21,2263,2,1,1172000
3158,2024-07-05,1074,1,6,10967000
3159,2025-01-02,1231,31,6,4906000
3160,2025-04-06,1635,45,3,19256000
3161,2024-12-15,171,46,3,3408000
3162,2024-01-24,1054,6,3,55050000
3163,2025-08-21,2069,22,6,24056000
3164,2025-02-05,2818,17,1,1561000
3165,2024-02-06,385,25,6,22658000
3166,2025-10-04,1452,28,1,21555000
3167,2024-08-13,2109,36,6,1087000
3168,2025-06-27,2084,33,6,2603000
3169,2025-01-25,1424,28,3,20168000
3170,2025-09-30,974,5,1,5031000
3171,2025-02-02,2700,4,6,11681000
3172,2025-10-24,525,9,3,30763000
3173,2024-01-24,362,7,1,12355000
3174,2025-07-23,1566,1,6,1368000
3175,2025-05-08,2414,18,6,15244000
3176,2024-03-22,2366,40,3,26397000
3177,2024-08-07,2085,2,1,23446000
3178,2024-12-03,497,49,6,4371000
3179,2025-06-17,2404,49,6,7752000
3180,2024-09-08,2295,11,3,8086000
3181,2024-10-23,1262,5,3,2004000
3182,2025-12-29,500,17,6,11993000
3183,2025-07-30,2995,4,6,10869000
3184,2024-08-26,1261,29,1,23343000
3185,2025-07-28,981,38,6,11353000
3186,2024-04-05,1675,31,1,1165000
3187,2025-10-16,231,37,6,5584000
3188,2024-08-14,517,43,6,2219000
3189,2025-05-20,33,36,6,1967000
3190,2025-06-06,2118,26,3,18029000
3191,2025-02-27,1359,25,1,28398000
3192,2025-08-30,684,24,3,24171000
3193,2025-11-10,761,11,3,10147000
3194,2024-06-17,2937,35,2,14485000
3195,2024-04-23,2159,14,1,2330000
3196,2024-09-08,1530,14,2,10066000
3197,2025-03-23,2089,33,6,32537000
3198,2025-03-13,2193,47,6,5708000
3199,2025-11-28,1731,32,6,14216000
3200,2025-10-16,2029,33,2,19649000
3201,2025-09-17,1636,18,6,20791000
3202,2025-07-18,897,31,6,18969000
3203,2024-10-14,2354,21,3,579000
3204,2025-05-01,1372,10,2,10997000
3205,2024-08-24,1464,41,1,2246000
3206,2024-03-24,1957,21,6,21786000
3207,2025-12-01,2905,22,3,3554000
3208,2025-10-05,650,33,3,9958000
3209,2025-05-15,1125,35,6,20068000
3210,2024-10-10,357,44,2,3768000
3211,2025-12-23,2606,19,3,4824000
3212,2025-01-30,2802,11,6,15546000
3213,2025-03-30,1324,49,2,3393000
3214,2025-10-29,483,40,3,7806000
3215,2025-05-19,1739,17,6,21495000
3216,2024-08-17,1099,40,6,19427000
3217,2024-12-30,1304,5,6,48608000
3218,2025-10-18,1786,20,3,54850000
3219,2025-09-18,1652,29,3,14793000
3220,2025-09-05,1749,16,2,19878000
3221,2024-02-21,2318,14,6,1687000
3222,2025-05-31,753,4,3,15884000
3223,2025-02-09,786,3,3,37571000
3224,2024-12-01,2358,31,1,3227000
3225,2024-06-25,1151,10,1,4007000
3226,2025-06-20,1151,49,3,1909000
3227,2024-08-08,1251,50,3,2450000
3228,2024-06-20,1965,25,6,668000
3229,2025-07-20,200,37,3,2656000
3230,2024-09-17,1786,42,2,18988000
3231,2024-03-25,2596,33,2,37723000
3232,2024-10-08,34,14,1,27780000
3233,2024-11-03,2268,1,2,21094000
3234,2024-12-07,898,29,1,28979000
3235,2025-01-18,2159,26,6,3990000
3236,2025-05-12,428,23,6,15377000
3237,2024-09-24,1117,27,3,20991000
3238,2024-12-19,1004,38,1,21224000
3239,2025-02-06,168,40,6,2312000
3240,2025-05-11,1095,48,6,14630000
3241,2025-10-10,2870,9,6,4426000
3242,2024-05-19,197,41,6,16594000
3243,2024-07-30,1619,45,6,18534000
3244,2025-10-01,2349,5,2,14415000
3245,2025-09-05,2830,10,3,5565000
3246,2024-12-23,1675,29,1,23490000
3247,2025-05-28,1493,48,3,14998000
3248,2024-06-23,351,23,6,2515000
3249,2025-10-26,2689,14,3,25899000
3250,2024-09-08,81,44,6,9285000
3251,2025-04-09,1394,21,3,12735000
3252,2024-05-22,366,11,6,21735000
3253,2024-07-05,1708,17,1,39887000
3254,2025-09-13,1519,26,6,47975000
3255,2025-10-18,2098,18,6,34852000
3256,2025-02-08,11,29,3,8124000
3257,2025-09-16,92,31,6,4065000
3258,2024-03-25,2730,37,3,3661000
3259,2024-04-12,2487,33,3,16164000
3260,2025-04-12,1980,24,6,941000
3261,2024-03-11,628,37,6,8715000
3262,2024-11-02,394,20,3,11186000
3263,2024-06-18,1389,14,2,12480000
3264,2025-03-15,1129,40,3,8780000
3265,2024-07-01,2130,49,1,17361000
3266,2025-06-13,2639,22,3,17198000
3267,2025-05-02,1115,29,6,19838000
3268,2025-03-20,1436,25,6,10967000
3269,2025-08-19,151,31,2,623000
3270,2025-01-05,1336,20,3,36227000
3271,2024-09-26,2657,46,1,3570000
3272,2025-10-15,1254,15,6,26276000
3273,2025-07-03,1929,43,6,22253000
3274,2024-04-14,1378,27,3,26601000
3275,2024-06-27,577,47,2,19842000
3276,2025-08-19,1089,50,3,9130000
3277,2024-02-25,1995,26,1,4548000
3278,2024-11-01,462,23,1,2231000
3279,2025-01-03,2432,30,6,40040000
3280,2024-05-07,209,43,3,16405000
3281,2024-04-22,505,22,6,19004000
3282,2025-04-18,1864,15,6,40220000
3283,2025-09-21,1077,16,3,6481000
3284,2025-11-06,1075,45,3,12023000
3285,2025-05-10,547,12,6,1776000
3286,2025-01-09,1919,33,6,15171000
3287,2025-02-14,1043,7,1,12801000
3288,2024-12-16,1108,42,6,8718000
3289,2024-11-12,391,26,3,41848000
3290,2024-12-02,2658,24,6,36265000
3291,2024-08-07,2538,43,6,10174000
3292,2024-06-04,974,10,3,3941000
3293,2025-01-10,1528,23,3,480000
3294,2024-01-19,2762,48,3,5034000
3295,2024-12-18,1991,48,3,7644000
3296,2024-11-04,1999,24,3,25983000
3297,2024-04-10,2678,27,6,10636000
3298,2024-02-15,637,34,6,9350000
3299,2025-10-05,2623,8,1,14829000
3300,2025-02-24,687,16,1,29737000
3301,2025-11-01,2614,20,6,48819000
3302,2024-01-02,1232,2,6,30493000
3303,2024-04-14,1031,26,3,6552000
3304,2025-03-31,2596,46,3,20867000
3305,2024-09-17,2989,32,3,46024000
3306,2025-05-15,2951,45,1,1652000
3307,2024-10-24,510,36,6,8896000
3308,2025-12-31,1309,37,6,7047000
3309,2024-02-12,2123,46,1,3530000
3310,2025-05-26,1161,24,6,10461000
3311,2024-02-07,503,30,3,49860000
3312,2024-07-14,2493,25,2,52480000
3313,2024-01-20,319,30,6,20828000
3314,2025-09-22,2777,2,3,5266000
3315,2024-04-17,1796,48,2,8466000
3316,2025-01-27,1885,37,6,576000
3317,2025-08-11,137,32,3,2344000
3318,2025-03-18,2871,39,1,3666000
3319,2025-06-25,1281,21,2,30989000
3320,2025-02-11,2883,10,2,1939000
3321,2025-01-08,2369,50,1,30890000
3322,2025-11-11,2252,50,3,20551000
3323,2025-03-10,1824,26,1,15772000
3324,2024-12-27,811,28,6,21168000
3325,2024-09-02,1508,44,6,20498000
3326,2025-12-21,2160,39,6,11610000
3327,2024-02-16,2004,4,6,26789000
3328,2024-05-11,545,35,3,4522000
3329,2024-08-07,1107,50,3,39025000
3330,2024-08-06,945,23,3,4727000
3331,2024-07-17,2508,1,2,24142000
3332,2024-10-05,777,4,3,3363000
3333,2025-04-24,1270,11,6,13026000
3334,2025-10-12,1269,40,1,1158000
3335,2025-03-18,1660,44,1,5387000
3336,2024-11-17,1966,46,3,5229000
3337,2025-02-27,1809,50,2,2498000
3338,2025-12-12,1098,34,2,20034000
3339,2024-07-19,2882,50,3,5111000
3340,2025-11-11,212,30,1,36736000
3341,2025-01-07,2576,28,6,27960000
3342,2025-07-28,629,25,3,24805000
3343,2025-06-09,714,22,1,16575000
3344,2025-11-16,1701,16,6,9928000
3345,2025-08-28,1084,46,2,37237000
3346,2024-05-24,2075,49,3,8068000
3347,2025-02-03,1758,38,3,10340000
3348,2024-03-31,518,44,1,3856000
3349,2024-07-19,681,5,6,49198000
3350,2025-10-03,2694,11,6,19765000
3351,2024-06-11,1547,6,2,8608000
3352,2025-08-22,2004,42,3,6955000
3353,2025-08-04,602,22,3,6766000
3354,2024-11-09,1616,49,6,10786000
3355,2025-04-07,1082,41,6,27511000
3356,2025-01-21,1525,45,1,19626000
3357,2024-07-04,1536,44,6,24923000
3358,2024-10-13,1174,5,3,4673000
3359,2025-06-17,400,50,3,50033000
3360,2025-11-12,2852,22,3,26376000
3361,2024-08-06,1565,29,1,6422000
3362,2025-06-07,75,44,6,23775000
3363,2024-05-27,238,14,3,43198000
3364,2025-10-25,2636,35,2,7690000
3365,2025-12-07,2430,14,6,33399000
3366,2025-03-15,2102,20,3,21237000
3367,2025-07-03,1145,32,2,13116000
3368,2024-09-23,1565,43,1,26912000
3369,2024-06-18,115,5,6,11404000
3370,2025-11-08,2140,16,1,6355000
3371,2024-09-05,1326,18,3,7524000
3372,2024-04-09,456,12,6,10028000
3373,2024-06-22,2219,14,6,3688000
3374,2024-01-12,802,1,3,19895000
3375,2025-05-08,1618,19,6,13600000
3376,2025-05-09,190,47,3,16506000
3377,2024-01-11,1728,43,6,10565000
3378,2025-03-21,445,35,1,9541000
3379,2025-04-21,1546,10,3,1822000
3380,2025-01-17,11,31,6,7455000
3381,2025-10-31,1978,45,3,53930000
3382,2025-10-13,1705,12,3,8100000
3383,2025-05-25,604,3,6,15536000
3384,2025-07-12,2145,34,6,11926000
3385,2025-07-28,203,43,6,5693000
3386,2024-04-15,2053,25,3,6078000
3387,2024-08-15,184,15,1,17791000
3388,2025-01-31,1219,42,6,5293000
3389,2025-02-14,1052,40,6,49620000
3390,2025-04-23,1223,7,3,45263000
3391,2025-09-19,342,26,3,6367000
3392,2024-11-26,2941,44,1,3857000
3393,2025-09-15,2793,2,6,77956000
3394,2024-09-13,2332,3,3,18642000
3395,2025-12-27,1993,42,2,5631000
3396,2024-08-22,1223,9,6,17606000
3397,2025-11-08,469,46,3,3189000
3398,2025-04-06,2797,4,2,46077000
3399,2025-07-19,284,48,6,29504000
3400,2025-07-26,2351,7,1,14719000
3401,2025-02-10,2232,10,3,7724000
3402,2025-02-04,1903,1,6,9670000
3403,2024-10-10,718,8,6,17901000
3404,2024-09-09,275,39,1,15333000
3405,2025-10-14,1631,47,1,1144000
3406,2024-12-15,704,26,3,2400000
3407,2024-05-23,714,8,6,3143000
3408,2025-08-08,103,36,3,6150000
3409,2025-04-11,1503,18,3,5954000
3410,2024-01-11,580,39,1,15961000
3411,2024-07-22,1508,35,1,27272000
3412,2025-05-30,1221,13,3,1176000
3413,2025-10-16,339,1,6,1429000
3414,2025-01-05,1838,16,6,23366000
3415,2024-03-27,1967,20,6,1374000
3416,2024-09-16,1546,37,1,42602000
3417,2025-12-07,2892,23,2,36797000
3418,2024-01-27,668,48,2,6506000
3419,2024-11-07,193,49,3,21578000
3420,2024-06-03,2225,16,1,16606000
3421,2024-03-29,2341,22,6,6324000
3422,2025-06-09,2601,38,6,13636000
3423,2025-08-02,2369,1,1,14456000
3424,2024-12-13,2470,30,2,5206000
3425,2025-05-19,2020,6,6,12014000
3426,2025-12-17,110,13,3,67228000
3427,2024-12-19,1683,33,6,39162000
3428,2024-02-28,2348,20,2,32987000
3429,2024-05-12,1039,45,6,675000
3430,2024-01-05,1352,6,6,21605000
3431,2024-09-16,2216,15,3,16062000
3432,2025-08-27,1314,14,1,18350000
3433,2025-04-03,1578,36,6,3110000
3434,2024-04-28,2283,30,6,15718000
3435,2025-04-13,1904,43,6,21267000
3436,2024-03-03,39,25,6,6050000
3437,2024-08-17,1271,21,3,46575000
3438,2025-04-10,2771,41,1,14163000
3439,2024-03-22,2618,49,6,18124000
3440,2024-08-30,183,15,1,6960000
3441,2024-06-30,1083,38,6,11780000
3442,2025-04-07,1366,49,6,53905000
3443,2024-09-27,1394,8,2,38990000
3444,2024-11-05,2224,18,3,19862000
3445,2024-02-14,2403,20,6,23132000
3446,2024-08-10,480,35,3,8108000
3447,2024-12-18,1586,2,6,47393000
3448,2024-10-23,665,31,2,34421000
3449,2025-04-10,2435,50,3,38675000
3450,2025-01-03,2375,46,6,8282000
3451,2025-05-03,1694,8,3,14603000
3452,2024-04-20,210,31,3,20018000
3453,2025-04-29,1607,20,6,922000
3454,2025-01-05,1188,44,6,14263000
3455,2025-03-04,1399,30,1,1808000
3456,2025-06-08,2316,30,1,29417000
3457,2024-06-19,1587,44,3,13306000
3458,2024-08-03,1213,33,6,10640000
3459,2024-10-01,2787,2,1,15293000
3460,2025-08-16,43,39,3,16041000
3461,2024-09-21,2807,25,3,3895000
3462,2024-12-23,1708,1,6,3366000
3463,2025-01-23,2964,38,3,15686000
3464,2024-07-05,2663,46,6,16039000
3465,2024-03-10,895,34,1,9050000
3466,2025-02-23,2245,31,3,17001000
3467,2025-10-01,1814,29,6,11673000
3468,2025-03-25,2442,24,6,17094000
3469,2024-02-11,2680,14,3,14727000
3470,2025-08-01,1665,10,6,24129000
3471,2024-08-16,2036,30,3,15370000
3472,2024-07-07,1819,5,2,28695000
3473,2024-02-26,1794,49,1,31908000
3474,2025-01-01,505,9,3,7220000
3475,2025-09-03,1719,12,1,18582000
3476,2025-11-07,134,27,3,17162000
3477,2025-10-30,688,19,1,18298000
3478,2024-06-16,950,13,1,5000000
3479,2024-02-23,587,14,3,18504000
3480,2025-08-26,942,17,6,2670000
3481,2025-01-23,93,26,3,8810000
3482,2025-01-21,2319,17,1,7068000
3483,2025-11-27,10,26,3,23223000
3484,2024-12-18,2681,9,1,5207000
3485,2024-12-15,1793,35,6,15095000
3486,2024-11-26,576,39,6,3862000
3487,2024-04-02,560,33,6,15763000
3488,2024-09-05,1976,46,2,12718000
3489,2024-02-03,1567,17,6,602000
3490,2025-06-27,2277,22,6,32779000
3491,2025-06-28,1962,50,6,13736000
3492,2024-09-08,437,8,3,19566000
3493,2025-10-08,2132,1,6,3192000
3494,2024-06-19,1484,23,6,5433000
3495,2024-05-26,2169,1,6,3274000
3496,2024-09-10,1819,27,6,25628000
3497,2024-05-15,1496,22,2,20330000
3498,2025-05-06,2283,28,3,28208000
3499,2025-06-26,2612,29,3,1878000
3500,2025-02-10,113,44,1,7354000
3501,2024-02-13,937,47,3,22499000
3502,2024-05-13,692,8,1,7702000
3503,2024-03-17,1969,3,3,3564000
3504,2025-09-28,2938,21,3,9273000
3505,2025-02-14,1699,14,3,13008000
3506,2025-08-13,2711,9,3,330000
3507,2025-04-28,2318,34,6,3635000
3508,2024-06-12,2128,32,1,11745000
3509,2025-12-17,313,17,1,2256000
3510,2024-11-13,2325,24,6,1035000
3511,2024-06-26,2361,8,6,804000
3512,2025-11-13,2366,26,6,18075000
3513,2024-11-03,471,28,3,15334000
3514,2024-08-28,798,49,1,8139000
3515,2025-07-08,2281,33,2,16904000
3516,2025-04-27,19,2,6,17528000
3517,2024-03-21,2874,3,1,17993000
3518,2025-06-23,1998,20,6,1446000
3519,2025-12-02,325,10,2,16929000
3520,2024-05-30,2790,11,3,9333000
3521,2024-03-25,2963,32,6,2705000
3522,2024-10-31,1502,18,2,6859000
3523,2025-02-11,1129,34,6,24499000
3524,2025-09-26,564,43,2,31215000
3525,2024-02-26,1103,26,6,12453000
3526,2024-05-14,1911,21,2,4978000
3527,2024-04-10,1457,11,6,1130000
3528,2025-11-28,2788,37,6,4100000
3529,2024-09-15,1130,11,2,13972000
3530,2024-08-23,2955,26,3,11920000
3531,2025-05-07,2190,50,6,57040000
3532,2024-10-26,2224,13,1,4206000
3533,2024-01-14,2347,24,3,35665000
3534,2025-05-20,581,16,3,13044000
3535,2024-08-09,1630,35,2,21272000
3536,2025-03-12,201,6,6,17942000
3537,2024-12-09,1825,39,1,17433000
3538,2024-08-22,552,26,6,8231000
3539,2024-03-18,1098,48,3,7040000
3540,2024-12-16,2049,46,2,12419000
3541,2025-09-27,2598,30,2,15910000
3542,2024-04-07,1495,3,3,12118000
3543,2025-08-02,1771,32,3,11955000
3544,2025-05-09,2742,9,3,17239000
3545,2025-09-24,529,23,3,24970000
3546,2025-08-08,536,3,2,17087000
3547,2025-07-29,634,36,6,7218000
3548,2024-05-09,976,15,1,19151000
3549,2025-08-01,1844,1,6,5896000
3550,2025-08-12,2652,13,6,22316000
3551,2025-08-22,1395,33,1,6430000
3552,2025-08-30,423,22,3,21997000
3553,2025-10-08,1524,21,2,26565000
3554,2024-03-20,1759,14,3,702000
3555,2025-10-23,1818,6,6,2495000
3556,2025-09-07,676,2,6,29781000
3557,2024-12-08,1883,20,2,13148000
3558,2024-11-13,752,20,3,25460000
3559,2025-04-23,976,38,6,22086000
3560,2024-06-11,1579,9,6,3954000
3561,2025-09-07,327,34,3,2784000
3562,2024-08-31,2839,5,1,11641000
3563,2024-11-03,2676,37,6,38487000
3564,2025-04-05,966,49,6,21077000
3565,2025-12-26,1889,31,1,6175000
3566,2024-09-21,1217,13,6,19563000
3567,2024-07-21,2580,22,6,17639000
3568,2025-09-29,1895,34,6,21890000
3569,2024-06-17,2473,25,6,10970000
3570,2025-05-02,452,22,6,1917000
3571,2025-12-29,1260,15,3,5718000
3572,2025-11-23,2653,3,1,4606000
3573,2025-09-20,2341,4,1,2806000
3574,2024-10-03,2188,42,3,5520000
3575,2025-10-18,1216,9,6,2200000
3576,2025-04-27,2381,27,2,8307000
3577,2025-10-03,126,47,2,7533000
3578,2025-08-04,1176,1,3,15064000
3579,2024-03-08,1717,45,6,26275000
3580,2025-05-09,935,31,6,11111000
3581,2024-05-10,1180,11,6,2148000
3582,2025-01-26,2845,50,1,2232000
3583,2024-05-08,1500,17,3,14263000
3584,2024-06-06,136,15,6,32099000
3585,2025-09-05,946,4,3,12920000
3586,2024-03-27,2941,18,3,19743000
3587,2024-04-12,2781,22,1,8906000
3588,2025-04-22,991,7,2,40965000
3589,2025-04-16,756,12,6,5437000
3590,2024-11-14,270,17,6,3716000
3591,2024-12-02,1725,37,3,10853000
3592,2024-01-12,2598,5,3,10635000
3593,2024-09-29,516,40,1,22618000
3594,2024-08-10,1352,40,3,4751000
3595,2024-10-06,1837,20,1,29048000
3596,2024-06-10,2357,35,1,13855000
3597,2025-10-24,1324,40,6,10168000
3598,2025-12-01,1702,45,6,10254000
3599,2025-05-03,338,23,1,16916000
3600,2025-09-01,82,11,1,9045000
3601,2025-03-17,670,48,6,2523000
3602,2025-04-21,2985,50,1,20957000
3603,2025-02-16,1329,1,3,16823000
3604,2024-07-26,587,39,3,38570000
3605,2024-01-17,2354,3,3,24679000
3606,2025-03-18,1232,30,6,8667000
3607,2024-03-10,2642,20,6,17087000
3608,2024-05-29,1850,33,6,7993000
3609,2024-09-12,2891,21,6,579000
3610,2024-09-23,2698,4,6,3042000
3611,2024-06-29,2627,16,3,11674000
3612,2025-02-14,2537,32,3,10219000
3613,2024-05-27,2966,46,3,4683000
3614,2025-03-19,1815,24,6,27219000
3615,2025-08-07,921,40,1,12209000
3616,2024-11-09,947,44,3,31229000
3617,2025-02-13,2407,2,6,35426000
3618,2024-11-23,869,48,3,2372000
3619,2024-07-06,2822,23,1,3915000
3620,2025-06-09,1921,36,1,3247000
3621,2024-12-08,1871,13,1,27136000
3622,2025-06-07,404,15,1,1302000
3623,2024-01-21,1972,15,6,29243000
3624,2024-12-14,1019,41,1,21071000
3625,2024-02-21,741,15,6,24655000
3626,2024-11-13,416,12,1,26436000
3627,2024-10-27,1949,17,2,21933000
3628,2025-10-10,2335,35,6,20862000
3629,2024-07-14,2927,30,1,16795000
3630,2024-02-26,991,15,6,7003000
3631,2024-02-15,1328,5,6,20876000
3632,2024-02-19,515,16,1,18980000
3633,2024-11-30,393,2,6,40960000
3634,2025-12-26,368,24,6,13256000
3635,2024-11-28,2189,32,2,9492000
3636,2025-08-24,1093,41,2,34663000
3637,2024-10-06,623,10,6,19964000
3638,2024-12-15,1611,20,2,4472000
3639,2024-03-21,2432,40,1,4630000
3640,2025-01-15,1525,6,1,18679000
3641,2024-11-24,953,33,3,16434000
3642,2025-05-12,2118,5,3,3907000
3643,2024-04-03,1022,47,6,3880000
3644,2024-01-22,1431,46,1,2946000
3645,2025-12-06,1271,40,6,10537000
3646,2024-03-11,2526,46,6,10793000
3647,2024-04-22,1365,45,6,1502000
3648,2024-11-17,1467,32,2,3080000
3649,2025-02-05,1771,15,1,7641000
3650,2025-06-11,2588,42,1,16065000
3651,2024-10-11,1678,16,3,11502000
3652,2025-03-16,493,48,6,1568000
3653,2024-05-17,305,43,3,28097000
3654,2025-11-03,1494,46,6,1971000
3655,2024-08-31,1295,9,3,20836000
3656,2024-01-01,1877,28,2,34559000
3657,2024-11-16,171,19,1,1208000
3658,2024-02-26,1288,39,3,8219000
3659,2025-11-06,1579,33,6,8971000
3660,2025-11-14,2672,27,3,25010000
3661,2025-04-01,1887,5,6,13251000
3662,2024-07-13,2810,14,6,20156000
3663,2024-01-25,2070,3,3,25752000
3664,2024-02-08,448,3,2,922000
3665,2024-10-18,1711,47,3,51523000
3666,2024-02-21,887,39,1,11101000
3667,2025-05-12,2104,34,3,14550000
3668,2025-07-24,403,35,3,19065000
3669,2024-07-31,157,18,6,16836000
3670,2025-11-03,470,25,1,7427000
3671,2025-07-22,2143,8,6,702000
3672,2025-06-04,1938,46,3,14961000
3673,2024-12-26,363,34,6,1884000
3674,2025-03-06,2441,3,6,536000
3675,2025-10-04,145,43,3,33600000
3676,2025-01-25,1369,26,3,2937000
3677,2025-07-03,657,25,6,15393000
3678,2024-06-29,2147,3,3,12588000
3679,2025-05-05,640,46,6,6314000
3680,2024-06-09,8,47,3,8416000
3681,2024-04-24,2758,43,6,15281000
3682,2025-04-03,633,41,1,25152000
3683,2025-04-14,864,23,6,29276000
3684,2024-10-16,73,30,3,13641000
3685,2024-08-16,2979,47,3,9930000
3686,2025-06-30,910,4,6,28727000
3687,2025-09-10,1817,34,3,13816000
3688,2025-08-21,2576,37,6,12937000
3689,2024-04-15,2628,17,6,12145000
3690,2024-10-17,2489,36,1,44804000
3691,2025-02-25,1891,6,6,11690000
3692,2025-01-31,1970,17,3,16954000
3693,2024-02-06,1781,25,3,26563000
3694,2025-06-11,2963,27,6,19606000
3695,2025-01-16,281,36,6,6062000
3696,2025-05-18,414,6,6,11385000
3697,2024-11-07,1452,28,3,120000
3698,2024-12-25,2740,39,6,3336000
3699,2025-02-15,849,20,1,3680000
3700,2024-04-01,2064,4,6,11664000
3701,2024-08-02,2411,10,2,3204000
3702,2024-02-03,552,23,3,21859000
3703,2024-12-20,1756,22,1,3554000
3704,2024-09-02,1924,46,6,9604000
3705,2025-05-08,992,2,1,23356000
3706,2024-04-11,1551,32,3,31850000
3707,2025-05-07,444,38,1,13183000
3708,2025-03-01,442,24,6,12107000
3709,2025-07-14,1969,44,1,6781000
3710,2024-01-13,424,10,6,6310000
3711,2025-11-11,236,9,6,41464000
3712,2024-10-24,1381,21,2,38930000
3713,2025-11-04,237,22,6,7579000
3714,2025-08-27,129,33,3,10031000
3715,2025-11-12,2309,38,3,24245000
3716,2024-08-01,2327,32,6,9769000
3717,2025-10-08,1877,16,3,8943000
3718,2025-06-06,1960,9,6,9490000
3719,2025-01-21,399,26,1,48438000
3720,2024-01-14,829,50,6,25202000
3721,2024-09-11,2156,15,2,7013000
3722,2024-01-29,123,38,3,6241000
3723,2024-10-25,916,21,1,26675000
3724,2025-09-21,1259,40,1,19979000
3725,2024-01-19,2015,45,6,6114000
3726,2024-04-18,1793,37,3,19335000
3727,2025-10-21,1691,21,6,9293000
3728,2025-02-27,1588,10,3,7403000
3729,2025-09-26,2034,45,1,31576000
3730,2025-01-02,409,34,3,32472000
3731,2025-01-21,643,10,6,24571000
3732,2024-06-07,1853,50,6,15349000
3733,2025-10-09,1656,4,3,6117000
3734,2024-06-18,522,16,2,3175000
3735,2024-05-12,920,19,3,30411000
3736,2025-01-16,1566,48,6,7666000
3737,2025-04-07,419,12,6,20896000
3738,2024-03-21,2701,24,3,34738000
3739,2025-07-31,179,17,3,9016000
3740,2025-06-12,2577,11,3,29012000
3741,2024-01-13,1380,5,6,47104000
3742,2025-02-16,1767,3,3,30339000
3743,2024-04-27,737,14,3,11350000
3744,2024-05-10,1999,34,3,11638000
3745,2024-10-27,1129,32,3,13889000
3746,2024-02-04,2391,36,6,7055000
3747,2024-07-17,1706,6,6,45042000
3748,2024-05-23,1941,26,3,3958000
3749,2024-11-26,2260,19,6,26797000
3750,2024-11-06,637,1,1,41764000
3751,2024-06-12,1064,45,3,37582000
3752,2024-06-01,1029,35,3,25505000
3753,2025-02-06,784,47,3,23663000
3754,2024-09-07,1891,16,6,17282000
3755,2024-03-19,1230,24,2,5183000
3756,2024-08-19,302,8,3,17903000
3757,2024-02-02,2849,10,6,16454000
3758,2025-11-26,1560,41,3,13924000
3759,2024-05-04,1080,8,3,4302000
3760,2024-09-11,2743,37,6,1431000
3761,2024-01-07,1570,6,3,9502000
3762,2024-09-27,1861,6,3,18063000
3763,2025-08-04,509,7,3,4532000
3764,2025-09-22,513,47,6,24858000
3765,2025-01-22,2695,44,3,8919000
3766,2024-05-26,1245,47,6,5040000
3767,2025-02-23,2295,36,1,3262000
3768,2024-10-23,260,3,1,3032000
3769,2024-09-25,322,18,2,24639000
3770,2024-07-21,286,34,3,10853000
3771,2024-04-23,2304,41,2,32278000
3772,2024-11-15,40,22,3,8792000
3773,2025-12-15,2884,15,1,6333000
3774,2024-11-18,2606,8,6,3331000
3775,2025-08-24,2739,1,6,9467000
3776,2024-11-15,1845,3,3,4878000
3777,2025-01-04,1697,1,3,48738000
3778,2024-10-08,196,25,6,23562000
3779,2024-04-12,1213,43,3,27474000
3780,2025-04-14,2157,14,2,4410000
3781,2024-01-23,811,7,6,31115000
3782,2024-12-28,1597,18,6,2883000
3783,2025-04-30,513,49,1,12554000
3784,2025-04-13,1344,43,6,29382000
3785,2025-09-06,1101,4,6,24192000
3786,2024-10-01,112,15,1,40216000
3787,2025-04-05,1088,17,3,3595000
3788,2025-10-04,2379,40,3,435000
3789,2025-04-05,16,39,1,19062000
3790,2024-09-09,2493,7,1,570000
3791,2025-02-06,2519,19,3,28348000
3792,2024-07-09,2581,26,6,10708000
3793,2024-03-13,18,25,2,20043000
3794,2024-08-17,688,28,6,12322000
3795,2024-12-25,958,5,3,14144000
3796,2024-02-16,1425,32,6,5658000
3797,2024-09-04,359,44,2,3130000
3798,2024-03-24,110,35,3,23249000
3799,2025-02-19,2638,22,6,17286000
3800,2025-02-20,388,11,6,23711000
3801,2024-08-19,1623,3,6,12483000
3802,2024-10-22,88,4,6,22862000
3803,2025-03-27,1191,34,6,10322000
3804,2025-04-20,2456,20,3,4316000
3805,2025-01-22,2604,41,3,9438000
3806,2025-06-15,2421,18,3,5524000
3807,2024-09-15,2117,5,6,16741000
3808,2024-01-13,2661,16,6,5380000
3809,2024-04-19,104,4,6,12176000
3810,2025-04-24,17,49,3,13680000
3811,2025-03-31,1992,49,1,28733000
3812,2025-10-31,1969,21,3,21842000
3813,2024-11-13,2440,13,1,9895000
3814,2024-02-07,1820,34,2,21800000
3815,2024-04-23,303,29,2,11414000
3816,2025-08-10,2882,49,6,11242000
3817,2024-02-23,150,18,3,6667000
3818,2024-01-25,698,6,6,14568000
3819,2024-10-20,1204,6,6,12017000
3820,2024-12-08,2425,28,6,13374000
3821,2024-10-13,932,15,1,3047000
3822,2025-11-12,2712,34,6,15610000
3823,2025-11-10,2313,47,6,805000
3824,2025-12-19,1403,24,1,51746000
3825,2024-08-22,2325,7,6,16035000
3826,2025-11-27,109,14,1,23619000
3827,2025-01-03,999,1,3,2440000
3828,2024-11-14,2529,45,3,31182000
3829,2025-08-20,738,25,6,3772000
3830,2024-12-22,879,47,6,10964000
3831,2024-04-24,2513,31,6,52395000
3832,2024-08-29,426,30,1,13275000
3833,2025-08-04,1243,49,6,12205000
3834,2025-12-12,634,18,3,988000
3835,2025-05-22,2940,47,1,2674000
3836,2024-07-19,2295,23,3,9745000
3837,2025-01-20,1350,43,1,5325000
3838,2025-09-28,629,31,6,34100000
3839,2025-07-20,1857,43,3,24512000
3840,2024-09-24,2873,6,1,16479000
3841,2024-10-07,2362,13,3,11003000
3842,2025-05-08,2495,25,6,26475000
3843,2024-02-04,1764,1,6,14238000
3844,2025-01-07,2291,42,3,14486000
3845,2025-05-04,938,21,6,4005000
3846,2025-09-14,514,8,2,8158000
3847,2025-02-01,559,22,3,32223000
3848,2025-02-06,2857,38,3,4155000
3849,2025-09-19,770,24,6,8339000
3850,2025-02-06,1239,26,1,44785000
3851,2025-08-29,2192,45,3,15402000
3852,2025-04-03,64,7,6,12992000
3853,2025-11-09,2574,42,6,8184000
3854,2025-01-04,1991,1,1,23652000
3855,2025-09-05,2939,16,6,8329000
3856,2025-11-08,542,31,3,31426000
3857,2025-07-07,1619,26,3,49500000
3858,2024-06-03,1484,21,1,3776000
3859,2025-09-10,2657,4,6,816000
3860,2024-01-25,2545,12,6,7091000
3861,2024-02-24,30,4,3,1792000
3862,2024-04-23,2733,50,3,24939000
3863,2024-03-26,1339,28,2,24229000
3864,2025-03-01,289,38,6,48965000
3865,2024-07-16,2302,17,6,5564000
3866,2025-09-30,2568,33,2,10732000
3867,2024-05-22,360,15,2,19730000
3868,2024-02-18,2755,48,3,31634000
3869,2025-06-08,574,42,1,20072000
3870,2025-06-27,1241,43,6,9800000
3871,2025-08-09,2558,4,3,30907000
3872,2025-02-18,1959,9,1,789000
3873,2025-11-21,894,5,2,3682000
3874,2024-09-27,2726,17,3,9028000
3875,2024-05-07,2023,44,6,28472000
3876,2025-10-05,1004,41,6,11443000
3877,2025-01-06,1299,47,6,30724000
3878,2024-03-12,2482,9,1,8023000
3879,2024-03-14,2173,36,1,4225000
3880,2024-05-23,86,27,1,810000
3881,2024-03-24,2156,47,6,9386000
3882,2024-10-21,498,31,6,3701000
3883,2024-03-05,2614,41,1,41834000
3884,2024-01-30,638,13,6,27963000
3885,2024-09-25,477,45,6,22392000
3886,2025-09-14,978,28,3,6957000
3887,2024-07-12,1298,41,3,32573000
3888,2025-08-28,271,27,6,10113000
3889,2025-03-20,1122,1,1,23559000
3890,2024-05-30,923,37,2,10736000
3891,2025-12-31,2342,47,1,20906000
3892,2025-11-05,736,22,1,40683000
3893,2025-06-30,612,41,6,2405000
3894,2025-04-10,417,12,6,4682000
3895,2025-09-08,985,30,3,29092000
3896,2024-09-23,2479,40,3,15012000
3897,2024-11-24,678,12,6,27255000
3898,2024-07-08,2519,27,6,12870000
3899,2024-09-21,1235,44,3,16441000
3900,2024-10-12,1018,48,6,4968000
3901,2025-12-21,2989,35,6,15342000
3902,2025-06-03,463,8,3,131000
3903,2024-11-12,912,15,3,1787000
3904,2025-03-12,1055,2,3,3486000
3905,2025-12-25,2129,2,6,14440000
3906,2025-07-29,2047,31,3,12623000
3907,2024-12-07,1300,45,6,23545000
3908,2025-08-31,2765,43,3,17937000
3909,2025-10-17,1592,45,1,22362000
3910,2025-05-08,2174,31,3,16335000
3911,2024-02-23,704,23,3,35272000
3912,2024-04-10,2819,10,3,14784000
3913,2025-12-31,2989,18,6,9796000
3914,2024-08-29,1917,11,3,2652000
3915,2025-02-26,732,47,6,44778000
3916,2025-02-08,2969,2,1,7330000
3917,2024-05-29,780,21,3,10894000
3918,2024-10-31,297,35,2,8692000
3919,2024-06-28,2550,21,6,11146000
3920,2025-11-04,2537,38,3,371000
3921,2025-05-16,1919,50,1,18613000
3922,2025-04-11,2340,13,3,9123000
3923,2025-01-02,2003,38,6,39887000
3924,2024-12-20,277,37,1,7379000
3925,2024-09-17,2949,29,6,18773000
3926,2025-11-29,350,5,3,9166000
3927,2025-05-05,2767,14,6,4760000
3928,2025-04-11,49,14,3,13807000
3929,2025-03-11,608,23,6,14479000
3930,2025-10-30,1897,28,2,31271000
3931,2024-04-15,657,24,3,14153000
3932,2024-10-25,2992,11,1,33256000
3933,2024-07-31,126,1,3,4407000
3934,2024-02-13,1481,26,1,11001000
3935,2024-02-02,2082,45,1,19513000
3936,2025-08-14,681,41,6,6731000
3937,2025-10-14,2289,9,3,1396000
3938,2025-04-22,915,11,2,4413000
3939,2024-02-10,1933,44,3,25862000
3940,2025-06-21,831,6,1,334000
3941,2025-10-13,1808,15,6,18552000
3942,2024-12-27,1191,35,6,37248000
3943,2024-06-01,754,1,6,41213000
3944,2024-05-16,27,5,3,5441000
3945,2025-04-04,93,36,6,17403000
3946,2024-05-21,2232,31,6,20946000
3947,2025-11-20,285,28,1,19607000
3948,2025-05-16,2512,45,6,8168000
3949,2024-08-02,2578,26,6,24217000
3950,2024-03-08,644,40,6,4729000
3951,2024-12-27,1360,6,3,7478000
3952,2024-01-19,1489,6,2,4083000
3953,2025-06-09,471,40,6,31832000
3954,2025-12-06,2203,50,6,1840000
3955,2025-12-28,528,9,6,4538000
3956,2024-06-26,852,45,2,420000
3957,2024-01-14,860,27,3,13747000
3958,2025-04-07,552,9,1,32555000
3959,2024-11-25,157,10,3,4599000
3960,2024-08-24,12,46,1,33056000
3961,2025-11-16,1113,44,1,5558000
3962,2025-10-17,1125,13,6,2706000
3963,2024-12-04,839,37,3,838000
3964,2025-03-21,2348,10,3,12061000
3965,2024-01-31,2483,8,6,17330000
3966,2025-12-27,1624,15,3,8342000
3967,2025-03-08,1747,40,6,13548000
3968,2025-07-25,1931,47,6,6928000
3969,2024-01-10,1019,14,3,17566000
3970,2024-09-17,1532,18,6,24009000
3971,2024-03-06,78,25,2,27160000
3972,2025-03-22,1602,17,3,7038000
3973,2025-04-20,18,2,3,17275000
3974,2024-10-21,1189,48,6,45798000
3975,2025-07-19,113,7,6,30167000
3976,2025-11-02,390,32,6,63590000
3977,2024-11-02,585,38,6,5164000
3978,2025-12-10,697,34,2,15237000
3979,2025-08-23,531,19,3,18281000
3980,2024-05-01,1470,1,6,12797000
3981,2024-01-19,2680,40,6,39127000
3982,2025-09-22,2348,46,6,7222000
3983,2024-04-11,2994,47,1,9954000
3984,2024-05-05,1352,11,6,32067000
3985,2025-01-16,655,45,1,30591000
3986,2025-12-14,667,9,3,16157000
3987,2024-02-19,1329,33,3,1703000
3988,2024-07-16,1868,42,6,6535000
3989,2025-10-13,1246,16,6,47537000
3990,2024-10-04,235,45,6,7294000
3991,2025-05-23,1658,12,6,18009000
3992,2025-11-23,813,39,6,12034000
3993,2024-02-17,437,6,2,10354000
3994,2024-12-03,652,21,6,5023000
3995,2025-06-02,2810,28,1,52315000
3996,2025-04-19,1825,46,3,5604000
3997,2025-07-19,2205,12,6,16120000
3998,2024-02-11,906,6,6,1644000
3999,2024-10-09,2178,38,2,17852000
4000,2024-08-31,82,17,6,36915000
4001,2025-06-30,2079,1,3,10118000
4002,2025-04-27,483,35,6,10625000
4003,2024-03-10,1268,9,1,29774000
4004,2025-09-15,902,24,6,11699000
4005,2025-12-09,1209,43,6,32971000
4006,2025-09-02,742,3,6,8327000
4007,2024-12-27,2309,27,6,22933000
4008,2024-11-24,1823,32,3,22519000
4009,2025-09-13,362,7,1,9704000
4010,2025-04-04,2427,36,1,5898000
4011,2024-01-19,2903,20,6,9209000
4012,2025-04-23,1687,10,6,13762000
4013,2024-09-13,1332,50,3,910000
4014,2024-03-30,1594,1,3,776000
4015,2025-08-06,1461,34,3,15607000
4016,2025-04-20,160,49,2,22003000
4017,2024-12-22,2701,11,1,12991000
4018,2024-04-29,841,13,6,10529000
4019,2025-12-27,2137,39,6,14276000
4020,2024-03-03,32,33,1,14295000
4021,2024-10-05,1879,28,2,1203000
4022,2024-05-13,2751,33,3,44130000
4023,2025-06-12,2404,40,1,5670000
4024,2024-01-08,2814,32,6,13125000
4025,2025-02-03,434,48,3,1740000
4026,2024-09-09,2993,37,3,7262000
4027,2025-10-16,1963,37,3,9742000
4028,2024-05-09,1911,7,6,285000
4029,2025-12-13,1614,4,1,2115000
4030,2024-08-04,2134,44,6,8040000
4031,2025-07-07,2127,44,6,14078000
4032,2024-05-29,2103,24,3,4907000
4033,2025-09-21,2098,26,3,12486000
4034,2025-10-29,430,35,6,16378000
4035,2024-08-28,2357,30,6,4773000
4036,2025-12-14,995,4,3,8186000
4037,2024-01-09,2643,1,6,25129000
4038,2024-08-30,2034,38,6,31467000
4039,2025-09-22,2386,40,6,6025000
4040,2024-10-10,1281,30,6,6843000
4041,2024-11-13,1136,8,3,18368000
4042,2025-04-07,1651,38,1,13218000
4043,2025-03-12,555,25,6,34414000
4044,2024-10-18,2680,15,6,11628000
4045,2025-04-07,1453,37,2,36374000
4046,2025-12-06,1602,2,6,7802000
4047,2024-09-12,1397,38,3,9311000
4048,2024-08-02,2504,34,6,10306000
4049,2025-10-03,2609,46,3,43095000
4050,2024-02-25,1893,39,3,9933000
4051,2025-03-15,1491,33,6,10232000
4052,2025-04-06,2079,49,1,13601000
4053,2025-11-19,2036,22,6,5796000
4054,2025-11-12,2262,5,6,28602000
4055,2025-05-03,2156,20,1,1224000
4056,2024-11-09,2774,3,6,16405000
4057,2025-12-11,863,4,6,30598000
4058,2025-10-29,2745,7,6,3973000
4059,2025-04-21,1589,7,1,12240000
4060,2024-11-19,2694,2,3,5304000
4061,2025-05-18,2081,35,1,20493000
4062,2025-02-01,2392,11,1,14178000
4063,2024-07-14,809,46,3,9538000
4064,2024-11-25,1158,1,1,3380000
4065,2024-07-12,1675,38,3,18679000
4066,2025-09-10,1393,9,3,12735000
4067,2024-12-07,2794,50,2,3205000
4068,2024-07-10,919,6,1,7141000
4069,2025-11-30,1609,21,1,28550000
4070,2024-06-11,1879,16,6,26551000
4071,2025-12-12,2749,46,6,9591000
4072,2024-05-01,1167,40,6,6550000
4073,2024-06-08,1076,39,2,15935000
4074,2024-07-11,573,9,1,14547000
4075,2024-10-01,1975,32,3,32005000
4076,2024-10-26,1737,40,6,20314000
4077,2024-02-04,2397,16,6,8197000
4078,2024-11-17,1508,23,6,2944000
4079,2024-02-12,610,3,2,5668000
4080,2025-02-24,466,31,6,19828000
4081,2024-03-16,797,27,6,21574000
4082,2024-09-28,1477,37,6,37131000
4083,2025-04-26,1605,8,1,20046000
4084,2024-04-20,2257,37,1,38613000
4085,2025-11-09,2446,6,1,3557000
4086,2025-05-04,2773,47,2,3021000
4087,2025-03-04,1331,2,6,26835000
4088,2025-02-18,424,10,1,11945000
4089,2024-06-02,2217,42,1,2033000
4090,2025-11-02,2909,41,2,36036000
4091,2025-01-08,1582,19,6,18247000
4092,2025-03-05,2284,45,6,707000
4093,2024-09-11,2750,1,6,4040000
4094,2025-01-14,1515,21,6,26330000
4095,2025-08-17,1364,4,1,19204000
4096,2025-02-21,870,46,6,18572000
4097,2025-03-14,28,32,6,22455000
4098,2025-05-13,2208,39,6,38423000
4099,2024-08-09,951,42,1,36144000
4100,2025-05-14,1680,13,3,21695000
4101,2025-09-07,253,17,6,30511000
4102,2024-02-06,120,34,1,1480000
4103,2025-12-11,1001,26,3,8437000
4104,2025-01-21,2953,43,1,22918000
4105,2025-03-10,2306,2,1,2828000
4106,2025-12-03,753,10,3,3260000
4107,2025-07-31,1820,24,6,19750000
4108,2025-11-23,96,26,3,34797000
4109,2025-04-13,2481,3,6,6924000
4110,2025-10-20,1894,2,3,35210000
4111,2024-12-14,2778,7,1,31458000
4112,2024-02-09,229,14,3,30710000
4113,2024-08-01,1036,20,3,19646000
4114,2024-02-03,1873,28,3,11506000
4115,2025-05-02,671,8,6,18981000
4116,2024-07-05,2983,5,3,22731000
4117,2025-10-26,794,44,1,9174000
4118,2025-12-03,948,38,2,19276000
4119,2025-09-02,646,37,6,23501000
4120,2025-10-26,2497,10,2,11515000
4121,2024-01-03,1382,15,2,48433000
4122,2025-05-06,349,11,1,16146000
4123,2025-03-03,173,4,3,22182000
4124,2024-05-08,596,33,1,6700000
4125,2025-10-30,1898,29,6,4884000
4126,2024-07-05,1860,50,3,7951000
4127,2024-11-19,1172,40,3,2061000
4128,2024-11-27,2012,48,3,12921000
4129,2025-07-02,1823,11,3,18698000
4130,2024-05-28,255,26,1,7032000
4131,2024-06-03,651,45,3,3238000
4132,2025-12-11,106,6,1,45760000
4133,2025-03-07,2364,36,3,1957000
4134,2024-10-25,1060,27,6,8694000
4135,2025-01-09,2062,38,6,194000
4136,2024-05-20,1109,32,6,6027000
4137,2024-01-14,2326,27,2,6852000
4138,2025-10-24,1748,17,6,6036000
4139,2024-06-08,2846,41,6,16065000
4140,2024-12-16,725,24,6,27640000
4141,2024-08-10,1856,36,6,16442000
4142,2025-12-12,1027,31,6,2748000
4143,2025-07-14,2197,17,2,22167000
4144,2025-03-28,15,45,3,35938000
4145,2024-10-06,1707,21,6,56795000
4146,2025-04-24,1877,50,3,7792000
4147,2025-03-20,354,10,3,21237000
4148,2025-06-10,2049,39,6,15496000
4149,2024-06-05,2236,20,1,9712000
4150,2025-02-12,2140,4,3,9303000
4151,2024-05-19,2100,10,6,31497000
4152,2025-12-04,2948,5,6,1753000
4153,2024-09-20,490,29,3,17486000
4154,2024-01-02,1400,13,6,37342000
4155,2024-03-17,2644,34,6,3677000
4156,2024-02-04,1371,25,6,11795000
4157,2025-07-09,2111,1,1,22619000
4158,2024-03-17,2827,42,6,21088000
4159,2025-01-22,1252,31,3,35789000
4160,2025-01-11,2605,5,1,2706000
4161,2025-04-22,2387,34,1,5695000
4162,2024-05-06,714,49,6,2366000
4163,2024-05-16,2281,44,6,9450000
4164,2024-08-31,1529,44,6,82131000
4165,2024-03-26,1634,2,3,8013000
4166,2025-08-13,2474,6,3,1975000
4167,2025-07-23,2790,17,3,2969000
4168,2024-01-21,2140,29,3,2852000
4169,2025-12-20,486,31,3,4058000
4170,2025-12-09,2108,50,6,31869000
4171,2025-05-12,421,24,1,2827000
4172,2024-02-10,1965,30,3,11150000
4173,2024-02-26,1931,19,3,252000
4174,2024-10-18,927,15,6,84000
4175,2025-07-15,2372,24,6,19358000
4176,2025-09-03,1554,29,1,32934000
4177,2025-10-25,1203,27,2,21022000
4178,2025-11-16,220,21,3,45043000
4179,2024-04-03,144,37,2,32380000
4180,2024-02-22,2771,31,2,38908000
4181,2024-04-18,2034,36,6,4315000
4182,2024-01-29,2976,12,2,101000
4183,2025-01-16,197,10,6,16103000
4184,2025-11-12,1184,37,6,24955000
4185,2024-06-16,2811,49,1,6833000
4186,2025-12-21,2797,40,1,12151000
4187,2024-02-03,336,1,1,5872000
4188,2025-09-26,1928,24,3,1944000
4189,2025-09-09,1939,18,6,27011000
4190,2025-11-21,2838,42,6,772000
4191,2025-10-17,943,39,6,16893000
4192,2024-11-25,2438,48,6,11652000
4193,2024-11-12,1043,49,1,13164000
4194,2024-12-20,620,25,3,3914000
4195,2024-09-21,2741,42,1,17096000
4196,2024-02-27,1153,6,6,31730000
4197,2024-10-18,463,23,1,14380000
4198,2025-03-27,1195,3,6,18697000
4199,2024-04-05,769,16,6,4855000
4200,2025-09-19,942,29,6,24750000
4201,2025-02-08,2349,50,3,3798000
4202,2025-04-03,1554,35,2,16442000
4203,2025-11-23,1544,50,2,26392000
4204,2025-06-26,1312,22,6,29025000
4205,2024-03-31,1876,20,3,15375000
4206,2025-11-04,191,24,3,17856000
4207,2024-11-01,2521,47,6,9215000
4208,2025-06-12,2086,6,6,789000
4209,2024-10-06,2410,40,3,6308000
4210,2025-06-11,239,14,6,8868000
4211,2025-05-30,1642,11,6,13848000
4212,2024-02-16,2761,23,6,4748000
4213,2024-09-18,1088,22,2,13575000
4214,2025-08-01,2529,37,3,8372000
4215,2025-03-23,857,12,6,24136000
4216,2025-01-17,998,21,1,2960000
4217,2025-03-27,2422,7,3,18397000
4218,2024-04-29,371,45,2,16463000
4219,2025-12-18,2123,24,3,15945000
4220,2025-07-01,1026,27,6,4434000
4221,2025-06-07,2498,36,6,2154000
4222,2025-09-02,911,11,3,21060000
4223,2024-09-05,1463,37,6,8796000
4224,2024-04-30,2049,43,1,7574000
4225,2024-02-23,2700,30,1,11158000
4226,2025-10-28,1127,45,3,2898000
4227,2024-01-09,164,10,1,34623000
4228,2025-11-03,1715,17,1,17772000
4229,2024-12-20,2524,32,1,16983000
4230,2024-01-09,1372,22,6,25703000
4231,2025-07-13,672,37,3,18785000
4232,2025-05-10,2245,7,3,34252000
4233,2024-05-24,264,49,6,32468000
4234,2025-04-26,2798,17,3,29203000
4235,2025-07-06,1148,29,6,22341000
4236,2025-01-30,21,19,1,15064000
4237,2025-08-20,1016,30,2,2805000
4238,2025-05-08,2954,36,6,8692000
4239,2025-11-29,1944,12,2,18386000
4240,2024-09-25,1761,6,6,3774000
4241,2024-07-06,2045,22,3,13032000
4242,2024-02-18,1112,23,1,5478000
4243,2025-09-28,742,28,6,478000
4244,2025-03-14,2539,33,3,9517000
4245,2025-10-26,2535,30,3,42480000
4246,2025-07-08,2150,30,6,7390000
4247,2024-12-04,1201,18,6,8139000
4248,2025-06-09,1057,29,6,14477000
4249,2024-03-11,966,18,2,8424000
4250,2024-04-28,2501,9,3,9397000
4251,2025-12-09,873,27,3,26276000
4252,2025-12-08,1345,39,6,26340000
4253,2024-07-05,2849,30,6,48161000
4254,2025-11-10,263,45,3,33167000
4255,2024-08-01,1029,25,1,2695000
4256,2025-06-12,2470,2,2,28343000
4257,2024-06-05,1142,34,6,6761000
4258,2024-10-28,1961,39,1,6353000
4259,2025-03-08,2945,43,6,15602000
4260,2025-02-20,487,5,6,12880000
4261,2025-02-23,2271,26,1,14928000
4262,2025-12-23,542,45,1,7137000
4263,2024-03-04,1907,2,6,41378000
4264,2024-12-09,2513,17,3,6636000
4265,2024-01-31,1295,15,2,16531000
4266,2025-01-22,144,9,1,25230000
4267,2025-04-05,2604,20,1,5791000
4268,2024-09-11,217,14,6,4180000
4269,2025-11-22,722,42,6,6458000
4270,2024-03-10,2200,27,1,779000
4271,2024-10-18,1222,30,6,12540000
4272,2025-03-04,771,5,2,20554000
4273,2024-05-13,2563,5,1,15987000
4274,2025-07-10,2862,1,6,12306000
4275,2025-07-11,762,36,6,46199000
4276,2025-07-06,195,26,6,17451000
4277,2024-03-20,1307,45,6,27674000
4278,2024-12-21,2551,33,6,6636000
4279,2025-06-09,1644,25,1,6301000
4280,2024-12-28,1774,21,6,10400000
4281,2024-03-22,2142,2,1,11510000
4282,2025-10-05,2257,44,3,34469000
4283,2024-06-29,1387,9,3,37880000
4284,2024-06-24,2715,34,3,14115000
4285,2025-01-25,1773,38,2,6404000
4286,2024-11-19,2513,18,6,17556000
4287,2025-08-26,2928,39,3,3644000
4288,2024-11-13,720,35,3,13946000
4289,2024-06-09,2838,35,6,11999000
4290,2025-04-04,148,22,1,5952000
4291,2024-02-15,994,6,1,11553000
4292,2025-11-21,687,40,3,1427000
4293,2025-07-22,1886,6,1,25990000
4294,2024-08-02,653,2,1,33852000
4295,2025-03-18,1564,34,6,38426000
4296,2024-10-27,520,29,6,40907000
4297,2025-07-12,1595,9,6,29811000
4298,2025-07-08,2878,43,6,21978000
4299,2024-07-09,1931,10,3,14853000
4300,2025-04-18,1552,2,1,1252000
4301,2024-06-02,26,33,6,1281000
4302,2025-04-04,2299,15,6,12792000
4303,2025-03-24,328,48,3,1316000
4304,2025-02-20,746,43,3,54452000
4305,2024-08-21,909,18,6,9478000
4306,2025-10-13,2885,24,6,6018000
4307,2024-09-05,1402,28,1,1863000
4308,2024-07-16,2664,9,6,370000
4309,2025-05-26,2640,46,3,32415000
4310,2024-02-27,1044,22,1,14996000
4311,2024-12-13,2174,23,3,6166000
4312,2025-04-26,895,4,1,5901000
4313,2025-04-18,904,48,1,15040000
4314,2024-06-23,2256,23,6,16586000
4315,2024-01-24,1279,46,1,15197000
4316,2024-09-17,172,49,1,59822000
4317,2024-12-05,1402,22,6,27116000
4318,2025-02-24,2135,39,1,10874000
4319,2025-08-15,1843,30,2,7885000
4320,2024-10-27,428,7,6,36969000
4321,2025-05-03,2286,35,3,21660000
4322,2025-01-03,2392,27,6,6155000
4323,2025-02-13,2642,30,1,17449000
4324,2025-06-24,1602,22,6,36773000
4325,2025-09-15,42,20,6,16098000
4326,2025-06-11,2750,17,6,15309000
4327,2025-05-26,935,14,1,15355000
4328,2025-12-29,731,40,2,8250000
4329,2025-12-07,668,19,3,26015000
4330,2025-09-08,1353,23,3,5525000
4331,2025-04-21,2825,29,2,3749000
4332,2024-01-11,2701,28,1,18584000
4333,2024-09-01,2775,40,6,22007000
4334,2024-11-16,2387,38,6,14562000
4335,2024-06-12,1728,18,2,14972000
4336,2025-05-14,1690,2,3,18248000
4337,2025-08-31,1324,14,2,3988000
4338,2024-03-28,528,46,2,20374000
4339,2024-08-18,1004,37,3,24438000
4340,2024-01-30,2842,8,1,23166000
4341,2025-05-31,2044,6,6,22997000
4342,2024-05-27,2230,15,1,15522000
4343,2024-12-30,1738,36,3,11849000
4344,2024-02-24,1313,36,2,34518000
4345,2024-02-09,2216,44,3,3024000
4346,2024-04-29,1500,14,1,14120000
4347,2025-04-13,1148,13,6,30933000
4348,2025-02-17,1878,2,1,2226000
4349,2025-10-13,2687,29,6,22267000
4350,2024-06-18,2096,50,6,14796000
4351,2024-03-13,1306,25,6,23300000
4352,2025-09-14,1768,43,3,11844000
4353,2025-01-11,1896,45,3,17036000
4354,2025-11-14,1212,23,6,25685000
4355,2024-12-14,2328,22,3,13073000
4356,2025-08-06,1520,24,2,21892000
4357,2024-12-16,1328,42,1,18648000
4358,2025-12-05,2578,25,1,6398000
4359,2025-07-30,2909,41,3,4895000
4360,2025-03-29,470,20,3,41890000
4361,2025-01-08,1173,5,3,5734000
4362,2024-08-17,2557,23,1,1729000
4363,2025-12-07,1282,9,6,7923000
4364,2024-05-26,253,30,3,14240000
4365,2025-10-22,2051,11,3,36972000
4366,2025-02-07,2663,21,2,39314000
4367,2024-03-09,2500,41,1,13230000
4368,2024-04-04,1227,24,6,38722000
4369,2024-10-29,2911,19,6,7070000
4370,2024-06-01,246,14,2,6116000
4371,2025-11-11,556,31,6,19072000
4372,2025-09-29,1074,30,1,2934000
4373,2024-01-27,2101,47,3,6889000
4374,2024-05-24,1230,4,1,18800000
4375,2025-01-06,2799,16,1,46255000
4376,2024-04-03,691,48,6,6894000
4377,2024-10-19,40,48,1,18900000
4378,2025-08-19,821,50,6,23201000
4379,2024-08-27,1187,42,3,20247000
4380,2025-08-12,1027,6,1,24199000
4381,2024-03-31,2260,3,6,18507000
4382,2025-11-06,675,23,6,17901000
4383,2025-08-08,1299,38,3,9727000
4384,2024-03-03,2898,2,6,4918000
4385,2025-05-04,2490,17,2,28923000
4386,2024-05-19,2685,16,1,11461000
4387,2024-11-28,1239,27,2,10458000
4388,2024-03-29,2268,39,3,15730000
4389,2024-04-26,836,20,1,7262000
4390,2024-09-25,2058,46,6,15892000
4391,2025-04-29,282,13,1,3984000
4392,2025-09-07,2809,40,6,3032000
4393,2025-12-09,721,30,6,8885000
4394,2025-07-13,1704,6,1,39044000
4395,2025-05-20,980,19,1,10344000
4396,2024-04-28,478,10,3,39561000
4397,2024-06-18,2537,6,1,365000
4398,2025-05-29,343,15,2,19984000
4399,2024-04-04,1188,38,6,13054000
4400,2025-07-27,141,11,3,4268000
4401,2025-06-22,2468,4,3,24099000
4402,2025-07-12,2641,34,2,50568000
4403,2025-08-15,1556,44,6,16967000
4404,2024-11-05,1477,11,1,21256000
4405,2024-04-29,2345,7,3,17226000
4406,2025-08-27,148,33,1,9091000
4407,2024-03-12,2748,14,1,19823000
4408,2024-11-24,1608,36,1,6480000
4409,2024-04-06,1812,10,1,586000
4410,2025-03-17,2565,26,6,696000
4411,2024-02-25,1231,46,2,8554000
4412,2025-05-10,349,1,1,12394000
4413,2025-12-08,2245,37,3,8089000
4414,2025-09-25,472,33,6,50289000
4415,2024-10-24,147,21,2,22152000
4416,2024-04-24,980,47,1,16796000
4417,2024-06-11,94,49,1,10307000
4418,2024-10-05,1080,38,6,2585000
4419,2025-03-16,114,32,2,10103000
4420,2024-09-19,2127,31,6,5973000
4421,2024-12-19,238,46,6,10848000
4422,2025-04-09,1421,49,1,24686000
4423,2025-01-01,2898,42,6,22764000
4424,2024-06-04,927,5,6,2306000
4425,2024-08-01,482,26,2,6299000
4426,2024-07-19,2713,32,3,17916000
4427,2024-03-19,381,42,3,16794000
4428,2024-11-19,2827,49,6,14223000
4429,2024-02-01,770,49,3,22591000
4430,2025-09-18,1553,50,1,2163000
4431,2024-03-02,1739,26,6,12909000
4432,2024-01-24,56,23,3,2519000
4433,2025-09-14,1151,26,3,4164000
4434,2025-02-10,1627,44,3,10715000
4435,2024-09-08,2932,9,1,13219000
4436,2024-08-11,2827,30,3,6142000
4437,2024-01-30,2020,7,6,8154000
4438,2025-06-19,37,2,3,1176000
4439,2025-05-22,270,18,3,23653000
4440,2025-07-26,1724,13,1,13132000
4441,2024-07-05,886,20,1,38211000
4442,2024-02-01,1664,22,3,4228000
4443,2025-05-17,1201,19,3,10332000
4444,2025-12-11,2156,36,1,11023000
4445,2025-09-30,2667,11,1,30925000
4446,2025-04-24,1373,39,2,4354000
4447,2025-08-14,2019,12,1,31267000
4448,2025-06-21,1332,35,1,19854000
4449,2025-12-03,1532,36,6,81127000
4450,2024-10-07,1459,21,3,32652000
4451,2024-08-04,2541,50,2,10897000
4452,2025-08-12,1724,2,1,2415000
4453,2024-11-14,2128,11,1,7609000
4454,2025-03-14,2031,35,3,6411000
4455,2024-07-30,2244,46,6,10431000
4456,2024-07-19,1624,37,1,40126000
4457,2024-05-28,986,35,2,7366000
4458,2024-02-03,1058,45,1,13532000
4459,2025-02-25,1046,29,6,4732000
4460,2025-06-15,1275,27,6,5296000
4461,2024-10-07,2119,28,6,27682000
4462,2025-12-29,1089,7,6,5040000
4463,2024-08-24,2012,50,2,1367000
4464,2024-05-13,159,26,1,14507000
4465,2024-04-18,1874,22,6,602000
4466,2024-06-21,2356,29,6,6286000
4467,2025-02-13,153,8,6,28408000
4468,2025-01-01,2103,20,3,26102000
4469,2025-06-09,424,8,6,12303000
4470,2024-09-16,326,24,6,14156000
4471,2024-07-01,2229,8,6,18551000
4472,2025-12-29,878,45,6,7950000
4473,2024-03-11,298,27,3,40371000
4474,2025-01-25,485,7,6,15480000
4475,2025-01-30,128,13,6,27415000
4476,2024-03-18,366,34,3,20950000
4477,2024-06-19,1638,48,3,7013000
4478,2024-12-06,1400,22,6,4101000
4479,2025-01-23,1437,17,1,16755000
4480,2025-02-11,2052,16,6,2014000
4481,2025-06-02,1047,50,1,16304000
4482,2025-05-26,1852,6,6,10565000
4483,2024-01-28,813,19,6,9908000
4484,2025-10-09,2810,21,6,7626000
4485,2024-12-12,2321,23,6,18503000
4486,2025-03-10,118,1,1,1908000
4487,2024-01-08,354,6,3,7893000
4488,2025-02-27,2636,9,1,1428000
4489,2025-05-23,614,15,3,12297000
4490,2025-01-20,2405,31,6,30988000
4491,2025-12-04,515,45,2,31817000
4492,2025-10-29,2977,50,6,5436000
4493,2024-07-31,1600,34,1,2604000
4494,2025-07-01,1506,43,3,7868000
4495,2025-08-17,1331,44,6,23489000
4496,2024-01-22,2399,13,6,12198000
4497,2024-01-31,2934,39,3,4626000
4498,2024-03-28,1665,44,6,41534000
4499,2024-02-03,2227,8,2,20692000
4500,2024-07-12,1687,45,6,15678000
4501,2024-01-20,986,18,3,16397000
4502,2025-10-05,1032,36,6,4672000
4503,2024-07-12,1941,30,3,13080000
4504,2024-01-16,2831,27,1,3933000
4505,2025-05-13,2337,22,3,19655000
4506,2024-12-09,2908,8,6,1039000
4507,2024-07-04,2433,23,6,28641000
4508,2024-10-18,2512,48,6,990000
4509,2025-03-14,2360,22,6,27957000
4510,2024-05-21,347,48,6,22956000
4511,2025-12-13,2860,23,6,30277000
4512,2024-05-13,1945,22,1,15141000
4513,2025-05-27,32,1,2,6378000
4514,2025-02-28,2943,5,6,40221000
4515,2024-07-28,1110,20,6,12735000
4516,2025-08-16,2713,19,6,9087000
4517,2025-08-22,755,15,6,301000
4518,2025-11-21,482,27,1,6965000
4519,2025-07-18,934,11,6,2758000
4520,2024-10-12,3000,33,3,17811000
4521,2025-05-13,2943,6,2,14904000
4522,2024-02-24,371,29,2,2061000
4523,2025-04-21,2279,7,1,10545000
4524,2025-11-30,2917,40,6,15067000
4525,2025-10-13,2688,22,6,142000
4526,2025-02-18,307,48,1,6200000
4527,2024-02-11,1109,50,3,59653000
4528,2024-11-04,2292,19,3,17656000
4529,2025-12-16,1182,12,1,5993000
4530,2024-11-16,2924,23,1,17152000
4531,2025-07-08,828,41,1,22354000
4532,2025-05-09,693,44,3,28517000
4533,2025-04-28,2921,23,6,1128000
4534,2025-11-05,2015,37,3,12534000
4535,2024-05-07,2702,14,3,13728000
4536,2024-05-21,1699,21,6,13031000
4537,2024-10-07,2611,30,6,9956000
4538,2024-04-08,340,22,3,2926000
4539,2025-07-27,533,47,3,2718000
4540,2025-06-21,1920,3,3,4930000
4541,2025-08-31,1138,5,3,1034000
4542,2025-05-14,2981,37,3,25722000
4543,2024-04-28,1707,8,3,4804000
4544,2024-11-03,1644,17,6,20373000
4545,2025-01-25,2919,42,2,3192000
4546,2024-04-15,2387,33,1,9235000
4547,2024-03-02,2362,30,6,3654000
4548,2024-11-06,707,47,6,43045000
4549,2025-05-16,872,47,3,11327000
4550,2025-07-13,2669,49,6,17983000
4551,2025-12-28,757,16,6,87000
4552,2025-11-16,1978,19,3,15055000
4553,2025-11-21,2982,32,6,1184000
4554,2024-01-05,232,31,3,4075000
4555,2025-07-27,496,41,1,4745000
4556,2024-12-14,993,12,6,2305000
4557,2024-04-07,643,6,3,8297000
4558,2024-02-01,2256,11,1,24190000
4559,2025-02-19,1979,37,3,25258000
4560,2024-03-02,2518,27,6,14916000
4561,2025-02-25,2982,2,1,1290000
4562,2025-07-08,1763,24,1,11650000
4563,2025-07-16,881,37,6,35884000
4564,2025-04-15,259,27,6,1410000
4565,2025-02-16,2739,34,1,29706000
4566,2024-04-21,2938,1,3,33553000
4567,2024-07-12,2798,48,6,21794000
4568,2024-01-10,2432,2,6,13599000
4569,2024-02-17,1008,32,3,15799000
4570,2024-03-03,2162,41,3,5252000
4571,2025-03-02,2923,46,6,1018000
4572,2025-08-16,921,11,3,7175000
4573,2025-05-25,2894,3,3,6409000
4574,2025-06-11,961,18,3,11969000
4575,2024-10-04,2433,10,6,4944000
4576,2025-05-18,2960,20,3,10649000
4577,2025-03-26,1677,44,1,28037000
4578,2025-09-22,1679,23,3,14097000
4579,2025-05-01,1174,44,6,26113000
4580,2024-12-14,1618,21,6,9995000
4581,2024-05-16,1750,31,6,32758000
4582,2025-01-04,2773,18,3,16885000
4583,2025-09-04,2089,11,3,7727000
4584,2024-04-15,1830,38,6,26280000
4585,2025-05-25,1953,37,6,34694000
4586,2024-01-04,166,13,6,25676000
4587,2024-12-07,543,49,1,25770000
4588,2024-03-03,762,28,1,30022000
4589,2025-02-10,2505,15,2,1740000
4590,2024-08-09,513,48,6,1796000
4591,2025-11-10,1048,23,1,4496000
4592,2025-01-15,1816,15,1,27652000
4593,2024-01-11,2506,46,3,30980000
4594,2025-04-17,1057,50,2,44467000
4595,2025-01-25,931,22,3,4079000
4596,2025-03-19,2110,22,1,49892000
4597,2025-10-24,609,18,6,5975000
4598,2025-02-13,1961,24,3,7167000
4599,2024-05-08,1404,46,3,10228000
4600,2024-07-23,1976,49,3,4578000
4601,2025-08-30,102,4,6,2336000
4602,2024-08-02,1637,47,6,17585000
4603,2025-09-06,856,13,1,20178000
4604,2025-05-19,1780,15,1,6864000
4605,2024-09-21,531,10,3,11048000
4606,2024-12-29,2856,26,1,10420000
4607,2025-06-16,946,30,1,6168000
4608,2024-08-12,2037,44,1,9245000
4609,2024-07-09,1381,49,3,10344000
4610,2024-07-31,418,3,1,6375000
4611,2024-08-22,2939,31,2,8747000
4612,2024-01-08,2226,45,3,22377000
4613,2024-11-15,584,42,1,9921000
4614,2024-09-14,140,14,6,40401000
4615,2024-01-12,1095,13,1,17189000
4616,2024-08-26,806,44,2,30268000
4617,2025-10-09,2568,35,3,26440000
4618,2024-08-03,2185,18,6,18599000
4619,2025-02-12,2600,50,3,20819000
4620,2024-05-10,1475,42,6,13453000
4621,2025-07-14,2564,1,6,2217000
4622,2025-04-20,898,29,2,7286000
4623,2025-08-29,2146,46,6,16997000
4624,2025-12-04,2776,8,6,7215000
4625,2025-03-07,2341,43,6,14846000
4626,2025-07-07,68,42,6,10602000
4627,2024-10-29,1514,46,6,19086000
4628,2024-11-10,1239,47,1,15527000
4629,2024-04-08,1506,32,3,15293000
4630,2024-08-15,1899,40,1,2829000
4631,2025-03-21,1186,2,6,24818000
4632,2024-07-30,2922,10,6,10162000
4633,2024-07-21,2653,39,6,7366000
4634,2025-06-18,2169,24,3,24141000
4635,2024-07-28,1078,47,1,35708000
4636,2025-06-22,2278,14,3,18384000
4637,2024-02-08,906,39,6,33932000
4638,2025-09-20,2488,30,3,380000
4639,2024-08-10,2776,14,3,4260000
4640,2025-12-11,1525,2,1,2940000
4641,2024-06-17,388,39,3,17115000
4642,2025-01-18,2383,44,6,24510000
4643,2024-12-19,1487,50,2,6080000
4644,2025-11-28,2806,47,2,45759000
4645,2024-05-10,1359,1,6,56264000
4646,2025-03-22,1780,48,3,7214000
4647,2025-02-18,2613,43,3,19000000
4648,2025-02-16,2647,30,1,4397000
4649,2024-10-31,2025,27,6,15137000
4650,2024-04-05,1220,37,3,23181000
4651,2025-11-25,2179,28,1,29468000
4652,2024-05-25,2292,38,6,15851000
4653,2025-09-22,365,47,3,975000
4654,2024-08-24,2162,22,1,21555000
4655,2024-11-13,601,31,6,6413000
4656,2024-06-21,626,7,6,14344000
4657,2024-12-26,2319,49,6,6709000
4658,2024-09-04,2774,29,6,34316000
4659,2024-07-29,2347,44,6,10162000
4660,2024-08-21,2444,39,6,27896000
4661,2025-09-21,1380,39,6,18035000
4662,2024-01-08,824,36,3,5629000
4663,2024-12-22,1313,48,6,32277000
4664,2025-02-28,1484,28,6,3284000
4665,2024-07-22,306,31,3,11291000
4666,2025-06-09,2010,14,2,5832000
4667,2024-02-24,613,48,2,120000
4668,2024-01-17,2713,10,6,51829000
4669,2024-07-27,1558,43,6,37647000
4670,2024-08-14,2798,48,1,9048000
4671,2024-12-25,1600,43,6,13332000
4672,2024-07-28,2949,46,1,22409000
4673,2024-06-23,2989,14,6,21494000
4674,2025-06-01,1852,18,3,2038000
4675,2024-08-06,2452,5,6,4740000
4676,2025-11-14,1604,1,2,13822000
4677,2025-08-17,508,3,3,29923000
4678,2024-01-11,1239,36,3,626000
4679,2025-03-17,1624,47,2,4162000
4680,2025-03-28,852,48,1,10666000
4681,2025-02-27,1268,20,6,21127000
4682,2025-07-25,2339,41,1,7705000
4683,2025-11-11,1922,33,6,14353000
4684,2025-09-20,1488,41,6,7439000
4685,2024-04-03,1984,28,2,3130000
4686,2025-09-23,2748,2,3,25824000
4687,2024-07-21,2031,7,6,17989000
4688,2024-10-26,2897,43,6,29732000
4689,2025-10-15,2291,7,3,3825000
4690,2024-10-19,1434,49,6,13132000
4691,2024-09-09,2932,18,6,2764000
4692,2025-03-21,2354,20,6,10822000
4693,2025-05-20,875,45,1,24801000
4694,2025-07-06,1805,50,3,8538000
4695,2024-02-28,2915,21,1,3327000
4696,2025-05-28,2346,2,6,24553000
4697,2025-02-02,1789,23,2,5009000
4698,2025-07-20,784,29,3,40272000
4699,2024-11-06,1841,29,3,6598000
4700,2025-08-30,2166,49,3,5550000
4701,2025-05-29,969,29,6,7434000
4702,2024-09-08,1082,23,2,31422000
4703,2025-09-12,1652,33,6,6670000
4704,2025-09-25,878,33,2,22308000
4705,2025-02-08,647,48,6,25331000
4706,2024-02-29,614,16,3,34278000
4707,2025-06-07,2338,42,3,13917000
4708,2025-11-20,1598,18,6,21465000
4709,2025-09-14,2621,11,6,994000
4710,2024-08-15,1222,50,1,11488000
4711,2025-01-01,1029,34,6,11832000
4712,2025-09-01,1352,12,3,44126000
4713,2024-07-10,419,44,6,26146000
4714,2025-02-02,132,16,3,9356000
4715,2025-04-07,261,1,3,2613000
4716,2025-07-13,185,14,6,34943000
4717,2024-11-13,1719,40,6,17588000
4718,2025-01-25,1750,1,6,18455000
4719,2025-08-24,241,14,6,10542000
4720,2025-02-16,1064,29,6,16497000
4721,2025-04-15,1763,48,3,19393000
4722,2024-05-05,2692,48,2,32062000
4723,2025-03-12,333,12,1,656000
4724,2024-04-28,1385,3,1,17052000
4725,2025-08-11,2788,26,6,21160000
4726,2024-12-25,2258,27,3,5901000
4727,2025-12-29,2876,5,3,400000
4728,2025-10-16,182,3,6,22575000
4729,2024-05-05,1286,34,3,3758000
4730,2024-08-14,881,14,6,8071000
4731,2024-05-14,2228,27,6,3226000
4732,2024-01-02,412,15,3,22570000
4733,2024-11-17,1293,48,2,7556000
4734,2024-01-27,686,38,6,3235000
4735,2025-05-08,791,34,2,2580000
4736,2024-04-18,128,5,1,9119000
4737,2024-10-28,1450,30,2,3420000
4738,2025-07-08,380,24,3,9246000
4739,2024-02-26,1577,48,3,444000
4740,2025-09-04,1210,39,3,18273000
4741,2025-08-15,475,13,6,2614000
4742,2025-10-02,2966,24,3,8228000
4743,2024-12-30,1377,8,3,4586000
4744,2024-04-07,2752,48,3,17099000
4745,2024-08-15,2361,27,3,37030000
4746,2025-03-24,334,33,6,12327000
4747,2025-11-07,2018,5,6,2255000
4748,2024-01-08,2197,1,6,7121000
4749,2025-09-16,605,39,1,33129000
4750,2025-12-25,668,49,3,22694000
4751,2025-01-09,71,32,2,3342000
4752,2025-09-06,1731,6,1,25269000
4753,2025-08-28,902,14,1,8601000
4754,2024-03-17,798,18,3,4086000
4755,2024-12-27,669,9,3,2172000
4756,2025-07-30,1087,3,2,42190000
4757,2024-08-06,1958,44,2,47068000
4758,2025-04-27,2032,24,3,9926000
4759,2025-07-23,1429,25,1,32711000
4760,2025-04-04,1045,35,3,35903000
4761,2025-02-01,1637,7,3,7399000
4762,2025-12-08,743,27,1,8002000
4763,2024-02-03,2662,15,2,11877000
4764,2025-02-01,2425,24,3,8836000
4765,2025-03-15,1303,32,2,16942000
4766,2024-06-21,452,8,3,12030000
4767,2025-03-17,197,42,2,12940000
4768,2025-07-09,336,8,1,1534000
4769,2025-11-15,2911,42,1,44474000
4770,2025-11-26,2518,39,1,2353000
4771,2024-07-19,243,12,6,32747000
4772,2024-12-31,2391,48,3,18811000
4773,2025-05-22,2379,47,1,1152000
4774,2024-03-01,1758,10,1,3991000
4775,2024-04-27,1166,43,6,32334000
4776,2025-09-06,1764,36,3,7139000
4777,2025-12-18,2480,7,2,49822000
4778,2025-08-19,2884,25,3,6653000
4779,2025-08-07,1658,36,2,26582000
4780,2024-10-22,1472,2,6,2532000
4781,2024-06-16,365,5,1,2581000
4782,2024-02-20,890,28,3,2681000
4783,2025-06-15,502,26,6,27710000
4784,2024-04-15,2823,36,2,25904000
4785,2024-09-16,1045,48,6,10625000
4786,2024-02-13,2217,45,2,14373000
4787,2025-12-09,2504,32,2,52395000
4788,2024-09-19,157,50,3,8800000
4789,2024-08-29,1119,28,3,30330000
4790,2024-11-29,1080,18,3,54369000
4791,2024-12-26,123,26,3,4151000
4792,2025-08-27,2786,48,6,24146000
4793,2025-05-28,143,27,1,21301000
4794,2025-12-09,1871,17,6,39697000
4795,2025-02-11,1771,39,3,5492000
4796,2024-08-13,2803,40,3,58318000
4797,2024-12-22,2341,42,2,12901000
4798,2025-05-13,1057,10,3,30811000
4799,2024-10-07,321,20,1,12753000
4800,2025-11-12,2535,43,3,7220000
4801,2024-10-24,2541,23,6,26801000
4802,2025-10-28,1815,28,1,2264000
4803,2024-11-19,781,44,3,9489000
4804,2024-10-21,1861,26,6,14514000
4805,2025-09-11,351,39,6,29170000
4806,2024-07-18,184,7,6,27502000
4807,2024-10-19,2030,9,3,4188000
4808,2025-10-07,1642,8,6,10746000
4809,2024-10-27,2754,46,6,30134000
4810,2025-06-15,1312,38,3,3068000
4811,2024-05-17,2812,25,1,26993000
4812,2025-09-15,1827,25,2,32348000
4813,2024-05-03,1599,25,1,15825000
4814,2025-07-07,1635,28,2,24011000
4815,2024-07-13,1264,39,3,17532000
4816,2024-05-10,1107,26,3,35694000
4817,2025-08-31,2586,44,6,31599000
4818,2025-05-09,2665,3,2,10440000
4819,2025-02-09,1514,25,1,42151000
4820,2025-05-24,2012,44,6,9054000
4821,2024-02-15,648,5,6,22810000
4822,2025-05-24,542,14,2,8832000
4823,2024-05-31,1321,10,6,5300000
4824,2024-07-02,832,22,1,43788000
4825,2024-12-15,1599,3,2,55427000
4826,2025-06-17,1315,48,3,6494000
4827,2025-09-26,1266,39,6,8319000
4828,2024-03-05,1854,12,2,33412000
4829,2025-01-05,232,22,1,2437000
4830,2024-01-09,2564,24,1,15441000
4831,2024-12-04,816,50,3,12492000
4832,2024-07-11,2945,8,3,5711000
4833,2024-10-05,1522,27,2,21157000
4834,2024-12-03,2510,40,1,18438000
4835,2024-10-22,2720,10,1,2748000
4836,2024-06-02,520,47,3,37274000
4837,2024-01-07,2477,6,1,2153000
4838,2025-08-15,1110,17,1,1922000
4839,2024-04-21,1136,45,3,13060000
4840,2024-10-14,127,35,6,21140000
4841,2025-06-08,912,17,1,7492000
4842,2025-11-28,2602,30,6,50202000
4843,2025-08-28,2229,10,6,20192000
4844,2024-02-16,609,7,3,6533000
4845,2025-03-13,2175,10,1,25556000
4846,2024-04-04,889,32,3,16360000
4847,2025-08-02,2792,48,3,19526000
4848,2024-03-23,2058,7,3,5042000
4849,2024-02-13,2790,37,6,24188000
4850,2024-06-03,1273,11,6,37736000
4851,2024-12-18,1898,34,3,26427000
4852,2025-03-21,890,44,6,14850000
4853,2025-01-05,2065,31,6,15044000
4854,2024-10-16,1421,9,6,13505000
4855,2024-08-06,2877,20,3,4754000
4856,2025-06-19,2184,10,1,16622000
4857,2025-05-20,2567,10,6,10188000
4858,2024-11-14,1211,48,1,29036000
4859,2024-05-11,2619,21,1,11802000
4860,2024-11-30,479,5,6,30092000
4861,2025-06-23,2784,36,1,18746000
4862,2025-07-20,104,22,3,31391000
4863,2024-09-12,1032,22,6,718000
4864,2024-08-23,2270,48,3,1495000
4865,2024-07-10,2093,31,1,6574000
4866,2024-01-08,1074,29,6,9622000
4867,2025-04-29,1783,25,6,35511000
4868,2025-12-26,182,35,1,9835000
4869,2025-07-07,2237,32,6,4373000
4870,2024-11-24,2895,45,3,47394000
4871,2025-04-02,324,47,1,25228000
4872,2024-02-26,2564,31,6,13550000
4873,2024-07-31,296,44,1,10077000
4874,2025-02-03,2276,24,3,35182000
4875,2024-07-13,421,24,1,3928000
4876,2025-02-09,526,7,2,30132000
4877,2025-05-07,1211,46,3,8229000
4878,2024-09-20,1079,15,3,5521000
4879,2025-10-12,499,1,6,28484000
4880,2024-03-24,1137,19,6,12722000
4881,2024-05-25,2421,39,6,57289000
4882,2024-11-09,1444,46,6,5686000
4883,2024-11-15,1111,14,1,24253000
4884,2024-03-11,2438,40,6,2800000
4885,2024-04-09,502,44,6,2735000
4886,2024-08-20,931,16,6,34898000
4887,2025-08-17,1847,11,3,1153000
4888,2025-03-18,2521,30,3,6156000
4889,2024-04-04,104,49,3,6500000
4890,2024-07-29,2594,20,1,9642000
4891,2024-10-28,1236,39,3,9165000
4892,2025-05-23,1493,48,3,1902000
4893,2025-12-18,1458,36,6,16668000
4894,2025-10-03,282,47,3,3965000
4895,2025-06-20,2075,6,6,33558000
4896,2025-06-08,1653,4,1,6450000
4897,2024-04-28,1501,37,3,39993000
4898,2024-06-06,2045,39,6,8602000
4899,2024-08-10,1870,28,1,7320000
4900,2025-06-11,523,32,6,10084000
4901,2025-08-20,185,14,1,4418000
4902,2024-04-30,657,11,1,9621000
4903,2024-08-22,2467,21,6,47369000
4904,2025-07-24,168,29,3,5728000
4905,2024-10-23,1846,14,2,22452000
4906,2024-11-15,2998,48,3,33457000
4907,2024-08-11,1624,36,6,13660000
4908,2024-11-13,1884,31,6,14188000
4909,2024-09-18,27,30,2,6845000
4910,2024-08-14,1650,25,6,26393000
4911,2024-12-27,1648,1,2,13106000
4912,2025-11-19,1841,25,1,24375000
4913,2024-06-14,2252,10,3,17856000
4914,2024-07-04,2816,42,3,24576000
4915,2024-05-10,496,38,1,784000
4916,2025-05-30,1702,35,1,15097000
4917,2025-05-07,2276,17,6,4216000
4918,2024-05-16,1748,17,1,34444000
4919,2025-09-05,844,13,3,20242000
4920,2024-11-02,2957,50,6,24396000
4921,2025-10-21,2402,28,3,8257000
4922,2024-06-19,2713,49,2,5122000
4923,2025-02-15,1643,43,6,5169000
4924,2024-02-03,1119,35,6,5201000
4925,2024-08-25,388,12,1,23969000
4926,2024-09-15,2677,17,1,8656000
4927,2024-12-14,2135,47,6,632000
4928,2025-08-15,2304,6,3,44062000
4929,2025-06-17,2695,20,6,17272000
4930,2024-12-25,402,10,6,8036000
4931,2024-07-04,485,2,6,8664000
4932,2024-08-28,1916,36,3,27151000
4933,2025-04-30,2899,2,6,5928000
4934,2025-07-26,2910,47,1,10891000
4935,2025-01-20,1034,41,3,28779000
4936,2024-04-07,341,45,6,13972000
4937,2024-12-12,2374,23,6,38046000
4938,2025-07-19,2562,46,6,37118000
4939,2025-08-09,1057,11,2,19845000
4940,2025-09-29,1011,32,3,17590000
4941,2024-07-21,428,14,6,2882000
4942,2024-07-17,2824,26,6,23986000
4943,2025-08-13,2034,12,6,21858000
4944,2025-02-13,1890,28,3,7241000
4945,2025-05-19,1951,32,6,25038000
4946,2025-08-04,859,24,3,20116000
4947,2025-03-11,295,14,6,18535000
4948,2024-04-01,1989,17,3,44985000
4949,2024-03-15,2396,23,1,27453000
4950,2025-07-22,97,36,3,4450000
4951,2024-10-31,734,28,6,1678000
4952,2024-05-13,787,13,3,17465000
4953,2025-09-13,54,44,6,12431000
4954,2025-02-19,471,24,3,1812000
4955,2024-02-03,385,5,3,23395000
4956,2024-08-17,2498,7,6,33661000
4957,2024-11-11,2154,1,6,12666000
4958,2024-10-16,752,48,1,37992000
4959,2025-02-26,1029,32,3,30947000
4960,2024-06-09,306,17,3,8204000
4961,2025-09-10,53,6,2,3313000
4962,2025-06-21,1613,7,6,24799000
4963,2024-09-13,1886,46,3,45968000
4964,2024-01-19,1278,41,3,25878000
4965,2025-08-07,367,22,6,4548000
4966,2024-08-17,2173,43,2,27645000
4967,2025-01-25,1861,40,3,33928000
4968,2025-01-25,1892,43,1,7251000
4969,2025-01-31,1852,12,2,16785000
4970,2025-08-21,2768,26,3,9073000
4971,2024-02-16,743,49,1,6491000
4972,2025-04-14,743,28,6,10291000
4973,2024-08-17,2764,12,3,10592000
4974,2025-01-07,2085,25,3,1720000
4975,2025-08-02,1798,11,6,8848000
4976,2025-01-06,2542,31,3,2820000
4977,2025-11-11,2645,24,6,8340000
4978,2025-11-29,1819,40,1,33670000
4979,2024-06-09,2003,30,2,9895000
4980,2024-05-01,474,44,6,8010000
4981,2024-11-11,2777,40,3,13542000
4982,2025-04-22,2769,32,1,21125000
4983,2025-10-02,750,47,6,11113000
4984,2024-01-05,2402,28,3,13592000
4985,2024-12-14,1665,33,3,13748000
4986,2025-12-05,2196,42,3,9901000
4987,2025-03-06,258,3,3,3237000
4988,2024-12-17,2759,39,6,1895000
4989,2024-07-24,1421,33,6,8990000
4990,2025-05-05,2422,19,1,13400000
4991,2025-12-14,797,27,6,19334000
4992,2024-10-05,2033,4,1,2215000
4993,2025-01-26,823,10,6,6552000
4994,2025-02-09,2019,43,6,15068000
4995,2024-12-25,2436,26,6,562000
4996,2024-12-08,2123,29,6,392000
4997,2025-01-29,2536,17,3,2876000
4998,2025-10-10,1086,29,2,6900000
4999,2024-12-23,1449,41,1,6461000
5000,2024-10-08,1816,17,6,2818000
5001,2025-10-25,148,46,1,8540000
5002,2024-09-16,97,50,6,13598000
5003,2024-09-04,1814,32,1,1484000
5004,2025-09-06,2652,1,3,26241000
5005,2024-10-06,2783,48,3,19488000
5006,2025-09-17,1632,21,1,8948000
5007,2025-10-19,2555,17,6,27139000
5008,2024-01-28,971,29,6,5310000
5009,2024-10-13,2270,3,6,10733000
5010,2025-06-21,30,24,1,20604000
5011,2025-06-28,885,13,3,18264000
5012,2025-01-15,1651,38,1,15098000
5013,2024-07-10,2956,39,2,30136000
5014,2024-09-10,1668,39,6,28265000
5015,2024-11-06,2150,3,6,5799000
5016,2024-01-30,1945,15,6,8980000
5017,2024-08-02,227,18,2,23092000
5018,2024-12-26,6,47,6,14737000
5019,2024-08-11,724,46,6,16724000
5020,2024-01-31,1288,7,2,24986000
5021,2024-05-24,1670,24,3,12746000
5022,2024-08-23,2184,29,3,12012000
5023,2025-03-18,844,13,6,4356000
5024,2025-02-08,1914,18,6,17064000
5025,2024-09-29,2834,26,6,24536000
5026,2024-02-08,1015,14,1,6492000
5027,2025-05-12,806,37,3,29265000
5028,2025-04-30,1084,8,6,15986000
5029,2025-08-31,601,4,3,14390000
5030,2024-10-17,286,4,3,4215000
5031,2024-01-22,734,41,6,40059000
5032,2025-03-22,184,31,3,36393000
5033,2024-04-22,2794,39,6,26400000
5034,2024-04-27,1605,20,3,13200000
5035,2024-09-25,2425,30,6,14330000
5036,2025-08-02,2597,31,1,11147000
5037,2025-06-14,805,16,2,26462000
5038,2025-03-13,358,17,6,22160000
5039,2024-08-08,1317,29,6,20519000
5040,2024-10-03,2892,31,3,2804000
5041,2025-08-27,862,22,2,45558000
5042,2024-12-18,2739,49,1,1320000
5043,2025-02-23,130,12,6,13556000
5044,2024-01-30,2975,26,3,22348000
5045,2025-04-26,1369,28,6,12914000
5046,2024-03-02,1970,6,3,36744000
5047,2025-11-27,491,11,3,2181000
5048,2024-07-05,980,47,6,10821000
5049,2024-04-07,895,37,3,956000
5050,2024-05-10,769,32,6,7154000
5051,2024-09-16,1491,39,3,16028000
5052,2025-06-17,1219,44,2,29495000
5053,2025-12-17,849,16,6,12135000
5054,2025-02-25,2051,29,2,10967000
5055,2024-12-08,2841,33,2,6736000
5056,2025-05-16,2371,5,2,20775000
5057,2025-10-05,1657,42,6,21256000
5058,2024-05-01,123,28,6,3780000
5059,2024-02-11,2032,3,6,16313000
5060,2025-06-24,840,49,3,28510000
5061,2025-11-28,2644,20,6,22474000
5062,2025-06-27,2994,18,3,12068000
5063,2024-07-19,44,15,6,4309000
5064,2025-06-13,1439,30,1,26204000
5065,2025-03-19,1346,43,6,11824000
5066,2025-12-07,2779,1,6,70748000
5067,2024-09-25,2541,9,6,2507000
5068,2024-07-08,2106,4,3,24286000
5069,2024-01-11,775,8,6,48477000
5070,2025-07-21,2073,16,6,2490000
5071,2024-09-19,1007,48,2,35680000
5072,2025-03-14,2018,48,3,9754000
5073,2024-11-29,2557,33,6,20535000
5074,2024-09-24,1095,3,3,12520000
5075,2025-07-29,2700,37,6,8835000
5076,2025-08-24,884,2,1,33385000
5077,2024-07-09,2563,3,6,14824000
5078,2025-10-03,1523,28,2,11507000
5079,2025-12-31,1402,10,6,13337000
5080,2025-09-26,2560,50,3,56835000
5081,2024-05-07,1482,11,1,7145000
5082,2025-10-26,155,9,3,9857000
5083,2025-09-04,2697,40,6,23366000
5084,2025-01-25,803,15,3,15622000
5085,2025-09-06,677,16,6,7749000
5086,2025-02-13,1445,17,2,5864000
5087,2024-09-07,121,29,3,48853000
5088,2025-10-20,2430,8,6,4077000
5089,2024-10-08,247,12,6,5172000
5090,2024-08-01,670,2,2,4900000
5091,2024-05-29,2573,39,6,52682000
5092,2024-08-08,383,36,6,6102000
5093,2024-01-05,91,19,1,13160000
5094,2024-07-24,322,43,3,3096000
5095,2024-05-23,2867,3,6,7551000
5096,2025-06-13,518,4,6,139000
5097,2025-06-25,510,45,2,26534000
5098,2025-08-03,973,4,6,6822000
5099,2024-10-31,2174,19,6,5916000
5100,2024-08-10,2115,23,6,15583000
5101,2025-05-12,2458,29,1,20927000
5102,2025-08-23,2153,48,1,9779000
5103,2024-10-04,2936,22,6,15102000
5104,2024-08-30,2156,7,6,5096000
5105,2024-03-27,2195,11,6,42434000
5106,2024-05-28,2780,13,3,13184000
5107,2024-05-21,1789,18,1,14982000
5108,2025-08-23,1455,7,3,6357000
5109,2024-12-17,757,24,6,18258000
5110,2025-10-24,1913,44,6,9717000
5111,2025-06-24,2155,43,3,4058000
5112,2024-12-10,1387,38,3,30656000
5113,2024-09-06,220,33,2,14694000
5114,2025-08-11,1734,47,3,12481000
5115,2024-12-02,1243,17,3,44116000
5116,2025-04-09,1588,7,6,4125000
5117,2024-01-16,2903,49,6,827000
5118,2025-06-08,2271,19,3,41655000
5119,2024-04-27,2921,21,3,37395000
5120,2025-06-06,2344,9,6,12301000
5121,2024-10-22,1668,46,6,21781000
5122,2024-02-12,973,22,3,2540000
5123,2025-03-30,1692,39,6,27575000
5124,2024-12-20,1444,39,1,5480000
5125,2025-01-12,1363,33,3,6104000
5126,2024-03-20,254,33,1,4423000
5127,2025-11-10,625,29,6,8714000
5128,2024-12-03,1229,29,6,3832000
5129,2025-10-04,2035,32,6,26686000
5130,2025-01-16,2353,12,6,4776000
5131,2024-10-17,2901,8,1,22676000
5132,2024-08-10,2107,29,1,2975000
5133,2024-10-22,2404,16,6,32019000
5134,2025-09-02,1925,40,3,12670000
5135,2024-01-18,2022,4,6,41643000
5136,2024-12-04,1492,39,6,35792000
5137,2025-07-14,1272,37,6,26652000
5138,2025-04-17,1087,47,2,47518000
5139,2025-03-22,1747,9,1,43151000
5140,2025-11-25,2309,22,6,1125000
5141,2025-11-05,2002,8,1,25559000
5142,2024-12-03,1492,38,1,5341000
5143,2024-12-17,123,11,6,10611000
5144,2025-03-17,1830,17,3,4478000
5145,2024-01-22,1539,20,3,101000
5146,2024-06-07,627,32,1,1150000
5147,2025-11-26,1978,26,6,13454000
5148,2024-07-21,258,19,6,13047000
5149,2024-04-25,2841,41,1,18804000
5150,2024-10-09,423,32,3,38477000
5151,2024-02-27,1389,19,6,4392000
5152,2024-12-10,2277,16,6,8070000
5153,2024-12-27,1457,40,6,38810000
5154,2025-01-07,1783,12,2,37240000
5155,2025-03-10,2287,43,1,39510000
5156,2024-07-27,1528,43,6,21748000
5157,2025-12-17,1699,27,3,31466000
5158,2024-02-25,2296,40,6,7111000
5159,2024-01-08,1236,48,3,1765000
5160,2024-04-03,123,33,6,8571000
5161,2024-02-22,1204,13,3,27335000
5162,2025-04-30,364,24,6,22099000
5163,2025-11-27,1932,36,6,1747000
5164,2024-06-11,383,41,3,18506000
5165,2025-04-12,2389,15,1,80000
5166,2025-02-04,2278,25,2,20056000
5167,2025-09-22,2793,16,3,28314000
5168,2025-11-15,2786,27,3,6038000
5169,2025-06-20,2359,34,3,31208000
5170,2025-07-13,1435,42,2,32416000
5171,2024-03-31,137,24,6,18048000
5172,2025-07-19,807,39,2,7583000
5173,2024-04-05,443,24,1,11905000
5174,2024-06-26,180,11,6,2373000
5175,2024-10-18,199,3,3,36125000
5176,2025-12-26,778,44,1,284000
5177,2025-12-25,890,37,6,28170000
5178,2024-09-05,2048,38,2,34570000
5179,2024-07-08,10,43,1,5741000
5180,2025-07-10,2296,41,6,2634000
5181,2025-06-15,695,42,3,24060000
5182,2025-07-27,2181,40,1,5891000
5183,2025-06-24,1218,19,6,5774000
5184,2025-06-16,407,49,6,28091000
5185,2025-04-08,1771,26,1,21418000
5186,2024-10-06,554,48,2,22053000
5187,2025-07-10,953,20,3,23335000
5188,2025-12-17,380,12,6,28897000
5189,2024-07-09,1658,28,6,21858000
5190,2025-05-07,1140,10,6,4958000
5191,2024-11-10,1126,2,6,6594000
5192,2025-04-19,2656,36,1,27380000
5193,2025-12-01,682,49,6,6251000
5194,2025-09-05,1779,27,1,4941000
5195,2025-03-28,2433,42,6,968000
5196,2025-06-14,381,44,3,70396000
5197,2025-04-30,1818,20,6,3648000
5198,2025-09-16,2321,11,6,30706000
5199,2025-02-01,2157,29,3,28630000
5200,2024-11-09,1054,25,3,10187000
5201,2024-08-10,2331,40,6,7639000
5202,2024-09-12,377,21,6,11190000
5203,2025-03-23,1653,20,1,36273000
5204,2024-07-19,2520,18,3,1558000
5205,2024-06-05,2567,25,3,353000
5206,2024-01-12,2276,37,6,22414000
5207,2024-10-01,2414,25,6,27737000
5208,2025-03-04,2735,34,3,9266000
5209,2024-05-04,2709,35,1,18175000
5210,2024-05-22,2362,10,1,623000
5211,2025-11-11,2663,41,1,4166000
5212,2024-09-29,1572,36,6,12060000
5213,2024-05-20,761,4,1,17845000
5214,2025-04-23,852,15,6,9143000
5215,2025-12-24,2286,50,6,3499000
5216,2024-02-24,1585,44,2,17159000
5217,2024-07-27,2109,27,6,49586000
5218,2024-11-04,2896,34,6,12718000
5219,2025-05-22,2054,16,3,8824000
5220,2024-09-28,1351,21,3,14439000
5221,2025-01-29,2812,21,6,26528000
5222,2025-11-09,1636,42,6,1425000
5223,2025-04-16,2058,25,3,15533000
5224,2025-11-24,9,4,6,1328000
5225,2024-12-11,275,48,1,21280000
5226,2025-02-09,2610,48,6,12514000
5227,2025-10-29,1739,17,6,22307000
5228,2025-09-08,1082,14,6,1386000
5229,2024-08-17,679,30,2,920000
5230,2025-01-11,1684,7,6,10727000
5231,2025-03-20,1455,13,6,4141000
5232,2024-09-16,728,3,2,6002000
5233,2024-10-25,619,6,3,9435000
5234,2025-03-17,1815,17,6,28862000
5235,2024-04-12,1511,9,3,668000
5236,2024-09-12,1335,6,3,43877000
5237,2024-04-04,2342,34,6,15066000
5238,2025-11-17,2693,2,6,23790000
5239,2025-02-22,1533,41,3,2380000
5240,2024-08-29,917,21,3,60870000
5241,2024-11-23,204,35,2,445000
5242,2025-10-02,1078,13,1,10938000
5243,2024-07-09,2907,37,3,38157000
5244,2025-05-02,1734,27,1,12007000
5245,2024-07-09,2007,43,3,10730000
5246,2025-12-09,2936,4,6,6987000
5247,2024-05-11,849,14,3,3480000
5248,2024-04-08,7,26,3,23384000
5249,2025-06-01,2522,5,6,12656000
5250,2024-02-14,157,24,1,912000
5251,2024-05-09,2471,6,3,14642000
5252,2024-09-30,1432,30,6,4649000
5253,2025-08-17,1665,24,3,10188000
5254,2025-09-04,86,22,1,960000
5255,2025-04-29,78,46,1,3088000
5256,2024-12-25,2525,40,6,52605000
5257,2024-04-07,464,19,1,32655000
5258,2024-11-20,2064,13,3,8582000
5259,2024-11-15,26,41,6,28511000
5260,2025-05-05,2997,48,6,16592000
5261,2024-05-06,905,3,6,6591000
5262,2024-03-19,45,39,1,3837000
5263,2024-05-23,446,26,3,396000
5264,2025-08-24,1867,19,6,35707000
5265,2024-07-24,1884,8,6,4758000
5266,2025-04-02,980,10,3,883000
5267,2024-10-17,1007,6,3,6651000
5268,2024-05-09,1817,19,1,27031000
5269,2024-03-30,736,27,6,26293000
5270,2025-02-25,1440,26,3,22935000
5271,2024-06-28,908,13,6,21261000
5272,2024-03-29,1696,23,6,31097000
5273,2025-06-06,91,27,1,7683000
5274,2024-09-13,1859,21,6,29812000
5275,2024-12-12,614,27,6,36235000
5276,2024-05-22,222,44,1,42452000
5277,2025-02-18,2577,31,3,15546000
5278,2024-05-27,1863,47,6,12526000
5279,2024-04-25,32,1,6,152000
5280,2025-12-02,1789,36,6,30288000
5281,2024-02-12,1746,38,3,11184000
5282,2024-11-22,1894,5,2,11329000
5283,2024-07-01,341,45,3,3648000
5284,2024-04-03,1570,30,3,15370000
5285,2024-07-26,739,16,6,10341000
5286,2024-07-11,2353,15,1,6912000
5287,2024-01-18,2580,24,6,11535000
5288,2025-06-26,1155,47,3,17246000
5289,2025-12-18,1310,6,6,33128000
5290,2024-12-04,1938,4,6,11489000
5291,2025-08-18,1216,13,1,31380000
5292,2024-04-20,2893,34,1,41780000
5293,2024-02-02,606,18,1,23637000
5294,2025-02-09,2800,17,6,11920000
5295,2025-06-25,1370,41,6,675000
5296,2024-04-23,2350,2,1,31426000
5297,2024-02-05,1248,5,3,9102000
5298,2024-11-26,2909,20,3,20266000
5299,2025-05-31,135,50,6,31807000
5300,2024-04-10,205,39,1,44627000
5301,2024-07-13,1166,26,6,7819000
5302,2024-09-10,919,27,1,19984000
5303,2024-08-31,27,21,6,436000
5304,2025-12-26,1509,45,6,9136000
5305,2024-07-17,1907,45,3,66981000
5306,2024-01-03,2367,35,6,3340000
5307,2024-05-02,1662,50,6,25275000
5308,2024-08-26,1847,29,2,40556000
5309,2025-10-17,2650,10,3,30345000
5310,2025-04-18,44,48,6,10846000
5311,2025-03-27,252,8,1,3638000
5312,2024-12-15,2883,45,3,6155000
5313,2024-06-22,2261,44,1,3540000
5314,2024-08-05,2571,37,6,8113000
5315,2024-04-04,1840,42,3,11084000
5316,2025-01-18,1560,34,2,19578000
5317,2025-04-09,1551,39,6,20769000
5318,2025-01-18,151,23,3,12934000
5319,2024-04-06,2022,48,1,10402000
5320,2025-12-06,2306,16,2,9756000
5321,2025-12-19,284,4,6,9672000
5322,2025-01-06,2416,6,6,25544000
5323,2025-09-13,2246,13,1,17884000
5324,2025-10-28,302,32,3,4483000
5325,2024-08-04,1540,19,6,12094000
5326,2024-01-29,2127,39,6,24906000
5327,2024-11-03,177,25,6,2912000
5328,2025-12-22,2939,41,6,4044000
5329,2024-12-29,612,48,6,1325000
5330,2025-08-07,830,24,6,22202000
5331,2024-01-22,2720,32,6,8416000
5332,2025-01-12,28,37,6,86214000
5333,2025-02-05,737,1,6,3215000
5334,2025-07-04,2655,21,6,3183000
5335,2024-05-30,2673,47,1,4703000
5336,2025-04-05,454,38,1,25104000
5337,2025-02-24,107,49,1,8066000
5338,2025-10-08,2694,25,2,5047000
5339,2024-05-04,2299,28,3,18895000
5340,2024-01-21,482,2,3,16421000
5341,2024-08-13,1786,1,3,38263000
5342,2025-10-26,279,38,6,8600000
5343,2025-08-08,15,36,3,1742000
5344,2025-10-31,1915,4,3,10412000
5345,2024-07-20,557,32,6,10275000
5346,2025-11-13,689,34,3,26622000
5347,2024-12-18,2738,43,3,1320000
5348,2025-04-17,1905,32,6,9096000
5349,2024-02-20,347,18,3,43827000
5350,2025-04-20,550,45,6,3279000
5351,2025-06-02,531,7,3,3295000
5352,2025-07-30,1376,28,3,3269000
5353,2025-02-14,1254,28,2,2014000
5354,2025-05-17,1842,13,6,3028000
5355,2025-08-31,1483,25,3,15034000
5356,2025-12-03,460,38,1,4460000
5357,2024-06-01,152,23,2,30484000
5358,2024-07-28,1509,26,1,14524000
5359,2025-08-05,2716,30,6,27945000
5360,2025-06-27,2746,40,1,5298000
5361,2024-12-26,184,4,6,17601000
5362,2024-12-31,434,28,6,21250000
5363,2024-09-29,2960,34,6,35614000
5364,2025-10-16,1937,13,6,52092000
5365,2025-07-08,495,36,1,22164000
5366,2024-04-25,2008,47,6,11227000
5367,2024-09-25,2088,29,6,9476000
5368,2025-05-26,1848,39,1,12369000
5369,2025-01-17,2516,40,6,32352000
5370,2025-11-01,2254,20,1,11937000
5371,2025-07-03,964,24,6,12693000
5372,2025-09-10,2371,38,6,519000
5373,2024-05-07,727,23,1,589000
5374,2024-02-06,329,40,1,882000
5375,2024-03-04,2856,25,6,10318000
5376,2025-03-12,2624,37,2,6124000
5377,2024-06-01,1563,32,2,6066000
5378,2025-08-14,365,37,6,8257000
5379,2025-08-22,2357,13,1,19895000
5380,2025-01-13,979,44,3,9365000
5381,2024-08-05,2569,5,1,18649000
5382,2025-07-22,1960,36,1,31298000
5383,2024-02-10,1315,42,6,30129000
5384,2025-06-27,544,33,6,15892000
5385,2025-01-17,951,16,6,9280000
5386,2024-12-05,729,28,1,28044000
5387,2024-02-24,557,39,6,11222000
5388,2025-07-16,2011,17,6,17964000
5389,2025-05-31,508,8,1,2415000
5390,2025-07-25,646,26,3,14032000
5391,2025-11-11,2414,13,6,10812000
5392,2025-01-12,501,29,1,3880000
5393,2025-08-07,677,9,1,40417000
5394,2025-08-15,906,6,6,56832000
5395,2025-10-22,1885,33,6,3427000
5396,2024-12-09,34,16,3,47992000
5397,2025-10-28,1135,44,6,10583000
5398,2025-01-17,2639,42,3,7285000
5399,2024-11-19,1334,31,6,7965000
5400,2025-05-09,2305,6,6,2953000
5401,2024-11-03,835,5,1,16253000
5402,2025-11-16,1234,14,6,2044000
5403,2025-10-18,1308,14,6,14755000
5404,2024-09-10,2060,45,3,5484000
5405,2024-03-11,2826,22,6,31303000
5406,2024-12-26,130,38,1,988000
5407,2025-04-15,647,4,3,28162000
5408,2024-10-05,2112,3,1,3615000
5409,2025-01-24,2423,45,6,315000
5410,2025-04-06,2637,23,6,16290000
5411,2024-07-09,2506,17,1,2767000
5412,2024-07-23,2362,7,6,7126000
5413,2025-07-02,1547,30,3,16702000
5414,2025-06-17,2200,21,6,19323000
5415,2024-01-17,1638,37,6,4906000
5416,2024-08-21,2373,42,6,49522000
5417,2024-09-29,435,4,2,1059000
5418,2024-01-17,1229,10,6,11071000
5419,2025-08-30,1942,17,3,9801000
5420,2024-07-16,1429,18,3,8776000
5421,2024-06-02,470,1,2,24777000
5422,2025-06-21,291,33,3,2932000
5423,2025-10-17,2519,27,3,19438000
5424,2025-09-29,2628,8,1,29823000
5425,2024-06-08,2571,38,1,35441000
5426,2025-01-13,1837,21,1,24384000
5427,2025-06-25,1257,33,3,42299000
5428,2024-04-13,366,21,6,9725000
5429,2024-02-08,773,20,6,4223000
5430,2025-01-13,1621,4,2,6109000
5431,2025-02-25,1173,44,1,13432000
5432,2025-01-28,768,20,6,5868000
5433,2024-11-27,1163,27,1,2730000
5434,2024-01-04,729,8,1,6534000
5435,2024-12-15,2905,17,6,11090000
5436,2025-09-29,2905,45,1,29167000
5437,2024-05-27,2719,16,3,3209000
5438,2024-10-18,17,32,2,11248000
5439,2025-03-31,1009,43,6,3019000
5440,2024-08-22,1132,25,6,11477000
5441,2024-03-04,2557,22,6,1122000
5442,2025-04-28,2807,4,2,9960000
5443,2025-03-03,208,16,3,7837000
5444,2025-06-22,316,4,6,888000
5445,2025-08-14,1465,7,6,12844000
5446,2024-07-13,1382,9,2,11464000
5447,2024-09-22,2591,49,2,31793000
5448,2024-06-30,2,11,1,16874000
5449,2024-10-25,2594,7,6,928000
5450,2024-12-12,1636,5,6,18165000
5451,2025-06-10,171,39,6,21060000
5452,2025-03-22,1037,43,3,16172000
5453,2025-06-25,2998,22,6,3356000
5454,2024-05-04,786,14,1,8660000
5455,2025-03-21,1606,24,3,15204000
5456,2024-05-23,2122,22,3,4246000
5457,2024-03-09,1347,28,6,36349000
5458,2025-07-19,478,29,3,10615000
5459,2024-04-11,2732,24,6,12388000
5460,2025-07-15,699,37,2,1922000
5461,2025-12-21,1349,12,6,5795000
5462,2025-08-29,731,11,3,16341000
5463,2025-08-21,476,42,2,12750000
5464,2025-10-28,1160,11,3,6882000
5465,2025-08-19,2489,18,3,5616000
5466,2024-04-25,1189,8,6,11077000
5467,2024-01-08,345,14,3,15620000
5468,2025-01-05,2841,46,6,16365000
5469,2025-08-14,2381,13,3,17012000
5470,2024-05-03,1166,11,6,5852000
5471,2024-11-25,631,1,3,12236000
5472,2024-06-15,2911,2,3,7672000
5473,2025-04-06,1237,3,1,16849000
5474,2024-02-22,2537,33,6,31645000
5475,2025-12-19,1259,28,3,42201000
5476,2025-05-30,2104,34,6,44722000
5477,2025-02-16,1491,40,6,4668000
5478,2025-07-10,304,45,3,5715000
5479,2024-05-30,1898,12,3,17532000
5480,2024-05-07,1013,43,6,40574000
5481,2025-04-13,2737,21,3,13824000
5482,2024-04-14,1706,20,6,13939000
5483,2025-12-11,2619,37,2,4434000
5484,2024-11-16,784,10,2,59996000
5485,2025-07-27,2682,2,3,12512000
5486,2024-04-10,782,4,3,17903000
5487,2024-11-18,563,14,3,2968000
5488,2025-01-02,1650,35,1,14887000
5489,2024-08-29,1188,12,3,19332000
5490,2024-09-13,2930,1,1,13074000
5491,2024-05-31,2976,48,6,15604000
5492,2025-02-08,714,26,6,22790000
5493,2024-03-24,2580,16,1,40691000
5494,2024-01-11,572,21,1,5022000
5495,2024-09-16,651,16,3,30690000
5496,2025-03-10,1807,3,6,52996000
5497,2025-04-30,1577,2,6,17739000
5498,2024-05-17,2536,47,1,66415000
5499,2025-10-29,2599,43,3,28861000
5500,2025-07-02,2022,41,6,34092000
5501,2025-12-26,1619,31,6,4155000
5502,2024-02-23,2209,45,6,972000
5503,2025-05-13,550,5,2,12013000
5504,2025-04-04,2664,22,1,27158000
5505,2024-10-26,2819,4,2,15771000
5506,2024-09-03,896,45,2,2908000
5507,2025-01-14,300,2,3,4535000
5508,2025-05-19,593,19,6,8325000
5509,2024-05-20,1412,18,1,7858000
5510,2025-03-18,1419,19,2,1547000
5511,2025-03-23,2730,35,3,43777000
5512,2025-11-18,850,38,1,23251000
5513,2025-05-12,1780,49,1,2559000
5514,2025-08-17,2257,21,1,30217000
5515,2024-08-12,2276,43,2,39996000
5516,2025-07-18,694,33,3,32146000
5517,2024-07-14,1562,42,1,20537000
5518,2025-11-17,2567,11,6,6048000
5519,2025-07-16,2667,28,3,15597000
5520,2024-01-22,1959,48,3,28162000
5521,2024-10-07,740,42,1,19453000
5522,2024-12-26,1871,50,1,9372000
5523,2024-03-21,2135,40,3,28613000
5524,2025-01-11,2371,16,2,2324000
5525,2024-03-23,2972,28,3,25776000
5526,2025-08-30,767,44,2,970000
5527,2025-10-28,784,21,1,23147000
5528,2024-11-15,2897,30,2,37877000
5529,2024-12-20,29,31,3,9212000
5530,2025-05-22,1964,24,3,4811000
5531,2025-07-25,2260,50,6,37170000
5532,2025-08-02,1158,43,3,38053000
5533,2025-09-16,2507,26,1,56507000
5534,2024-12-20,1869,25,3,2690000
5535,2025-03-02,2886,27,1,43547000
5536,2024-03-13,974,35,3,27779000
5537,2024-11-29,2371,23,2,781000
5538,2025-09-17,1054,36,6,13084000
5539,2025-01-02,1139,48,1,23956000
5540,2024-06-15,1519,38,6,187000
5541,2024-12-10,413,13,1,24233000
5542,2025-12-25,142,48,6,18599000
5543,2025-09-19,276,23,6,4123000
5544,2024-04-08,2384,27,1,35632000
5545,2025-11-06,2822,23,2,26839000
5546,2025-12-21,408,2,3,35110000
5547,2025-02-24,2040,20,6,30345000
5548,2024-04-19,2755,15,6,4657000
5549,2024-08-22,1647,49,6,41722000
5550,2025-09-11,41,22,3,24295000
5551,2024-09-14,266,32,1,4408000
5552,2025-05-23,584,10,1,24286000
5553,2024-09-24,551,27,6,7104000
5554,2025-05-29,1910,3,1,5748000
5555,2025-11-25,707,14,3,14479000
5556,2024-04-24,574,34,3,4240000
5557,2025-03-27,259,34,3,30578000
5558,2025-10-31,2972,37,1,10496000
5559,2024-12-27,1259,44,6,1532000
5560,2025-11-29,1312,9,3,29907000
5561,2024-03-13,661,29,6,5168000
5562,2025-08-18,1734,16,6,26069000
5563,2024-08-10,289,6,6,5520000
5564,2025-09-12,844,16,2,3295000
5565,2024-01-17,2192,33,6,11700000
5566,2024-06-14,987,4,6,7111000
5567,2024-12-08,2382,17,2,10715000
5568,2024-01-28,963,35,2,8480000
5569,2025-06-05,77,16,6,10859000
5570,2024-10-31,2242,24,2,10265000
5571,2025-11-24,154,3,1,2698000
5572,2024-03-10,2052,10,6,6020000
5573,2024-03-18,2894,17,2,24096000
5574,2025-07-11,358,29,2,9747000
5575,2024-05-17,2121,17,6,610000
5576,2024-03-05,1740,41,3,808000
5577,2025-04-26,2183,29,1,2426000
5578,2024-07-07,264,19,3,3488000
5579,2025-09-13,2351,31,3,16044000
5580,2024-08-02,2723,9,2,23044000
5581,2024-10-13,769,42,6,14085000
5582,2025-11-11,2030,17,1,34907000
5583,2024-07-28,1257,20,1,12594000
5584,2024-04-16,178,27,6,29168000
5585,2024-03-08,185,2,6,1031000
5586,2025-02-08,8,5,2,12700000
5587,2025-10-06,1198,8,1,7118000
5588,2024-05-04,961,22,6,5340000
5589,2024-12-07,1865,37,6,28357000
5590,2024-05-16,194,47,6,476000
5591,2024-05-30,2805,44,1,21860000
5592,2025-11-26,951,39,6,22268000
5593,2025-03-09,2837,30,1,55861000
5594,2025-11-03,349,32,6,10794000
5595,2024-03-19,2912,34,3,44611000
5596,2025-07-26,2385,36,6,31647000
5597,2025-07-21,1860,32,6,11131000
5598,2025-05-02,1794,24,2,3189000
5599,2024-08-10,2049,31,6,11235000
5600,2025-11-03,314,9,1,2160000
5601,2025-09-13,2200,6,3,5134000
5602,2025-08-10,915,40,6,2902000
5603,2025-10-20,2605,11,2,3978000
5604,2024-10-11,2076,31,1,16663000
5605,2024-02-09,1127,24,2,23538000
5606,2025-08-24,1036,21,6,1263000
5607,2025-05-28,1679,33,2,18316000
5608,2025-10-22,1869,47,1,15340000
5609,2024-10-14,465,35,3,5791000
5610,2025-12-03,126,32,3,7476000
5611,2025-11-04,1650,50,6,7499000
5612,2025-11-24,165,16,2,11254000
5613,2024-12-22,1985,21,3,18045000
5614,2024-12-05,2539,13,3,5166000
5615,2024-04-18,2210,41,6,39135000
5616,2024-09-01,2711,26,1,9606000
5617,2024-02-03,1482,18,6,3568000
5618,2025-09-07,784,50,1,3158000
5619,2025-08-20,749,29,2,11473000
5620,2025-11-21,2309,21,6,8021000
5621,2024-02-01,1682,15,3,16955000
5622,2024-11-17,1723,30,3,1225000
5623,2024-05-23,224,48,6,47839000
5624,2025-10-12,306,50,6,54403000
5625,2024-07-20,1879,36,6,12584000
5626,2024-07-09,226,44,6,8702000
5627,2025-01-02,2796,42,6,53064000
5628,2024-12-10,898,44,6,2443000
5629,2024-09-30,1157,49,2,9554000
5630,2025-04-05,2115,46,3,3652000
5631,2025-11-24,1693,30,6,1197000
5632,2025-12-16,2062,34,3,3965000
5633,2025-08-24,675,42,1,19759000
5634,2024-04-18,129,48,3,20598000
5635,2025-04-11,573,44,2,5198000
5636,2024-10-10,89,50,3,69443000
5637,2024-11-13,2026,49,3,19438000
5638,2024-05-07,712,19,6,7604000
5639,2024-04-18,2819,29,6,28729000
5640,2025-11-15,2015,35,2,16198000
5641,2024-10-13,389,2,6,64360000
5642,2025-07-19,1752,27,6,5791000
5643,2024-03-24,2138,27,6,33515000
5644,2024-10-06,611,28,1,15083000
5645,2024-10-26,1232,32,3,5609000
5646,2025-12-13,1060,37,3,23363000
5647,2025-02-28,1926,6,2,19702000
5648,2024-01-17,482,33,6,28803000
5649,2025-04-22,57,15,1,31829000
5650,2024-06-09,1337,30,3,58381000
5651,2025-12-10,1169,43,6,265000
5652,2024-08-17,120,30,1,9308000
5653,2024-05-17,1262,25,6,6664000
5654,2025-06-26,2320,40,6,46094000
5655,2025-11-04,1051,39,2,1096000
5656,2024-08-06,2618,50,3,7194000
5657,2024-09-24,933,33,3,16017000
5658,2025-04-20,1812,40,3,418000
5659,2025-05-27,2417,37,1,1027000
5660,2024-09-24,1655,37,1,20618000
5661,2024-10-17,1914,2,6,2898000
5662,2025-06-24,497,7,1,5550000
5663,2024-03-01,382,33,6,52594000
5664,2024-10-22,1004,9,1,17290000
5665,2024-03-26,1083,23,6,20405000
5666,2025-01-15,397,33,3,9769000
5667,2024-06-19,1900,24,3,3127000
5668,2024-03-23,1945,4,2,595000
5669,2024-09-08,1111,16,6,17246000
5670,2024-10-04,811,47,1,1416000
5671,2024-12-28,1562,44,6,24313000
5672,2024-10-30,117,45,6,6865000
5673,2024-08-03,1557,9,6,38040000
5674,2024-04-03,2660,43,1,32957000
5675,2024-07-29,506,5,6,37350000
5676,2024-09-21,448,41,3,8707000
5677,2024-04-26,2425,2,1,15585000
5678,2024-01-29,1554,1,6,21474000
5679,2024-04-14,1016,48,6,10457000
5680,2025-10-27,2389,14,2,11853000
5681,2024-02-03,1477,9,1,20854000
5682,2024-03-18,2765,20,6,20194000
5683,2024-06-16,2650,28,6,37703000
5684,2025-10-31,1001,48,6,13899000
5685,2024-07-23,2296,17,1,3502000
5686,2024-11-19,1739,8,2,13292000
5687,2025-02-23,446,44,6,10234000
5688,2025-11-15,2545,37,3,28552000
5689,2024-11-14,1107,48,1,37332000
5690,2025-02-27,2875,6,3,20076000
5691,2024-10-08,1350,21,1,6207000
5692,2025-03-25,1298,35,1,6942000
5693,2025-02-15,2171,9,3,12587000
5694,2025-01-12,246,35,2,10972000
5695,2024-10-03,2507,38,6,30738000
5696,2024-02-02,750,13,1,19054000
5697,2024-07-18,1423,36,6,8010000
5698,2025-08-30,943,23,3,40048000
5699,2024-02-27,2842,14,6,15648000
5700,2025-10-22,703,33,3,19839000
5701,2024-01-31,1377,2,6,7785000
5702,2024-11-19,187,32,3,19576000
5703,2024-03-31,2400,44,6,16150000
5704,2024-08-04,1478,17,6,19407000
5705,2024-05-14,1467,12,6,11933000
5706,2025-12-21,2873,31,6,3631000
5707,2025-05-15,1977,17,6,8169000
5708,2024-10-07,2317,25,6,35530000
5709,2025-08-24,1005,3,6,4038000
5710,2025-03-13,1157,4,3,7070000
5711,2025-03-21,36,25,3,9865000
5712,2025-06-28,2094,9,6,8429000
5713,2024-10-31,2238,28,1,13340000
5714,2025-11-18,1874,24,6,16678000
5715,2024-07-31,2036,30,3,3940000
5716,2024-08-21,2304,23,6,15321000
5717,2025-10-30,1556,2,3,9818000
5718,2024-04-13,573,8,2,5283000
5719,2024-09-17,100,30,1,22401000
5720,2025-01-04,1038,23,1,16575000
5721,2025-09-09,1783,3,2,19940000
5722,2025-03-20,248,37,3,6431000
5723,2024-08-15,579,41,6,23005000
5724,2025-04-24,128,29,3,21694000
5725,2024-05-26,1627,9,6,11328000
5726,2025-11-15,427,46,6,27748000
5727,2024-10-30,825,8,6,3571000
5728,2024-02-28,892,9,6,24807000
5729,2024-03-01,2659,15,3,9270000
5730,2024-10-31,1010,44,3,36631000
5731,2025-06-04,2176,17,6,9429000
5732,2024-06-07,1884,36,3,13199000
5733,2025-01-01,637,44,1,5000000
5734,2025-03-13,372,32,3,6862000
5735,2024-09-27,2335,27,6,21491000
5736,2024-12-10,1255,39,6,27276000
5737,2025-12-29,2553,23,6,18622000
5738,2025-06-03,476,12,6,7193000
5739,2024-07-16,2973,7,6,7885000
5740,2025-12-27,1180,44,1,1855000
5741,2025-03-25,2988,7,3,39823000
5742,2024-08-22,544,10,6,14429000
5743,2024-01-25,662,14,3,13792000
5744,2024-08-01,1615,43,1,1846000
5745,2025-05-02,1588,7,6,904000
5746,2025-02-22,1109,46,2,30680000
5747,2025-11-13,1134,3,6,1295000
5748,2025-02-02,1378,43,6,26177000
5749,2024-04-11,331,11,3,31086000
5750,2025-01-21,948,33,3,38237000
5751,2024-05-05,66,23,3,18026000
5752,2024-05-19,2898,9,3,5155000
5753,2025-09-09,664,3,6,4109000
5754,2025-10-27,1196,44,6,8200000
5755,2025-08-24,1461,11,3,923000
5756,2024-05-18,1812,50,6,28636000
5757,2025-05-17,1973,18,1,4742000
5758,2024-07-30,2560,14,6,12572000
5759,2025-12-16,1086,14,1,4921000
5760,2025-10-16,1872,13,1,13411000
5761,2025-03-27,2131,14,3,17454000
5762,2025-03-04,2370,12,2,9761000
5763,2024-12-18,491,3,3,11644000
5764,2024-05-21,1554,1,6,5918000
5765,2025-03-27,677,5,6,16012000
5766,2024-07-17,2573,41,6,3991000
5767,2025-12-14,2138,25,3,8021000
5768,2025-11-13,1568,22,1,2447000
5769,2025-05-23,280,24,6,20931000
5770,2025-05-02,1019,8,3,9914000
5771,2024-12-30,744,1,3,11053000
5772,2025-08-04,2292,13,3,6504000
5773,2025-07-23,1857,15,3,4455000
5774,2025-11-12,2328,24,2,2730000
5775,2025-05-02,2551,14,1,22171000
5776,2025-04-23,1841,15,2,13832000
5777,2024-05-13,2508,31,1,17350000
5778,2024-10-08,351,48,6,5414000
5779,2025-06-13,1393,4,1,5994000
5780,2025-12-01,2828,30,6,3936000
5781,2025-09-13,2617,45,2,10260000
5782,2025-06-22,612,27,3,12198000
5783,2024-01-19,2,39,2,8615000
5784,2025-04-28,618,12,3,7264000
5785,2025-07-28,2684,41,6,4480000
5786,2024-03-28,642,49,2,46484000
5787,2025-06-18,2394,49,6,7598000
5788,2024-12-21,738,16,3,15534000
5789,2025-10-20,2866,21,3,19556000
5790,2025-02-27,155,9,1,9612000
5791,2024-08-02,309,21,3,27814000
5792,2025-09-30,2114,47,6,20911000
5793,2024-12-25,471,30,6,23615000
5794,2025-04-01,2544,2,1,16701000
5795,2024-06-20,806,1,3,20954000
5796,2025-06-22,2206,4,6,45390000
5797,2024-01-04,2479,19,2,4980000
5798,2025-04-21,1378,1,1,44613000
5799,2024-10-13,499,15,2,31054000
5800,2024-02-18,1818,33,3,14104000
5801,2025-03-09,2022,42,6,10255000
5802,2025-06-12,2870,32,6,8618000
5803,2024-12-14,2797,35,6,315000
5804,2024-01-06,2408,22,3,8526000
5805,2024-04-09,1244,22,3,9217000
5806,2024-10-30,2534,29,1,45801000
5807,2024-09-11,1601,27,3,27018000
5808,2024-10-25,2774,26,1,3727000
5809,2025-04-01,730,33,6,27627000
5810,2024-12-13,428,35,2,24660000
5811,2024-10-21,2826,9,3,15891000
5812,2024-11-11,926,42,3,8109000
5813,2024-10-03,2713,21,3,8490000
5814,2025-11-29,2822,17,6,10774000
5815,2024-05-29,435,32,6,14029000
5816,2024-09-24,2714,13,6,4317000
5817,2025-09-11,825,37,6,7443000
5818,2024-04-19,1744,46,6,40532000
5819,2025-04-04,1051,3,6,29945000
5820,2025-07-23,2781,36,6,28205000
5821,2025-07-31,2093,48,6,15664000
5822,2025-06-29,1289,29,6,5015000
5823,2025-09-27,309,49,2,12252000
5824,2024-02-25,1620,42,6,9587000
5825,2025-04-13,2626,10,6,30640000
5826,2024-10-23,376,33,6,5658000
5827,2025-10-01,968,42,3,34995000
5828,2025-04-05,2204,40,6,12432000
5829,2024-08-09,1862,31,3,5190000
5830,2024-03-15,656,18,3,11264000
5831,2024-08-05,449,28,6,8425000
5832,2024-12-30,2769,43,3,12713000
5833,2025-06-18,604,17,1,3960000
5834,2025-03-25,2239,1,6,15103000
5835,2025-03-26,12,19,3,6559000
5836,2025-05-09,2574,38,1,10185000
5837,2025-02-02,1412,5,3,31892000
5838,2025-04-02,1529,26,3,8825000
5839,2024-07-01,1770,45,3,14033000
5840,2024-05-22,206,50,1,9976000
5841,2025-11-15,2971,11,6,13845000
5842,2024-08-01,1403,50,6,52305000
5843,2024-04-30,578,24,6,695000
5844,2025-05-10,757,5,1,7262000
5845,2024-09-12,20,2,3,5174000
5846,2024-12-15,1876,43,3,26852000
5847,2025-08-12,1430,38,3,5556000
5848,2025-01-11,959,10,6,13714000
5849,2024-07-04,1395,50,6,1977000
5850,2025-01-24,81,1,3,855000
5851,2025-07-06,2966,1,6,20016000
5852,2025-05-17,2203,14,6,28415000
5853,2025-10-31,2482,3,1,13780000
5854,2024-02-01,829,18,2,36532000
5855,2024-09-08,2609,26,6,16839000
5856,2025-10-31,775,9,3,3616000
5857,2025-06-11,1324,28,3,43159000
5858,2024-09-30,2526,44,3,43966000
5859,2025-03-30,2950,29,2,4324000
5860,2025-05-25,179,28,3,3568000
5861,2024-01-26,2043,18,6,10885000
5862,2024-04-11,1139,16,1,6176000
5863,2025-03-31,129,4,6,26757000
5864,2025-08-28,325,47,6,18743000
5865,2024-11-12,1163,13,6,2116000
5866,2025-07-27,1793,6,6,16139000
5867,2024-09-01,2064,45,6,8180000
5868,2025-03-23,764,6,6,19696000
5869,2025-05-04,2900,32,6,2285000
5870,2024-01-07,1332,17,6,32941000
5871,2025-05-28,1791,28,2,417000
5872,2025-06-20,612,19,3,5177000
5873,2025-05-26,1260,5,6,16993000
5874,2024-06-23,2004,33,6,252000
5875,2024-08-27,2572,5,6,15929000
5876,2024-04-21,2973,47,3,16613000
5877,2025-05-30,2051,31,1,1930000
5878,2025-03-04,849,46,6,3415000
5879,2025-12-03,2343,12,3,5883000
5880,2025-10-10,660,9,1,36798000
5881,2025-12-31,897,37,3,62781000
5882,2025-06-20,653,8,6,38359000
5883,2025-07-30,98,1,6,7688000
5884,2025-12-16,504,14,1,4424000
5885,2025-11-08,2851,1,6,9761000
5886,2024-10-06,2095,17,6,3218000
5887,2025-03-05,1858,31,2,24111000
5888,2025-01-07,2732,18,3,11933000
5889,2025-04-20,2663,45,6,19494000
5890,2025-02-03,29,19,6,14140000
5891,2025-03-03,2245,38,1,4898000
5892,2025-08-13,347,7,6,24289000
5893,2025-12-03,1271,24,6,12014000
5894,2025-10-30,1642,32,6,27463000
5895,2025-02-13,1526,31,6,2321000
5896,2025-01-29,1642,17,6,2419000
5897,2025-02-07,192,36,6,8117000
5898,2024-05-08,35,33,6,2715000
5899,2025-10-18,573,38,6,14944000
5900,2024-11-14,1350,21,1,4195000
5901,2024-03-13,2012,24,2,8468000
5902,2024-10-21,2348,40,3,11314000
5903,2025-06-15,2028,34,1,10670000
5904,2025-08-30,2287,33,6,32199000
5905,2024-05-27,1918,24,6,17392000
5906,2024-10-09,581,11,2,2679000
5907,2025-03-17,316,44,3,24180000
5908,2025-01-05,2836,3,6,625000
5909,2025-09-13,698,39,3,4458000
5910,2025-04-23,2783,15,3,9440000
5911,2025-03-18,2809,18,2,4851000
5912,2024-03-04,1557,31,1,13425000
5913,2024-11-08,1700,28,1,2120000
5914,2025-08-21,154,16,1,14162000
5915,2024-03-30,1053,16,2,44390000
5916,2024-07-17,365,35,1,27210000
5917,2025-08-03,980,16,2,5720000
5918,2024-03-21,445,8,3,23646000
5919,2024-09-26,2739,2,6,29745000
5920,2024-12-28,1031,33,3,1967000
5921,2024-11-27,1406,34,6,20283000
5922,2024-11-23,1522,9,6,1674000
5923,2024-12-30,629,37,6,19072000
5924,2024-04-16,1408,5,6,21655000
5925,2024-07-16,1688,39,6,14620000
5926,2024-09-16,1420,30,3,21061000
5927,2024-08-04,1300,5,6,23521000
5928,2025-08-08,2238,13,3,21227000
5929,2025-04-12,2919,6,1,13146000
5930,2024-12-02,1430,26,6,21186000
5931,2025-09-24,1770,16,1,1540000
5932,2025-07-09,2917,37,6,8651000
5933,2025-12-28,2201,28,6,8202000
5934,2024-03-10,1901,42,3,4611000
5935,2024-05-24,1340,44,6,5836000
5936,2024-02-17,2837,8,3,12080000
5937,2025-09-21,2389,8,6,322000
5938,2024-05-12,1081,28,3,10245000
5939,2024-11-09,2597,31,6,11788000
5940,2025-12-21,689,38,1,3955000
5941,2025-02-06,2802,35,6,11686000
5942,2024-05-20,1768,34,6,54010000
5943,2024-04-29,1988,38,6,7918000
5944,2024-07-14,1779,31,3,16868000
5945,2025-09-12,200,6,2,142000
5946,2024-05-14,2683,32,2,11259000
5947,2025-09-13,239,44,3,20182000
5948,2024-11-16,2951,48,1,23871000
5949,2024-01-10,770,35,6,12340000
5950,2024-06-11,414,9,2,16763000
5951,2025-01-09,2609,5,3,29665000
5952,2024-02-12,2597,18,6,14502000
5953,2025-01-26,703,20,6,19993000
5954,2025-03-03,2821,12,1,5201000
5955,2024-02-06,385,26,6,1319000
5956,2025-03-11,1672,14,1,15802000
5957,2025-09-08,869,44,6,25627000
5958,2024-02-07,2138,10,6,7091000
5959,2024-07-12,2998,9,6,15303000
5960,2024-05-11,1324,16,3,16154000
5961,2024-04-03,1133,1,1,22400000
5962,2024-02-24,2635,32,6,51309000
5963,2024-11-16,2439,49,3,4932000
5964,2024-10-17,269,44,6,20274000
5965,2024-06-12,252,10,6,2138000
5966,2025-06-25,1219,13,6,19441000
5967,2024-02-20,1999,18,6,5460000
5968,2024-01-15,2459,14,1,1451000
5969,2024-07-07,2112,4,3,6600000
5970,2025-10-17,2315,39,6,922000
5971,2024-01-26,573,17,6,21055000
5972,2024-01-05,1239,13,3,4918000
5973,2024-01-25,2539,1,6,12811000
5974,2025-05-10,395,43,3,20591000
5975,2024-06-27,966,44,6,11927000
5976,2025-12-20,2825,16,1,21480000
5977,2025-05-15,1945,41,1,4545000
5978,2025-05-16,1787,23,6,10460000
5979,2024-09-20,1806,26,2,5549000
5980,2025-03-24,522,29,6,5482000
5981,2025-05-02,923,22,6,25613000
5982,2024-11-13,2284,7,6,30545000
5983,2025-04-24,399,12,6,24869000
5984,2025-02-20,1754,7,6,10002000
5985,2025-11-30,1012,38,1,13921000
5986,2025-08-13,523,39,6,19714000
5987,2024-07-02,1896,46,2,31434000
5988,2024-05-22,283,23,2,21920000
5989,2025-10-19,403,14,6,39354000
5990,2024-08-15,2608,16,3,24980000
5991,2024-02-21,1789,11,6,5863000
5992,2025-09-25,2211,40,6,21498000
5993,2025-05-31,742,19,6,2470000
5994,2025-04-29,774,14,3,35578000
5995,2024-03-12,540,39,3,28360000
5996,2024-02-14,906,29,2,5677000
5997,2025-12-06,2460,8,1,13005000
5998,2025-03-28,1420,39,1,7855000
5999,2025-08-03,2855,24,6,21938000
6000,2025-04-18,2736,6,6,12858000
6001,2024-07-04,346,48,2,13952000
6002,2025-03-07,2759,12,1,10427000
6003,2024-02-04,2893,26,6,25367000
6004,2025-09-04,364,3,2,6808000
6005,2024-10-09,1030,13,6,164000
6006,2024-09-14,884,26,6,549000
6007,2024-10-24,1029,14,1,2122000
6008,2025-07-30,1714,38,2,13991000
6009,2024-09-15,604,11,2,21650000
6010,2025-10-08,231,30,1,18664000
6011,2024-06-18,1809,26,3,207000
6012,2024-09-01,1308,11,6,4496000
6013,2025-06-04,193,41,3,17100000
6014,2025-04-01,2234,21,6,38775000
6015,2024-04-18,231,39,1,20580000
6016,2024-07-11,2214,49,6,430000
6017,2024-08-11,162,1,2,8501000
6018,2025-08-25,178,4,6,4638000
6019,2024-08-04,2598,9,6,16811000
6020,2025-06-10,2994,28,6,5925000
6021,2025-04-01,1355,19,6,32942000
6022,2025-01-13,2260,27,3,6538000
6023,2025-05-05,679,36,6,17731000
6024,2025-04-18,2680,2,1,20708000
6025,2024-10-23,1124,27,1,9704000
6026,2024-08-13,753,46,6,48882000
6027,2025-01-22,1449,42,6,6412000
6028,2025-06-25,1168,50,2,23660000
6029,2024-12-08,1216,48,6,8471000
6030,2024-07-24,1364,8,6,21804000
6031,2024-11-16,2028,14,6,5100000
6032,2024-03-10,2109,24,2,28024000
6033,2025-05-26,1622,37,6,6024000
6034,2025-01-02,2883,37,6,24697000
6035,2025-08-16,1673,21,6,9576000
6036,2024-01-13,172,41,1,363000
6037,2025-12-23,897,29,6,34919000
6038,2024-06-06,747,37,6,26361000
6039,2024-10-05,2113,17,1,6213000
6040,2024-03-31,36,37,1,21831000
6041,2024-07-07,524,21,3,3958000
6042,2024-09-28,1387,23,6,5882000
6043,2025-08-24,2597,24,1,13962000
6044,2025-04-09,2627,9,1,16359000
6045,2025-05-11,1625,27,2,20227000
6046,2024-10-06,288,19,1,29803000
6047,2025-03-15,1258,14,2,22082000
6048,2024-07-08,2535,31,2,3860000
6049,2025-07-12,318,15,6,30906000
6050,2024-06-07,733,38,3,16295000
6051,2024-05-26,500,2,3,11697000
6052,2024-07-24,1482,41,1,33202000
6053,2024-11-14,2750,13,3,1789000
6054,2024-06-05,681,39,6,4223000
6055,2024-02-03,357,46,6,12862000
6056,2025-08-04,1615,9,3,20180000
6057,2024-09-23,105,30,6,1713000
6058,2025-11-24,2648,43,3,12194000
6059,2024-12-02,812,39,2,15978000
6060,2025-07-12,1917,35,1,1722000
6061,2025-11-06,2689,19,6,5359000
6062,2025-02-16,1876,44,3,19696000
6063,2024-01-25,207,29,3,2473000
6064,2024-06-08,1273,20,6,5379000
6065,2025-03-17,1607,25,3,22420000
6066,2024-11-12,2818,36,1,15907000
6067,2025-03-17,2803,1,3,2095000
6068,2025-10-10,1267,14,3,9052000
6069,2025-02-22,2071,11,6,5737000
6070,2024-01-17,2169,21,6,7692000
6071,2025-08-16,741,22,6,11441000
6072,2024-06-18,2339,31,1,59754000
6073,2025-01-21,1558,37,1,32861000
6074,2024-08-03,585,21,6,16155000
6075,2024-06-11,1999,16,6,6867000
6076,2025-02-26,2214,46,3,1071000
6077,2025-12-29,679,31,2,18140000
6078,2025-11-29,1108,30,1,12951000
6079,2024-07-16,2753,44,1,14684000
6080,2024-09-16,2614,17,6,28745000
6081,2025-03-02,1630,7,2,9872000
6082,2024-12-27,411,20,3,32168000
6083,2025-01-30,357,35,2,14432000
6084,2025-01-22,2103,26,1,37123000
6085,2025-05-29,2249,25,3,23940000
6086,2025-12-13,2138,31,3,619000
6087,2024-06-22,1114,17,3,20784000
6088,2024-09-17,78,49,1,11222000
6089,2025-11-27,2663,44,3,29059000
6090,2025-01-03,342,34,6,15997000
6091,2025-09-28,2898,21,6,15905000
6092,2024-03-29,941,43,6,5125000
6093,2024-10-06,193,36,3,2609000
6094,2024-08-21,2849,42,1,3389000
6095,2024-04-13,2231,16,3,18696000
6096,2024-01-29,497,26,3,28588000
6097,2024-07-14,1098,31,6,15131000
6098,2025-08-22,280,9,1,2293000
6099,2025-05-20,2023,39,1,35611000
6100,2025-10-08,2499,36,2,6021000
6101,2024-04-03,2759,11,1,23641000
6102,2024-01-29,315,25,1,17568000
6103,2024-04-08,2053,49,6,17525000
6104,2024-07-03,128,1,1,34442000
6105,2024-09-03,2376,7,6,12964000
6106,2024-06-04,886,5,1,17691000
6107,2024-09-05,1618,41,1,6022000
6108,2025-11-26,273,19,3,47641000
6109,2025-08-30,2267,12,3,772000
6110,2024-06-20,1987,3,1,8202000
6111,2024-09-07,501,36,3,15278000
6112,2025-03-12,1983,12,2,6488000
6113,2024-04-25,750,40,6,2552000
6114,2025-09-10,75,16,2,3607000
6115,2025-11-10,1870,32,6,2701000
6116,2025-02-12,2357,45,2,17060000
6117,2024-01-08,2864,1,2,1178000
6118,2025-11-02,2384,41,3,29381000
6119,2025-04-19,1541,22,1,3295000
6120,2024-06-27,1205,20,3,21575000
6121,2024-09-01,1054,14,3,4444000
6122,2025-05-07,466,24,3,12948000
6123,2024-11-16,1167,47,6,6508000
6124,2024-11-07,1784,40,3,27463000
6125,2024-04-26,1906,41,3,15428000
6126,2025-12-07,2263,29,3,22006000
6127,2024-05-16,1977,10,3,6628000
6128,2024-07-09,136,17,2,3666000
6129,2024-02-17,2553,16,3,11983000
6130,2024-01-10,2234,47,1,17585000
6131,2024-10-16,2569,46,3,2618000
6132,2025-10-18,468,12,1,3516000
6133,2024-06-20,464,25,3,8043000
6134,2024-01-26,1535,39,1,23999000
6135,2024-07-01,1087,45,3,1908000
6136,2025-07-13,957,9,6,27112000
6137,2024-07-10,2914,29,6,393000
6138,2024-06-13,1479,10,3,13173000
6139,2024-06-16,362,15,2,1302000
6140,2024-04-11,1789,30,3,5129000
6141,2024-12-20,2972,19,1,24189000
6142,2025-06-25,882,11,6,28076000
6143,2025-05-20,2784,2,3,314000
6144,2024-03-26,1643,29,3,6965000
6145,2024-04-23,463,28,6,4186000
6146,2025-07-03,1686,48,1,20470000
6147,2025-09-04,29,12,6,16327000
6148,2024-04-08,1365,13,3,9622000
6149,2025-02-10,1051,49,1,5002000
6150,2025-03-18,1813,15,3,1314000
6151,2024-06-23,701,3,3,14173000
6152,2025-08-10,1225,6,6,14074000
6153,2025-12-03,1385,14,3,8953000
6154,2024-10-16,2760,1,6,4815000
6155,2024-07-21,318,39,3,24821000
6156,2024-10-14,305,4,6,61926000
6157,2024-01-29,1833,21,6,595000
6158,2024-01-03,2162,17,3,42019000
6159,2024-11-23,671,36,6,6326000
6160,2025-02-26,2005,29,3,1369000
6161,2024-08-26,2034,33,6,9488000
6162,2025-03-22,1852,40,6,2627000
6163,2024-02-20,29,36,1,3366000
6164,2024-01-25,2665,29,6,24930000
6165,2024-10-06,2703,19,2,1377000
6166,2024-12-13,2089,15,6,23882000
6167,2024-12-01,2941,1,3,26575000
6168,2025-05-24,670,29,1,8962000
6169,2025-04-10,2627,39,6,20502000
6170,2024-09-05,2970,9,3,10888000
6171,2024-07-10,2314,2,2,29281000
6172,2025-12-07,2242,16,1,8302000
6173,2024-01-12,1479,7,3,15502000
6174,2024-06-10,259,13,6,14514000
6175,2024-01-29,1750,13,6,15751000
6176,2025-06-30,128,5,3,3450000
6177,2025-09-02,162,24,2,40975000
6178,2024-07-02,1241,3,6,9672000
6179,2024-11-18,264,5,6,10380000
6180,2025-10-15,2922,18,6,14077000
6181,2024-03-20,2946,6,6,27649000
6182,2024-02-20,2738,26,6,7389000
6183,2025-07-07,1441,29,3,52139000
6184,2025-03-22,2090,36,6,8674000
6185,2024-07-18,2584,43,3,15399000
6186,2024-06-16,1043,4,6,278000
6187,2025-11-07,2475,2,6,4814000
6188,2025-10-11,1220,35,3,22373000
6189,2024-09-09,2222,43,3,576000
6190,2024-05-03,2366,4,2,10206000
6191,2024-04-12,1124,22,6,65552000
6192,2025-05-26,2848,26,6,21988000
6193,2025-03-25,1705,5,3,11392000
6194,2024-12-12,530,18,3,5016000
6195,2025-02-12,119,7,6,9664000
6196,2024-02-09,2328,10,2,27604000
6197,2025-04-05,1730,20,6,20736000
6198,2024-03-17,1980,30,2,8156000
6199,2024-05-12,625,43,1,34800000
6200,2025-07-22,18,17,6,188000
6201,2024-08-23,1251,29,3,19633000
6202,2024-06-15,1804,30,1,37146000
6203,2024-11-26,777,47,1,14139000
6204,2024-03-01,2529,23,3,10097000
6205,2025-10-21,2826,12,3,5771000
6206,2024-10-01,2147,37,3,27880000
6207,2025-04-30,966,24,3,8656000
6208,2025-05-25,716,30,1,35670000
6209,2025-09-26,2490,13,1,30135000
6210,2025-10-05,2969,22,6,850000
6211,2025-12-01,2569,2,1,10685000
6212,2025-12-17,1045,2,3,14411000
6213,2024-09-05,2357,33,6,43822000
6214,2025-11-12,1736,13,3,5255000
6215,2025-06-25,1263,50,6,12286000
6216,2024-10-20,2187,19,6,21941000
6217,2024-05-18,2775,30,1,39327000
6218,2025-08-22,2283,15,6,8654000
6219,2025-02-06,2774,23,1,39368000
6220,2025-12-28,983,39,3,303000
6221,2025-07-20,2265,27,6,4063000
6222,2025-02-18,681,10,6,2473000
6223,2024-09-11,1366,15,1,15460000
6224,2024-11-15,13,25,1,4876000
6225,2024-02-27,428,27,6,6514000
6226,2024-07-18,1007,18,2,7180000
6227,2024-04-29,1073,45,1,19742000
6228,2024-04-04,1534,26,1,9208000
6229,2024-09-18,2823,22,1,8912000
6230,2025-03-01,868,26,1,214000
6231,2025-06-24,2280,27,1,13101000
6232,2024-08-10,799,24,6,22136000
6233,2024-02-02,1161,18,6,20428000
6234,2025-01-07,1488,46,3,29307000
6235,2025-10-30,1256,14,6,42155000
6236,2024-10-24,604,6,2,46706000
6237,2024-04-17,1914,22,6,2540000
6238,2025-08-12,1086,19,3,27044000
6239,2024-12-06,1959,42,6,4093000
6240,2024-06-19,332,41,3,1278000
6241,2025-06-28,2944,20,1,10774000
6242,2025-10-02,1230,25,1,15210000
6243,2025-06-01,450,24,2,9920000
6244,2024-06-14,2557,8,3,9908000
6245,2025-02-21,1119,49,6,15334000
6246,2025-10-19,2501,12,6,2445000
6247,2025-11-07,1587,19,1,15758000
6248,2025-08-23,2443,33,6,7625000
6249,2024-06-26,1038,29,1,2356000
6250,2024-11-26,879,42,3,31591000
6251,2025-09-25,2164,32,6,6575000
6252,2025-10-22,2335,8,6,3710000
6253,2024-09-02,9,4,6,11347000
6254,2024-11-19,489,17,6,3990000
6255,2025-10-28,309,34,1,11024000
6256,2024-10-11,1967,37,1,8767000
6257,2025-12-04,961,4,6,9588000
6258,2025-04-21,2285,11,6,72358000
6259,2024-11-28,806,5,2,17617000
6260,2025-05-30,376,9,6,33392000
6261,2025-02-18,1229,16,6,3326000
6262,2025-07-01,2622,44,6,16118000
6263,2024-06-21,1264,14,2,38636000
6264,2025-10-12,291,18,6,16278000
6265,2024-01-14,1744,27,3,34484000
6266,2025-02-02,468,47,3,8478000
6267,2025-01-21,2437,41,6,15820000
6268,2024-09-05,1827,20,3,17874000
6269,2024-04-14,603,5,3,19210000
6270,2025-05-17,2449,45,3,2510000
6271,2025-01-30,1386,1,6,26775000
6272,2024-03-20,1091,29,2,38011000
6273,2024-12-24,2382,1,3,16075000
6274,2024-04-20,675,21,2,6092000
6275,2024-05-22,2979,13,3,4235000
6276,2025-03-01,181,1,6,11181000
6277,2024-02-23,767,31,1,7936000
6278,2025-07-25,2544,35,6,26912000
6279,2025-06-07,930,41,1,6150000
6280,2024-04-25,708,4,3,39364000
6281,2025-02-04,328,17,3,2061000
6282,2025-07-15,1210,10,6,7204000
6283,2024-02-07,1893,40,6,28189000
6284,2025-01-24,2531,39,6,13914000
6285,2025-06-01,1071,11,3,7331000
6286,2024-03-04,2652,5,6,5858000
6287,2024-03-27,1140,18,1,15247000
6288,2024-09-20,1607,1,6,8064000
6289,2024-08-16,2001,11,1,19084000
6290,2025-12-23,2185,28,3,24638000
6291,2024-12-28,2371,24,1,3412000
6292,2025-06-15,2887,21,3,23070000
6293,2025-12-26,2457,18,6,8175000
6294,2024-11-27,2703,31,6,11994000
6295,2024-08-06,2007,45,3,41795000
6296,2025-05-30,699,38,1,15078000
6297,2024-01-30,1393,21,6,16366000
6298,2025-05-04,2355,31,3,12169000
6299,2025-10-18,2190,14,6,31278000
6300,2025-03-30,1780,2,6,5586000
6301,2024-11-15,2949,41,2,14264000
6302,2024-02-11,1512,38,1,13740000
6303,2025-09-11,1117,47,3,11399000
6304,2024-04-15,1297,1,6,7320000
6305,2024-08-23,2334,4,1,3731000
6306,2024-12-15,1777,48,3,2652000
6307,2024-05-16,2174,23,3,5990000
6308,2025-10-09,1679,40,6,5852000
6309,2025-03-11,2936,1,3,14864000
6310,2025-03-05,867,23,6,45819000
6311,2025-11-23,1917,26,2,13400000
6312,2025-05-12,1338,6,1,35876000
6313,2024-03-30,234,6,3,20134000
6314,2024-10-24,531,25,1,21562000
6315,2025-11-10,561,25,6,8048000
6316,2025-11-02,1171,7,3,17728000
6317,2024-01-24,536,18,6,12257000
6318,2025-08-19,1202,4,3,30085000
6319,2024-12-23,2485,41,1,1740000
6320,2024-11-25,1661,24,1,10586000
6321,2024-12-10,646,18,1,8199000
6322,2025-04-26,1857,49,3,35306000
6323,2024-12-04,156,29,6,21011000
6324,2025-11-29,1485,50,6,16083000
6325,2025-04-14,916,32,6,13282000
6326,2025-07-27,2977,23,1,17335000
6327,2024-12-04,312,11,1,18379000
6328,2024-12-04,2257,19,6,3022000
6329,2025-04-13,2428,41,2,25073000
6330,2024-03-25,2703,32,6,2630000
6331,2024-06-22,647,31,3,20687000
6332,2025-10-11,718,40,6,5617000
6333,2025-07-30,2809,49,6,35824000
6334,2024-12-01,664,14,3,9597000
6335,2025-02-10,2034,17,3,31561000
6336,2025-07-31,2526,4,1,13631000
6337,2024-03-02,918,43,3,6241000
6338,2024-12-13,1103,3,6,11053000
6339,2024-01-01,242,36,6,28835000
6340,2024-04-01,1403,37,3,44066000
6341,2024-05-11,1159,10,6,32493000
6342,2025-07-31,1311,31,6,28524000
6343,2024-08-14,2846,35,6,1297000
6344,2024-03-11,2897,13,3,26970000
6345,2025-05-08,1537,46,1,12214000
6346,2024-12-07,660,40,6,8322000
6347,2025-03-03,289,20,1,17732000
6348,2025-03-20,687,2,6,18202000
6349,2024-03-01,2094,23,1,14554000
6350,2024-01-23,1630,16,1,1365000
6351,2024-09-26,1670,5,2,38221000
6352,2025-06-23,2453,32,3,36028000
6353,2025-05-22,774,29,1,2182000
6354,2025-06-17,736,42,6,3471000
6355,2024-12-23,2471,13,1,3407000
6356,2025-12-09,2080,3,6,3384000
6357,2024-04-14,2916,40,2,42729000
6358,2025-05-07,349,25,2,6060000
6359,2024-09-08,829,48,1,40448000
6360,2024-03-03,2067,24,6,18283000
6361,2024-10-15,356,34,6,29424000
6362,2024-09-12,1719,42,6,25358000
6363,2024-02-25,2724,12,3,20179000
6364,2025-10-07,2478,13,2,19339000
6365,2024-08-15,1931,36,3,34331000
6366,2024-02-19,2995,11,3,9954000
6367,2024-02-02,2378,16,6,13020000
6368,2025-05-12,2970,47,6,3810000
6369,2025-05-25,1875,30,6,15355000
6370,2024-09-02,1705,22,6,6296000
6371,2025-01-21,1275,23,6,14165000
6372,2024-11-01,1356,40,3,2014000
6373,2024-08-01,1025,33,2,15585000
6374,2025-09-20,1356,45,6,2156000
6375,2024-07-25,1468,50,3,32495000
6376,2024-04-20,207,9,6,14080000
6377,2025-10-01,837,37,6,25406000
6378,2025-01-15,842,16,3,2121000
6379,2025-07-04,2533,47,1,9217000
6380,2024-07-15,2831,16,1,11414000
6381,2025-10-30,337,14,6,3695000
6382,2025-11-26,287,20,3,14268000
6383,2024-11-18,1378,48,2,40400000
6384,2025-04-20,94,10,6,17452000
6385,2024-09-13,72,28,1,33804000
6386,2025-03-08,59,25,6,21176000
6387,2024-10-15,2939,7,6,5811000
6388,2025-10-09,506,48,6,958000
6389,2024-11-09,2077,31,6,71919000
6390,2024-06-09,440,27,6,13038000
6391,2025-07-29,1003,48,6,23954000
6392,2025-11-07,557,30,3,27608000
6393,2025-04-09,1021,4,1,25943000
6394,2025-08-20,1155,4,6,1987000
6395,2025-08-03,1341,31,1,1985000
6396,2024-12-19,688,43,3,2919000
6397,2024-06-10,938,48,6,912000
6398,2025-06-03,2540,14,6,16294000
6399,2025-04-18,458,11,6,44642000
6400,2025-07-13,741,35,6,18244000
6401,2025-06-27,2292,39,2,8845000
6402,2025-08-28,2744,46,3,70000
6403,2024-11-03,2472,23,3,1044000
6404,2025-01-28,2780,47,6,10480000
6405,2025-10-01,2386,5,3,2502000
6406,2024-10-09,1285,26,6,13114000
6407,2024-11-01,1772,17,6,27368000
6408,2024-05-27,976,38,2,14883000
6409,2024-01-31,1057,5,6,15232000
6410,2024-06-22,1242,10,3,30622000
6411,2025-01-19,2030,35,6,10131000
6412,2024-12-04,1048,32,3,3595000
6413,2024-03-11,2057,38,6,1681000
6414,2025-05-14,2454,44,6,8164000
6415,2024-02-16,512,44,6,10388000
6416,2025-01-19,1850,3,3,2780000
6417,2025-11-26,936,28,6,2958000
6418,2024-05-26,2629,22,3,495000
6419,2024-05-11,2063,45,3,14303000
6420,2024-02-28,2832,20,2,31680000
6421,2025-04-17,1981,46,3,9924000
6422,2025-10-12,2029,16,6,3986000
6423,2025-12-18,1735,3,1,15569000
6424,2024-04-18,1695,7,1,17304000
6425,2025-11-10,1221,1,6,3536000
6426,2025-08-24,2532,9,2,9568000
6427,2025-01-29,1099,23,6,13966000
6428,2024-11-27,727,32,6,48747000
6429,2024-10-22,2653,12,3,14743000
6430,2025-12-29,2731,13,1,26026000
6431,2025-07-29,1637,32,3,10141000
6432,2024-12-12,370,23,3,30162000
6433,2025-03-09,1603,34,3,38352000
6434,2024-03-12,1424,23,6,5682000
6435,2024-04-22,2837,21,6,18592000
6436,2025-03-01,2775,27,2,3752000
6437,2025-03-07,1699,36,3,6608000
6438,2024-11-04,177,37,1,1656000
6439,2025-03-06,979,25,6,3162000
6440,2025-02-21,2619,1,6,6726000
6441,2025-08-05,1518,21,2,13398000
6442,2025-12-13,1693,8,3,6445000
6443,2024-08-12,849,38,6,5884000
6444,2025-03-01,770,12,1,41795000
6445,2024-09-24,1522,5,3,30486000
6446,2024-06-01,1529,26,3,23642000
6447,2025-02-17,276,38,1,392000
6448,2024-03-24,596,42,6,6523000
6449,2025-08-04,1848,48,6,9063000
6450,2025-07-25,2867,25,3,18527000
6451,2025-05-12,2267,20,3,8257000
6452,2025-05-08,2340,49,3,24046000
6453,2025-10-04,2485,27,1,10276000
6454,2024-03-28,2342,28,1,7377000
6455,2024-02-29,1424,11,6,24948000
6456,2025-10-04,209,17,1,31708000
6457,2025-02-02,2338,12,1,9366000
6458,2024-12-21,2308,47,3,23058000
6459,2025-03-08,1026,9,1,7726000
6460,2024-01-05,494,9,6,6674000
6461,2024-10-15,1661,38,2,8718000
6462,2024-04-23,1999,25,1,48510000
6463,2024-04-20,2482,6,3,21201000
6464,2025-05-29,1742,16,6,14926000
6465,2025-11-29,2669,2,3,6688000
6466,2025-01-06,2734,23,1,18143000
6467,2025-02-01,19,27,1,9165000
6468,2024-06-26,790,1,6,22675000
6469,2024-07-12,1427,27,6,33285000
6470,2024-07-30,2627,48,6,8085000
6471,2025-05-17,1863,24,6,10787000
6472,2025-09-27,2996,19,1,10483000
6473,2025-09-14,2134,20,3,6734000
6474,2024-01-02,1221,1,3,5801000
6475,2024-08-10,653,31,1,10607000
6476,2024-01-19,893,49,1,16317000
6477,2024-11-11,2146,12,6,36553000
6478,2024-11-07,2846,25,1,24884000
6479,2024-11-28,522,44,1,10415000
6480,2024-12-15,1693,6,2,6774000
6481,2025-07-24,2109,45,1,6322000
6482,2024-01-14,995,35,3,6011000
6483,2025-12-04,1759,44,3,3241000
6484,2024-12-03,2071,43,6,12432000
6485,2024-05-22,2709,5,3,37898000
6486,2024-12-08,819,42,3,29537000
6487,2025-12-28,422,7,1,34110000
6488,2025-05-29,322,30,6,9710000
6489,2025-09-09,123,14,6,7649000
6490,2025-03-10,1577,26,1,14290000
6491,2025-02-05,2667,47,3,18885000
6492,2024-11-07,1967,12,3,4872000
6493,2024-03-16,2663,16,1,2800000
6494,2025-02-28,1337,38,3,3892000
6495,2024-10-13,1378,1,1,32666000
6496,2024-07-24,2802,32,3,31294000
6497,2024-02-20,2938,12,3,20511000
6498,2024-10-11,127,15,6,6855000
6499,2025-01-04,896,23,1,2098000
6500,2025-11-13,441,43,1,22923000
6501,2024-06-08,2911,17,6,1427000
6502,2024-05-09,2824,29,6,14626000
6503,2025-02-28,1850,7,3,12413000
6504,2025-10-08,1403,4,1,1019000
6505,2024-02-25,1513,26,3,31886000
6506,2025-04-10,2276,4,6,6381000
6507,2024-03-09,516,45,6,19307000
6508,2024-12-03,622,19,3,15142000
6509,2024-10-26,2220,39,3,22105000
6510,2025-05-27,1457,11,3,5562000
6511,2025-06-01,975,33,3,20134000
6512,2024-06-22,17,46,2,5595000
6513,2024-12-01,495,18,3,8752000
6514,2025-04-23,1810,32,6,1164000
6515,2024-10-01,2353,6,1,16952000
6516,2025-02-13,2974,6,6,1210000
6517,2024-12-26,1805,27,6,20611000
6518,2024-05-20,2082,11,1,5356000
6519,2025-12-21,1585,7,3,32404000
6520,2025-11-02,1343,43,6,12576000
6521,2025-12-26,2309,43,2,17949000
6522,2024-05-14,2305,20,3,47879000
6523,2024-09-26,2378,50,6,7670000
6524,2024-07-13,2749,48,6,21900000
6525,2024-11-23,1877,31,6,7103000
6526,2025-02-08,315,47,1,4202000
6527,2025-07-09,2196,28,6,23683000
6528,2025-10-02,1393,2,3,15336000
6529,2025-12-25,2387,6,6,2284000
6530,2025-08-31,1420,47,6,46297000
6531,2025-03-30,2112,13,1,8928000
6532,2024-08-01,2312,45,6,31142000
6533,2025-08-28,772,25,3,25539000
6534,2024-04-29,2373,50,6,3920000
6535,2024-03-30,632,41,6,7388000
6536,2024-02-01,1701,25,2,2208000
6537,2025-07-29,1341,43,1,28281000
6538,2025-02-23,141,46,3,13733000
6539,2025-05-19,2191,3,6,7642000
6540,2024-05-19,3,43,1,23092000
6541,2024-01-30,916,41,1,14550000
6542,2025-07-17,2250,7,2,2266000
6543,2024-06-10,47,49,3,20405000
6544,2025-09-24,1749,26,6,26936000
6545,2025-03-14,901,29,1,2202000
6546,2024-01-18,817,42,6,20027000
6547,2024-08-16,1210,50,6,7427000
6548,2025-05-30,917,25,6,3524000
6549,2025-03-06,1979,1,6,15973000
6550,2025-10-17,413,38,3,2651000
6551,2024-12-21,1662,43,6,4452000
6552,2025-05-17,1176,13,3,28154000
6553,2025-02-21,2004,31,3,3034000
6554,2024-11-21,1068,26,6,44873000
6555,2024-07-25,2462,16,2,1273000
6556,2025-02-05,1030,47,3,11853000
6557,2024-01-06,2419,48,6,3650000
6558,2024-10-04,1744,36,3,7292000
6559,2025-05-22,988,46,2,8868000
6560,2024-12-28,2120,33,6,8451000
6561,2025-06-30,511,4,1,15528000
6562,2024-12-04,870,7,1,1418000
6563,2025-08-26,722,28,6,3643000
6564,2024-05-10,1296,18,6,16966000
6565,2025-06-04,200,44,2,3224000
6566,2025-07-31,1343,34,3,1224000
6567,2024-11-09,58,6,6,9596000
6568,2025-01-30,501,21,3,20364000
6569,2025-04-23,54,3,3,4264000
6570,2024-03-13,2376,43,2,20292000
6571,2024-02-05,1847,14,3,4430000
6572,2025-06-02,1312,17,6,9116000
6573,2025-03-27,2905,15,6,15241000
6574,2025-05-23,1160,16,6,22714000
6575,2025-08-09,951,37,2,24441000
6576,2025-07-21,2476,18,3,34913000
6577,2024-08-03,440,37,3,12619000
6578,2024-11-21,2357,25,6,12095000
6579,2024-03-10,2145,15,1,7330000
6580,2024-04-21,824,1,6,13416000
6581,2024-10-27,516,43,3,25988000
6582,2025-10-14,1037,42,1,10842000
6583,2025-01-02,2582,5,2,6904000
6584,2024-03-29,2388,42,3,4667000
6585,2024-07-20,1448,39,6,21469000
6586,2024-01-15,2367,19,1,5624000
6587,2025-11-08,2366,19,2,10399000
6588,2024-07-04,1285,37,6,10879000
6589,2025-09-28,2560,48,3,49194000
6590,2024-02-07,2985,44,1,17907000
6591,2024-05-22,1012,36,3,39031000
6592,2025-12-27,1834,44,6,21902000
6593,2025-04-24,1595,28,2,7752000
6594,2025-10-09,1587,11,3,13858000
6595,2025-08-14,1312,5,1,26262000
6596,2024-11-13,69,42,1,14981000
6597,2025-07-31,2507,31,3,19366000
6598,2024-08-11,2187,30,6,24613000
6599,2024-10-24,2741,45,1,25896000
6600,2024-01-22,2163,7,3,31989000
6601,2024-07-20,1669,16,1,36990000
6602,2025-12-08,2329,43,1,19482000
6603,2025-10-10,2554,44,6,609000
6604,2025-12-23,35,12,6,9601000
6605,2025-01-26,993,33,1,10102000
6606,2024-01-05,1933,8,6,17755000
6607,2024-11-12,2291,6,3,10418000
6608,2024-11-29,481,15,1,4647000
6609,2024-04-17,319,31,3,10484000
6610,2025-02-28,232,22,6,12263000
6611,2025-04-04,1663,29,6,13435000
6612,2024-03-14,2429,9,3,5431000
6613,2025-07-19,2486,9,2,1160000
6614,2024-08-21,242,10,3,5535000
6615,2025-03-30,1310,29,6,3048000
6616,2024-02-04,1465,33,3,26077000
6617,2024-07-09,976,44,2,36339000
6618,2024-08-02,1711,1,6,1095000
6619,2025-03-24,2003,34,6,29533000
6620,2024-04-23,2436,42,1,22218000
6621,2024-09-29,2446,31,1,14136000
6622,2025-01-22,1326,22,6,6019000
6623,2024-03-06,776,26,6,23148000
6624,2025-08-13,1697,31,6,5766000
6625,2025-12-15,1489,7,6,14344000
6626,2024-11-19,938,29,6,52066000
6627,2024-06-30,1456,29,6,9991000
6628,2024-10-31,2777,34,3,29627000
6629,2024-05-29,1324,9,6,35911000
6630,2025-11-01,2473,37,3,34936000
6631,2025-12-25,461,34,6,21295000
6632,2024-04-16,422,8,6,7734000
6633,2025-03-19,1952,16,1,28289000
6634,2025-07-10,1411,5,6,8783000
6635,2025-04-15,1753,19,6,11924000
6636,2025-05-21,152,42,6,724000
6637,2024-03-02,2708,27,3,58292000
6638,2024-01-10,2493,35,1,2198000
6639,2025-05-31,859,5,3,16327000
6640,2024-08-16,1062,28,6,12928000
6641,2025-12-20,248,12,6,2579000
6642,2024-11-23,2086,28,2,8247000
6643,2024-09-11,2563,20,6,8521000
6644,2025-01-20,831,45,1,6390000
6645,2024-07-30,2214,37,1,17132000
6646,2024-09-07,1232,40,6,22985000
6647,2024-05-21,1143,50,6,2158000
6648,2025-04-07,220,22,2,10915000
6649,2024-11-20,1382,47,6,61050000
6650,2025-06-27,2614,9,6,10754000
6651,2024-07-15,2194,35,3,12066000
6652,2025-10-17,830,11,6,44151000
6653,2025-11-24,596,30,3,10676000
6654,2025-01-21,451,43,3,17225000
6655,2025-11-18,1597,50,1,8322000
6656,2025-12-05,2095,41,6,12305000
6657,2025-08-16,1896,48,6,2748000
6658,2025-05-07,1712,47,1,31596000
6659,2024-08-08,2592,31,3,10370000
6660,2024-08-02,2804,36,6,38338000
6661,2025-10-29,1144,31,3,17008000
6662,2025-03-30,2847,12,6,4197000
6663,2025-06-23,394,37,1,26322000
6664,2024-05-05,2502,10,1,8654000
6665,2025-08-08,1150,6,1,31605000
6666,2025-12-19,914,9,3,14709000
6667,2025-12-14,4,49,6,5680000
6668,2024-07-08,1428,16,3,11531000
6669,2024-09-13,3000,7,3,5096000
6670,2025-01-04,1125,22,6,25394000
6671,2024-10-11,264,35,3,13701000
6672,2024-06-17,1304,35,3,14672000
6673,2024-09-01,351,17,3,26557000
6674,2024-02-22,952,23,6,575000
6675,2024-08-18,115,13,1,27459000
6676,2025-06-01,618,28,6,13056000
6677,2024-07-14,1337,43,6,11979000
6678,2025-09-19,38,20,6,5416000
6679,2025-08-16,2240,25,6,30277000
6680,2025-03-29,411,28,3,690000
6681,2025-08-21,2924,28,1,36098000
6682,2024-04-04,798,10,6,22523000
6683,2024-03-02,2149,27,1,4206000
6684,2025-07-06,1671,35,6,1208000
6685,2025-01-30,1197,41,1,31630000
6686,2024-11-01,1796,25,2,62015000
6687,2025-12-02,2786,34,3,14397000
6688,2024-06-28,864,2,3,3796000
6689,2024-06-23,1481,35,6,54392000
6690,2024-06-30,2133,39,6,492000
6691,2025-02-08,1913,43,1,12846000
6692,2025-02-06,858,5,6,3902000
6693,2024-07-26,1000,2,3,14280000
6694,2024-10-27,1587,3,2,6412000
6695,2025-04-25,646,48,6,13737000
6696,2024-06-04,2106,50,2,47037000
6697,2024-08-29,850,45,6,6064000
6698,2024-11-15,2494,4,3,15268000
6699,2024-10-17,2735,32,6,6982000
6700,2025-08-07,331,41,3,880000
6701,2025-03-19,982,17,1,13508000
6702,2025-11-27,142,15,2,24190000
6703,2024-03-03,2922,45,3,32037000
6704,2025-02-01,1688,16,6,7300000
6705,2025-03-17,733,49,1,5073000
6706,2025-06-20,1123,24,6,760000
6707,2024-11-09,297,19,3,13205000
6708,2025-06-30,2604,22,6,28434000
6709,2025-09-22,1550,10,1,4887000
6710,2025-08-11,1442,5,2,32621000
6711,2025-10-11,8,33,6,71309000
6712,2025-06-23,1749,6,2,7633000
6713,2025-01-26,2995,50,6,24592000
6714,2024-02-14,2703,4,1,16076000
6715,2025-02-02,26,19,6,10976000
6716,2025-08-28,73,41,3,9031000
6717,2025-03-28,1073,40,6,4751000
6718,2024-07-23,2094,41,3,9824000
6719,2024-04-18,2946,25,1,10490000
6720,2024-11-15,1137,5,3,18022000
6721,2025-03-02,1593,41,6,6865000
6722,2025-07-12,2230,19,6,39531000
6723,2025-04-26,905,10,2,13965000
6724,2025-03-16,1431,4,1,2488000
6725,2025-11-30,1122,10,1,39545000
6726,2025-06-21,2344,13,6,59815000
6727,2024-09-29,1042,1,6,10257000
6728,2024-03-19,278,42,3,5467000
6729,2025-12-04,1901,49,1,4044000
6730,2025-09-23,2113,24,3,50102000
6731,2024-06-21,999,43,2,1074000
6732,2024-12-20,2617,48,2,9730000
6733,2025-03-11,1777,29,3,8912000
6734,2024-09-15,2216,22,1,27841000
6735,2024-08-15,2692,13,3,9897000
6736,2025-05-26,331,17,6,695000
6737,2025-08-11,1298,23,6,3517000
6738,2024-03-08,700,37,3,769000
6739,2025-12-12,680,19,3,10610000
6740,2024-07-01,642,1,1,7476000
6741,2025-06-03,2751,36,2,24098000
6742,2024-12-31,2678,12,2,11429000
6743,2025-06-05,2403,44,6,16500000
6744,2024-05-22,454,29,6,25937000
6745,2025-07-14,15,8,1,3204000
6746,2025-03-03,2488,28,1,185000
6747,2024-12-08,187,21,3,8680000
6748,2025-05-03,934,46,1,1752000
6749,2024-10-12,2459,5,1,15144000
6750,2025-09-07,1210,16,3,11263000
6751,2024-09-09,2819,49,1,19944000
6752,2025-01-09,188,48,1,48676000
6753,2025-05-13,1027,39,6,79570000
6754,2024-06-04,982,36,1,46825000
6755,2025-06-01,1154,19,2,38670000
6756,2025-11-26,951,31,6,18836000
6757,2024-12-29,1053,14,3,4259000
6758,2025-08-21,2425,18,1,33034000
6759,2025-07-29,1460,48,3,47128000
6760,2024-01-20,783,15,2,6252000
6761,2025-06-19,1683,41,6,27880000
6762,2024-04-08,1178,36,6,1097000
6763,2025-11-02,1007,9,3,39795000
6764,2025-10-26,192,33,6,11184000
6765,2024-01-21,1363,4,6,24448000
6766,2025-11-18,2094,32,2,7637000
6767,2024-12-08,2395,2,6,34989000
6768,2024-04-30,2282,9,1,15426000
6769,2025-04-22,2000,11,2,28436000
6770,2024-03-01,2517,4,6,22696000
6771,2024-09-16,1184,17,6,7091000
6772,2025-08-09,2830,15,3,5063000
6773,2024-04-19,2834,5,6,6633000
6774,2024-05-07,1985,17,3,5467000
6775,2024-01-31,821,46,6,38401000
6776,2024-12-31,1616,34,3,7004000
6777,2025-12-05,1135,34,6,9665000
6778,2024-12-03,2762,32,1,31738000
6779,2025-05-05,1204,50,6,23190000
6780,2025-09-05,1550,26,6,22040000
6781,2024-01-06,1813,9,1,19132000
6782,2025-02-07,1551,47,3,8061000
6783,2024-10-26,1925,17,3,934000
6784,2024-05-31,28,36,3,14653000
6785,2025-07-10,7,13,6,48296000
6786,2025-06-13,2434,14,3,16265000
6787,2025-10-16,631,23,1,7523000
6788,2025-06-30,2779,38,6,19698000
6789,2024-01-05,1254,14,3,11936000
6790,2024-09-09,1496,8,6,14612000
6791,2024-01-19,561,26,3,5356000
6792,2025-12-26,1346,31,6,2857000
6793,2025-01-17,543,45,6,3308000
6794,2025-03-04,2297,19,3,1082000
6795,2024-02-22,889,43,2,3620000
6796,2025-03-13,805,26,6,19343000
6797,2025-06-19,285,30,6,10844000
6798,2024-06-02,1072,42,3,7119000
6799,2024-03-09,1018,22,1,8812000
6800,2025-05-14,1579,18,1,2732000
6801,2025-09-16,2111,15,3,23069000
6802,2024-08-13,47,14,3,16189000
6803,2025-01-01,985,39,6,21817000
6804,2024-05-18,2860,26,3,21845000
6805,2025-06-18,2677,35,6,16352000
6806,2024-07-11,741,39,3,14786000
6807,2025-04-24,970,19,2,22266000
6808,2024-04-05,345,17,3,39446000
6809,2025-09-08,2003,47,6,37422000
6810,2025-04-11,1348,18,6,9807000
6811,2024-07-25,2753,42,6,21465000
6812,2025-04-19,152,18,3,17646000
6813,2025-09-22,164,37,6,25740000
6814,2025-04-14,2188,5,3,3978000
6815,2024-11-13,1494,25,6,9888000
6816,2025-08-11,1964,29,1,32879000
6817,2025-09-16,1577,7,3,386000
6818,2025-11-10,822,50,6,7530000
6819,2024-01-22,1406,31,1,2253000
6820,2025-02-15,2218,47,3,44869000
6821,2024-04-08,210,34,2,27875000
6822,2024-10-27,449,46,6,40120000
6823,2024-11-17,1759,40,6,1453000
6824,2024-08-07,130,31,1,13992000
6825,2024-04-16,2805,33,3,24636000
6826,2025-04-12,2711,30,3,46641000
6827,2025-11-24,2945,28,3,16523000
6828,2025-08-25,414,25,6,14875000
6829,2025-06-02,1895,12,1,9454000
6830,2025-02-24,1013,20,3,12357000
6831,2024-05-01,132,17,3,3869000
6832,2024-12-05,1801,36,6,18188000
6833,2025-04-05,453,10,6,4033000
6834,2024-12-01,1955,45,1,10058000
6835,2025-07-16,274,36,1,10676000
6836,2025-08-23,482,11,6,12239000
6837,2025-07-29,2556,42,3,10228000
6838,2025-06-05,1504,42,1,30368000
6839,2024-09-21,2366,44,3,2781000
6840,2024-03-06,2559,26,3,3016000
6841,2025-10-15,2171,19,3,6894000
6842,2025-12-13,1425,44,3,1036000
6843,2024-12-08,1507,13,6,19519000
6844,2025-12-31,930,4,6,3861000
6845,2024-08-07,1867,27,1,25777000
6846,2024-05-06,2170,21,6,37011000
6847,2025-08-02,1653,32,2,2514000
6848,2025-05-19,505,28,3,13863000
6849,2024-09-18,1046,36,3,12016000
6850,2024-10-04,1252,1,2,932000
6851,2024-03-01,1114,3,6,21120000
6852,2025-01-13,1681,3,1,21509000
6853,2024-09-01,504,4,6,47180000
6854,2024-11-15,166,29,3,43230000
6855,2025-05-12,651,38,6,17902000
6856,2025-06-20,661,12,3,21659000
6857,2025-05-30,2711,22,6,13778000
6858,2024-06-06,1858,14,6,15776000
6859,2024-09-21,2412,46,6,16746000
6860,2025-08-12,2455,10,6,12840000
6861,2024-04-27,2630,39,6,588000
6862,2025-12-07,799,27,6,5850000
6863,2025-10-08,1318,18,6,5316000
6864,2025-01-10,2084,30,3,3977000
6865,2025-12-20,2733,47,1,8745000
6866,2025-11-13,1984,5,3,33826000
6867,2025-12-18,1322,13,3,2632000
6868,2025-12-13,586,23,3,33174000
6869,2024-02-26,1762,45,6,4983000
6870,2025-04-15,494,36,6,18981000
6871,2024-07-18,2928,26,2,2256000
6872,2025-10-12,438,31,6,19814000
6873,2024-08-17,2870,2,6,16853000
6874,2024-03-03,647,23,6,4270000
6875,2024-03-01,192,19,3,8674000
6876,2024-07-24,408,27,6,4319000
6877,2025-05-21,1905,23,1,4472000
6878,2025-05-06,3,29,3,46895000
6879,2024-06-08,1835,37,6,5611000
6880,2024-04-15,1799,28,1,18883000
6881,2024-11-29,38,27,6,414000
6882,2024-07-01,2853,30,1,24011000
6883,2025-08-06,2952,39,2,25007000
6884,2025-12-05,1205,14,3,16301000
6885,2025-07-14,2577,7,6,1190000
6886,2025-02-20,1892,26,1,14553000
6887,2024-06-20,1796,3,1,2088000
6888,2024-12-22,1278,16,2,11765000
6889,2025-02-09,2623,15,3,1084000
6890,2024-03-09,1305,33,6,139000
6891,2025-03-07,1118,31,1,1077000
6892,2024-12-09,1715,4,6,3634000
6893,2025-01-28,1915,33,1,4901000
6894,2025-10-31,184,44,1,717000
6895,2025-03-22,2541,2,6,35226000
6896,2025-12-11,441,21,6,14341000
6897,2024-02-03,2717,12,6,30358000
6898,2024-03-07,974,17,3,14832000
6899,2025-12-19,2556,31,1,16492000
6900,2024-04-05,554,10,2,25100000
6901,2025-12-30,1770,25,6,18296000
6902,2025-03-21,1663,21,6,68556000
6903,2025-11-02,18,21,1,634000
6904,2025-10-12,733,18,1,6989000
6905,2025-10-04,2671,8,6,8412000
6906,2025-08-01,1137,15,6,14896000
6907,2024-08-17,2873,11,3,44969000
6908,2025-03-20,301,30,3,11116000
6909,2025-11-12,50,24,3,15403000
6910,2024-03-10,983,34,2,34474000
6911,2024-12-06,1856,15,1,6714000
6912,2024-04-28,916,25,6,22916000
6913,2025-07-25,2677,36,6,3431000
6914,2024-10-30,1462,22,6,9895000
6915,2024-05-16,1675,8,6,37610000
6916,2024-05-02,124,29,2,10166000
6917,2024-12-22,2727,24,6,25551000
6918,2024-01-09,1492,11,3,6390000
6919,2025-01-17,148,36,6,17358000
6920,2025-06-28,2019,18,6,35056000
6921,2024-04-04,519,50,1,13213000
6922,2024-12-17,2760,38,3,6132000
6923,2025-12-16,2238,38,6,714000
6924,2025-11-02,710,21,3,40623000
6925,2025-02-10,2445,10,6,15667000
6926,2024-09-09,1285,28,3,15000000
6927,2024-02-05,1569,42,1,8047000
6928,2024-12-08,2726,23,2,3456000
6929,2025-01-09,358,31,3,136000
6930,2025-04-02,2846,24,3,8246000
6931,2025-08-22,823,31,3,7277000
6932,2024-09-13,2409,22,1,7437000
6933,2024-03-09,708,30,1,3515000
6934,2024-09-30,1029,22,3,208000
6935,2025-10-23,82,43,2,50731000
6936,2025-10-01,2018,28,1,43354000
6937,2024-04-24,809,18,6,17415000
6938,2024-04-01,1625,18,6,7852000
6939,2024-03-19,1311,10,6,5423000
6940,2024-12-09,1017,10,1,3605000
6941,2024-05-10,2766,17,6,37844000
6942,2024-02-10,2771,33,3,16106000
6943,2024-01-03,440,18,3,3253000
6944,2025-12-08,443,11,3,11343000
6945,2025-03-29,297,40,3,31572000
6946,2025-07-02,1117,3,3,10472000
6947,2025-09-07,2697,17,1,25233000
6948,2025-04-03,1238,36,2,5446000
6949,2024-05-19,1646,33,3,18112000
6950,2025-05-14,2464,16,3,23596000
6951,2024-01-15,2135,2,6,16018000
6952,2025-06-11,2220,38,3,23580000
6953,2024-01-13,1351,42,3,21582000
6954,2024-02-12,2239,8,6,4310000
6955,2024-01-17,789,14,6,13847000
6956,2025-12-30,104,22,3,2895000
6957,2025-07-20,461,45,3,5486000
6958,2024-12-13,1543,46,1,23539000
6959,2024-12-15,2628,34,6,11710000
6960,2025-08-28,2418,3,1,44585000
6961,2024-04-18,967,5,2,1878000
6962,2025-02-24,2874,27,3,16953000
6963,2024-11-06,1713,2,1,22915000
6964,2025-10-13,308,11,6,2844000
6965,2025-03-16,1836,28,6,59007000
6966,2024-05-27,2072,8,1,4350000
6967,2025-12-23,2808,47,6,9644000
6968,2025-08-02,2146,13,6,18532000
6969,2024-06-11,212,30,6,8406000
6970,2025-09-28,2086,36,6,10912000
6971,2025-08-21,2828,47,6,25237000
6972,2025-09-05,307,12,6,6428000
6973,2024-01-05,2371,10,2,8995000
6974,2024-09-07,918,6,6,45333000
6975,2025-03-19,1514,27,6,6927000
6976,2025-05-22,2931,8,6,10979000
6977,2025-02-04,1452,32,3,8348000
6978,2025-10-08,396,14,3,1371000
6979,2024-10-19,2354,40,6,12428000
6980,2024-02-28,1242,16,3,11062000
6981,2025-08-06,2767,49,6,15444000
6982,2024-10-24,2660,7,6,54038000
6983,2024-10-04,1441,3,3,15082000
6984,2025-01-29,591,47,3,5043000
6985,2024-11-26,779,9,1,5244000
6986,2024-08-19,95,31,1,53125000
6987,2024-10-04,2980,36,6,14970000
6988,2025-01-29,1044,7,1,13631000
6989,2025-02-27,405,14,3,25210000
6990,2025-01-07,1488,32,6,35221000
6991,2024-11-24,2229,26,2,31080000
6992,2025-05-31,55,45,6,3665000
6993,2025-05-31,820,37,1,8380000
6994,2024-11-15,149,34,1,16053000
6995,2025-01-12,1112,41,6,8695000
6996,2024-05-24,2767,41,6,17392000
6997,2025-06-11,2173,23,3,2891000
6998,2025-07-12,2089,8,3,25675000
6999,2024-06-25,63,28,3,30413000
7000,2025-01-27,1528,25,3,4187000
7001,2024-07-19,729,24,3,7633000
7002,2025-02-28,582,30,6,27560000
7003,2025-12-05,669,9,1,9930000
7004,2025-02-28,2208,16,3,1463000
7005,2024-06-27,1926,22,1,5883000
7006,2024-09-17,503,35,1,19048000
7007,2025-09-19,2488,46,6,38137000
7008,2024-12-13,2601,31,3,21342000
7009,2024-02-03,660,9,3,29969000
7010,2024-01-19,361,30,6,2584000
7011,2024-03-23,2777,2,6,22969000
7012,2024-05-13,2311,19,6,15355000
7013,2024-01-19,547,48,6,451000
7014,2025-11-07,2341,19,6,25365000
7015,2025-04-10,915,50,6,35058000
7016,2025-11-13,875,18,2,5286000
7017,2025-10-19,1155,45,1,2466000
7018,2025-09-28,300,2,1,5366000
7019,2024-07-09,977,48,3,18321000
7020,2025-06-25,1767,43,6,5684000
7021,2025-04-24,2348,41,3,49946000
7022,2025-03-10,1729,41,6,14520000
7023,2024-09-20,1928,31,1,18501000
7024,2024-02-22,2919,7,3,2592000
7025,2025-11-08,252,19,3,9994000
7026,2025-07-18,944,33,6,20457000
7027,2024-09-09,1919,36,1,42123000
7028,2025-02-07,74,6,3,7485000
7029,2025-04-02,1921,46,6,8336000
7030,2025-09-27,1417,42,1,822000
7031,2024-07-11,1158,10,1,7238000
7032,2024-11-28,868,38,1,25311000
7033,2025-09-22,532,9,6,39583000
7034,2024-05-11,1475,49,6,22257000
7035,2025-05-03,1848,50,1,3758000
7036,2025-04-11,1869,17,6,10090000
7037,2025-04-01,2763,22,2,11120000
7038,2024-06-17,437,43,3,48750000
7039,2025-06-22,1411,12,2,10774000
7040,2024-04-12,1155,34,6,21021000
7041,2025-03-18,143,15,6,20346000
7042,2024-07-13,2176,15,3,19566000
7043,2025-02-09,2915,50,3,6874000
7044,2025-05-15,2221,33,6,21519000
7045,2024-06-29,65,49,6,22744000
7046,2025-04-18,1357,45,3,17539000
7047,2025-07-27,1011,24,3,17920000
7048,2025-08-31,1275,29,6,912000
7049,2024-02-27,1571,37,1,32310000
7050,2025-11-29,2416,12,3,1370000
7051,2024-12-14,989,9,2,8975000
7052,2024-06-02,1300,20,6,10379000
7053,2024-03-24,1720,46,6,15626000
7054,2025-08-29,1188,27,6,40102000
7055,2025-10-22,1853,34,3,5884000
7056,2025-06-16,2333,34,6,16720000
7057,2024-08-08,2940,27,3,14022000
7058,2024-08-18,2352,21,3,32156000
7059,2024-10-24,2611,21,3,7827000
7060,2024-05-18,2885,5,3,10856000
7061,2025-12-30,2295,22,6,344000
7062,2024-06-26,941,41,6,69902000
7063,2025-10-07,212,6,3,9451000
7064,2024-10-14,1887,14,6,27425000
7065,2025-05-14,2339,28,1,9602000
7066,2025-02-14,2764,13,3,11510000
7067,2025-08-20,1553,23,6,8065000
7068,2025-07-30,2549,32,6,3580000
7069,2025-08-06,352,46,6,12008000
7070,2025-07-21,2569,41,1,17690000
7071,2024-05-18,84,3,3,38800000
7072,2025-10-22,506,2,3,27957000
7073,2024-04-09,1047,12,3,10642000
7074,2025-02-21,2736,27,3,13584000
7075,2024-02-29,1619,12,6,11624000
7076,2024-03-28,1319,32,6,10596000
7077,2025-08-23,1394,7,6,304000
7078,2025-08-19,176,37,6,23048000
7079,2025-03-31,403,41,2,8988000
7080,2025-11-10,2095,1,2,9519000
7081,2025-12-31,1087,41,6,7258000
7082,2025-06-11,2846,31,1,12613000
7083,2024-10-06,642,43,1,12198000
7084,2025-05-10,2759,42,6,9324000
7085,2025-12-09,2414,26,6,3112000
7086,2024-12-23,2883,43,1,17659000
7087,2025-09-26,1219,34,1,13207000
7088,2024-02-15,1415,8,6,9717000
7089,2024-05-07,2402,30,1,10863000
7090,2024-12-05,262,12,1,29054000
7091,2024-09-19,843,49,1,8234000
7092,2024-12-01,951,28,6,20985000
7093,2025-01-17,2767,29,6,18114000
7094,2025-05-24,1820,14,6,3794000
7095,2024-05-13,1590,50,6,31197000
7096,2025-06-28,1975,21,3,680000
7097,2024-07-30,2727,5,3,29689000
7098,2024-11-02,2904,42,3,4464000
7099,2025-03-24,2455,6,6,4893000
7100,2024-01-02,1927,31,2,8034000
7101,2025-10-06,2809,41,1,25549000
7102,2025-06-06,123,27,3,53408000
7103,2025-11-07,2362,39,3,27159000
7104,2025-05-07,1083,26,6,4534000
7105,2025-12-25,1689,39,6,32126000
7106,2025-11-15,1119,31,1,1596000
7107,2024-04-02,1882,8,1,562000
7108,2024-10-23,944,24,6,16323000
7109,2025-03-09,2050,43,1,37762000
7110,2024-02-21,894,10,6,9954000
7111,2024-07-20,1585,37,6,10220000
7112,2024-05-27,1485,21,3,82656000
7113,2025-04-01,2981,48,6,1885000
7114,2025-05-16,848,21,2,4627000
7115,2025-04-30,2295,49,2,5956000
7116,2024-02-26,2709,32,1,5862000
7117,2025-06-19,2821,15,3,16611000
7118,2024-10-31,1890,25,6,1444000
7119,2025-03-01,2779,5,1,23208000
7120,2025-11-27,1552,6,6,29128000
7121,2025-09-16,2858,41,3,10631000
7122,2024-07-28,2689,26,1,5569000
7123,2024-04-19,2348,26,1,19700000
7124,2025-03-27,1368,26,6,20929000
7125,2024-09-18,914,38,2,7247000
7126,2025-08-20,1305,5,3,20379000
7127,2024-12-10,1611,26,1,16346000
7128,2024-01-17,253,42,6,29438000
7129,2024-07-24,1598,10,2,33190000
7130,2024-02-25,1470,44,2,1942000
7131,2025-02-02,1061,4,6,14561000
7132,2025-06-06,1894,48,3,87074000
7133,2024-11-03,2054,7,2,28388000
7134,2024-07-28,2679,24,1,7270000
7135,2025-12-05,2988,31,1,47202000
7136,2025-09-10,1703,24,1,10582000
7137,2025-05-09,2575,11,3,3546000
7138,2024-11-20,2379,48,3,34928000
7139,2025-02-05,1805,30,6,1645000
7140,2025-12-14,251,22,6,17253000
7141,2024-11-01,2117,38,3,8023000
7142,2024-02-07,1943,6,1,16590000
7143,2025-12-11,2408,39,6,5509000
7144,2025-09-15,2464,7,6,4864000
7145,2024-10-26,2883,36,1,12395000
7146,2025-05-04,39,4,1,19529000
7147,2025-08-10,1013,14,2,11490000
7148,2024-08-05,528,26,3,12952000
7149,2025-08-08,799,31,6,13693000
7150,2025-03-06,81,11,3,1868000
7151,2024-09-12,1780,49,3,19265000
7152,2025-07-02,1177,5,6,20836000
7153,2025-05-26,1975,6,1,32906000
7154,2025-09-14,277,34,6,5637000
7155,2024-06-25,2869,41,6,16628000
7156,2024-03-05,2960,38,6,29090000
7157,2025-02-27,349,31,6,5502000
7158,2025-11-13,1494,22,3,38163000
7159,2025-09-06,642,10,1,34258000
7160,2025-12-10,1510,24,1,9453000
7161,2025-12-08,2240,21,3,23048000
7162,2025-05-17,2737,2,6,639000
7163,2024-07-18,24,43,1,19459000
7164,2024-05-31,2241,50,1,9145000
7165,2025-09-14,913,16,6,7084000
7166,2024-05-27,2225,29,3,14817000
7167,2025-09-19,2040,7,6,9847000
7168,2024-07-17,1437,39,6,3528000
7169,2024-11-03,1985,11,6,10177000
7170,2025-06-22,2721,20,6,25699000
7171,2024-09-29,1690,18,6,38112000
7172,2024-11-24,139,30,1,3616000
7173,2025-06-16,1006,7,3,26140000
7174,2024-05-05,2256,23,3,3366000
7175,2025-06-22,2238,4,3,12852000
7176,2025-05-06,1295,26,6,25467000
7177,2024-12-25,105,48,6,10700000
7178,2025-07-09,456,42,3,49717000
7179,2024-11-23,2170,1,2,27288000
7180,2024-01-02,2303,42,3,34825000
7181,2025-11-27,1723,32,3,4131000
7182,2025-05-18,1065,17,6,22813000
7183,2025-03-21,326,38,1,51542000
7184,2025-04-02,2177,50,3,13629000
7185,2025-03-13,1544,13,6,14781000
7186,2025-10-11,1212,25,6,42036000
7187,2024-09-05,899,15,6,13930000
7188,2025-03-30,1814,18,3,12940000
7189,2025-02-22,938,13,6,11976000
7190,2025-08-14,606,10,6,3936000
7191,2024-06-23,2057,8,3,20611000
7192,2024-03-17,1413,1,1,414000
7193,2024-08-11,1987,19,1,20318000
7194,2025-07-16,2617,32,1,18631000
7195,2024-10-22,1283,4,6,11365000
7196,2024-06-17,473,39,6,1599000
7197,2024-01-09,1309,41,3,4112000
7198,2024-09-15,1939,9,6,18564000
7199,2024-01-28,2558,31,3,9586000
7200,2025-03-13,672,39,3,43377000
7201,2024-10-03,1456,38,6,2150000
7202,2025-04-06,968,27,6,2900000
7203,2024-01-17,2344,35,6,38167000
7204,2025-08-17,471,39,3,15232000
7205,2024-04-05,1799,49,6,5797000
7206,2025-05-11,2952,15,6,10808000
7207,2025-03-22,1495,14,3,15169000
7208,2025-03-27,2645,34,3,44680000
7209,2024-12-24,2147,29,6,1026000
7210,2025-06-02,2440,44,6,7503000
7211,2025-11-01,1484,29,2,27040000
7212,2024-09-07,464,41,3,17936000
7213,2025-07-02,1037,17,6,29777000
7214,2025-09-07,1599,5,6,13906000
7215,2024-09-05,2313,21,1,16536000
7216,2024-12-13,1962,17,6,14085000
7217,2025-05-03,1980,18,1,17333000
7218,2025-03-25,2623,11,3,13202000
7219,2024-05-25,911,33,6,4119000
7220,2025-06-11,1865,29,6,4930000
7221,2025-01-27,298,40,3,27683000
7222,2025-07-15,2306,34,6,17790000
7223,2024-12-06,1530,32,3,3515000
7224,2025-11-15,2204,15,1,18738000
7225,2024-07-10,2436,3,3,7374000
7226,2024-03-02,1326,38,3,22245000
7227,2024-11-23,1175,23,2,16358000
7228,2025-03-24,943,25,6,25511000
7229,2025-07-17,1493,19,3,11211000
7230,2024-11-26,2988,37,2,9107000
7231,2025-08-08,918,18,6,8636000
7232,2024-07-08,1190,27,1,1516000
7233,2025-11-04,1923,7,1,6573000
7234,2024-07-11,2499,15,1,21024000
7235,2024-02-26,1665,22,1,13230000
7236,2024-07-26,1524,13,6,6622000
7237,2025-09-19,1935,21,3,17401000
7238,2025-11-17,2219,2,3,10443000
7239,2025-02-09,641,33,1,4924000
7240,2025-12-21,492,39,6,16336000
7241,2024-01-01,2152,32,3,3861000
7242,2025-05-15,2578,21,6,11384000
7243,2025-05-31,2670,36,1,24204000
7244,2025-12-19,1951,13,6,18352000
7245,2025-03-11,1014,4,3,10760000
7246,2025-04-25,1867,15,3,33867000
7247,2025-10-18,2112,47,1,7335000
7248,2025-03-23,1577,27,3,9124000
7249,2025-08-05,2047,43,3,20903000
7250,2025-05-25,2062,21,6,9885000
7251,2024-01-12,227,44,6,5243000
7252,2024-10-11,1491,43,3,8840000
7253,2025-03-30,2885,9,3,19438000
7254,2025-02-13,644,40,2,10007000
7255,2025-12-03,335,2,6,9102000
7256,2025-09-18,948,46,1,22048000
7257,2025-12-07,605,26,6,7722000
7258,2024-05-31,1838,34,1,12216000
7259,2024-12-19,1187,25,1,7195000
7260,2024-01-17,1363,40,6,6478000
7261,2025-11-17,322,48,6,26478000
7262,2025-03-11,2048,8,3,23725000
7263,2025-04-14,1811,21,1,16976000
7264,2025-08-21,2258,50,6,6904000
7265,2024-06-17,1139,41,6,16048000
7266,2025-07-20,371,46,3,33282000
7267,2025-07-20,1886,43,3,17467000
7268,2025-06-02,2750,33,6,40082000
7269,2024-01-08,2027,22,6,14524000
7270,2024-07-24,2830,36,3,1981000
7271,2025-01-08,802,48,6,29042000
7272,2024-12-12,2534,41,6,7340000
7273,2024-05-25,1792,34,1,24278000
7274,2025-09-26,1520,3,6,13608000
7275,2025-12-15,99,23,3,24560000
7276,2024-07-13,187,27,3,36196000
7277,2025-03-01,1837,12,3,10190000
7278,2024-05-11,2191,7,6,18218000
7279,2025-02-01,2243,16,3,15287000
7280,2025-04-05,116,12,6,10916000
7281,2025-06-17,1367,15,6,7510000
7282,2025-08-05,2281,50,1,5533000
7283,2024-04-24,1183,47,3,18912000
7284,2024-06-23,1271,6,1,42672000
7285,2025-04-29,424,31,1,12719000
7286,2024-01-03,1746,45,1,4410000
7287,2025-08-02,145,34,6,7893000
7288,2025-06-27,884,3,6,3992000
7289,2025-07-26,1069,44,3,12236000
7290,2024-07-28,1742,50,3,21967000
7291,2024-05-06,1735,29,1,2790000
7292,2024-07-22,2195,26,6,17582000
7293,2024-12-10,2731,27,2,12425000
7294,2025-02-12,1945,31,6,18460000
7295,2024-12-24,2311,23,6,7182000
7296,2024-09-06,1340,19,3,23793000
7297,2024-01-04,1305,48,6,4371000
7298,2025-05-07,2700,9,6,21643000
7299,2024-01-13,1203,3,1,35365000
7300,2024-12-02,2820,48,3,7253000
7301,2025-10-28,2519,48,3,768000
7302,2025-07-15,265,2,3,8903000
7303,2024-11-23,1333,34,6,1523000
7304,2024-06-03,866,22,6,22090000
7305,2025-05-30,1196,49,6,26468000
7306,2025-04-28,2578,10,2,11491000
7307,2025-06-23,88,10,6,17042000
7308,2024-04-26,68,19,3,7856000
7309,2025-01-13,243,30,6,4073000
7310,2025-08-16,1003,8,6,5686000
7311,2025-01-23,57,34,3,2220000
7312,2025-03-14,2788,8,2,8724000
7313,2024-12-17,2602,24,6,16285000
7314,2025-03-23,366,15,6,7117000
7315,2024-01-18,2887,18,6,5135000
7316,2025-11-10,2681,23,2,6397000
7317,2024-02-13,170,20,6,2278000
7318,2025-07-19,1233,3,3,4368000
7319,2025-08-24,565,9,6,19724000
7320,2024-01-24,1664,37,3,3125000
7321,2025-11-29,153,42,6,19739000
7322,2024-11-13,2487,20,3,1885000
7323,2024-09-04,1361,28,6,14113000
7324,2025-12-13,2661,33,3,39281000
7325,2025-11-25,923,42,6,3583000
7326,2024-08-04,2304,14,6,2092000
7327,2024-10-26,1996,9,1,18035000
7328,2024-11-07,1487,21,3,13997000
7329,2024-04-09,1985,3,3,7236000
7330,2024-08-14,966,23,2,6935000
7331,2024-10-30,2634,43,1,312000
7332,2024-09-23,1115,42,3,10976000
7333,2025-10-07,2909,27,6,3654000
7334,2025-12-20,1015,43,3,7874000
7335,2024-02-06,167,47,3,20947000
7336,2024-09-23,1463,14,3,17584000
7337,2025-12-28,2248,2,6,988000
7338,2025-12-19,2967,36,3,4633000
7339,2025-03-03,2031,41,1,45312000
7340,2024-11-19,428,20,2,5150000
7341,2025-12-04,2357,25,2,24688000
7342,2025-03-24,209,37,3,40836000
7343,2025-05-29,1835,14,2,1505000
7344,2025-05-24,57,38,3,11346000
7345,2024-04-28,1631,27,3,42080000
7346,2025-07-28,421,15,2,8677000
7347,2024-08-23,2567,35,6,26974000
7348,2025-01-23,2469,7,1,21945000
7349,2025-07-16,393,24,3,45036000
7350,2024-04-13,1561,17,6,8390000
7351,2024-09-24,1675,25,1,25920000
7352,2025-01-13,1799,15,3,1256000
7353,2024-06-07,1431,15,6,45090000
7354,2024-04-20,522,29,6,740000
7355,2025-08-30,2051,29,6,25127000
7356,2024-06-25,663,49,3,18440000
7357,2024-12-29,2041,48,3,517000
7358,2024-11-12,2001,18,6,35399000
7359,2024-02-08,2275,4,3,10915000
7360,2025-10-25,2071,40,6,17623000
7361,2024-05-02,1910,15,1,5749000
7362,2024-04-01,1380,50,6,12303000
7363,2024-04-06,1738,3,6,24638000
7364,2024-06-25,1568,6,6,24617000
7365,2024-09-15,1835,6,6,12707000
7366,2024-12-06,152,17,6,6975000
7367,2024-04-17,1516,12,6,13682000
7368,2024-09-24,1163,23,3,1855000
7369,2025-10-10,588,39,6,15130000
7370,2025-09-02,1171,47,6,44554000
7371,2024-09-20,354,43,3,4542000
7372,2024-04-27,898,47,6,62817000
7373,2025-07-25,183,17,3,10072000
7374,2025-06-02,1987,28,1,10436000
7375,2024-01-22,2470,13,3,749000
7376,2024-07-15,1820,16,3,232000
7377,2025-02-05,1333,48,1,18074000
7378,2024-11-15,712,31,6,22152000
7379,2024-01-03,2888,32,6,18780000
7380,2025-11-06,2769,8,6,10296000
7381,2025-03-23,1072,49,6,10959000
7382,2024-01-04,698,28,2,256000
7383,2024-07-13,1444,13,6,8508000
7384,2024-06-07,1334,23,6,609000
7385,2025-01-29,354,36,1,19708000
7386,2024-05-26,1763,47,1,3372000
7387,2024-03-31,852,35,6,35358000
7388,2024-05-05,2818,24,6,3511000
7389,2024-03-15,37,37,6,36063000
7390,2024-10-06,543,41,6,12084000
7391,2024-05-24,1972,22,2,17907000
7392,2025-01-11,1647,35,3,5772000
7393,2025-10-15,253,33,6,7570000
7394,2025-10-24,2153,12,2,18549000
7395,2025-03-25,641,31,2,2882000
7396,2024-06-03,1603,13,1,20410000
7397,2024-11-10,134,45,1,10466000
7398,2025-11-03,2533,14,6,2515000
7399,2025-06-26,432,47,1,6641000
7400,2024-06-04,1666,31,1,28240000
7401,2025-04-07,1014,16,1,9012000
7402,2025-02-23,514,29,6,10145000
7403,2025-03-15,1799,19,6,12346000
7404,2025-09-21,1376,33,3,602000
7405,2024-05-06,2379,41,6,19578000
7406,2025-01-29,2202,29,6,16431000
7407,2024-10-28,2391,44,1,16198000
7408,2025-08-11,1186,18,3,6562000
7409,2025-09-17,795,5,1,10648000
7410,2025-03-03,2003,23,6,7716000
7411,2024-06-09,2981,49,6,8539000
7412,2025-02-22,2067,17,3,1841000
7413,2024-01-05,2813,22,1,46366000
7414,2025-02-18,2659,28,6,41980000
7415,2025-10-23,2054,14,1,42863000
7416,2024-02-02,784,5,6,39003000
7417,2024-05-06,2922,46,1,5860000
7418,2024-04-19,1982,29,3,25339000
7419,2024-01-16,1399,16,6,214000
7420,2024-02-12,850,36,3,12890000
7421,2024-08-14,776,13,3,7072000
7422,2025-10-31,1307,43,3,71645000
7423,2025-06-08,65,7,6,8848000
7424,2025-02-16,1146,35,2,28273000
7425,2024-06-10,1023,28,1,3200000
7426,2025-07-04,239,8,3,7644000
7427,2024-08-15,2052,34,3,15875000
7428,2025-10-21,1497,13,2,9057000
7429,2024-04-22,1449,18,1,20524000
7430,2025-07-30,1983,35,3,5491000
7431,2025-01-03,1986,16,6,13253000
7432,2024-03-29,1301,38,2,16012000
7433,2024-01-23,2760,25,6,5511000
7434,2024-01-13,2049,27,1,4563000
7435,2024-08-29,2932,25,6,6303000
7436,2024-03-02,1187,26,2,29653000
7437,2024-05-24,1681,42,1,26856000
7438,2024-05-26,1274,32,3,11793000
7439,2025-10-16,2479,9,1,9467000
7440,2024-12-10,430,41,3,32115000
7441,2025-12-14,600,28,3,36310000
7442,2024-09-07,1382,3,6,24165000
7443,2024-05-08,267,4,3,29062000
7444,2024-10-23,136,5,6,18838000
7445,2025-05-06,2514,38,6,10712000
7446,2025-10-29,73,26,1,12424000
7447,2025-12-27,2520,34,2,46656000
7448,2024-02-08,2312,40,6,5277000
7449,2025-10-19,1450,12,6,22474000
7450,2025-06-27,1621,27,6,7200000
7451,2024-02-20,2185,14,6,23802000
7452,2025-07-19,381,49,6,4941000
7453,2025-07-24,2760,11,3,12934000
7454,2024-10-24,172,29,1,15528000
7455,2025-04-27,803,4,3,4822000
7456,2025-12-03,1858,6,6,5446000
7457,2024-07-21,2370,2,1,36605000
7458,2025-09-25,42,39,1,12919000
7459,2024-01-27,214,22,6,15929000
7460,2024-06-30,1630,3,6,4396000
7461,2024-01-08,2591,12,6,505000
7462,2025-05-19,1170,33,6,10791000
7463,2025-10-30,1839,40,3,3797000
7464,2025-07-01,2170,40,1,34447000
7465,2024-03-05,947,11,6,23881000
7466,2024-08-21,2183,8,6,17570000
7467,2024-06-27,626,39,1,7590000
7468,2024-06-26,554,37,6,4656000
7469,2025-11-17,2782,12,6,23437000
7470,2024-09-19,153,8,6,3620000
7471,2025-08-29,2748,44,1,7384000
7472,2025-07-17,2802,19,6,16296000
7473,2025-01-11,1195,16,2,34187000
7474,2025-06-02,2200,26,6,4913000
7475,2025-01-04,2459,18,6,10739000
7476,2025-07-13,214,4,6,6193000
7477,2025-10-06,2352,12,6,21210000
7478,2025-03-14,888,26,6,6790000
7479,2025-09-05,2144,16,6,4377000
7480,2024-12-24,1473,41,6,38273000
7481,2025-10-25,70,18,6,4940000
7482,2025-07-11,1000,35,6,4135000
7483,2025-01-04,159,1,6,4383000
7484,2025-04-20,129,40,3,5649000
7485,2024-02-25,2998,13,2,41576000
7486,2025-03-30,594,7,3,1150000
7487,2024-08-20,1486,38,3,10884000
7488,2024-01-03,1159,13,1,41924000
7489,2024-08-30,451,49,6,11082000
7490,2025-11-20,1723,38,6,2450000
7491,2024-09-27,76,8,2,17478000
7492,2024-03-26,1280,26,2,5775000
7493,2024-04-02,2532,44,1,19304000
7494,2024-08-01,1339,12,3,3441000
7495,2025-03-21,682,12,6,10759000
7496,2024-02-25,2813,37,1,36976000
7497,2024-03-20,1589,48,6,18385000
7498,2024-05-13,1583,26,1,12267000
7499,2024-08-24,480,25,3,7562000
7500,2024-10-26,215,36,1,14852000
7501,2024-07-13,432,1,2,23510000
7502,2025-05-01,352,45,6,25120000
7503,2024-05-03,2467,38,6,12835000
7504,2024-11-20,1906,48,6,25275000
7505,2024-02-17,1370,49,2,39228000
7506,2025-09-10,2728,41,3,25000
7507,2025-01-05,119,36,3,6305000
7508,2025-09-04,2908,1,3,7833000
7509,2024-12-06,1692,50,6,24002000
7510,2024-08-26,2612,23,1,57677000
7511,2025-03-03,926,24,3,30573000
7512,2025-01-12,357,31,6,1161000
7513,2024-09-01,1481,12,6,3626000
7514,2024-04-22,983,42,2,2295000
7515,2024-06-02,2886,12,3,24045000
7516,2025-01-20,1962,7,3,44370000
7517,2025-02-10,1697,21,6,25769000
7518,2024-01-23,691,19,3,19659000
7519,2024-06-20,792,24,6,5905000
7520,2025-03-26,1818,19,3,6804000
7521,2025-11-11,1233,38,2,29528000
7522,2025-01-11,1929,6,6,10948000
7523,2024-12-11,785,10,1,6319000
7524,2025-12-31,2032,44,3,25799000
7525,2025-09-24,2021,45,6,13666000
7526,2024-06-16,1613,8,6,3338000
7527,2025-06-23,1903,34,3,29593000
7528,2025-12-21,2147,39,3,10487000
7529,2025-02-14,2985,36,1,26797000
7530,2024-04-11,1956,7,6,3711000
7531,2024-04-26,384,5,6,10002000
7532,2024-06-15,2963,17,2,26467000
7533,2024-06-09,1200,45,3,2954000
7534,2024-11-15,1493,20,6,36719000
7535,2025-03-26,889,5,1,32665000
7536,2025-03-30,305,48,6,17574000
7537,2024-09-27,379,37,3,13140000
7538,2025-11-29,1679,26,3,21011000
7539,2024-11-24,1271,21,2,20217000
7540,2025-07-09,1442,31,2,999000
7541,2024-07-15,1042,1,2,6070000
7542,2025-10-27,372,32,6,6114000
7543,2024-04-01,1891,2,6,16704000
7544,2024-04-16,845,42,3,25654000
7545,2024-04-26,425,44,1,59268000
7546,2025-04-07,874,35,1,15101000
7547,2024-04-02,2723,34,3,26125000
7548,2025-04-10,665,2,1,30906000
7549,2024-11-21,1926,38,6,5968000
7550,2025-01-01,1729,17,3,8976000
7551,2024-02-01,261,37,3,2851000
7552,2025-11-12,2663,48,6,21873000
7553,2024-10-24,532,50,6,30065000
7554,2024-02-28,2907,29,3,9377000
7555,2024-06-01,1192,5,3,28795000
7556,2025-03-07,1148,14,6,23625000
7557,2025-12-06,707,20,3,4917000
7558,2024-05-05,1039,31,6,11391000
7559,2024-10-25,2699,26,6,18864000
7560,2024-05-27,1126,49,3,17302000
7561,2024-05-29,520,15,3,2546000
7562,2025-10-21,1743,19,1,13098000
7563,2024-03-16,325,28,3,18051000
7564,2024-09-24,1640,4,1,23312000
7565,2025-06-14,2448,23,3,2799000
7566,2025-10-04,2875,22,3,6530000
7567,2024-06-01,976,18,6,11670000
7568,2025-02-04,1305,10,2,9617000
7569,2025-05-22,1175,28,6,16621000
7570,2024-11-28,772,49,1,3458000
7571,2024-04-10,1775,49,6,24146000
7572,2025-08-17,1289,1,6,21232000
7573,2024-02-04,1326,42,6,29402000
7574,2024-04-15,394,45,1,1600000
7575,2025-05-02,2676,7,1,20575000
7576,2025-10-19,2762,19,6,5116000
7577,2024-09-04,2592,7,2,3957000
7578,2025-05-23,2226,39,3,18360000
7579,2025-10-16,1981,35,6,38928000
7580,2025-08-13,2804,48,6,1008000
7581,2025-04-08,1540,4,2,16898000
7582,2025-07-24,2159,15,2,9922000
7583,2024-10-07,437,45,6,8969000
7584,2025-10-11,1140,41,6,17961000
7585,2025-05-15,1256,32,1,26048000
7586,2024-08-31,1096,45,1,4892000
7587,2025-01-15,2681,42,3,964000
7588,2025-04-25,1019,28,3,499000
7589,2025-05-04,142,7,6,9269000
7590,2025-05-29,1476,10,6,5732000
7591,2024-09-04,314,43,6,15172000
7592,2024-11-23,200,17,2,3000000
7593,2025-07-31,878,31,3,2601000
7594,2024-03-25,474,34,6,19045000
7595,2025-09-28,1630,36,3,20666000
7596,2025-12-14,1834,18,2,16813000
7597,2025-09-27,1469,11,3,8697000
7598,2024-01-22,1342,47,6,7492000
7599,2024-02-03,2454,23,6,8545000
7600,2025-08-07,628,33,3,31516000
7601,2025-06-27,1094,29,1,3110000
7602,2025-02-03,1632,33,3,15988000
7603,2025-02-10,842,48,3,6704000
7604,2025-09-12,2602,12,6,18272000
7605,2024-03-19,1745,41,2,7714000
7606,2024-04-02,2445,23,6,6656000
7607,2024-02-06,2827,47,6,7010000
7608,2024-06-30,1999,33,3,9488000
7609,2024-01-27,2092,35,2,3791000
7610,2025-02-07,2058,13,2,3787000
7611,2024-05-05,615,43,3,4522000
7612,2025-04-16,2387,22,3,32408000
7613,2024-05-22,2271,10,1,17264000
7614,2024-08-02,989,6,1,21544000
7615,2024-12-03,1599,32,6,32415000
7616,2024-05-20,1419,1,1,27051000
7617,2025-06-15,1410,49,6,15935000
7618,2024-05-06,1740,12,6,10425000
7619,2025-12-17,476,17,2,20026000
7620,2024-07-13,1144,12,6,13512000
7621,2025-10-30,2902,32,1,150000
7622,2024-05-27,826,21,6,10751000
7623,2024-08-26,2866,32,6,156000
7624,2024-07-03,415,44,6,12037000
7625,2024-06-03,49,39,6,17236000
7626,2024-07-08,143,29,3,15752000
7627,2024-09-01,1971,17,3,1975000
7628,2025-01-13,2661,33,6,374000
7629,2024-03-08,2530,46,3,8024000
7630,2024-10-21,588,22,2,14888000
7631,2025-11-09,1349,37,1,35194000
7632,2025-11-10,1352,15,3,15188000
7633,2025-08-11,1492,23,3,19266000
7634,2025-05-18,2025,39,3,10342000
7635,2024-08-17,1620,19,1,6080000
7636,2025-05-15,864,30,3,20747000
7637,2024-12-22,1859,10,1,8038000
7638,2025-06-17,2956,41,3,7354000
7639,2025-03-08,2790,5,1,18696000
7640,2025-08-19,609,6,1,12239000
7641,2024-11-24,425,7,3,30696000
7642,2024-09-02,2686,14,2,911000
7643,2024-04-19,121,31,6,3000000
7644,2024-07-11,1528,49,3,18969000
7645,2024-07-01,1066,26,3,43910000
7646,2024-10-12,2152,50,6,29630000
7647,2025-12-29,2998,7,1,13375000
7648,2024-08-04,572,47,1,4418000
7649,2024-07-04,935,11,3,3237000
7650,2025-07-25,1983,16,3,26879000
7651,2024-11-25,2884,31,3,5938000
7652,2025-08-12,1247,14,3,5050000
7653,2024-04-17,1019,31,3,20786000
7654,2025-06-23,1447,36,6,17565000
7655,2025-06-15,841,31,3,6966000
7656,2024-06-22,508,15,3,17716000
7657,2025-03-10,2269,12,1,28657000
7658,2025-01-19,2661,4,3,37792000
7659,2024-01-07,2529,39,1,4842000
7660,2025-04-02,277,24,2,29155000
7661,2025-10-01,950,5,6,24026000
7662,2025-07-10,1236,18,3,16007000
7663,2025-07-11,2291,50,1,20348000
7664,2025-07-07,13,13,6,17970000
7665,2025-10-15,1140,42,6,23939000
7666,2024-08-24,2228,8,3,12030000
7667,2024-08-16,856,29,3,5000000
7668,2025-11-18,1025,37,6,3532000
7669,2025-02-09,693,20,6,36675000
7670,2024-11-16,1264,2,6,13360000
7671,2025-05-14,63,1,6,20133000
7672,2024-08-26,1459,21,3,4170000
7673,2025-06-15,534,14,6,1910000
7674,2025-07-19,2964,7,3,11260000
7675,2025-06-07,113,43,3,15899000
7676,2024-07-02,2313,42,1,4489000
7677,2025-06-13,1319,4,1,14494000
7678,2025-07-01,1149,32,6,16424000
7679,2025-08-28,2267,49,1,26940000
7680,2024-12-14,2112,32,6,8306000
7681,2024-08-12,1903,5,6,34974000
7682,2025-03-12,1208,7,6,6164000
7683,2024-08-28,887,48,3,37643000
7684,2025-04-01,67,25,6,3303000
7685,2025-03-02,2790,32,3,9339000
7686,2025-10-22,2714,45,6,5209000
7687,2024-08-06,955,6,3,11199000
7688,2025-08-09,283,46,6,12285000
7689,2025-12-14,383,7,3,6912000
7690,2024-12-06,1381,48,1,11807000
7691,2024-01-27,2437,16,6,3303000
7692,2024-07-29,2976,8,1,189000
7693,2024-09-18,2807,4,1,5623000
7694,2025-05-14,2019,40,3,6319000
7695,2025-04-22,35,50,1,7564000
7696,2025-05-12,2344,41,1,10506000
7697,2024-01-29,1697,7,3,36788000
7698,2025-08-17,562,4,3,11342000
7699,2024-10-20,1520,34,1,15258000
7700,2024-02-16,1954,10,2,1840000
7701,2025-02-04,748,18,6,40534000
7702,2025-12-10,1223,9,6,23127000
7703,2025-03-17,2290,18,6,2615000
7704,2024-09-06,604,24,6,548000
7705,2024-03-03,1740,22,1,10516000
7706,2025-08-12,2706,39,3,9663000
7707,2024-12-09,2935,15,6,28091000
7708,2025-03-27,2558,41,2,8319000
7709,2024-05-12,100,29,1,8735000
7710,2024-02-05,2546,23,6,14988000
7711,2025-07-15,2710,39,3,12250000
7712,2024-08-27,1286,45,6,2561000
7713,2024-01-12,2201,7,3,4956000
7714,2025-09-10,1698,35,6,34113000
7715,2024-10-11,1319,28,6,14025000
7716,2025-12-21,1830,48,3,9989000
7717,2024-03-22,2987,29,6,13643000
7718,2024-10-28,760,3,6,19354000
7719,2024-09-23,228,41,6,6020000
7720,2024-03-27,1516,45,6,24264000
7721,2025-03-05,1984,18,2,9512000
7722,2025-07-31,714,4,3,3257000
7723,2025-02-07,2646,32,6,6174000
7724,2025-09-07,2445,44,1,27836000
7725,2024-02-06,99,5,1,21675000
7726,2024-09-20,2571,6,6,8509000
7727,2024-02-04,1430,48,3,48917000
7728,2024-02-23,1588,41,6,10515000
7729,2024-01-20,2339,5,6,415000
7730,2024-10-05,1776,23,6,5779000
7731,2025-06-15,1055,1,3,17103000
7732,2024-01-14,165,19,2,15243000
7733,2024-01-24,1200,46,6,24629000
7734,2024-09-17,1470,17,3,3792000
7735,2025-04-18,1578,34,1,1521000
7736,2024-10-29,2998,35,6,7576000
7737,2024-12-25,698,24,6,32796000
7738,2024-01-20,1156,36,3,11265000
7739,2025-09-11,582,19,6,17091000
7740,2025-03-11,552,21,6,5372000
7741,2025-03-08,248,6,1,11934000
7742,2025-06-27,162,45,6,7052000
7743,2025-09-08,1358,48,2,4991000
7744,2024-04-01,2078,8,1,11208000
7745,2025-11-14,438,25,6,7997000
7746,2024-06-30,2791,43,6,6234000
7747,2024-03-02,2281,44,2,6168000
7748,2025-01-11,2319,22,3,7560000
7749,2024-01-24,1263,16,3,13041000
7750,2024-12-12,89,29,3,12080000
7751,2025-05-24,1052,5,6,13372000
7752,2025-12-01,1125,31,6,10647000
7753,2025-11-08,1587,13,2,16881000
7754,2025-10-02,164,45,1,36736000
7755,2024-06-09,2870,16,3,6126000
7756,2025-08-20,1879,26,6,4499000
7757,2024-02-29,665,24,6,1588000
7758,2025-01-19,409,27,3,886000
7759,2024-09-17,1199,18,6,14892000
7760,2025-08-30,1718,19,6,40280000
7761,2025-10-21,2069,39,1,23452000
7762,2024-09-14,2799,20,3,14155000
7763,2025-11-11,2222,15,1,38693000
7764,2025-06-04,276,6,1,7444000
7765,2025-03-30,2592,9,6,10400000
7766,2025-11-30,2789,18,6,9112000
7767,2025-12-30,2440,46,1,2885000
7768,2025-08-15,1875,48,6,16326000
7769,2025-08-11,379,46,6,9655000
7770,2024-11-02,2172,37,6,11004000
7771,2024-01-21,21,37,6,1814000
7772,2025-01-28,1392,49,3,17938000
7773,2024-09-18,1660,16,3,10878000
7774,2024-06-07,2640,48,6,22073000
7775,2025-07-27,2061,32,3,4535000
7776,2024-01-19,2638,31,1,5909000
7777,2025-05-04,1628,43,6,8601000
7778,2025-03-04,1044,37,6,6321000
7779,2024-07-29,1855,34,2,21287000
7780,2024-11-25,1017,18,1,10827000
7781,2024-12-25,457,37,2,3765000
7782,2025-07-04,1862,8,6,13384000
7783,2024-05-09,2205,37,6,15443000
7784,2024-11-09,1809,28,6,1858000
7785,2025-03-18,1742,45,6,1397000
7786,2024-02-28,2835,40,2,33112000
7787,2025-08-25,494,39,1,6951000
7788,2025-01-08,671,25,6,15608000
7789,2024-05-09,1403,37,3,9745000
7790,2024-08-03,464,29,6,30814000
7791,2025-08-16,2033,1,3,3203000
7792,2024-12-29,1723,49,6,9302000
7793,2024-11-22,2356,8,2,6888000
7794,2025-10-05,1536,42,6,2905000
7795,2024-08-05,2422,42,6,3568000
7796,2025-05-11,191,43,6,10134000
7797,2024-10-11,1825,31,6,4057000
7798,2024-04-23,1113,3,6,7310000
7799,2025-04-06,1918,4,1,5693000
7800,2025-01-08,75,45,3,16213000
7801,2025-01-03,1510,19,6,5016000
7802,2025-09-24,1156,3,3,36255000
7803,2025-12-09,2552,35,6,68726000
7804,2025-04-14,1327,9,6,23116000
7805,2025-02-02,2581,14,6,4574000
7806,2024-09-21,1095,48,3,22699000
7807,2024-10-02,1463,22,6,19330000
7808,2025-12-27,2741,42,6,19157000
7809,2025-02-03,2758,27,1,30908000
7810,2024-09-04,1386,45,6,25954000
7811,2024-07-07,14,46,6,1053000
7812,2024-01-28,2316,22,1,5841000
7813,2024-01-11,2810,29,1,2859000
7814,2025-04-26,1926,9,3,7930000
7815,2025-10-02,2895,45,1,2955000
7816,2025-05-01,1594,37,6,23874000
7817,2025-11-19,2079,36,6,13137000
7818,2024-03-02,2939,36,3,40610000
7819,2024-10-06,646,48,6,75000
7820,2025-02-16,94,16,6,10191000
7821,2025-03-09,2500,35,2,34343000
7822,2025-10-13,768,50,6,33720000
7823,2025-03-21,2791,20,6,33689000
7824,2025-07-07,707,42,3,2910000
7825,2024-10-19,806,45,6,10356000
7826,2024-02-17,232,31,3,772000
7827,2025-02-11,421,28,6,22163000
7828,2024-08-17,1959,32,6,22386000
7829,2025-11-28,2153,17,1,22362000
7830,2024-10-11,2012,7,6,2453000
7831,2024-10-21,2312,5,3,13352000
7832,2024-04-24,1596,13,6,36661000
7833,2025-08-18,1367,2,6,417000
7834,2024-06-26,1406,39,1,5841000
7835,2024-12-18,148,7,6,18261000
7836,2025-09-12,303,23,6,5588000
7837,2025-09-19,1952,34,3,11000000
7838,2025-05-06,2560,33,1,8268000
7839,2024-08-01,220,31,2,19746000
7840,2024-01-22,2146,5,1,16157000
7841,2024-08-08,1262,48,3,2081000
7842,2024-01-19,580,14,6,16372000
7843,2024-11-02,950,12,6,47500000
7844,2025-08-10,2934,12,6,10730000
7845,2025-09-30,1153,7,3,4368000
7846,2024-01-04,370,45,6,56893000
7847,2025-11-19,2365,41,6,3512000
7848,2025-09-17,2512,8,2,2820000
7849,2025-10-22,2844,12,3,444000
7850,2024-11-03,1723,17,2,17096000
7851,2024-09-10,280,7,3,6724000
7852,2024-06-08,2267,30,3,57198000
7853,2024-04-06,1078,28,6,5326000
7854,2025-08-27,1430,7,2,10790000
7855,2025-10-31,595,2,1,5037000
7856,2024-08-24,2306,48,3,2325000
7857,2025-01-11,2469,25,6,20236000
7858,2025-11-27,1773,42,3,9127000
7859,2024-09-16,632,14,3,6419000
7860,2024-10-24,774,36,1,14318000
7861,2025-05-08,1464,44,6,36498000
7862,2024-06-11,2171,33,6,7170000
7863,2025-01-29,993,31,6,12164000
7864,2024-09-04,1256,41,3,9832000
7865,2025-10-07,1330,4,1,10610000
7866,2024-01-10,2995,12,6,25208000
7867,2025-05-01,560,44,2,5296000
7868,2025-04-09,2358,14,2,975000
7869,2025-02-14,649,23,2,14785000
7870,2024-12-03,1444,13,1,6944000
7871,2025-03-10,1817,40,3,12518000
7872,2024-05-29,1139,42,6,10255000
7873,2025-11-22,2880,33,1,37179000
7874,2025-12-08,1909,10,6,11973000
7875,2025-07-25,2944,30,6,11632000
7876,2025-08-26,986,47,3,9136000
7877,2025-11-12,2157,37,6,16769000
7878,2025-08-31,325,11,3,4004000
7879,2025-03-22,1813,11,3,4516000
7880,2025-05-14,1967,17,6,13218000
7881,2025-07-05,1572,40,2,5267000
7882,2024-02-23,1207,2,6,29642000
7883,2025-01-23,2888,11,3,11131000
7884,2025-01-21,2542,25,6,4602000
7885,2024-07-06,1154,7,6,26128000
7886,2025-05-12,903,5,3,12612000
7887,2024-02-21,577,2,6,10431000
7888,2024-01-21,1081,5,3,12192000
7889,2025-04-16,419,37,2,8595000
7890,2024-05-17,2438,50,6,1128000
7891,2024-09-12,2820,16,6,10914000
7892,2024-02-27,738,28,6,24381000
7893,2025-03-24,2168,7,6,15364000
7894,2025-09-27,1621,15,6,11608000
7895,2024-11-21,123,6,3,58000
7896,2024-08-02,1516,14,2,16716000
7897,2025-11-08,326,2,3,11828000
7898,2024-11-27,2094,20,6,626000
7899,2025-02-09,1815,15,2,15327000
7900,2024-08-12,1955,4,3,23016000
7901,2025-12-15,2933,5,6,4436000
7902,2024-10-08,2324,13,3,14170000
7903,2025-04-06,1473,27,3,6417000
7904,2025-05-26,956,1,1,21518000
7905,2024-04-16,2891,45,6,39530000
7906,2024-08-06,1857,14,1,8842000
7907,2025-09-01,1971,41,2,6000000
7908,2024-03-26,24,7,6,21779000
7909,2025-08-02,704,27,1,8205000
7910,2024-03-19,2260,40,1,32398000
7911,2024-06-12,2974,44,6,6448000
7912,2024-01-16,1,27,3,10220000
7913,2024-08-01,2148,25,6,9285000
7914,2024-10-03,2837,38,6,1826000
7915,2025-02-16,218,11,6,2541000
7916,2024-03-28,1110,16,6,3958000
7917,2025-07-09,2957,3,6,12552000
7918,2025-04-27,342,5,3,13331000
7919,2025-12-29,127,3,6,7478000
7920,2024-12-13,216,6,6,12962000
7921,2024-09-05,287,46,2,993000
7922,2025-08-08,1344,40,6,7213000
7923,2024-02-29,619,31,6,29975000
7924,2025-09-06,781,45,6,3636000
7925,2025-05-21,1986,39,6,9512000
7926,2025-03-03,204,21,6,41360000
7927,2025-05-29,1362,25,1,19856000
7928,2024-11-20,1935,23,3,6520000
7929,2024-10-06,693,12,6,25141000
7930,2025-02-14,1069,49,2,20307000
7931,2025-01-31,2420,17,3,10707000
7932,2025-02-28,450,50,6,8715000
7933,2024-12-11,1057,7,3,5141000
7934,2024-06-12,2043,50,6,17317000
7935,2024-04-21,475,20,3,10058000
7936,2025-07-25,398,25,3,8160000
7937,2025-01-12,2279,2,2,24475000
7938,2025-08-04,2045,43,6,4109000
7939,2024-12-28,2008,3,3,5051000
7940,2024-06-23,1645,32,3,5453000
7941,2025-01-25,1336,3,6,3929000
7942,2024-10-04,1187,6,6,4972000
7943,2024-10-12,563,40,6,4668000
7944,2024-05-28,1657,32,3,12796000
7945,2025-06-26,2207,4,6,28356000
7946,2024-02-14,266,22,2,8513000
7947,2024-08-20,1796,43,3,9663000
7948,2025-11-04,1701,50,1,16975000
7949,2025-02-24,2089,17,3,17720000
7950,2025-03-30,177,19,1,5980000
7951,2024-09-17,258,27,3,32693000
7952,2025-11-12,2069,8,6,4030000
7953,2024-06-02,23,29,6,2252000
7954,2025-11-06,2208,6,6,24303000
7955,2025-10-31,44,3,6,67662000
7956,2025-07-01,319,17,1,23938000
7957,2025-03-12,1475,37,6,24261000
7958,2024-06-06,2752,15,3,55275000
7959,2025-10-28,1915,26,6,15698000
7960,2024-04-17,2799,4,6,31487000
7961,2024-09-14,498,30,2,13288000
7962,2024-11-26,155,2,6,912000
7963,2025-03-18,57,6,6,4253000
7964,2024-12-22,455,46,3,13462000
7965,2024-01-07,23,29,6,35066000
7966,2025-07-20,1026,12,3,10048000
7967,2024-10-17,1507,24,6,33890000
7968,2025-03-23,421,34,6,52230000
7969,2025-05-09,1976,3,6,3079000
7970,2025-03-14,2000,9,3,7046000
7971,2025-09-10,2975,11,1,9681000
7972,2025-07-20,953,20,3,3719000
7973,2024-04-30,1061,14,3,46960000
7974,2025-10-12,2425,10,3,3523000
7975,2025-01-06,649,29,1,7992000
7976,2025-01-07,2549,32,3,16811000
7977,2024-08-15,804,28,6,10320000
7978,2024-10-14,2819,4,3,1106000
7979,2025-11-25,2361,7,1,6470000
7980,2025-12-04,185,23,3,22944000
7981,2025-08-21,1097,19,6,2922000
7982,2025-10-05,1602,38,3,8187000
7983,2025-07-06,120,6,1,28187000
7984,2025-11-18,677,22,6,9060000
7985,2024-05-12,250,35,1,10476000
7986,2025-02-28,394,48,2,16501000
7987,2025-07-26,2211,3,1,8924000
7988,2025-01-01,2011,43,2,26410000
7989,2024-03-12,1653,42,1,24122000
7990,2024-02-18,2678,26,1,11087000
7991,2025-04-13,256,15,6,4090000
7992,2024-12-11,2536,23,3,5708000
7993,2024-04-18,1303,8,6,14628000
7994,2025-03-24,1552,49,3,9012000
7995,2025-03-22,2889,27,1,2740000
7996,2025-08-09,1663,23,3,12689000
7997,2025-02-10,790,25,2,17368000
7998,2024-05-15,1474,16,6,13826000
7999,2025-06-09,2000,13,1,15954000
8000,2024-03-03,2535,10,1,312000
8001,2024-11-30,1131,24,3,10866000
8002,2025-07-16,81,25,3,4187000
8003,2024-10-01,76,40,6,10640000
8004,2025-07-26,1897,14,3,46028000
8005,2025-05-24,397,35,1,1916000
8006,2025-10-13,1178,8,3,2843000
8007,2024-02-22,2621,1,6,11563000
8008,2025-02-02,1322,35,6,31175000
8009,2025-06-11,1177,16,3,2312000
8010,2024-08-24,112,49,2,20568000
8011,2024-10-10,1764,4,1,3205000
8012,2025-12-19,1283,42,6,11723000
8013,2024-01-02,2904,35,3,7779000
8014,2025-12-14,2576,32,2,1748000
8015,2025-01-28,1131,37,1,57973000
8016,2025-04-26,1528,40,3,4336000
8017,2024-10-18,1158,30,3,12606000
8018,2024-02-22,2603,21,3,12402000
8019,2024-09-05,237,17,6,43354000
8020,2024-01-16,519,32,3,3687000
8021,2025-08-13,97,11,6,6346000
8022,2025-03-11,1077,24,2,8128000
8023,2024-07-11,18,44,2,13739000
8024,2024-11-24,2583,4,2,39159000
8025,2025-09-30,2235,21,6,10713000
8026,2024-12-02,1224,31,1,6249000
8027,2025-07-09,2081,50,3,19994000
8028,2025-07-08,1159,12,6,16587000
8029,2024-11-10,100,25,1,8904000
8030,2025-06-06,675,33,6,1737000
8031,2024-01-03,1821,11,6,7449000
8032,2024-11-18,917,12,2,34602000
8033,2025-01-14,2841,9,3,965000
8034,2025-01-04,299,21,6,6134000
8035,2024-02-27,480,13,6,3455000
8036,2024-06-09,1036,30,2,3017000
8037,2024-04-04,1793,36,3,27634000
8038,2025-04-30,2755,49,6,21761000
8039,2024-01-14,2948,24,2,23933000
8040,2024-08-01,2550,48,2,22550000
8041,2025-06-27,2602,18,2,23683000
8042,2025-06-09,101,23,2,38256000
8043,2024-10-23,418,9,2,39874000
8044,2025-12-31,14,32,6,32834000
8045,2025-10-09,171,18,6,36451000
8046,2024-03-10,1357,28,3,9834000
8047,2025-09-10,872,14,1,10685000
8048,2025-04-29,1668,45,3,33445000
8049,2024-05-28,1568,36,3,1469000
8050,2025-08-20,1087,29,1,10862000
8051,2025-06-07,1907,40,1,24534000
8052,2024-02-13,2324,10,6,11485000
8053,2024-07-01,835,39,3,12988000
8054,2025-01-19,210,24,6,9871000
8055,2024-07-22,1686,3,6,10996000
8056,2024-03-23,610,20,2,2134000
8057,2024-07-27,1955,14,3,4416000
8058,2024-10-31,2522,6,1,3462000
8059,2025-10-22,1282,35,3,6811000
8060,2025-08-04,909,28,6,46521000
8061,2025-08-15,1177,13,6,14544000
8062,2024-10-31,851,28,6,8332000
8063,2025-11-25,2840,13,2,24673000
8064,2025-11-04,1255,48,6,30843000
8065,2025-12-10,2442,18,6,8470000
8066,2025-03-06,2261,49,3,1340000
8067,2025-01-11,130,49,3,37733000
8068,2025-08-20,1310,7,6,13556000
8069,2025-01-25,2873,15,2,19113000
8070,2025-06-30,1834,40,3,17960000
8071,2025-08-15,1962,27,1,45502000
8072,2024-09-02,2760,49,2,12637000
8073,2024-05-11,813,1,6,19760000
8074,2024-06-08,861,16,1,23434000
8075,2025-12-09,2123,34,1,13869000
8076,2024-04-16,2710,37,6,890000
8077,2024-01-05,595,21,3,7762000
8078,2025-09-17,2975,46,1,30745000
8079,2025-05-22,67,17,2,38818000
8080,2024-01-25,1272,16,3,8194000
8081,2025-03-21,1555,28,3,30211000
8082,2024-11-06,1915,3,6,13460000
8083,2025-10-29,626,25,2,7115000
8084,2024-06-13,1901,21,6,4890000
8085,2025-06-02,2483,27,6,12997000
8086,2024-07-26,1693,33,3,13136000
8087,2024-12-31,841,32,1,8649000
8088,2025-06-26,238,36,3,13212000
8089,2024-05-30,825,13,3,4197000
8090,2025-07-31,1886,2,3,8932000
8091,2025-09-15,2379,35,1,10425000
8092,2024-10-28,1902,32,3,37831000
8093,2025-10-08,2816,30,6,10712000
8094,2024-04-11,2145,45,6,12121000
8095,2024-05-21,428,1,3,8797000
8096,2025-06-03,2705,41,6,7379000
8097,2024-07-11,1654,30,3,3123000
8098,2025-12-03,713,33,2,25673000
8099,2025-03-09,2231,37,6,16930000
8100,2024-01-12,57,25,6,22400000
8101,2025-05-31,2790,34,2,20918000
8102,2024-06-12,1993,38,2,13855000
8103,2024-11-15,2978,11,6,15518000
8104,2024-06-24,2230,44,6,7977000
8105,2025-01-21,1322,33,2,4868000
8106,2025-03-08,2237,50,2,19533000
8107,2025-11-24,1842,39,1,32459000
8108,2024-06-09,2586,19,2,13911000
8109,2025-11-12,2504,40,6,9922000
8110,2025-09-11,1814,1,1,35032000
8111,2024-05-06,170,36,3,6136000
8112,2025-06-27,869,17,3,8369000
8113,2024-01-05,2531,35,6,16029000
8114,2024-09-21,1055,34,6,11319000
8115,2025-07-18,2350,3,6,4963000
8116,2025-06-30,1011,13,6,8782000
8117,2025-03-02,1304,35,6,14235000
8118,2025-12-09,1876,48,1,3026000
8119,2025-01-31,246,12,3,5554000
8120,2024-08-09,288,43,3,2535000
8121,2025-12-05,122,28,6,7656000
8122,2025-02-28,1220,4,6,3457000
8123,2025-10-17,2482,37,6,2932000
8124,2025-10-12,2801,20,1,1924000
8125,2025-10-17,100,34,6,13312000
8126,2025-07-23,36,45,1,22860000
8127,2025-03-31,2147,12,6,48611000
8128,2025-12-23,988,29,3,16621000
8129,2024-05-09,1714,48,3,11753000
8130,2025-06-24,2034,2,6,14667000
8131,2024-03-23,1367,21,6,18558000
8132,2025-07-07,2608,7,1,4761000
8133,2025-10-08,1801,13,2,22032000
8134,2024-10-17,685,8,6,15780000
8135,2025-11-15,1386,25,1,5099000
8136,2024-10-03,1969,39,3,64382000
8137,2024-10-09,2960,17,1,4320000
8138,2024-07-20,456,32,3,386000
8139,2024-06-11,1842,15,3,13489000
8140,2024-12-26,2660,40,6,6238000
8141,2025-02-22,1781,9,2,14109000
8142,2025-06-24,1266,1,6,379000
8143,2025-06-17,1124,46,6,4172000
8144,2024-09-16,56,49,3,20860000
8145,2024-12-06,1812,29,6,17741000
8146,2025-02-20,1582,9,3,2247000
8147,2025-09-06,2517,45,6,3794000
8148,2025-06-07,2713,21,6,18947000
8149,2024-12-17,2586,9,6,26333000
8150,2024-12-17,2720,20,1,8102000
8151,2024-09-26,1369,36,6,27675000
8152,2025-02-15,1862,12,3,14591000
8153,2024-07-01,2346,39,3,3648000
8154,2025-04-19,664,9,6,63097000
8155,2025-04-28,2523,18,3,18290000
8156,2025-03-19,2729,2,2,41175000
8157,2024-11-17,1065,7,1,10825000
8158,2025-06-13,671,29,1,679000
8159,2025-07-24,1668,43,3,42556000
8160,2025-06-22,896,16,3,11465000
8161,2024-05-18,832,35,3,20088000
8162,2025-06-21,1599,9,1,7323000
8163,2025-01-01,2650,17,6,11697000
8164,2025-10-26,2053,48,6,3546000
8165,2024-07-10,2307,27,6,8042000
8166,2024-03-29,248,15,6,22589000
8167,2025-02-15,1528,32,6,1668000
8168,2025-10-18,2272,4,3,19637000
8169,2024-11-15,823,32,2,27293000
8170,2025-12-23,1251,50,3,7672000
8171,2024-06-13,1682,10,6,20499000
8172,2024-08-25,2568,24,2,38107000
8173,2025-10-25,1634,3,3,27661000
8174,2024-03-20,609,28,6,8817000
8175,2024-10-19,1599,41,2,14576000
8176,2025-08-22,1778,5,6,18939000
8177,2025-09-11,149,37,3,51879000
8178,2024-01-07,193,39,3,6546000
8179,2025-03-16,1607,23,3,42512000
8180,2024-11-26,1266,22,6,21002000
8181,2024-09-11,159,4,3,13881000
8182,2025-04-30,2126,18,6,8087000
8183,2024-05-13,2681,48,6,9317000
8184,2024-11-01,2666,45,1,3575000
8185,2024-01-05,2649,21,1,12005000
8186,2024-05-13,1393,43,3,30314000
8187,2025-08-07,2075,30,1,1102000
8188,2024-02-27,2045,50,1,19314000
8189,2024-06-10,447,27,6,11104000
8190,2025-01-17,1638,37,3,28482000
8191,2024-02-16,1833,4,3,3900000
8192,2025-11-26,2736,26,3,10682000
8193,2024-04-30,2027,6,1,986000
8194,2025-11-16,1036,1,1,22434000
8195,2025-01-01,138,2,6,13918000
8196,2024-10-03,722,10,6,4869000
8197,2025-03-06,1054,16,6,5515000
8198,2025-08-12,2648,20,6,10111000
8199,2024-12-12,575,28,6,4081000
8200,2024-03-03,1311,13,6,2905000
8201,2025-05-26,2009,44,6,27161000
8202,2024-03-22,335,27,3,15191000
8203,2024-06-09,2083,24,3,2419000
8204,2024-12-26,788,46,3,3226000
8205,2025-07-04,2954,32,6,32612000
8206,2025-01-02,2456,41,3,5546000
8207,2025-05-20,1297,37,1,16147000
8208,2024-03-01,1067,47,3,660000
8209,2025-11-20,1411,21,1,30322000
8210,2025-06-26,675,49,1,8632000
8211,2024-02-20,406,26,6,1797000
8212,2024-08-24,84,43,1,13480000
8213,2025-10-04,549,39,6,8257000
8214,2025-04-13,2888,18,6,7380000
8215,2025-10-20,1177,15,1,2856000
8216,2024-05-28,2430,45,6,13025000
8217,2024-12-19,2782,30,3,14687000
8218,2025-03-14,2044,45,6,7174000
8219,2025-12-25,221,19,6,12704000
8220,2025-04-10,531,17,6,4056000
8221,2024-10-07,2541,31,1,10911000
8222,2025-06-06,865,43,6,15193000
8223,2024-04-15,2306,1,6,16122000
8224,2025-04-06,2572,43,3,10304000
8225,2024-01-23,132,39,3,11103000
8226,2025-03-28,2290,19,6,2698000
8227,2024-06-26,2514,33,1,15260000
8228,2025-08-15,2335,16,2,11766000
8229,2025-01-23,2606,17,1,17446000
8230,2024-05-04,528,33,1,17737000
8231,2025-03-09,1457,33,6,38033000
8232,2025-09-10,1925,50,3,22838000
8233,2024-07-03,1165,34,3,33450000
8234,2024-03-14,8,22,6,11181000
8235,2025-04-25,2310,37,3,5300000
8236,2024-03-31,1482,50,3,9287000
8237,2024-09-24,937,17,6,19502000
8238,2025-01-22,1435,8,1,9898000
8239,2024-08-16,1175,14,6,8760000
8240,2024-10-08,229,46,6,33290000
8241,2025-12-09,110,33,2,17204000
8242,2025-02-28,2672,14,2,8312000
8243,2024-09-02,2421,22,3,14059000
8244,2025-10-26,1198,16,6,1388000
8245,2025-04-05,2212,48,6,33705000
8246,2024-11-29,2537,2,6,27716000
8247,2024-08-02,2831,47,3,6660000
8248,2024-06-08,2143,11,3,40445000
8249,2025-10-14,413,5,1,23090000
8250,2025-02-06,1264,41,1,17021000
8251,2024-04-06,2704,33,2,24365000
8252,2024-11-23,1049,17,6,5850000
8253,2025-07-20,2070,38,1,24559000
8254,2025-04-20,2604,30,3,24382000
8255,2025-05-14,239,24,3,2761000
8256,2025-03-30,103,40,6,16600000
8257,2025-10-22,2956,2,6,10200000
8258,2024-05-13,1577,43,1,36667000
8259,2024-07-08,1818,26,1,2370000
8260,2024-09-18,2924,43,1,40309000
8261,2024-05-13,1751,22,6,2126000
8262,2024-06-05,14,50,6,2206000
8263,2025-09-12,2152,4,6,6130000
8264,2025-05-17,165,31,3,6421000
8265,2025-09-28,2625,16,6,34046000
8266,2025-09-10,2119,32,6,12259000
8267,2025-11-10,1347,11,1,4338000
8268,2025-09-27,2413,40,6,11436000
8269,2024-07-18,1593,37,3,56503000
8270,2025-06-15,1232,24,6,14621000
8271,2024-10-01,441,44,3,10138000
8272,2025-07-12,2760,15,3,30663000
8273,2025-01-06,1853,46,3,13041000
8274,2024-06-06,2160,11,6,21155000
8275,2024-05-30,2477,2,2,45140000
8276,2025-03-05,1442,7,6,18757000
8277,2025-09-09,2964,37,6,28191000
8278,2024-06-18,1973,19,6,48696000
8279,2025-07-10,2024,7,6,10647000
8280,2025-10-20,1358,48,1,6392000
8281,2024-07-16,839,5,6,14300000
8282,2025-08-10,933,5,1,13282000
8283,2025-10-18,1224,32,6,37909000
8284,2025-01-27,261,40,6,19261000
8285,2024-04-07,1904,25,6,13503000
8286,2025-10-07,208,10,3,7657000
8287,2024-01-21,84,3,1,6407000
8288,2025-05-25,2165,28,6,15588000
8289,2025-11-09,2502,50,3,16285000
8290,2024-12-31,2138,43,6,12431000
8291,2024-02-27,21,23,3,24494000
8292,2025-10-13,513,21,1,24307000
8293,2025-06-09,2670,4,6,10547000
8294,2024-07-16,392,40,2,3645000
8295,2024-12-04,884,32,6,139000
8296,2025-09-04,853,11,3,12347000
8297,2025-04-23,2596,37,1,1621000
8298,2025-12-26,2040,19,6,5799000
8299,2024-07-10,734,26,3,12130000
8300,2025-11-23,2503,31,6,32735000
8301,2024-07-18,364,5,6,6455000
8302,2024-06-16,2738,17,1,13842000
8303,2025-07-05,2016,9,3,605000
8304,2025-03-31,1332,29,3,21264000
8305,2024-07-16,398,20,6,13560000
8306,2024-09-14,2680,39,6,22626000
8307,2024-04-27,2432,46,3,1682000
8308,2025-01-19,2703,18,6,7314000
8309,2025-11-25,2354,49,6,40242000
8310,2024-06-29,2593,17,1,1444000
8311,2025-07-20,1139,1,3,8656000
8312,2024-05-24,2020,29,3,17769000
8313,2024-12-29,1846,15,6,2496000
8314,2025-06-24,1358,1,6,9473000
8315,2024-03-01,1313,44,3,1316000
8316,2025-07-08,640,23,3,32960000
8317,2025-10-23,486,2,1,10541000
8318,2024-04-01,2675,35,6,13965000
8319,2025-04-08,535,2,6,10203000
8320,2024-12-29,2372,7,6,19845000
8321,2024-10-11,1529,27,6,9976000
8322,2024-03-20,2537,27,6,34071000
8323,2025-04-15,2812,25,2,18472000
8324,2024-04-04,2949,22,2,12816000
8325,2024-10-03,961,18,3,22209000
8326,2024-03-24,5,12,6,27864000
8327,2025-10-31,1524,22,6,7444000
8328,2025-01-22,2845,20,6,51358000
8329,2025-01-14,1718,42,6,3223000
8330,2025-01-06,1876,13,1,441000
8331,2025-08-25,2634,31,6,16842000
8332,2024-11-04,343,49,2,11842000
8333,2024-12-11,12,28,3,18372000
8334,2024-11-28,2517,2,1,30104000
8335,2024-09-04,999,4,3,9175000
8336,2024-10-31,1746,49,1,39962000
8337,2024-04-30,1273,45,6,752000
8338,2025-10-13,96,27,2,58000
8339,2025-01-19,1370,15,6,16143000
8340,2024-08-13,52,21,1,15400000
8341,2024-10-30,676,35,3,5228000
8342,2024-01-01,2011,46,3,2444000
8343,2024-03-12,2601,27,1,27692000
8344,2025-08-15,830,4,3,8853000
8345,2025-10-26,1548,8,6,60218000
8346,2024-02-27,1962,8,3,20560000
8347,2025-03-18,1631,8,6,4014000
8348,2025-09-10,224,15,6,9331000
8349,2025-04-15,237,22,3,28579000
8350,2024-03-01,1103,8,3,16797000
8351,2025-04-16,2691,37,6,28236000
8352,2025-03-29,2494,28,1,27123000
8353,2024-04-16,2435,37,6,23433000
8354,2025-02-26,1816,3,3,44416000
8355,2025-09-28,1587,44,3,7364000
8356,2025-07-16,1890,18,3,15211000
8357,2025-03-06,284,10,1,9952000
8358,2025-09-11,2095,15,2,128000
8359,2025-06-09,2743,49,6,12914000
8360,2025-07-08,2118,20,6,14605000
8361,2025-04-08,2307,35,3,22876000
8362,2025-05-31,628,17,1,15965000
8363,2025-04-11,1427,40,6,26765000
8364,2025-06-27,1605,35,6,6744000
8365,2024-06-30,1831,17,3,28229000
8366,2024-07-10,2851,15,3,25969000
8367,2024-02-06,2335,46,6,24364000
8368,2024-03-07,1329,17,6,14708000
8369,2024-12-06,2419,23,3,15810000
8370,2024-04-28,797,49,1,1347000
8371,2025-01-28,1853,10,2,4405000
8372,2024-03-08,1342,25,6,16818000
8373,2025-06-18,271,18,2,5618000
8374,2025-07-02,653,35,1,22480000
8375,2024-10-27,1662,20,3,11060000
8376,2025-10-19,488,42,1,4906000
8377,2025-04-05,327,27,6,20691000
8378,2024-02-27,2327,18,1,6737000
8379,2025-11-10,888,43,3,23936000
8380,2025-01-17,2335,27,1,21806000
8381,2025-04-25,2207,6,1,14665000
8382,2024-04-30,2678,40,2,14595000
8383,2025-01-08,436,33,3,7397000
8384,2025-12-27,989,25,3,12623000
8385,2024-01-24,108,18,6,606000
8386,2025-08-31,198,20,6,29577000
8387,2024-11-08,1153,39,6,5720000
8388,2024-03-02,1422,44,3,5008000
8389,2024-03-07,1346,7,3,1743000
8390,2024-08-16,2525,17,1,12833000
8391,2025-05-21,2293,37,3,22658000
8392,2025-12-21,2564,5,3,12954000
8393,2025-12-03,658,28,3,28314000
8394,2025-09-02,223,2,3,3016000
8395,2025-05-27,1745,44,2,11241000
8396,2025-10-17,1732,34,3,27937000
8397,2024-10-25,1263,6,6,12983000
8398,2025-10-16,1748,47,6,3232000
8399,2024-04-08,422,31,6,33986000
8400,2025-12-02,624,39,6,4136000
8401,2024-06-16,9,27,6,4982000
8402,2024-02-21,2282,2,6,11144000
8403,2025-06-15,1412,36,1,16089000
8404,2024-10-13,2779,1,6,5925000
8405,2025-09-30,2653,31,6,10664000
8406,2025-12-29,2803,38,6,5586000
8407,2025-12-19,1984,12,6,5250000
8408,2024-01-07,138,15,2,2860000
8409,2024-07-21,343,24,3,36305000
8410,2025-06-16,1695,6,6,1919000
8411,2024-12-21,2415,36,3,23596000
8412,2025-03-21,730,50,1,4592000
8413,2025-12-03,1271,40,6,19831000
8414,2025-10-10,1918,27,6,22893000
8415,2025-10-22,412,40,6,7629000
8416,2025-08-26,1419,33,1,10332000
8417,2024-07-04,1487,5,3,24108000
8418,2025-08-09,156,6,3,13762000
8419,2024-05-19,1653,15,1,22037000
8420,2024-09-25,2551,9,1,12126000
8421,2025-03-29,1992,45,6,20810000
8422,2024-02-26,2178,21,3,10530000
8423,2024-11-09,2782,11,6,46622000
8424,2025-06-02,706,16,3,8146000
8425,2025-11-05,1477,48,6,7596000
8426,2024-09-27,814,45,6,6220000
8427,2024-09-19,2205,12,2,17432000
8428,2024-09-03,2141,41,3,13680000
8429,2024-04-30,495,21,6,14567000
8430,2025-05-03,1661,39,6,9919000
8431,2024-04-12,2754,24,2,9710000
8432,2024-08-03,2551,35,6,17911000
8433,2025-01-12,1018,11,1,12704000
8434,2025-04-26,1482,1,3,8653000
8435,2024-08-08,2498,32,1,23819000
8436,2024-04-30,1896,21,1,9413000
8437,2024-11-23,613,44,1,20645000
8438,2024-05-30,1142,16,6,14825000
8439,2025-12-16,593,7,1,35393000
8440,2025-08-05,1432,48,6,10070000
8441,2025-08-12,1772,21,6,6197000
8442,2024-06-18,2260,1,6,45208000
8443,2024-07-21,913,24,2,14036000
8444,2024-01-13,1722,46,6,32265000
8445,2025-12-08,1335,50,6,23888000
8446,2025-06-19,182,20,3,16126000
8447,2024-06-23,2512,19,3,7212000
8448,2025-05-02,2781,35,1,7106000
8449,2025-06-15,1553,12,6,705000
8450,2024-12-21,2137,29,1,26862000
8451,2025-08-13,776,47,6,57241000
8452,2024-01-24,1753,49,1,26629000
8453,2025-10-07,2621,24,3,24940000
8454,2025-04-19,2966,14,6,11633000
8455,2024-01-20,2145,4,6,10374000
8456,2024-12-26,2206,9,1,70000
8457,2025-03-04,589,49,1,11051000
8458,2025-12-24,2722,6,6,7071000
8459,2025-04-16,1529,2,3,7288000
8460,2024-03-27,1516,13,1,52912000
8461,2025-10-13,1841,48,3,39723000
8462,2024-08-08,1232,50,3,41968000
8463,2024-10-19,1818,31,6,3677000
8464,2025-01-23,2859,35,3,8684000
8465,2025-12-14,2768,27,1,13796000
8466,2025-05-14,368,16,6,18358000
8467,2025-08-27,2408,35,6,7343000
8468,2024-01-09,2151,2,6,7444000
8469,2024-09-11,2073,12,3,17214000
8470,2025-08-20,2256,48,2,35061000
8471,2024-06-29,2886,10,1,11037000
8472,2025-11-05,2506,25,6,5894000
8473,2025-04-08,2818,48,6,26166000
8474,2024-07-18,2643,32,6,4724000
8475,2024-10-03,1181,22,2,7039000
8476,2024-06-11,2566,21,6,316000
8477,2024-06-07,693,10,2,576000
8478,2025-07-08,2691,14,6,1418000
8479,2025-02-21,1051,44,6,14475000
8480,2024-05-14,2409,37,6,16121000
8481,2024-05-04,859,34,2,6224000
8482,2025-04-03,308,36,6,2012000
8483,2024-02-15,2986,28,3,3057000
8484,2025-08-29,2672,13,3,44403000
8485,2025-09-05,1078,22,2,5904000
8486,2024-02-07,1575,43,3,37595000
8487,2024-07-23,2125,47,1,24665000
8488,2025-09-23,578,5,6,11759000
8489,2024-05-29,2385,34,6,2741000
8490,2024-01-16,1254,45,1,24894000
8491,2025-05-11,2077,24,6,23725000
8492,2024-04-18,235,16,6,989000
8493,2025-10-28,781,41,2,30341000
8494,2025-01-03,1543,39,6,46708000
8495,2025-10-28,2665,49,6,35968000
8496,2024-06-29,1295,41,3,7273000
8497,2025-12-04,2381,25,3,40873000
8498,2024-11-03,301,9,1,5372000
8499,2024-11-22,689,36,3,32655000
8500,2025-07-13,2517,38,3,4634000
8501,2025-11-24,2247,33,3,1920000
8502,2025-01-27,128,34,3,24562000
8503,2024-04-03,15,30,3,11440000
8504,2024-10-16,2441,48,1,6103000
8505,2024-07-28,2884,26,2,26765000
8506,2024-09-07,1696,33,2,2151000
8507,2025-06-03,2664,22,3,18892000
8508,2025-11-09,2071,19,6,2061000
8509,2024-10-05,858,32,1,18322000
8510,2024-04-25,813,12,6,115000
8511,2025-12-28,2025,32,6,24224000
8512,2024-08-05,2290,15,2,13123000
8513,2025-08-24,311,44,3,32182000
8514,2024-02-26,1247,15,3,19792000
8515,2024-10-31,2861,16,3,23545000
8516,2025-08-28,1921,37,6,4203000
8517,2024-12-03,1540,33,6,2278000
8518,2024-06-29,481,36,3,13271000
8519,2025-07-23,135,5,3,5150000
8520,2025-04-28,1144,30,1,174000
8521,2025-09-04,375,46,1,43364000
8522,2024-04-17,504,11,6,28859000
8523,2024-12-31,2536,45,6,37023000
8524,2024-11-12,1588,1,1,26038000
8525,2024-02-28,538,44,1,9929000
8526,2024-04-19,545,5,6,5605000
8527,2025-06-24,465,29,2,8436000
8528,2024-11-11,728,46,1,3170000
8529,2024-05-23,2024,21,3,1011000
8530,2025-07-11,2259,6,3,42156000
8531,2025-06-29,1301,40,1,5149000
8532,2024-01-25,1698,14,3,2975000
8533,2024-09-24,477,25,6,6524000
8534,2024-05-13,1858,11,6,19175000
8535,2024-04-01,2267,37,2,55194000
8536,2024-01-10,2355,23,1,15017000
8537,2024-04-09,175,2,2,22379000
8538,2025-04-15,2466,43,1,8968000
8539,2024-11-27,264,15,6,36854000
8540,2025-10-14,696,10,1,27966000
8541,2025-07-10,2672,2,3,8191000
8542,2024-08-08,2714,29,2,22167000
8543,2024-06-29,123,37,3,29766000
8544,2024-04-03,2445,20,3,16576000
8545,2024-03-17,1136,25,3,18153000
8546,2025-01-31,338,46,1,13571000
8547,2025-02-16,147,30,6,2603000
8548,2024-05-26,2011,11,3,17866000
8549,2025-10-09,1157,24,2,3189000
8550,2025-12-13,2921,37,3,6546000
8551,2024-01-08,1778,48,1,29000
8552,2025-12-07,2807,23,1,41564000
8553,2024-09-03,848,24,2,2570000
8554,2024-04-24,1648,46,1,44080000
8555,2025-03-07,541,21,2,25806000
8556,2024-02-06,1280,37,6,27173000
8557,2025-01-21,490,32,1,28850000
8558,2024-02-06,1488,43,2,3982000
8559,2024-12-12,412,14,1,4870000
8560,2025-11-04,515,2,3,5267000
8561,2025-02-09,1816,13,3,29010000
8562,2025-08-23,614,19,2,16641000
8563,2025-05-04,1268,6,1,8335000
8564,2024-12-12,2323,41,6,22272000
8565,2025-02-28,1383,16,1,35745000
8566,2025-07-30,205,15,6,10424000
8567,2024-08-18,2708,34,6,11367000
8568,2025-05-07,1139,13,1,80459000
8569,2025-09-11,415,38,6,40118000
8570,2025-05-31,80,45,3,27288000
8571,2024-01-29,2264,20,3,10820000
8572,2025-02-05,581,44,6,35915000
8573,2025-05-14,1477,3,3,23616000
8574,2025-12-31,1271,28,3,16916000
8575,2024-09-03,2656,8,6,25569000
8576,2025-02-04,1486,1,2,6504000
8577,2024-08-18,2366,17,6,15072000
8578,2025-01-04,2093,46,6,10763000
8579,2025-02-01,1178,42,1,2477000
8580,2024-03-01,401,33,3,11814000
8581,2025-10-23,2449,2,1,14398000
8582,2024-08-06,693,1,2,24270000
8583,2025-01-19,1426,7,3,6311000
8584,2025-06-18,2243,39,3,18891000
8585,2025-02-19,65,39,2,16880000
8586,2025-05-13,1430,3,6,7936000
8587,2024-12-17,492,48,3,16912000
8588,2024-06-14,1597,30,6,8701000
8589,2025-10-11,1452,2,6,6942000
8590,2025-02-14,386,26,1,3116000
8591,2025-11-08,596,44,3,14013000
8592,2025-10-04,1163,13,3,19830000
8593,2025-11-21,1767,23,6,14872000
8594,2025-07-04,2607,36,6,24303000
8595,2024-06-17,42,10,3,3116000
8596,2024-09-20,2277,32,2,16916000
8597,2024-01-31,932,25,6,56979000
8598,2024-08-20,1165,32,6,13566000
8599,2024-10-29,363,17,6,55053000
8600,2024-05-26,2960,46,6,6520000
8601,2024-04-27,2811,38,6,19756000
8602,2024-10-29,1381,14,2,24635000
8603,2024-10-30,1489,38,6,32764000
8604,2024-12-29,63,36,3,813000
8605,2024-02-20,595,41,3,12430000
8606,2024-01-19,1748,47,3,14780000
8607,2024-12-24,1250,31,1,13126000
8608,2024-11-18,1740,17,1,8260000
8609,2025-04-04,2818,9,3,7910000
8610,2024-09-17,833,27,2,21175000
8611,2024-02-08,2500,2,3,20740000
8612,2025-06-17,654,17,6,11554000
8613,2024-02-28,2642,34,2,20552000
8614,2024-09-27,2908,28,6,6147000
8615,2025-03-28,169,10,1,401000
8616,2025-03-04,25,29,6,15033000
8617,2024-04-25,2016,4,6,10704000
8618,2024-01-14,686,12,6,9512000
8619,2024-06-22,1375,21,1,21713000
8620,2025-11-07,2697,6,1,1301000
8621,2024-09-17,383,29,6,34876000
8622,2024-07-09,765,35,2,10549000
8623,2025-08-12,1419,20,2,2668000
8624,2025-05-18,1516,18,3,36191000
8625,2024-04-08,1591,16,6,13085000
8626,2025-09-20,149,23,3,4100000
8627,2024-10-01,2272,11,3,7934000
8628,2024-04-26,1826,13,3,14722000
8629,2024-07-28,866,49,3,1155000
8630,2025-02-19,2534,41,3,19289000
8631,2024-01-27,2225,11,3,3034000
8632,2025-03-09,2670,43,6,2189000
8633,2025-03-20,447,9,3,9720000
8634,2025-01-26,1167,25,6,5624000
8635,2025-02-22,1965,25,6,1998000
8636,2025-04-19,2274,23,6,5646000
8637,2024-06-22,1356,4,3,3327000
8638,2024-09-24,1446,4,2,16571000
8639,2025-10-26,1253,16,3,14051000
8640,2025-08-17,2314,10,6,2154000
8641,2025-04-24,64,38,3,29164000
8642,2024-06-23,2108,28,3,1772000
8643,2024-01-09,591,34,6,16443000
8644,2025-10-05,1372,49,2,5084000
8645,2024-09-13,977,34,1,903000
8646,2024-11-26,2800,22,1,6958000
8647,2024-01-12,1009,12,3,469000
8648,2025-02-23,1382,37,2,22731000
8649,2025-07-03,501,37,3,18868000
8650,2024-02-06,1430,12,3,22567000
8651,2024-07-29,2477,50,3,6744000
8652,2024-12-12,798,1,6,12756000
8653,2025-05-15,899,1,3,36626000
8654,2024-08-18,218,15,3,2356000
8655,2025-06-23,1186,2,3,417000
8656,2025-03-17,2611,31,6,4155000
8657,2025-02-15,2427,10,2,14792000
8658,2025-08-18,2649,8,2,19471000
8659,2024-12-02,53,32,3,14488000
8660,2025-08-15,1877,3,3,13672000
8661,2024-12-28,1987,19,6,523000
8662,2024-12-22,2895,18,2,22707000
8663,2025-03-22,2422,8,6,484000
8664,2024-09-10,2089,30,6,22281000
8665,2025-04-27,849,36,6,2230000
8666,2024-09-08,477,50,6,13750000
8667,2025-01-16,1693,32,6,14295000
8668,2025-09-14,1289,39,6,3758000
8669,2025-10-01,670,37,6,7484000
8670,2024-07-03,1676,15,1,4046000
8671,2025-05-02,895,11,6,9779000
8672,2024-08-21,2004,49,3,8107000
8673,2024-07-14,2771,41,3,23972000
8674,2024-03-21,2339,43,2,4633000
8675,2024-11-30,1676,26,6,27815000
8676,2025-11-30,448,17,3,3338000
8677,2025-12-02,957,20,1,18293000
8678,2024-01-22,1837,26,3,1407000
8679,2025-10-29,945,10,3,28317000
8680,2025-06-03,1819,25,3,31566000
8681,2024-03-28,2626,41,6,4239000
8682,2024-02-04,1451,47,2,20873000
8683,2025-08-20,424,31,2,10447000
8684,2024-06-12,2789,18,1,19134000
8685,2024-08-31,1753,48,1,31584000
8686,2025-03-28,1026,47,1,11517000
8687,2025-04-18,1022,35,2,8824000
8688,2024-03-09,893,5,3,1564000
8689,2024-09-26,790,19,2,12423000
8690,2024-07-11,1411,44,6,2316000
8691,2024-05-02,1792,48,3,18045000
8692,2024-05-26,1696,8,3,23029000
8693,2024-04-21,1176,30,6,5085000
8694,2024-06-23,104,29,1,16228000
8695,2024-09-18,1890,35,6,45734000
8696,2024-08-22,1409,20,3,6147000
8697,2024-10-14,1326,23,6,14965000
8698,2024-11-08,1852,13,2,23419000
8699,2025-10-29,401,50,6,9873000
8700,2025-06-08,2187,21,3,11401000
8701,2024-06-29,1657,26,1,25295000
8702,2025-04-29,2610,47,2,16395000
8703,2024-01-15,2235,42,3,51609000
8704,2025-09-10,1100,15,3,37260000
8705,2024-07-18,186,8,6,32910000
8706,2025-07-14,2736,24,6,334000
8707,2025-06-03,427,26,6,6568000
8708,2025-03-19,41,34,3,9773000
8709,2024-02-18,2777,17,2,8825000
8710,2025-06-04,2801,40,3,4183000
8711,2025-11-18,532,19,6,21146000
8712,2025-02-15,2932,12,3,23157000
8713,2025-06-23,699,28,3,47972000
8714,2025-04-23,841,17,6,6699000
8715,2024-02-04,2233,30,1,15981000
8716,2025-03-20,826,6,6,10745000
8717,2025-07-31,800,45,2,8524000
8718,2025-06-12,350,13,6,4618000
8719,2024-05-16,622,38,1,25514000
8720,2025-06-16,29,20,6,6841000
8721,2024-01-07,2663,15,2,25828000
8722,2025-10-19,2149,48,1,17753000
8723,2024-10-10,2326,8,2,8979000
8724,2025-02-15,1173,32,6,646000
8725,2024-09-18,2379,12,6,6174000
8726,2024-07-21,2298,45,6,5849000
8727,2025-07-22,393,14,1,6837000
8728,2025-05-01,2659,9,1,39291000
8729,2025-10-12,1997,45,3,6932000
8730,2024-04-15,2287,5,6,71184000
8731,2024-12-19,851,43,3,15747000
8732,2024-07-08,1496,45,3,29821000
8733,2025-07-01,1021,3,1,18903000
8734,2024-03-31,820,26,6,2954000
8735,2024-03-05,1672,4,1,3240000
8736,2024-09-07,2063,20,3,8990000
8737,2025-04-29,2135,30,6,3066000
8738,2024-01-14,633,33,6,6162000
8739,2024-11-13,2449,1,6,22503000
8740,2024-06-12,1695,45,6,11798000
8741,2025-06-27,2085,5,2,708000
8742,2024-12-12,2847,2,1,27603000
8743,2025-08-24,361,27,6,4208000
8744,2025-07-03,306,12,3,5110000
8745,2025-06-06,2742,16,6,13665000
8746,2025-09-16,2596,15,3,5349000
8747,2025-10-25,2213,22,3,7253000
8748,2024-08-16,238,50,3,14841000
8749,2024-06-07,753,29,3,1226000
8750,2024-04-08,1122,28,3,16217000
8751,2024-12-22,1024,38,6,8893000
8752,2024-09-07,1728,38,3,617000
8753,2024-06-01,996,50,1,17584000
8754,2024-02-13,1797,11,6,7765000
8755,2025-06-07,1698,7,2,39148000
8756,2024-12-14,1769,44,1,12475000
8757,2024-08-24,213,45,6,17628000
8758,2025-05-25,2264,2,3,15912000
8759,2025-11-26,2360,18,6,45249000
8760,2025-05-18,154,6,6,2525000
8761,2025-12-21,318,10,3,22529000
8762,2024-01-01,1046,19,6,29138000
8763,2024-04-17,650,3,3,20923000
8764,2024-07-25,1720,9,6,6911000
8765,2025-07-15,1829,20,3,10160000
8766,2024-12-03,1650,12,1,2247000
8767,2025-04-04,2231,42,3,27475000
8768,2025-03-11,2878,5,6,327000
8769,2024-08-14,533,29,6,2793000
8770,2025-02-21,104,46,6,49308000
8771,2024-07-11,2504,42,6,13856000
8772,2025-10-17,272,46,1,1260000
8773,2025-02-21,2283,37,3,10040000
8774,2024-02-20,1748,24,6,258000
8775,2024-10-25,305,45,6,9236000
8776,2025-08-30,2248,17,1,41091000
8777,2025-03-01,1658,46,1,3104000
8778,2025-11-22,1011,31,6,29448000
8779,2025-03-02,351,33,6,12715000
8780,2024-12-28,907,22,6,29809000
8781,2025-04-08,1973,46,6,15611000
8782,2025-06-21,1484,37,1,13692000
8783,2025-12-05,2497,18,6,2690000
8784,2025-06-01,958,27,3,8183000
8785,2025-07-02,2790,33,1,25251000
8786,2025-03-26,1195,20,3,5066000
8787,2025-08-02,681,13,3,6178000
8788,2025-01-21,154,19,1,24961000
8789,2024-10-02,1094,21,2,40960000
8790,2024-07-05,1440,25,6,4500000
8791,2025-10-17,255,10,3,29561000
8792,2025-05-05,2118,12,3,28572000
8793,2024-12-06,2408,36,3,7398000
8794,2024-03-14,1631,49,3,17646000
8795,2024-01-04,960,29,6,8718000
8796,2024-08-01,663,38,6,28879000
8797,2024-01-03,913,33,3,40548000
8798,2024-11-07,877,32,6,16038000
8799,2024-04-02,2561,11,6,13678000
8800,2025-09-17,2249,1,3,402000
8801,2025-01-19,1306,21,3,7872000
8802,2024-01-16,2147,27,3,6299000
8803,2025-09-21,2432,30,2,2706000
8804,2025-05-22,2972,48,3,48271000
8805,2024-07-30,2559,14,3,38026000
8806,2024-08-28,524,40,6,7417000
8807,2024-02-03,682,44,6,7946000
8808,2025-01-10,2409,19,1,28273000
8809,2025-01-02,176,5,6,37245000
8810,2025-01-17,1837,24,6,11238000
8811,2024-11-23,1945,20,3,12766000
8812,2025-01-22,870,41,1,15748000
8813,2025-07-22,292,1,6,5505000
8814,2025-11-16,14,22,6,20017000
8815,2024-03-01,1382,21,6,12571000
8816,2024-08-03,2144,46,6,193000
8817,2024-04-28,209,37,6,8359000
8818,2024-01-07,118,48,6,21062000
8819,2025-01-23,477,27,3,2756000
8820,2025-11-06,1405,13,3,24147000
8821,2025-03-27,1551,26,2,14675000
8822,2025-12-10,674,19,6,2832000
8823,2025-12-11,1535,25,3,21852000
8824,2025-04-19,2877,38,3,9674000
8825,2025-06-06,347,19,1,817000
8826,2024-08-23,2829,25,3,9624000
8827,2025-04-07,1345,30,6,9782000
8828,2025-01-05,1077,26,2,24593000
8829,2025-01-28,2280,13,6,3706000
8830,2024-07-03,1712,2,6,14727000
8831,2024-07-18,965,34,3,39359000
8832,2024-06-10,2580,20,3,8922000
8833,2025-12-22,2412,28,3,4721000
8834,2025-02-13,1545,47,2,36780000
8835,2025-07-13,2885,47,2,3942000
8836,2025-06-10,1910,49,6,21375000
8837,2025-06-13,2278,3,6,32465000
8838,2024-04-20,1185,41,3,15515000
8839,2024-07-16,1717,15,6,9532000
8840,2025-06-23,1823,17,6,8062000
8841,2024-04-17,566,48,6,5074000
8842,2024-05-03,2310,16,6,29493000
8843,2025-09-19,232,11,1,43488000
8844,2025-11-01,2488,14,2,11688000
8845,2025-09-07,2649,45,6,33334000
8846,2024-10-28,883,5,1,31910000
8847,2024-03-27,809,18,6,10093000
8848,2024-12-04,1801,39,3,10361000
8849,2025-09-02,126,3,6,34731000
8850,2024-07-08,1404,26,6,21512000
8851,2025-07-24,1988,9,1,1791000
8852,2024-02-28,1563,42,1,10037000
8853,2025-03-05,1428,29,3,11373000
8854,2024-07-21,1811,45,2,3495000
8855,2025-10-24,2790,24,2,5047000
8856,2024-02-23,1167,7,1,16018000
8857,2025-02-12,1990,30,6,37617000
8858,2025-01-23,1994,39,6,11712000
8859,2025-08-16,2689,45,1,1453000
8860,2024-05-11,2948,9,6,39128000
8861,2025-09-07,1569,31,1,1330000
8862,2025-04-24,326,38,6,2799000
8863,2025-04-27,1285,22,6,49246000
8864,2025-08-19,485,9,2,881000
8865,2025-09-11,1253,22,6,13848000
8866,2025-11-17,98,11,3,27707000
8867,2025-12-22,2559,45,6,12850000
8868,2024-11-01,834,36,3,1414000
8869,2024-05-21,1545,38,6,10770000
8870,2025-02-17,2341,18,2,15418000
8871,2024-08-29,2766,25,6,25375000
8872,2025-05-13,1105,50,3,29992000
8873,2025-06-17,1747,33,3,401000
8874,2025-08-20,1601,39,3,4195000
8875,2025-06-15,1962,34,6,39172000
8876,2024-08-25,2314,6,6,25743000
8877,2024-05-05,2209,45,1,2463000
8878,2024-11-27,2393,3,3,22974000
8879,2024-10-19,2499,4,6,3281000
8880,2024-10-25,1067,30,6,10488000
8881,2024-07-09,1877,4,6,4183000
8882,2024-05-21,1484,20,6,28132000
8883,2024-12-17,2976,10,6,13840000
8884,2025-07-28,1688,5,2,16058000
8885,2025-09-08,1369,17,6,26492000
8886,2025-10-26,669,36,6,25516000
8887,2024-10-10,225,30,6,2253000
8888,2024-04-02,2514,16,3,42727000
8889,2024-05-06,1035,25,3,481000
8890,2024-09-01,1839,35,1,11938000
8891,2025-07-26,127,15,6,71189000
8892,2025-02-27,2144,39,3,1974000
8893,2025-12-06,472,44,2,19394000
8894,2025-07-27,2672,42,6,4392000
8895,2025-07-01,2027,31,6,1498000
8896,2024-01-01,2948,31,6,3358000
8897,2024-01-31,436,13,3,8600000
8898,2025-10-31,2754,40,1,5949000
8899,2025-09-07,2572,12,6,775000
8900,2025-02-07,1851,40,6,6362000
8901,2025-12-09,1248,50,6,6070000
8902,2024-09-07,377,49,6,6400000
8903,2025-05-08,275,34,6,13927000
8904,2024-07-04,1665,27,6,58853000
8905,2025-06-24,1685,5,6,12457000
8906,2024-08-26,928,49,3,11712000
8907,2025-02-05,851,35,3,6985000
8908,2024-09-04,43,13,1,30243000
8909,2025-02-23,532,20,3,3172000
8910,2025-06-12,1726,20,2,8700000
8911,2025-09-16,1036,26,6,4604000
8912,2025-01-10,1134,37,6,2223000
8913,2025-04-08,125,50,6,6305000
8914,2024-08-18,1615,20,6,18242000
8915,2024-09-11,1052,37,6,25827000
8916,2024-10-21,423,9,2,1510000
8917,2025-10-30,1905,25,1,21457000
8918,2024-02-19,2216,42,3,20455000
8919,2024-03-19,2870,12,3,18590000
8920,2025-09-22,1023,17,3,8561000
8921,2024-06-16,2182,1,3,4404000
8922,2025-11-21,2414,11,3,18084000
8923,2024-12-29,1009,25,6,13677000
8924,2024-01-27,1184,41,6,15794000
8925,2025-02-12,2149,28,3,13032000
8926,2025-03-04,2453,3,2,426000
8927,2024-03-22,2463,11,1,14889000
8928,2024-07-11,367,21,1,12405000
8929,2024-11-03,60,18,3,12750000
8930,2024-11-16,2611,30,6,9772000
8931,2025-06-10,2825,18,1,4596000
8932,2025-04-18,1734,34,6,6216000
8933,2024-04-05,2670,12,6,1894000
8934,2025-04-04,2983,37,1,12267000
8935,2024-09-04,927,16,6,34525000
8936,2025-03-22,2522,20,1,24571000
8937,2024-01-21,384,36,6,19970000
8938,2024-09-19,1313,29,6,13824000
8939,2025-01-22,344,27,1,8957000
8940,2025-08-12,2929,50,6,7245000
8941,2024-02-24,2996,27,6,41645000
8942,2024-03-07,57,14,2,10439000
8943,2025-07-01,1258,5,6,5591000
8944,2024-09-08,2738,12,6,7588000
8945,2025-01-12,576,14,6,21465000
8946,2025-10-11,1754,24,6,2522000
8947,2024-10-15,1760,48,3,27427000
8948,2024-05-10,2700,4,1,4215000
8949,2025-07-08,1149,48,6,5917000
8950,2025-04-10,2767,12,6,2231000
8951,2024-09-23,1240,44,2,4596000
8952,2024-03-18,2466,49,3,4319000
8953,2025-09-24,709,46,3,8556000
8954,2025-09-08,470,20,1,30023000
8955,2024-12-07,869,22,6,23765000
8956,2024-07-03,1405,41,6,26222000
8957,2024-05-08,2183,43,6,7136000
8958,2025-10-24,10,32,3,15211000
8959,2024-03-27,1017,33,6,12730000
8960,2025-12-29,1863,22,3,10597000
8961,2024-09-07,1054,50,2,3812000
8962,2025-04-19,2756,18,3,38410000
8963,2024-03-31,2061,48,6,2722000
8964,2024-01-19,1534,45,3,21194000
8965,2024-05-21,2744,17,2,8374000
8966,2024-12-20,2751,21,6,17337000
8967,2025-03-03,2919,23,2,8913000
8968,2024-05-14,244,26,3,6916000
8969,2024-01-24,2712,41,6,17633000
8970,2024-04-21,393,40,6,9345000
8971,2025-08-29,1861,14,6,11712000
8972,2024-06-08,1345,16,3,4027000
8973,2024-08-25,487,21,3,33133000
8974,2024-10-06,1551,20,1,32545000
8975,2025-09-02,1026,18,1,19997000
8976,2025-07-14,68,45,6,11620000
8977,2024-09-17,2756,2,2,15502000
8978,2025-08-21,676,50,1,24495000
8979,2024-04-20,2356,23,3,988000
8980,2025-04-28,2295,32,1,7738000
8981,2024-01-16,1402,44,1,16378000
8982,2025-08-18,111,3,1,4663000
8983,2024-10-05,2597,47,1,19037000
8984,2024-07-09,2551,11,6,11345000
8985,2024-05-25,103,22,6,39732000
8986,2025-12-27,1507,46,6,5605000
8987,2025-01-26,605,33,6,22573000
8988,2025-09-13,2040,24,6,8509000
8989,2024-12-19,1813,35,1,25107000
8990,2024-08-22,2435,16,3,26716000
8991,2025-08-17,1185,14,2,30663000
8992,2024-01-31,2369,44,6,7139000
8993,2024-03-22,2210,33,3,31796000
8994,2024-12-27,1823,36,6,2354000
8995,2025-06-27,766,34,3,4077000
8996,2025-11-26,2318,22,6,4691000
8997,2024-07-03,2974,33,1,966000
8998,2025-09-10,1826,34,1,5492000
8999,2024-01-13,2794,5,3,3020000
9000,2025-09-08,2304,28,6,10192000
9001,2025-10-08,2636,38,3,27679000
9002,2024-10-26,1656,49,3,6813000
9003,2025-04-06,1198,22,6,24135000
9004,2024-06-10,2742,21,6,10605000
9005,2025-10-17,1916,1,1,8119000
9006,2024-06-09,1833,7,3,8744000
9007,2025-10-16,2080,29,6,15747000
9008,2025-06-16,1852,22,3,14325000
9009,2025-08-16,2262,3,1,62452000
9010,2024-02-05,1990,22,1,5363000
9011,2024-02-16,1033,26,3,19100000
9012,2024-02-18,1896,19,1,51742000
9013,2025-08-17,86,41,6,21462000
9014,2024-09-22,2184,17,6,37694000
9015,2025-05-21,779,40,1,44520000
9016,2024-02-12,611,20,6,25320000
9017,2024-10-02,54,44,6,5535000
9018,2024-08-29,2603,7,3,2633000
9019,2025-05-10,331,35,3,3502000
9020,2025-11-19,2,8,2,37822000
9021,2024-07-04,238,49,1,946000
9022,2025-02-11,2001,12,3,13914000
9023,2025-11-28,2659,5,6,23184000
9024,2025-09-25,2582,17,1,14276000
9025,2025-03-19,339,41,6,13878000
9026,2025-03-01,2713,27,6,15142000
9027,2025-05-10,272,2,6,1800000
9028,2025-12-12,2348,15,6,8207000
9029,2024-07-06,1815,22,6,3864000
9030,2025-01-10,554,45,2,7959000
9031,2025-07-10,1016,7,1,10267000
9032,2024-01-12,2669,1,2,19408000
9033,2025-01-30,328,41,3,26043000
9034,2024-08-14,732,6,6,7004000
9035,2024-06-11,2330,3,3,4939000
9036,2025-05-19,1210,5,6,20139000
9037,2025-01-21,2914,45,6,5504000
9038,2024-08-03,155,36,6,43206000
9039,2024-01-25,1216,10,3,14909000
9040,2025-11-10,964,7,6,546000
9041,2025-05-17,575,14,1,35038000
9042,2024-11-03,1565,48,6,8472000
9043,2024-10-14,1943,8,3,6842000
9044,2025-01-24,198,26,3,1341000
9045,2025-03-16,1861,42,1,4890000
9046,2025-05-18,1857,34,3,13464000
9047,2025-09-25,674,5,6,6605000
9048,2024-05-05,2226,8,2,9678000
9049,2024-03-02,1881,11,3,15994000
9050,2024-01-27,2064,43,6,4821000
9051,2025-04-27,2543,35,3,16260000
9052,2024-04-17,2685,7,6,17272000
9053,2024-03-03,1413,50,6,5981000
9054,2024-10-04,1905,41,6,32895000
9055,2024-12-04,2210,41,6,5140000
9056,2025-04-10,1494,29,3,5814000
9057,2024-01-22,923,47,1,8579000
9058,2025-02-12,2575,30,6,15496000
9059,2025-10-10,2413,49,6,6028000
9060,2025-05-15,2471,6,3,4234000
9061,2025-08-20,2532,46,3,5154000
9062,2025-08-20,2564,14,6,10882000
9063,2025-06-25,1157,35,6,14250000
9064,2024-11-18,665,14,2,10924000
9065,2025-07-04,19,19,6,22295000
9066,2024-08-07,793,17,1,20608000
9067,2024-01-26,1081,40,3,9961000
9068,2024-06-27,107,30,3,1084000
9069,2024-01-03,97,10,6,25970000
9070,2025-04-24,1432,22,6,30738000
9071,2025-04-02,1423,13,3,17134000
9072,2025-03-20,1191,46,3,9855000
9073,2025-03-10,864,34,1,13833000
9074,2024-12-15,331,7,6,38037000
9075,2024-05-24,2600,13,3,15004000
9076,2024-07-16,1430,33,1,8873000
9077,2024-04-01,1945,12,6,14204000
9078,2024-08-18,2807,16,2,26132000
9079,2025-07-11,217,48,6,33596000
9080,2025-07-20,2611,41,2,59798000
9081,2025-07-02,2832,33,6,10515000
9082,2025-12-12,324,7,1,8358000
9083,2025-01-11,2057,2,6,2634000
9084,2024-11-07,2876,15,2,14476000
9085,2025-02-11,1305,44,6,34613000
9086,2025-05-10,520,6,2,5201000
9087,2024-05-16,1824,7,6,7940000
9088,2025-06-12,433,1,3,1902000
9089,2025-06-27,389,43,6,3399000
9090,2025-03-01,1757,15,6,9192000
9091,2024-05-11,350,22,1,12255000
9092,2025-03-04,1983,13,6,9706000
9093,2024-04-27,298,1,6,1930000
9094,2024-01-07,1618,35,6,21473000
9095,2025-06-22,2642,28,6,23771000
9096,2025-03-05,1259,7,6,7380000
9097,2025-04-29,964,23,3,6460000
9098,2024-11-14,1752,36,3,24496000
9099,2024-12-09,785,41,6,24340000
9100,2024-10-25,761,22,1,7421000
9101,2024-11-21,1882,29,6,7900000
9102,2025-07-05,2388,37,6,14196000
9103,2025-05-08,906,44,3,16323000
9104,2025-01-17,363,25,6,25545000
9105,2024-02-04,920,47,1,4022000
9106,2025-11-15,2666,16,6,12154000
9107,2024-01-31,409,17,3,7934000
9108,2025-09-21,1446,46,3,123000
9109,2025-11-26,1802,42,2,44263000
9110,2024-12-25,2639,50,3,29260000
9111,2025-09-27,2499,25,1,42236000
9112,2024-05-24,916,4,6,10620000
9113,2025-05-14,2013,10,6,10467000
9114,2025-08-28,1715,5,2,28431000
9115,2025-01-05,2616,42,3,1119000
9116,2025-12-23,1412,44,1,18906000
9117,2024-08-23,2069,50,6,19896000
9118,2024-04-03,1612,9,3,9555000
9119,2025-11-30,71,28,1,44642000
9120,2025-07-14,2085,6,6,5442000
9121,2025-12-13,2987,27,6,2400000
9122,2024-02-24,2711,13,3,11744000
9123,2025-08-12,2192,4,6,7619000
9124,2024-03-26,2617,34,1,36206000
9125,2024-09-26,820,18,3,16922000
9126,2024-07-28,1669,16,6,7567000
9127,2025-03-21,2161,4,3,3728000
9128,2025-05-25,1815,40,1,21685000
9129,2024-10-18,1996,10,6,7016000
9130,2025-12-19,1068,7,6,264000
9131,2025-04-19,1588,10,3,9341000
9132,2025-07-03,2011,48,6,12526000
9133,2024-09-04,85,40,6,20227000
9134,2024-10-19,2048,20,1,16845000
9135,2025-09-09,2623,13,1,34956000
9136,2025-02-04,2164,16,6,17569000
9137,2025-06-19,1979,2,3,13464000
9138,2025-10-15,706,38,6,13574000
9139,2024-04-16,1723,44,1,45634000
9140,2025-07-27,2907,38,3,1019000
9141,2025-07-23,1279,23,6,16451000
9142,2025-06-22,633,25,1,10520000
9143,2025-03-24,1953,14,1,1380000
9144,2024-04-14,767,22,3,9671000
9145,2024-04-08,536,43,3,685000
9146,2025-04-21,1612,26,1,15013000
9147,2024-09-29,29,17,2,7852000
9148,2025-09-29,1812,48,6,25049000
9149,2024-09-24,1916,28,6,37527000
9150,2024-07-05,529,20,6,5910000
9151,2025-09-17,1643,34,6,1515000
9152,2024-04-27,1689,38,1,7096000
9153,2024-03-09,1953,24,2,14387000
9154,2025-04-17,428,16,6,40522000
9155,2025-12-05,2692,10,3,11106000
9156,2024-10-31,1343,17,6,5441000
9157,2024-01-30,2916,41,6,5350000
9158,2024-01-08,2563,2,6,10905000
9159,2025-03-26,1065,44,6,9985000
9160,2025-12-27,2157,3,6,2555000
9161,2025-03-01,1719,20,3,27325000
9162,2025-04-15,2121,20,2,11229000
9163,2024-08-19,2235,43,1,11288000
9164,2024-05-01,733,30,6,7542000
9165,2024-02-17,2030,35,1,27179000
9166,2024-07-20,1435,39,6,6051000
9167,2025-07-07,723,41,1,11601000
9168,2024-09-19,1485,9,6,44010000
9169,2025-07-08,2199,8,6,2430000
9170,2024-01-16,2718,13,6,33517000
9171,2024-09-11,1267,7,6,6265000
9172,2025-03-10,2868,23,6,16139000
9173,2025-02-21,437,17,3,31630000
9174,2024-04-15,2641,50,3,9215000
9175,2025-11-02,448,3,3,12197000
9176,2024-10-26,2759,50,6,2730000
9177,2024-08-15,2328,42,3,12527000
9178,2025-10-06,694,37,3,10408000
9179,2025-10-29,964,21,3,17767000
9180,2024-09-13,1154,36,2,5718000
9181,2025-11-21,406,9,6,27722000
9182,2025-05-01,301,9,6,249000
9183,2025-05-16,2857,7,6,13137000
9184,2025-01-29,2651,33,6,2486000
9185,2024-07-18,2465,1,3,11787000
9186,2024-04-08,2790,29,6,9716000
9187,2024-10-04,1997,37,6,1450000
9188,2024-01-15,2156,1,1,10741000
9189,2024-01-30,2204,39,1,15803000
9190,2024-06-19,2320,41,2,4157000
9191,2025-02-16,1071,7,3,21906000
9192,2025-09-24,1594,21,3,14239000
9193,2024-10-29,135,10,3,78256000
9194,2024-09-07,1903,27,6,15999000
9195,2024-11-25,520,27,6,28168000
9196,2025-07-22,1855,9,3,12916000
9197,2024-01-15,691,16,3,1088000
9198,2025-01-29,1312,27,1,380000
9199,2025-02-27,180,1,3,10402000
9200,2024-01-09,1496,38,3,18607000
9201,2024-01-27,2741,8,3,2079000
9202,2025-07-18,2095,1,3,25526000
9203,2025-12-16,1014,1,2,45163000
9204,2024-12-06,800,30,3,28718000
9205,2024-06-06,2238,26,3,2347000
9206,2025-05-05,2579,11,1,22043000
9207,2024-02-22,781,1,6,9433000
9208,2024-03-13,252,35,2,14542000
9209,2025-03-10,2340,48,1,16855000
9210,2024-06-19,840,46,3,9535000
9211,2025-04-23,1551,42,6,7028000
9212,2024-06-20,463,24,6,3121000
9213,2024-03-11,1428,45,3,8774000
9214,2025-08-15,2300,4,6,2964000
9215,2024-01-03,2782,9,6,8715000
9216,2024-05-17,2539,43,1,37598000
9217,2025-12-12,2435,20,1,30444000
9218,2025-11-09,2289,27,1,12716000
9219,2024-12-06,2204,50,1,15720000
9220,2024-11-09,2392,11,6,23240000
9221,2024-07-24,2292,38,3,12567000
9222,2025-05-14,2642,42,6,2706000
9223,2025-09-22,1327,23,3,2014000
9224,2024-03-31,218,40,1,10173000
9225,2024-08-23,983,24,6,1230000
9226,2025-06-21,2066,23,6,3160000
9227,2024-06-01,2112,42,1,10157000
9228,2024-09-25,1639,42,1,13726000
9229,2025-10-25,2113,39,3,3306000
9230,2025-03-21,335,43,3,15360000
9231,2024-01-28,1435,21,3,5648000
9232,2025-05-14,1498,14,2,35531000
9233,2025-12-15,2607,10,3,20963000
9234,2025-02-23,354,18,3,2771000
9235,2025-09-07,2742,49,3,3019000
9236,2025-11-23,2498,20,2,2622000
9237,2025-03-14,1917,37,6,10306000
9238,2025-10-04,2698,11,3,9916000
9239,2024-07-10,1902,39,3,11489000
9240,2025-09-21,2795,47,2,119000
9241,2024-10-08,1345,17,3,1036000
9242,2024-03-23,291,36,3,30086000
9243,2024-05-03,1939,41,1,13872000
9244,2025-06-09,1146,22,3,32860000
9245,2024-11-04,2196,48,6,2248000
9246,2024-10-03,2404,17,3,24355000
9247,2024-02-15,2361,12,6,12392000
9248,2024-07-07,2264,50,3,39059000
9249,2025-02-11,1420,48,3,18044000
9250,2024-01-23,2021,43,1,11730000
9251,2024-01-22,229,36,3,40873000
9252,2024-12-30,1872,2,2,38592000
9253,2025-08-06,2039,19,1,24575000
9254,2025-11-04,2722,21,6,4702000
9255,2024-11-25,2809,10,3,41954000
9256,2024-05-11,1353,23,6,28327000
9257,2025-10-13,1728,33,3,15218000
9258,2025-12-20,2817,36,6,13970000
9259,2025-03-10,2457,47,2,40550000
9260,2024-01-02,426,22,3,18263000
9261,2024-04-23,524,50,1,7210000
9262,2025-01-24,625,18,1,3929000
9263,2024-10-27,2543,42,6,2507000
9264,2025-05-10,2779,3,3,8200000
9265,2024-05-18,1413,8,3,16416000
9266,2025-12-10,163,26,6,13496000
9267,2024-05-22,1263,45,6,6919000
9268,2025-03-11,208,40,6,21439000
9269,2025-04-29,2823,32,1,33525000
9270,2024-10-21,2182,31,6,51303000
9271,2024-10-22,1877,25,1,41813000
9272,2024-02-25,2811,35,1,17636000
9273,2024-12-07,1801,9,3,6199000
9274,2025-09-09,122,40,2,29207000
9275,2025-11-21,233,3,6,3353000
9276,2024-09-12,1094,42,6,2964000
9277,2024-11-10,2571,50,2,7570000
9278,2025-06-01,59,17,1,32192000
9279,2024-02-16,2777,10,1,16241000
9280,2024-07-18,64,21,3,31571000
9281,2025-05-03,1411,30,1,41154000
9282,2024-08-07,1773,36,1,9190000
9283,2025-05-28,1967,25,6,7631000
9284,2025-04-05,1475,47,6,28531000
9285,2024-12-21,569,22,3,40640000
9286,2025-02-27,2284,21,6,13490000
9287,2025-07-07,1475,2,6,3232000
9288,2025-01-28,1096,33,6,7925000
9289,2025-06-21,688,43,6,3740000
9290,2024-11-13,2090,31,2,14809000
9291,2024-08-17,185,4,2,6851000
9292,2024-06-28,1407,23,6,7878000
9293,2025-02-18,2626,17,6,24074000
9294,2024-09-12,978,19,6,45579000
9295,2025-09-28,2088,23,1,44394000
9296,2025-08-22,1088,41,3,25828000
9297,2024-10-20,1179,30,2,12309000
9298,2024-10-20,485,45,6,13323000
9299,2025-01-15,145,22,6,55537000
9300,2024-08-05,803,31,2,20459000
9301,2025-03-13,2472,22,2,19721000
9302,2024-03-08,2141,7,3,17563000
9303,2025-02-07,2656,8,1,29568000
9304,2025-07-01,2642,29,6,41921000
9305,2025-11-01,2527,23,6,10304000
9306,2025-07-31,1145,11,1,5874000
9307,2025-08-11,2149,7,1,203000
9308,2024-09-09,2653,10,6,23617000
9309,2024-03-19,2524,43,3,35578000
9310,2025-04-16,1893,47,2,15440000
9311,2024-03-23,2130,1,3,54224000
9312,2025-12-31,2841,25,6,8644000
9313,2025-12-14,1888,19,1,2727000
9314,2025-01-23,212,17,3,10758000
9315,2025-09-30,11,38,3,16161000
9316,2024-12-05,2473,10,6,17088000
9317,2024-04-11,1058,15,6,26895000
9318,2025-08-10,1112,31,6,984000
9319,2025-09-10,842,41,6,11257000
9320,2025-05-06,1600,45,3,5809000
9321,2025-06-30,2386,14,3,7582000
9322,2025-03-03,334,26,3,8325000
9323,2025-12-18,2157,43,6,12135000
9324,2025-04-15,1570,20,6,714000
9325,2025-06-20,2761,4,3,10929000
9326,2024-10-26,775,6,3,9239000
9327,2025-02-28,2599,21,1,15828000
9328,2024-03-09,2844,29,3,7758000
9329,2024-02-07,2623,2,6,767000
9330,2024-07-17,2717,5,1,26152000
9331,2025-03-05,82,24,6,12939000
9332,2025-12-14,2008,20,2,798000
9333,2024-05-23,2574,35,6,14986000
9334,2024-12-10,2545,24,3,9803000
9335,2025-03-28,1735,37,6,6681000
9336,2025-01-18,2316,7,1,15387000
9337,2025-03-01,2113,6,1,16235000
9338,2024-02-05,2032,34,1,14882000
9339,2025-04-06,859,7,3,12854000
9340,2025-12-12,2826,16,6,22672000
9341,2025-08-18,1258,7,1,7308000
9342,2024-08-29,1072,21,3,26129000
9343,2024-06-25,827,12,6,8816000
9344,2025-12-10,2115,4,1,22775000
9345,2024-10-22,1424,21,6,9225000
9346,2024-03-20,417,50,6,239000
9347,2024-07-02,2865,30,6,1404000
9348,2024-07-31,1364,7,6,9094000
9349,2025-09-03,515,33,6,7888000
9350,2024-07-24,549,32,2,2205000
9351,2024-06-06,842,7,6,7122000
9352,2024-09-19,2597,3,1,5633000
9353,2025-06-21,305,3,6,5287000
9354,2024-01-03,2586,32,6,781000
9355,2024-08-25,1216,18,1,880000
9356,2024-07-31,1147,44,6,31652000
9357,2024-01-03,744,42,6,8317000
9358,2024-08-01,1007,47,6,38348000
9359,2025-02-11,1138,5,6,1926000
9360,2025-10-15,735,38,3,8272000
9361,2025-11-10,2029,3,1,12415000
9362,2024-12-04,618,7,6,45721000
9363,2024-03-31,1102,44,1,27205000
9364,2024-12-25,391,31,1,12128000
9365,2025-10-27,811,43,6,30802000
9366,2025-06-03,1499,3,6,1420000
9367,2025-11-05,1278,35,6,36445000
9368,2024-06-22,1592,4,1,31210000
9369,2024-09-08,1368,19,6,18329000
9370,2024-06-06,691,17,2,13479000
9371,2024-11-23,2967,24,1,1410000
9372,2024-02-16,1662,5,2,30112000
9373,2024-08-19,2511,2,3,6130000
9374,2024-09-29,1498,42,3,20835000
9375,2025-09-10,554,31,6,26326000
9376,2025-10-11,677,13,6,4210000
9377,2024-02-22,2075,32,2,9400000
9378,2025-01-18,1716,36,1,6886000
9379,2024-08-12,1370,24,6,46840000
9380,2025-02-15,983,33,6,16451000
9381,2025-08-27,2273,5,3,8508000
9382,2024-06-06,2280,17,1,9633000
9383,2025-09-19,2310,50,6,10167000
9384,2024-10-31,2171,25,3,12030000
9385,2025-07-27,174,3,6,45096000
9386,2025-01-03,2001,46,1,43872000
9387,2024-07-26,2149,1,6,50185000
9388,2025-09-30,516,26,6,5753000
9389,2024-01-01,2368,44,6,7743000
9390,2024-01-11,1246,17,6,7497000
9391,2025-01-14,108,7,6,5542000
9392,2024-11-18,64,22,6,32987000
9393,2025-11-26,1605,23,6,37343000
9394,2025-06-12,2439,49,3,2463000
9395,2025-10-11,160,42,6,20274000
9396,2024-11-26,2191,26,3,2651000
9397,2025-05-23,2916,46,1,18151000
9398,2024-06-16,828,11,6,24891000
9399,2024-07-05,173,17,1,6060000
9400,2024-01-19,251,26,1,15102000
9401,2025-12-07,263,37,2,9041000
9402,2024-02-08,1760,37,6,17120000
9403,2024-04-13,1009,25,1,25000
9404,2024-12-14,2424,6,2,43908000
9405,2024-11-04,2944,10,3,138000
9406,2024-06-06,2243,26,2,564000
9407,2024-05-16,592,14,1,3311000
9408,2025-07-21,1685,44,3,6145000
9409,2024-10-03,9,46,1,32709000
9410,2025-10-13,1178,22,6,11413000
9411,2024-05-19,597,17,3,12294000
9412,2024-06-08,700,19,1,755000
9413,2024-01-23,609,15,1,26164000
9414,2025-12-20,229,1,3,2971000
9415,2024-04-08,782,9,6,12703000
9416,2025-06-23,2473,11,3,9165000
9417,2025-11-06,2753,11,6,6685000
9418,2025-11-09,966,22,3,23701000
9419,2025-10-18,2401,32,3,12925000
9420,2024-04-08,2926,15,6,7201000
9421,2024-08-23,663,39,6,10531000
9422,2025-01-24,478,41,6,8394000
9423,2025-02-24,753,38,6,6260000
9424,2025-12-14,2128,18,6,40844000
9425,2025-05-14,1540,19,3,16367000
9426,2025-07-04,2442,30,6,18821000
9427,2025-08-16,1487,14,6,13280000
9428,2024-03-11,1127,1,3,22690000
9429,2024-07-12,2,42,6,10859000
9430,2024-02-10,2448,4,6,3572000
9431,2024-09-08,973,25,2,32694000
9432,2024-05-11,1988,13,2,12428000
9433,2024-12-08,1733,31,1,927000
9434,2025-03-07,283,32,1,4439000
9435,2025-03-15,767,38,1,8374000
9436,2024-10-25,1316,39,3,9919000
9437,2025-08-08,1928,46,6,6016000
9438,2025-04-10,801,35,1,26674000
9439,2025-12-08,1232,13,3,12275000
9440,2024-06-08,263,18,6,20671000
9441,2024-06-19,2434,11,1,11950000
9442,2024-07-09,658,34,1,2549000
9443,2024-07-20,2139,47,3,10949000
9444,2024-07-20,2049,21,1,10628000
9445,2024-06-16,891,22,3,3978000
9446,2024-01-29,1577,10,6,14929000
9447,2025-11-28,113,50,3,2995000
9448,2025-12-23,1194,3,3,1140000
9449,2024-10-11,1226,5,1,35211000
9450,2024-11-14,1387,11,1,6949000
9451,2025-08-27,635,17,6,9708000
9452,2025-02-01,1814,44,2,13242000
9453,2025-06-18,2726,42,3,11611000
9454,2024-08-13,2357,46,1,6633000
9455,2025-12-15,2639,23,3,16409000
9456,2024-10-13,1700,11,3,3668000
9457,2025-12-09,775,13,6,178000
9458,2024-10-12,463,23,1,7980000
9459,2024-12-16,2265,47,1,18038000
9460,2024-07-31,2932,34,6,31597000
9461,2025-06-04,2638,38,6,7705000
9462,2025-10-01,327,47,3,25530000
9463,2024-01-23,1395,16,2,42436000
9464,2025-08-16,2618,48,6,7224000
9465,2024-12-14,2300,31,6,5076000
9466,2025-08-07,1416,4,3,31435000
9467,2025-12-17,759,23,6,14162000
9468,2024-05-12,922,12,1,8077000
9469,2024-01-15,24,31,2,5303000
9470,2025-07-26,1726,5,3,20028000
9471,2025-03-22,2470,20,3,2211000
9472,2024-11-01,1614,44,6,4011000
9473,2024-10-18,1911,47,6,523000
9474,2024-06-21,2539,7,6,17599000
9475,2025-07-14,1023,48,6,999000
9476,2025-10-23,1560,24,3,13075000
9477,2025-07-23,2614,50,6,10469000
9478,2025-08-08,559,43,1,2348000
9479,2025-04-14,2706,1,1,23477000
9480,2024-12-06,534,44,6,6951000
9481,2025-10-12,2737,46,6,27291000
9482,2025-10-02,424,8,2,627000
9483,2025-01-11,1455,48,6,24391000
9484,2024-07-01,2677,20,2,27753000
9485,2024-05-26,1732,43,6,41151000
9486,2025-04-01,1724,42,3,25060000
9487,2024-01-27,2652,37,6,31749000
9488,2024-02-20,1283,37,6,5015000
9489,2024-11-05,1982,3,1,16359000
9490,2024-07-24,1738,18,1,20832000
9491,2024-10-22,1331,49,1,7870000
9492,2024-06-08,97,28,6,2357000
9493,2024-10-04,2976,47,1,21502000
9494,2024-05-23,1672,41,3,9976000
9495,2024-10-29,904,20,2,6642000
9496,2025-12-13,2727,50,1,8766000
9497,2025-05-04,292,23,1,10909000
9498,2025-12-29,1092,13,3,4630000
9499,2024-02-14,2494,5,6,6058000
9500,2025-11-23,1685,35,1,30947000
9501,2025-10-28,124,40,6,38284000
9502,2024-09-03,2977,5,1,8514000
9503,2024-06-16,1489,11,6,21094000
9504,2024-10-09,2403,29,6,12325000
9505,2025-03-24,2249,30,3,35182000
9506,2025-03-21,1796,42,6,9006000
9507,2024-10-24,1155,11,3,3928000
9508,2025-02-27,2570,15,2,5636000
9509,2025-04-22,2700,48,2,12012000
9510,2025-04-16,2148,6,3,34521000
9511,2024-03-11,151,7,1,320000
9512,2024-10-28,1188,34,2,5588000
9513,2025-01-15,1605,39,6,22640000
9514,2024-05-11,430,8,3,10810000
9515,2025-05-08,1260,46,3,26926000
9516,2025-10-30,81,2,6,5148000
9517,2024-09-19,2393,5,3,3291000
9518,2025-11-04,2962,4,6,10630000
9519,2024-06-22,2862,13,3,10178000
9520,2024-10-27,2335,12,2,4740000
9521,2024-10-17,2329,39,1,21722000
9522,2024-01-17,2921,27,6,9531000
9523,2024-02-27,1086,6,1,4994000
9524,2024-03-16,242,30,3,45333000
9525,2025-11-18,1125,44,1,41003000
9526,2024-03-17,120,23,6,34964000
9527,2024-01-10,889,6,6,8910000
9528,2025-06-18,2104,30,3,10724000
9529,2024-11-20,160,25,6,16519000
9530,2024-01-16,1764,29,6,13513000
9531,2025-10-25,475,18,2,4522000
9532,2024-09-28,2140,15,6,5296000
9533,2024-03-14,1361,26,3,1695000
9534,2025-08-03,1439,8,6,836000
9535,2024-05-14,1876,31,3,8878000
9536,2025-12-02,640,5,6,9786000
9537,2024-08-23,2212,25,2,18780000
9538,2024-04-17,1372,8,2,5268000
9539,2024-03-22,2906,28,1,23912000
9540,2025-04-27,395,17,1,18589000
9541,2025-01-13,2525,13,6,11402000
9542,2024-04-24,147,26,2,10593000
9543,2025-10-24,1728,21,2,11331000
9544,2025-10-08,1044,45,6,15101000
9545,2024-07-10,1301,23,1,10371000
9546,2024-05-04,2863,3,6,15504000
9547,2024-07-23,2045,5,1,32721000
9548,2024-05-29,29,29,1,42690000
9549,2024-11-25,131,35,6,8793000
9550,2024-11-24,2968,48,1,11621000
9551,2024-11-03,82,36,3,9156000
9552,2025-03-23,2946,3,3,32150000
9553,2025-03-14,2762,38,1,34750000
9554,2024-11-21,944,16,6,46700000
9555,2024-02-09,407,44,2,6828000
9556,2025-08-19,2683,40,3,12042000
9557,2024-08-31,305,38,2,8881000
9558,2025-12-23,1102,50,2,18018000
9559,2024-01-27,2438,40,3,17967000
9560,2024-04-27,675,47,3,23369000
9561,2025-04-07,2898,8,3,8956000
9562,2024-05-18,2711,45,1,9488000
9563,2025-06-12,2134,29,6,8150000
9564,2024-03-19,1374,46,3,4790000
9565,2024-09-20,2551,10,6,15774000
9566,2024-09-28,2605,13,6,10471000
9567,2025-12-25,1355,3,1,1289000
9568,2025-02-18,1747,17,1,14876000
9569,2025-05-05,995,35,6,17893000
9570,2025-10-02,2439,26,6,15738000
9571,2024-10-12,2248,5,2,8082000
9572,2024-02-08,1370,5,1,1432000
9573,2025-08-02,2624,47,1,20316000
9574,2025-12-16,1919,10,6,1724000
9575,2024-07-12,79,48,6,26754000
9576,2025-05-19,1929,32,3,9992000
9577,2025-06-13,957,43,6,11391000
9578,2025-04-11,1880,33,2,4319000
9579,2024-01-12,2021,1,3,41831000
9580,2025-12-08,552,17,3,9814000
9581,2025-05-30,2498,15,6,17070000
9582,2024-03-26,2933,45,1,7307000
9583,2024-07-14,398,23,6,2344000
9584,2025-08-13,731,4,3,7361000
9585,2024-07-03,2752,16,6,7892000
9586,2025-01-29,344,46,6,41731000
9587,2025-10-20,672,2,3,18600000
9588,2025-04-01,619,38,6,10028000
9589,2024-04-29,2783,9,6,12929000
9590,2025-10-21,1644,4,3,36417000
9591,2025-03-04,2403,28,2,12870000
9592,2024-03-30,82,36,6,16814000
9593,2024-01-02,2759,16,3,6430000
9594,2024-01-28,2327,12,6,11850000
9595,2025-02-04,1981,14,6,10933000
9596,2024-01-22,2166,27,1,196000
9597,2024-07-30,896,38,3,7262000
9598,2025-10-25,1420,3,6,11977000
9599,2025-02-04,2877,26,6,5205000
9600,2025-03-14,36,46,6,14408000
9601,2024-12-28,82,34,2,23312000
9602,2025-10-26,152,22,2,11463000
9603,2025-11-26,2493,4,3,30342000
9604,2024-08-11,177,27,3,5493000
9605,2024-07-10,1478,4,3,10116000
9606,2025-06-01,147,23,6,64265000
9607,2025-03-17,1209,20,2,8605000
9608,2025-08-22,2351,48,6,21097000
9609,2024-03-10,520,17,1,13608000
9610,2025-03-03,270,26,3,26258000
9611,2025-01-15,53,45,1,33557000
9612,2025-09-02,2604,49,3,29251000
9613,2025-09-16,174,29,6,17097000
9614,2024-04-04,2381,8,3,10628000
9615,2024-04-22,1272,40,3,4400000
9616,2024-08-03,1692,32,3,6928000
9617,2024-09-26,2499,1,1,26582000
9618,2024-05-17,384,29,6,32472000
9619,2024-10-12,2309,45,2,10060000
9620,2024-05-01,1959,28,6,5216000
9621,2024-12-06,1522,2,3,9273000
9622,2024-10-12,772,32,6,505000
9623,2025-10-19,816,48,2,372000
9624,2024-12-06,1826,23,1,7070000
9625,2024-06-30,2543,21,3,4143000
9626,2025-07-05,1015,36,6,5546000
9627,2024-02-06,811,38,2,14776000
9628,2024-08-06,1739,32,6,28027000
9629,2025-07-22,1759,29,6,4715000
9630,2025-02-09,1934,24,1,17713000
9631,2024-11-28,308,21,1,9149000
9632,2024-09-21,2710,45,6,7877000
9633,2024-10-18,828,39,1,10056000
9634,2025-05-23,5,34,3,16144000
9635,2024-06-23,233,30,3,18562000
9636,2024-02-15,2930,2,1,7570000
9637,2025-05-19,2211,6,2,17806000
9638,2024-04-28,13,16,1,7862000
9639,2024-01-06,2060,10,1,19534000
9640,2024-09-20,397,50,6,10769000
9641,2024-01-10,2447,44,3,7644000
9642,2024-01-26,2363,30,6,31208000
9643,2025-05-15,2885,34,3,31696000
9644,2024-12-28,467,26,6,34856000
9645,2024-03-27,2305,2,6,34250000
9646,2025-02-09,1068,20,6,34201000
9647,2025-09-05,197,18,1,22603000
9648,2025-08-27,1184,48,6,19112000
9649,2024-03-17,1779,42,1,3908000
9650,2024-05-08,2825,11,6,6041000
9651,2025-12-07,1819,9,6,3039000
9652,2024-04-17,77,22,6,30210000
9653,2025-10-25,155,11,6,8729000
9654,2024-01-20,738,34,6,5506000
9655,2025-02-26,1457,47,6,6406000
9656,2025-08-21,583,6,3,20745000
9657,2025-08-24,1299,25,3,5804000
9658,2025-06-03,1642,17,3,26776000
9659,2025-08-12,890,13,3,40166000
9660,2025-04-05,1125,23,1,5604000
9661,2025-09-13,260,35,2,5438000
9662,2024-06-29,956,35,6,2778000
9663,2025-07-23,1806,27,2,3183000
9664,2025-10-16,1245,20,6,23906000
9665,2024-08-17,2998,46,1,29525000
9666,2025-11-16,2769,50,6,5519000
9667,2024-08-25,1548,50,3,19636000
9668,2025-09-27,254,33,6,2752000
9669,2025-03-24,1391,15,6,22859000
9670,2025-09-09,1254,29,6,28611000
9671,2024-08-09,429,34,1,44391000
9672,2025-10-31,1045,12,3,6752000
9673,2024-01-17,54,11,6,9376000
9674,2025-08-30,680,42,6,84000
9675,2025-07-04,1401,11,1,15668000
9676,2024-10-29,1637,47,2,30588000
9677,2024-11-20,285,11,3,21920000
9678,2025-03-12,2015,26,3,17865000
9679,2025-06-19,2493,27,3,24263000
9680,2024-03-31,81,25,6,38725000
9681,2024-11-20,2072,40,6,2392000
9682,2025-05-29,2776,11,6,27154000
9683,2024-05-12,1514,27,6,4004000
9684,2025-07-19,536,49,3,14309000
9685,2024-08-11,2281,22,6,36757000
9686,2025-12-20,2616,3,6,8603000
9687,2024-10-28,2565,22,2,22849000
9688,2025-12-06,953,37,3,8790000
9689,2025-02-12,794,34,1,33692000
9690,2024-09-16,1545,25,3,7426000
9691,2024-01-24,2143,8,6,28695000
9692,2024-10-28,2487,34,6,35777000
9693,2024-02-14,563,39,6,48529000
9694,2024-12-04,923,12,3,20164000
9695,2025-12-27,914,5,6,5072000
9696,2025-11-09,825,2,6,316000
9697,2024-01-18,1910,39,2,18252000
9698,2025-09-24,174,19,3,10140000
9699,2025-12-13,2033,34,6,2264000
9700,2024-01-24,311,23,2,10916000
9701,2025-06-11,2912,49,1,2629000
9702,2024-09-01,1136,21,3,356000
9703,2024-07-02,2483,34,1,15330000
9704,2025-09-09,2645,48,6,17570000
9705,2024-12-21,1120,49,2,23474000
9706,2025-06-04,855,13,6,12353000
9707,2025-07-27,2134,7,6,16360000
9708,2025-10-28,2013,49,6,14369000
9709,2024-05-28,1434,2,6,2903000
9710,2024-11-11,911,34,1,9128000
9711,2024-02-16,820,39,6,11018000
9712,2025-11-20,244,42,2,39749000
9713,2025-03-29,2083,28,6,33114000
9714,2025-04-02,1364,22,2,27177000
9715,2024-02-05,1315,13,6,16880000
9716,2025-05-10,2610,41,6,38446000
9717,2025-12-31,245,42,1,3506000
9718,2025-02-05,1853,14,1,23552000
9719,2025-02-02,279,18,1,21171000
9720,2024-09-16,1933,18,2,36440000
9721,2024-12-30,382,28,1,16647000
9722,2024-06-02,2523,21,6,5842000
9723,2025-03-01,2904,5,6,5818000
9724,2025-06-04,2829,11,6,39289000
9725,2025-10-30,992,27,6,12705000
9726,2025-07-12,1401,5,6,7740000
9727,2025-06-24,664,45,6,14585000
9728,2025-11-28,1482,48,6,7075000
9729,2025-04-30,832,4,6,2920000
9730,2024-03-10,1067,26,3,25919000
9731,2024-03-22,2018,43,6,5639000
9732,2024-03-29,2440,25,6,30446000
9733,2024-01-27,2973,4,3,20668000
9734,2025-08-25,636,21,6,19861000
9735,2025-11-23,2093,13,6,5031000
9736,2025-09-06,2682,28,1,6336000
9737,2025-04-01,2132,16,3,15104000
9738,2025-04-30,1957,31,6,26882000
9739,2024-12-02,1068,1,1,6241000
9740,2024-08-17,1220,31,2,9124000
9741,2024-10-16,1412,8,1,11862000
9742,2025-04-07,1117,43,2,23730000
9743,2024-05-10,2178,42,1,5547000
9744,2025-03-04,1459,42,6,16238000
9745,2024-12-16,741,37,1,10987000
9746,2025-11-14,1542,31,6,3187000
9747,2025-02-01,733,30,6,3064000
9748,2024-09-14,1397,44,6,5888000
9749,2024-01-15,960,50,6,36120000
9750,2025-08-21,2597,33,3,5888000
9751,2024-09-09,2479,29,6,9660000
9752,2025-09-27,1467,22,1,7643000
9753,2025-02-12,2690,20,1,22601000
9754,2024-07-04,2810,4,3,7605000
9755,2024-09-25,1795,3,6,14847000
9756,2024-09-20,1065,32,6,46531000
9757,2025-01-01,2066,46,1,5775000
9758,2025-09-16,2710,50,3,25595000
9759,2024-03-10,2303,47,6,6835000
9760,2025-01-29,2832,39,1,15599000
9761,2025-04-01,256,18,1,15892000
9762,2025-06-07,2213,22,1,135000
9763,2025-06-15,1847,5,6,20775000
9764,2025-12-07,2121,15,6,1976000
9765,2025-10-29,2657,50,6,5231000
9766,2024-08-18,101,9,3,4124000
9767,2025-09-26,2823,43,6,2086000
9768,2024-09-02,2250,21,6,18164000
9769,2024-10-03,724,18,3,8907000
9770,2024-06-08,2521,50,6,29978000
9771,2025-07-02,31,20,6,17199000
9772,2025-06-11,2152,25,3,3674000
9773,2025-12-29,2286,41,3,19170000
9774,2024-02-17,2209,46,6,1617000
9775,2025-02-14,817,17,1,18005000
9776,2025-05-14,679,20,6,2745000
9777,2025-04-21,425,8,6,10852000
9778,2025-04-01,2253,30,1,23063000
9779,2025-05-06,2200,6,6,3393000
9780,2025-02-20,503,26,1,30432000
9781,2024-03-07,2003,14,6,9262000
9782,2025-04-30,352,16,3,21404000
9783,2025-05-22,809,5,6,20739000
9784,2024-01-21,2862,41,1,3769000
9785,2024-03-18,2332,45,2,5840000
9786,2025-02-11,1742,27,3,34447000
9787,2025-03-10,695,20,6,20588000
9788,2025-09-24,2968,35,3,175000
9789,2025-08-14,2634,47,6,27222000
9790,2025-05-06,1611,12,2,22110000
9791,2025-05-29,568,12,6,3305000
9792,2025-04-20,2333,41,1,6063000
9793,2024-05-08,1056,32,6,23749000
9794,2025-10-29,2262,28,6,2393000
9795,2024-02-13,2814,30,3,4212000
9796,2025-02-05,1816,6,6,5232000
9797,2025-06-15,2727,37,6,9368000
9798,2025-04-16,2498,10,6,2452000
9799,2025-04-12,2199,24,1,7155000
9800,2024-07-15,1293,10,3,56702000
9801,2025-05-29,226,2,3,796000
9802,2024-07-12,1198,49,3,4502000
9803,2024-08-16,1809,16,6,19606000
9804,2024-12-15,1104,9,6,11482000
9805,2025-05-04,393,5,6,8706000
9806,2024-11-18,2122,12,1,16356000
9807,2024-03-08,2283,8,3,3277000
9808,2024-12-07,346,29,3,42380000
9809,2025-09-10,8,29,2,8280000
9810,2025-03-21,1869,31,6,3068000
9811,2025-11-14,2482,13,3,20255000
9812,2024-08-02,399,26,6,21081000
9813,2024-11-16,999,36,1,1482000
9814,2024-07-16,1640,19,1,5648000
9815,2024-12-23,1321,1,1,34026000
9816,2025-01-04,1003,16,1,1183000
9817,2024-03-31,136,7,1,8685000
9818,2024-12-11,1229,45,6,12724000
9819,2025-04-06,1342,50,3,25529000
9820,2024-03-11,1197,38,3,1360000
9821,2025-11-15,2480,23,3,1137000
9822,2025-04-04,1931,3,1,26176000
9823,2024-04-07,2880,31,3,6446000
9824,2025-01-04,1756,35,1,18101000
9825,2025-01-13,2261,13,1,7144000
9826,2024-02-12,275,18,1,4312000
9827,2024-12-03,1256,24,6,21889000
9828,2024-07-16,1623,31,3,10892000
9829,2025-06-06,2112,44,1,11460000
9830,2025-03-23,2051,28,1,4495000
9831,2025-03-05,2592,20,6,12256000
9832,2024-11-12,2374,33,3,17702000
9833,2024-02-01,2711,26,1,8907000
9834,2024-05-15,1690,29,1,48446000
9835,2025-08-01,572,41,3,5049000
9836,2025-01-21,2907,2,6,9894000
9837,2024-05-23,2378,19,1,8628000
9838,2025-09-22,2498,9,2,34511000
9839,2024-04-01,2516,12,6,10543000
9840,2025-04-02,1076,14,6,8871000
9841,2024-02-21,1765,39,6,9705000
9842,2025-07-08,695,4,3,3189000
9843,2025-08-15,849,33,6,10470000
9844,2024-05-17,487,7,1,7512000
9845,2024-01-19,883,33,1,59813000
9846,2025-08-29,2520,33,1,34737000
9847,2025-08-24,2441,3,3,2652000
9848,2025-01-12,11,50,6,38091000
9849,2025-09-28,1432,20,6,5087000
9850,2025-03-12,323,28,3,9396000
9851,2024-03-03,2962,41,6,3592000
9852,2025-06-09,142,16,2,13228000
9853,2024-11-13,2980,2,3,8764000
9854,2024-11-30,2795,45,6,12342000
9855,2025-03-06,2134,2,2,1398000
9856,2025-12-18,822,8,6,2578000
9857,2024-08-04,985,27,3,16254000
9858,2025-01-01,2022,17,1,4876000
9859,2024-07-09,420,48,2,30561000
9860,2024-05-02,1410,18,3,26345000
9861,2024-12-06,2538,41,3,13794000
9862,2024-05-13,2368,6,6,8486000
9863,2025-09-01,442,39,6,31813000
9864,2025-09-28,2695,4,3,12093000
9865,2024-03-09,963,25,6,23152000
9866,2024-03-08,2008,42,6,26495000
9867,2024-11-20,2865,37,1,25736000
9868,2024-01-19,1510,37,6,1598000
9869,2025-07-09,2599,14,6,16326000
9870,2024-01-26,2335,2,3,6305000
9871,2025-03-06,2130,1,2,30064000
9872,2024-03-25,1394,43,1,3403000
9873,2025-03-02,74,40,6,3700000
9874,2024-10-25,862,39,6,4362000
9875,2025-01-07,2588,13,6,9386000
9876,2025-09-14,2019,14,1,10865000
9877,2024-03-01,13,38,6,11762000
9878,2024-02-04,478,24,1,13931000
9879,2024-12-08,826,41,2,12549000
9880,2025-01-02,903,12,6,11920000
9881,2025-03-18,708,20,3,41547000
9882,2025-07-13,2301,42,3,21989000
9883,2024-01-18,1231,39,6,25675000
9884,2024-02-14,1085,27,6,4911000
9885,2025-07-18,2872,22,6,7426000
9886,2024-12-30,399,44,6,15436000
9887,2025-08-06,3000,14,1,781000
9888,2024-10-16,130,22,6,9011000
9889,2025-11-19,1185,7,2,8122000
9890,2025-10-17,2318,14,6,21438000
9891,2024-07-22,2322,7,3,12292000
9892,2024-08-28,2102,42,3,4428000
9893,2024-03-16,2842,26,6,29197000
9894,2025-05-24,1805,44,3,27341000
9895,2025-10-01,2778,24,1,21926000
9896,2024-03-15,2079,22,3,57447000
9897,2025-01-22,2174,46,2,32237000
9898,2024-09-24,2847,13,3,40692000
9899,2024-09-23,592,38,2,36864000
9900,2024-02-03,2109,44,3,1074000
9901,2025-08-24,586,21,3,37161000
9902,2025-10-11,1329,31,3,26968000
9903,2024-07-23,2494,46,3,9587000
9904,2024-02-16,786,31,2,1476000
9905,2024-08-07,1853,31,1,13004000
9906,2024-03-25,629,4,6,15445000
9907,2025-07-19,2274,27,3,19064000
9908,2025-10-19,2818,20,3,5598000
9909,2024-12-29,841,45,2,24474000
9910,2025-04-12,1033,34,6,8969000
9911,2025-07-18,319,13,6,39682000
9912,2024-01-23,2961,38,6,66978000
9913,2025-12-08,2679,8,6,17035000
9914,2024-01-15,1309,4,3,6083000
9915,2025-07-20,414,16,6,21033000
9916,2024-03-17,2025,3,3,3933000
9917,2024-02-08,1132,33,6,58453000
9918,2024-11-07,2983,43,3,4400000
9919,2024-05-18,2794,13,6,3747000
9920,2025-06-02,425,1,3,11534000
9921,2024-10-18,2779,21,1,31997000
9922,2024-11-21,1339,16,3,7192000
9923,2025-01-29,599,21,6,6950000
9924,2025-03-17,321,18,6,16212000
9925,2024-04-13,637,43,3,4509000
9926,2025-07-09,1825,4,2,16582000
9927,2024-02-29,2508,13,1,3630000
9928,2024-05-04,1366,10,3,16065000
9929,2024-09-18,442,32,6,27964000
9930,2024-04-22,454,7,6,17204000
9931,2025-06-11,960,11,6,10474000
9932,2025-12-21,155,39,6,25338000
9933,2024-12-17,556,44,6,4666000
9934,2024-03-19,540,8,6,27073000
9935,2025-02-26,2926,37,6,7450000
9936,2025-06-12,361,45,2,38612000
9937,2024-01-02,316,5,1,19098000
9938,2025-12-27,849,15,2,14892000
9939,2024-05-05,1720,30,3,10882000
9940,2025-01-25,1382,24,6,17819000
9941,2025-10-28,1904,16,1,10771000
9942,2024-08-14,2247,47,1,24482000
9943,2025-02-01,2069,20,3,34710000
9944,2024-10-27,987,20,6,14613000
9945,2025-02-06,696,12,3,5800000
9946,2024-01-24,1994,17,3,23371000
9947,2025-10-20,229,21,1,20822000
9948,2025-06-08,2761,47,3,13774000
9949,2025-10-18,56,22,3,16388000
9950,2025-01-11,31,40,6,8980000
9951,2024-06-14,2150,42,3,6169000
9952,2025-03-22,2226,15,6,10214000
9953,2024-06-05,1358,29,6,10404000
9954,2024-07-02,352,2,3,55835000
9955,2025-05-17,758,30,6,18397000
9956,2024-05-05,207,24,3,18402000
9957,2024-03-22,1433,48,6,7917000
9958,2025-08-09,2085,48,2,33932000
9959,2025-01-17,1391,22,2,7445000
9960,2025-07-19,1278,38,6,5734000
9961,2025-01-11,686,40,6,4476000
9962,2024-09-19,1011,41,6,8893000
9963,2024-05-23,565,7,6,2160000
9964,2024-07-22,526,36,6,15275000
9965,2024-05-24,1084,50,3,11608000
9966,2025-05-06,2635,43,1,16088000
9967,2025-08-03,2191,4,1,25757000
9968,2024-01-24,635,40,3,8822000
9969,2025-10-20,1880,12,6,3320000
9970,2024-11-17,436,42,1,12516000
9971,2024-09-26,597,3,6,27692000
9972,2025-10-02,1375,32,3,10117000
9973,2024-04-23,1001,7,6,1970000
9974,2025-01-06,1556,9,6,7646000
9975,2024-08-20,249,14,2,1516000
9976,2024-05-21,1150,5,1,33954000
9977,2024-01-17,63,8,2,19584000
9978,2024-08-03,270,19,6,48042000
9979,2024-11-05,1260,12,3,9103000
9980,2024-10-15,1018,30,6,12307000
9981,2025-05-29,2777,44,2,9623000
9982,2025-01-15,1376,43,3,25322000
9983,2024-05-21,546,31,6,14560000
9984,2024-01-25,2706,9,6,11946000
9985,2024-02-24,1253,37,6,4000000
9986,2025-02-13,2552,42,6,12250000
9987,2025-09-19,2391,48,3,37171000
9988,2025-04-05,2851,12,6,29181000
9989,2025-02-16,2752,38,6,37886000
9990,2025-10-25,1253,5,2,31551000
9991,2024-08-04,1425,1,6,6448000
9992,2025-12-08,1780,19,3,50191000
9993,2025-09-29,1558,29,1,19280000
9994,2025-12-18,1832,46,6,3172000
9995,2024-07-13,892,37,6,44038000
9996,2025-06-02,108,3,6,36635000
9997,2024-04-25,435,40,6,22457000
9998,2025-05-26,1287,4,6,3597000
9999,2025-10-12,754,9,3,9804000
10000,2024-04-07,271,10,6,37767000
10001,2024-01-09,3000,19,1,2586000
10002,2024-05-11,2866,24,3,9076000
10003,2024-08-16,965,42,1,25867000
10004,2024-08-03,2261,6,6,16168000
10005,2024-08-25,870,8,6,6333000
10006,2024-03-17,1767,26,3,34367000
10007,2025-11-11,1932,20,6,18947000
10008,2025-02-27,2385,32,2,39160000
10009,2025-05-14,469,8,3,20913000
10010,2025-06-23,2940,38,6,1034000
10011,2024-03-10,451,8,6,8232000
10012,2025-05-20,2233,30,1,24999000
10013,2024-09-02,2388,4,1,25151000
10014,2025-05-21,482,21,6,36261000
10015,2025-06-12,1642,1,1,3634000
10016,2025-02-15,1235,9,1,6912000
10017,2025-02-16,729,47,6,5186000
10018,2024-12-13,2087,35,6,9433000
10019,2025-12-29,1542,48,3,36670000
10020,2024-07-30,1827,5,6,6831000
10021,2025-04-17,2650,36,6,27856000
10022,2024-12-20,106,34,3,5184000
10023,2024-12-31,2647,45,6,15121000
10024,2025-10-04,269,5,6,14393000
10025,2025-06-25,1058,41,6,14430000
10026,2024-10-12,202,4,1,21711000
10027,2025-05-14,1067,50,3,15111000
10028,2025-09-08,1047,11,6,597000
10029,2024-11-10,947,29,3,12540000
10030,2024-07-28,1664,25,6,7074000
10031,2024-02-23,1174,20,3,4573000
10032,2025-02-10,1879,8,3,5783000
10033,2025-07-05,2147,5,6,908000
10034,2024-03-10,2155,11,6,8987000
10035,2025-03-27,2641,15,6,1152000
10036,2025-04-01,1900,19,3,36650000
10037,2025-03-03,1795,34,6,11361000
10038,2025-01-18,2869,9,6,9446000
10039,2024-08-28,2833,16,2,10542000
10040,2025-10-17,2116,34,2,1588000
10041,2024-11-21,1702,32,6,18625000
10042,2024-10-18,496,14,6,25923000
10043,2024-10-10,2572,50,6,1870000
10044,2024-12-17,2712,29,3,24360000
10045,2025-04-12,2609,2,6,11694000
10046,2025-09-07,2946,4,6,17764000
10047,2025-03-28,2630,4,6,13039000
10048,2025-10-08,2622,24,6,5688000
10049,2024-08-03,110,2,2,6869000
10050,2025-05-11,803,7,6,7545000
10051,2024-04-16,620,31,1,6426000
10052,2024-12-25,2408,12,3,13986000
10053,2025-10-15,752,37,3,40083000
10054,2024-12-31,1565,29,1,5949000
10055,2024-09-21,215,24,6,13975000
10056,2024-12-16,2645,41,1,6377000
10057,2024-11-30,429,32,6,20446000
10058,2024-10-22,2600,35,6,33137000
10059,2025-03-17,1314,10,6,14258000
10060,2024-11-11,638,49,6,6720000
10061,2024-08-09,1794,20,1,1244000
10062,2025-06-01,554,10,2,34387000
10063,2024-07-08,521,4,6,19739000
10064,2024-03-15,15,27,6,11362000
10065,2025-08-07,1663,3,6,23077000
10066,2024-06-14,1541,22,1,1197000
10067,2024-03-04,2813,7,6,10701000
10068,2025-06-09,1890,27,3,16746000
10069,2025-09-29,1685,29,1,14602000
10070,2025-03-25,698,24,2,5772000
10071,2024-02-26,2350,16,1,3049000
10072,2024-04-30,2347,22,6,7295000
10073,2025-09-29,800,12,3,13517000
10074,2025-01-18,5,28,6,12958000
10075,2024-02-12,1626,37,6,20087000
10076,2025-10-05,465,44,6,12496000
10077,2025-07-07,2130,17,6,13491000
10078,2025-11-16,1439,9,1,9686000
10079,2025-02-10,1025,38,6,7785000
10080,2024-03-14,424,48,2,544000
10081,2024-02-04,2775,11,2,7660000
10082,2025-07-04,2334,25,6,30932000
10083,2025-02-17,140,20,3,21955000
10084,2025-02-25,589,16,1,9432000
10085,2024-04-08,1486,8,6,20400000
10086,2024-11-18,511,39,6,9319000
10087,2025-04-29,2418,12,3,1108000
10088,2025-02-21,113,22,3,4954000
10089,2025-03-16,1449,15,3,7755000
10090,2024-10-04,2781,14,6,42271000
10091,2024-07-01,736,3,6,13890000
10092,2024-02-17,1175,14,3,10086000
10093,2025-12-02,186,30,6,5454000
10094,2024-06-21,680,10,3,6992000
10095,2025-04-22,1040,40,3,29580000
10096,2024-12-06,2076,37,1,35006000
10097,2025-02-13,1994,19,1,27867000
10098,2025-07-07,2981,26,3,17722000
10099,2024-03-25,1992,50,6,26791000
10100,2025-12-08,2627,31,3,34225000
10101,2025-04-06,875,33,3,42677000
10102,2024-02-28,484,7,2,1546000
10103,2024-07-30,136,42,6,30840000
10104,2024-06-25,2815,38,1,17631000
10105,2024-07-31,2170,15,6,17290000
10106,2024-06-17,606,14,6,3546000
10107,2025-05-20,1374,3,6,2265000
10108,2024-10-20,2148,2,6,26584000
10109,2025-10-30,992,41,1,1728000
10110,2024-09-27,1142,36,3,10802000
10111,2025-02-12,2249,17,6,6265000
10112,2024-02-05,1142,8,1,4637000
10113,2025-03-04,430,26,6,19388000
10114,2024-11-28,2585,20,1,4438000
10115,2025-04-23,2399,16,1,5584000
10116,2025-11-05,2409,37,6,17266000
10117,2024-02-27,542,8,6,2004000
10118,2025-11-17,1561,5,6,7780000
10119,2025-09-19,143,20,6,21885000
10120,2025-11-16,1557,5,2,31573000
10121,2024-06-01,2502,28,6,12743000
10122,2024-09-26,1204,6,3,26361000
10123,2024-02-15,1087,13,6,8543000
10124,2025-04-21,136,11,3,41032000
10125,2025-11-07,1698,30,3,16603000
10126,2024-12-04,44,14,6,32201000
10127,2025-02-27,690,16,6,16392000
10128,2024-07-10,1124,26,6,19768000
10129,2024-11-29,1628,1,6,12912000
10130,2025-07-04,1464,6,3,29564000
10131,2025-08-22,2430,3,6,10286000
10132,2024-11-23,1610,47,1,14793000
10133,2024-06-29,763,44,6,9456000
10134,2025-05-11,2479,5,2,858000
10135,2024-03-19,2013,33,6,5537000
10136,2024-04-26,737,23,3,37778000
10137,2025-12-29,702,44,6,1445000
10138,2024-07-01,2383,5,6,3651000
10139,2025-09-03,1193,9,1,13779000
10140,2024-05-13,2486,10,6,11796000
10141,2024-09-09,2238,17,3,2828000
10142,2025-07-19,1815,22,6,11100000
10143,2025-02-03,355,32,6,2963000
10144,2025-01-18,2784,32,1,21934000
10145,2024-06-12,2744,17,6,18484000
10146,2025-06-17,2132,16,6,44770000
10147,2025-03-19,58,32,3,8207000
10148,2025-07-27,886,16,6,2394000
10149,2024-02-18,2105,13,1,9829000
10150,2025-04-28,2095,14,6,12735000
10151,2025-10-12,461,23,3,4410000
10152,2024-07-05,1594,27,3,11189000
10153,2025-02-19,1567,42,3,21045000
10154,2024-01-25,2221,2,6,240000
10155,2025-08-25,1513,27,6,28524000
10156,2024-09-01,209,2,2,27211000
10157,2024-07-09,587,32,6,30460000
10158,2024-01-14,2523,13,6,19815000
10159,2025-11-05,65,18,6,2676000
10160,2024-01-06,2535,10,3,10880000
10161,2024-02-06,962,15,6,48931000
10162,2024-03-30,1085,10,3,13496000
10163,2024-08-09,1935,19,6,443000
10164,2024-06-29,2044,37,1,5776000
10165,2025-08-15,719,41,1,2332000
10166,2025-12-02,1670,47,3,9374000
10167,2025-09-29,1141,37,6,18051000
10168,2024-09-23,647,32,6,26573000
10169,2024-05-08,2502,16,1,13784000
10170,2025-02-08,2995,37,3,5597000
10171,2024-08-07,579,49,6,2901000
10172,2024-01-31,2782,31,1,11475000
10173,2025-06-11,351,40,6,6996000
10174,2025-09-18,2058,7,6,3579000
10175,2024-03-18,2723,33,3,21999000
10176,2025-08-26,2074,49,3,52066000
10177,2025-09-06,2189,36,3,9646000
10178,2024-09-26,80,40,1,14976000
10179,2024-08-24,1614,47,1,11724000
10180,2025-03-24,601,18,6,16513000
10181,2024-12-03,521,12,6,1627000
10182,2025-01-03,2467,17,1,46497000
10183,2025-02-03,2002,15,1,5427000
10184,2025-12-07,2883,46,6,14753000
10185,2024-07-02,760,10,3,9664000
10186,2024-11-18,1427,16,1,3138000
10187,2024-11-23,206,50,3,10056000
10188,2025-02-05,2534,38,1,22560000
10189,2024-07-09,2322,29,6,47918000
10190,2025-01-05,396,6,6,3796000
10191,2024-12-12,2877,50,2,17991000
10192,2025-03-08,18,35,6,2795000
10193,2024-06-26,1214,38,6,7451000
10194,2024-04-18,921,13,3,2695000
10195,2025-03-11,1746,47,2,2874000
10196,2024-12-15,1902,21,1,3430000
10197,2025-10-18,2356,26,6,6437000
10198,2024-11-08,1962,5,3,4555000
10199,2025-06-08,352,14,1,30891000
10200,2025-11-05,16,30,1,19360000
10201,2024-07-16,2349,8,3,19552000
10202,2025-12-27,358,35,6,9895000
10203,2025-02-13,1351,24,2,10548000
10204,2025-02-24,891,28,3,7126000
10205,2025-12-12,2722,33,6,1236000
10206,2024-03-05,1550,30,6,5083000
10207,2025-10-26,1478,23,3,19112000
10208,2025-09-25,2378,5,3,13269000
10209,2025-01-23,1690,38,6,9172000
10210,2025-02-19,252,48,1,20316000
10211,2024-05-21,809,25,6,12862000
10212,2024-11-09,2344,46,3,17604000
10213,2024-12-21,2812,7,6,17620000
10214,2024-08-28,1845,43,2,23315000
10215,2024-10-02,808,44,6,3320000
10216,2024-06-07,1216,39,3,34081000
10217,2025-03-04,637,28,1,12896000
10218,2024-05-02,2038,30,6,2117000
10219,2024-10-05,2901,18,1,645000
10220,2024-07-04,595,7,1,1354000
10221,2025-11-27,1236,9,3,13146000
10222,2025-08-27,1965,13,3,23349000
10223,2024-04-04,2737,47,3,26781000
10224,2024-01-29,953,17,6,20787000
10225,2024-07-27,426,30,6,39660000
10226,2024-04-13,129,43,1,18065000
10227,2025-08-28,1497,35,1,11046000
10228,2025-07-26,1340,1,3,30038000
10229,2024-07-29,964,11,6,9172000
10230,2024-04-13,100,20,6,5524000
10231,2024-07-31,1322,6,1,9656000
10232,2024-11-21,2664,28,1,30750000
10233,2025-11-19,2904,19,1,6818000
10234,2024-03-08,2854,29,2,1734000
10235,2025-09-11,2760,41,3,6209000
10236,2025-01-24,944,13,6,18695000
10237,2024-09-24,1828,41,2,1305000
10238,2025-12-19,1469,17,1,30957000
10239,2024-09-05,2618,41,3,5001000
10240,2024-06-19,1326,20,2,20799000
10241,2025-05-11,1681,35,3,18173000
10242,2024-05-24,2824,44,1,1618000
10243,2024-02-03,1631,35,1,13519000
10244,2025-08-06,2642,38,6,16192000
10245,2024-12-15,2258,45,3,3885000
10246,2024-06-26,2099,20,6,13827000
10247,2025-04-16,486,44,3,26556000
10248,2025-03-03,2347,44,3,30860000
10249,2025-07-31,2719,42,3,12628000
10250,2024-03-28,1750,48,1,136000
10251,2025-01-13,1202,39,3,32438000
10252,2024-07-19,438,20,6,4712000
10253,2024-09-11,2989,27,6,25425000
10254,2024-04-12,821,14,3,3744000
10255,2025-03-20,455,15,6,1776000
10256,2025-04-22,2836,19,6,10015000
10257,2024-03-24,1766,7,6,21034000
10258,2024-01-12,1306,18,1,11829000
10259,2024-08-19,1855,44,3,7918000
10260,2025-05-10,2737,45,1,22499000
10261,2025-01-26,1924,6,1,7653000
10262,2025-05-25,2871,17,6,26774000
10263,2024-01-05,1711,39,6,8008000
10264,2024-09-02,320,12,3,47645000
10265,2025-04-09,2166,50,3,11493000
10266,2024-11-05,2,43,6,3200000
10267,2025-09-28,1848,9,3,20041000
10268,2025-03-12,1829,10,3,16744000
10269,2024-10-06,365,36,6,3338000
10270,2024-06-22,2511,13,2,2634000
10271,2025-09-22,434,42,6,8467000
10272,2025-03-30,2261,41,6,4746000
10273,2024-11-17,2825,36,6,36977000
10274,2025-12-07,1057,32,6,16016000
10275,2024-01-15,480,39,1,25232000
10276,2025-10-15,1490,23,1,22185000
10277,2024-05-03,1856,22,6,11120000
10278,2024-01-02,1067,26,3,27469000
10279,2025-03-20,460,19,1,24205000
10280,2025-07-08,1114,4,1,8512000
10281,2025-09-09,1909,9,6,26451000
10282,2025-05-03,1378,19,6,11908000
10283,2025-03-26,1713,38,2,193000
10284,2025-08-18,1206,6,6,4100000
10285,2024-05-12,1458,43,2,7016000
10286,2025-09-23,1445,26,1,10421000
10287,2025-02-22,2774,47,2,12397000
10288,2024-08-11,2087,22,6,9760000
10289,2024-06-13,2078,49,3,11888000
10290,2024-07-09,778,8,1,3577000
10291,2024-06-01,2531,40,6,3979000
10292,2025-05-12,2097,14,6,18705000
10293,2024-07-26,1471,35,6,30405000
10294,2025-09-24,2372,7,3,10214000
10295,2025-04-19,1910,27,1,9352000
10296,2025-06-08,1483,33,6,5278000
10297,2025-12-21,2694,37,1,21251000
10298,2024-05-25,1369,46,6,34201000
10299,2024-08-20,1998,45,6,4207000
10300,2024-07-19,1725,26,1,5432000
10301,2025-05-29,2038,7,2,12040000
10302,2025-04-17,475,28,6,18622000
10303,2024-08-05,2609,22,3,6393000
10304,2024-12-06,1422,13,3,3284000
10305,2024-10-02,1513,4,6,9082000
10306,2025-11-12,2328,34,3,23908000
10307,2024-12-10,2059,50,1,14712000
10308,2025-09-13,1080,35,6,438000
10309,2024-08-29,251,39,3,26033000
10310,2025-04-17,2884,10,3,10095000
10311,2024-12-07,1333,45,6,30484000
10312,2024-05-04,1830,38,1,19680000
10313,2025-12-18,2525,20,1,11994000
10314,2024-03-28,1279,37,3,7859000
10315,2024-09-26,651,5,6,12077000
10316,2024-09-15,1270,47,3,15287000
10317,2025-08-16,1645,30,6,17441000
10318,2024-05-30,1276,10,3,14430000
10319,2025-01-04,2026,17,2,11715000
10320,2024-11-12,93,50,6,67611000
10321,2024-06-11,2744,45,6,2936000
10322,2025-10-13,2830,30,3,17967000
10323,2024-07-24,1509,17,6,14030000
10324,2025-03-17,1558,15,3,13665000
10325,2025-04-08,2699,29,3,30310000
10326,2025-09-14,2001,21,3,5585000
10327,2025-11-14,2641,1,3,11252000
10328,2024-01-29,1619,46,6,3472000
10329,2024-04-10,2546,19,2,6050000
10330,2025-05-14,695,15,6,12187000
10331,2025-02-21,421,24,2,18886000
10332,2024-10-05,485,46,2,8902000
10333,2025-05-26,205,33,1,9487000
10334,2025-07-31,621,9,3,8479000
10335,2025-08-24,588,21,3,24312000
10336,2025-12-17,863,40,3,9377000
10337,2024-01-05,735,38,6,27219000
10338,2024-02-15,263,48,2,1816000
10339,2024-11-07,1808,17,6,3332000
10340,2024-06-29,2527,37,2,19899000
10341,2025-12-26,1424,24,6,23519000
10342,2024-05-09,986,31,3,18957000
10343,2024-07-11,2844,40,3,7636000
10344,2024-09-15,2512,32,6,2781000
10345,2025-05-06,2877,50,6,13101000
10346,2024-11-16,1544,35,6,15616000
10347,2024-10-17,559,25,1,4061000
10348,2024-07-19,864,16,3,22424000
10349,2025-07-11,1260,47,6,11631000
10350,2024-12-16,272,37,2,12691000
10351,2024-07-31,2921,19,3,33483000
10352,2024-07-23,218,36,1,5422000
10353,2024-10-28,366,14,3,9335000
10354,2024-04-30,1730,4,6,50555000
10355,2025-11-08,1044,43,6,31266000
10356,2025-08-18,169,13,6,7580000
10357,2025-10-16,2319,16,6,15206000
10358,2024-05-01,1988,44,6,22250000
10359,2025-10-02,797,14,6,8249000
10360,2025-12-04,2669,15,3,7750000
10361,2025-12-21,1860,8,3,19122000
10362,2024-06-04,410,41,3,3359000
10363,2024-06-12,377,25,2,14994000
10364,2025-03-20,2725,13,3,18556000
10365,2024-06-17,901,5,3,4158000
10366,2025-01-20,1890,41,3,11741000
10367,2024-04-26,2766,6,3,11914000
10368,2025-07-11,249,10,1,8598000
10369,2025-07-08,2282,16,6,18319000
10370,2025-08-14,2785,31,2,5280000
10371,2025-11-22,576,43,6,4806000
10372,2025-04-05,2491,21,1,37261000
10373,2025-01-01,1733,20,6,32294000
10374,2025-11-06,262,5,3,15162000
10375,2025-11-02,2792,13,6,36762000
10376,2024-10-25,1849,45,1,5493000
10377,2025-06-19,1601,16,3,3995000
10378,2025-08-02,2873,26,1,13111000
10379,2024-11-09,69,43,1,8156000
10380,2024-08-25,2058,45,6,10445000
10381,2025-09-29,590,4,1,5767000
10382,2024-03-13,1946,41,6,11693000
10383,2025-09-29,309,17,6,10337000
10384,2024-01-11,2488,3,3,17316000
10385,2025-10-20,97,42,1,18088000
10386,2025-09-29,2765,24,6,3872000
10387,2024-05-21,2135,25,3,16492000
10388,2024-09-04,2519,22,1,16069000
10389,2025-08-13,2619,6,2,38046000
10390,2025-01-27,2941,31,1,47354000
10391,2024-08-13,873,34,1,9699000
10392,2025-03-31,1573,21,1,17538000
10393,2024-10-29,2213,43,3,10740000
10394,2024-07-01,2836,20,3,43738000
10395,2025-02-02,1603,34,3,12805000
10396,2025-08-11,2885,11,1,15240000
10397,2025-07-24,1484,36,6,13426000
10398,2024-12-05,748,2,2,5586000
10399,2024-01-02,2786,8,6,10089000
10400,2025-11-25,1271,20,6,18240000
10401,2025-07-17,1270,32,3,37880000
10402,2024-05-24,17,29,6,15881000
10403,2024-02-28,1501,7,3,1359000
10404,2025-04-22,58,13,1,4686000
10405,2024-06-23,421,47,6,25002000
10406,2025-04-12,1345,40,3,20222000
10407,2024-02-25,549,23,6,9540000
10408,2025-10-04,2446,34,1,9995000
10409,2025-08-10,305,2,1,4315000
10410,2024-06-29,26,45,6,9911000
10411,2024-04-18,2962,4,1,20350000
10412,2025-10-17,1994,9,3,15027000
10413,2024-03-10,225,10,3,6723000
10414,2025-04-09,706,39,6,46568000
10415,2025-04-03,1339,23,3,1017000
10416,2024-06-08,1767,14,6,25757000
10417,2024-02-27,2637,4,6,1594000
10418,2025-09-13,1747,50,1,5855000
10419,2024-07-31,2876,2,1,1822000
10420,2024-06-11,1430,7,6,39726000
10421,2025-01-31,1759,28,3,10356000
10422,2025-09-29,2504,12,3,42373000
10423,2024-06-17,2004,19,6,10297000
10424,2024-06-13,405,14,1,3120000
10425,2024-11-06,1493,37,6,10752000
10426,2025-07-29,726,41,3,4708000
10427,2025-01-11,1630,23,6,26702000
10428,2024-06-12,262,38,1,21266000
10429,2025-09-04,2972,21,3,8514000
10430,2024-02-03,2390,47,3,5671000
10431,2024-11-07,1217,5,6,23679000
10432,2025-05-25,1493,14,6,4166000
10433,2025-03-13,803,49,6,25723000
10434,2025-07-22,2909,12,6,8858000
10435,2025-03-03,1197,50,3,18439000
10436,2024-12-28,2226,28,6,16253000
10437,2025-05-24,1790,27,3,6403000
10438,2025-01-01,2720,21,6,5827000
10439,2025-05-12,2962,1,6,45673000
10440,2024-04-30,2297,27,6,40266000
10441,2024-02-23,1624,30,3,39645000
10442,2025-08-18,1694,18,6,20866000
10443,2024-03-09,408,24,3,5650000
10444,2025-10-18,22,21,3,29713000
10445,2024-05-20,1358,27,3,32143000
10446,2025-04-12,12,20,1,19438000
10447,2025-03-10,1075,25,3,9066000
10448,2025-05-26,2529,23,2,3250000
10449,2025-07-12,193,50,6,25741000
10450,2025-12-06,1628,27,3,17759000
10451,2025-12-10,2573,25,1,9105000
10452,2025-06-03,2885,12,3,4461000
10453,2025-01-15,130,46,6,19664000
10454,2024-04-14,1711,10,6,11656000
10455,2024-12-04,1,41,1,25079000
10456,2024-01-29,2619,40,1,29376000
10457,2024-07-03,1371,12,3,501000
10458,2024-07-07,919,36,2,7866000
10459,2024-06-27,2380,44,6,8224000
10460,2024-09-28,2867,25,1,20019000
10461,2025-05-19,1549,16,6,3841000
10462,2024-04-08,1203,33,6,11570000
10463,2024-09-26,2418,31,3,15185000
10464,2024-11-18,2746,7,1,1889000
10465,2025-11-20,2447,22,6,4344000
10466,2025-01-13,2296,39,1,6218000
10467,2025-07-13,1283,15,1,1068000
10468,2024-12-05,2049,43,6,17481000
10469,2025-08-07,2495,41,3,10985000
10470,2025-11-29,2516,49,3,14935000
10471,2025-03-19,2419,23,1,17052000
10472,2024-12-22,2643,42,3,8325000
10473,2025-12-30,1392,10,1,3392000
10474,2025-07-17,2931,31,6,5286000
10475,2024-03-22,532,1,3,6440000
10476,2025-12-10,181,5,3,2609000
10477,2024-04-01,2034,43,6,11465000
10478,2025-08-11,1874,16,3,34525000
10479,2024-05-05,326,19,3,9407000
10480,2025-03-09,979,14,6,2249000
10481,2024-01-27,2313,35,3,457000
10482,2024-04-08,221,21,3,16514000
10483,2024-10-15,2755,49,6,861000
10484,2025-09-11,1596,41,3,17174000
10485,2025-09-25,2681,29,6,29234000
10486,2024-03-04,115,46,6,22175000
10487,2025-09-23,2011,24,3,11376000
10488,2024-07-31,1073,44,6,10500000
10489,2025-01-01,2460,48,6,3076000
10490,2024-06-21,365,2,6,10141000
10491,2024-06-15,69,44,3,15285000
10492,2024-10-28,368,33,1,13910000
10493,2025-07-12,2569,27,6,26909000
10494,2024-10-04,2336,3,6,26623000
10495,2025-07-14,1815,12,6,41825000
10496,2024-12-02,143,46,6,23199000
10497,2024-11-14,490,22,3,43420000
10498,2025-09-12,198,37,1,9321000
10499,2025-04-13,1515,29,6,47605000
10500,2024-01-03,1814,38,6,5599000
10501,2025-11-04,122,44,6,14780000
10502,2024-04-04,2747,28,3,6630000
10503,2024-10-09,462,14,6,45120000
10504,2024-04-12,704,35,6,13830000
10505,2025-07-23,840,25,3,12008000
10506,2024-11-16,1475,38,6,5654000
10507,2025-07-05,656,32,6,8976000
10508,2024-03-04,2840,27,3,14370000
10509,2025-09-26,539,9,6,2422000
10510,2025-09-05,2689,8,6,42902000
10511,2025-02-01,2308,44,6,6424000
10512,2025-09-04,118,28,3,22402000
10513,2025-06-20,2642,12,6,19252000
10514,2025-03-10,510,2,3,35397000
10515,2024-06-22,2915,15,6,10620000
10516,2024-03-19,2696,9,3,1592000
10517,2025-09-30,1061,24,3,6386000
10518,2025-12-26,1572,38,3,51056000
10519,2024-12-08,1923,14,6,6466000
10520,2025-09-07,1071,13,3,5098000
10521,2024-12-20,2601,43,6,54483000
10522,2024-07-24,838,31,6,51964000
10523,2025-08-03,2097,45,6,49551000
10524,2025-08-29,2838,6,1,30206000
10525,2025-07-07,1940,46,3,3759000
10526,2025-05-24,12,8,3,6658000
10527,2025-06-12,363,41,2,10497000
10528,2024-05-02,2953,15,1,4385000
10529,2025-04-29,2499,21,1,2156000
10530,2024-08-01,828,7,6,12118000
10531,2024-08-28,682,18,3,475000
10532,2025-10-06,1812,1,6,5094000
10533,2024-04-10,593,32,3,2106000
10534,2025-05-11,2465,27,1,13289000
10535,2024-09-08,2089,32,3,22898000
10536,2025-10-23,168,33,3,6414000
10537,2024-07-15,2766,12,1,3860000
10538,2024-02-21,2079,10,1,16840000
10539,2024-02-25,1251,19,3,2762000
10540,2024-10-27,2699,46,1,564000
10541,2024-11-21,460,39,6,12323000
10542,2025-06-11,2302,7,6,15958000
10543,2024-09-18,2401,23,6,3154000
10544,2024-04-24,141,19,1,19741000
10545,2025-11-15,1396,40,3,50917000
10546,2024-01-18,61,46,1,26330000
10547,2025-06-07,1207,11,1,20961000
10548,2024-10-08,400,32,3,11162000
10549,2025-12-24,510,35,1,19404000
10550,2025-10-03,392,16,6,9392000
10551,2025-05-19,2769,18,1,1562000
10552,2024-09-20,144,15,3,4805000
10553,2024-12-15,2735,31,3,11499000
10554,2024-06-23,1361,46,2,3271000
10555,2025-05-24,915,15,1,4594000
10556,2024-12-21,2133,8,1,17318000
10557,2025-02-22,2052,11,1,21198000
10558,2024-02-18,335,41,6,1475000
10559,2024-06-08,2512,45,6,34321000
10560,2025-09-23,1714,36,6,20833000
10561,2024-10-21,1655,12,3,19086000
10562,2024-04-04,1579,29,2,28072000
10563,2025-10-11,220,27,1,2428000
10564,2024-02-14,2106,9,3,9672000
10565,2024-05-15,1098,1,6,3653000
10566,2025-11-03,1547,28,6,710000
10567,2025-10-13,2606,22,1,19431000
10568,2025-02-02,625,37,1,14138000
10569,2024-04-29,2852,16,6,1955000
10570,2024-02-14,2593,7,3,1346000
10571,2024-09-02,1110,17,3,34885000
10572,2025-01-21,2220,45,3,6778000
10573,2024-11-30,111,38,1,38136000
10574,2025-07-30,339,34,6,9226000
10575,2025-06-04,2399,38,6,1780000
10576,2024-12-30,1113,43,3,10403000
10577,2024-10-11,2433,29,1,26146000
10578,2024-12-26,1208,30,1,6003000
10579,2025-11-05,226,19,6,41811000
10580,2024-09-13,1256,9,2,6443000
10581,2025-04-03,1478,27,1,31570000
10582,2025-08-05,1054,38,2,9635000
10583,2024-09-26,1574,21,3,13805000
10584,2024-10-17,1234,17,6,26436000
10585,2025-03-06,2842,24,6,10831000
10586,2024-11-12,2117,5,6,29850000
10587,2024-11-21,656,21,1,2670000
10588,2025-12-21,2096,49,3,6486000
10589,2025-06-30,2730,26,6,21551000
10590,2025-01-23,1303,2,3,6924000
10591,2025-09-17,940,2,6,11119000
10592,2024-08-31,337,31,3,2803000
10593,2024-10-27,636,5,1,43620000
10594,2025-09-02,402,15,6,19575000
10595,2025-12-20,2496,40,6,23910000
10596,2024-12-14,1068,34,1,4080000
10597,2025-09-22,880,32,6,26923000
10598,2025-05-10,543,48,6,2616000
10599,2024-05-04,1483,17,1,10166000
10600,2024-06-16,1055,8,1,9197000
10601,2024-11-20,7,46,1,6944000
10602,2025-06-23,2775,14,6,14499000
10603,2024-04-10,763,19,6,43861000
10604,2024-05-20,740,15,6,6637000
10605,2024-05-29,179,29,6,43055000
10606,2024-03-11,2455,31,6,6559000
10607,2024-08-09,1956,4,3,15943000
10608,2025-03-15,968,11,1,8256000
10609,2025-09-02,2475,36,3,1730000
10610,2025-05-16,1868,14,1,8212000
10611,2025-01-16,653,7,2,2188000
10612,2025-06-27,1399,34,1,13863000
10613,2025-10-17,1885,24,6,75588000
10614,2025-11-29,2237,12,6,10642000
10615,2024-08-19,652,6,3,7184000
10616,2025-09-10,1152,50,6,8924000
10617,2024-04-12,2979,4,3,20213000
10618,2025-06-19,1420,49,3,10670000
10619,2025-07-31,2892,45,3,9676000
10620,2025-06-12,2909,43,3,1162000
10621,2025-06-24,502,7,3,6182000
10622,2025-09-27,1108,12,3,17639000
10623,2024-05-02,2036,46,3,21263000
10624,2024-08-28,1169,9,2,13546000
10625,2025-02-25,1046,13,1,13450000
10626,2025-11-04,2410,48,6,13308000
10627,2024-12-13,771,20,1,20765000
10628,2024-07-11,1163,37,6,2705000
10629,2025-12-30,405,50,3,1383000
10630,2025-03-31,523,41,3,11050000
10631,2024-10-03,207,37,1,30310000
10632,2024-07-08,1193,10,6,28007000
10633,2024-07-19,2567,50,2,15583000
10634,2024-01-26,2511,42,2,12885000
10635,2025-11-28,1883,15,2,7420000
10636,2025-01-20,790,15,1,31261000
10637,2024-10-27,2654,15,3,18062000
10638,2025-11-04,2113,42,6,3498000
10639,2024-06-23,1253,17,6,1742000
10640,2025-05-29,980,37,3,4551000
10641,2025-05-12,487,9,3,5960000
10642,2024-06-20,1499,32,3,29626000
10643,2025-07-06,2409,28,3,25908000
10644,2024-03-20,205,10,6,31741000
10645,2024-04-24,2331,33,1,18258000
10646,2025-04-27,667,18,6,11148000
10647,2025-10-29,2554,24,1,24910000
10648,2024-02-08,1805,25,3,9843000
10649,2025-08-19,2575,5,6,3180000
10650,2024-05-26,2214,14,3,1518000
10651,2024-04-02,2317,30,6,20950000
10652,2025-06-02,2361,23,3,4708000
10653,2025-03-12,1662,23,3,22354000
10654,2024-04-19,2191,4,3,23252000
10655,2025-01-16,1131,19,3,12954000
10656,2024-05-27,1912,29,6,12396000
10657,2024-03-01,480,43,1,972000
10658,2024-08-15,399,25,1,28003000
10659,2024-12-13,1931,24,3,6729000
10660,2024-01-26,138,2,1,4961000
10661,2025-01-30,1684,49,3,15553000
10662,2024-12-23,1932,20,1,59185000
10663,2025-08-22,1945,42,1,16108000
10664,2025-07-15,1107,29,2,1997000
10665,2025-12-10,2240,18,6,20967000
10666,2025-05-29,306,25,1,3785000
10667,2024-02-18,723,7,1,6300000
10668,2025-08-29,319,35,1,52130000
10669,2024-07-15,1668,13,6,17450000
10670,2024-05-17,1353,8,3,70394000
10671,2024-05-22,2441,43,3,29591000
10672,2024-02-02,843,49,3,2747000
10673,2024-02-23,632,25,1,21828000
10674,2024-08-26,1805,2,6,6904000
10675,2024-02-07,1572,30,6,970000
10676,2025-07-24,2961,12,6,7475000
10677,2024-06-12,625,37,1,25751000
10678,2024-11-29,1153,26,6,5720000
10679,2025-12-21,2755,18,6,28470000
10680,2025-01-20,912,5,6,41145000
10681,2025-09-08,378,20,6,2466000
10682,2024-12-28,2438,4,1,42025000
10683,2025-01-29,1386,15,6,11458000
10684,2024-10-15,650,14,6,8773000
10685,2024-06-12,1048,28,6,1140000
10686,2025-04-07,1573,48,1,13815000
10687,2024-06-20,1677,45,6,50846000
10688,2025-02-03,303,32,6,33781000
10689,2025-10-21,1804,38,2,35619000
10690,2024-10-11,1457,49,6,19484000
10691,2024-06-19,585,19,1,16175000
10692,2025-12-09,178,24,3,27816000
10693,2025-03-13,1068,10,6,17121000
10694,2024-10-22,2476,29,3,17391000
10695,2024-02-23,1538,18,1,5936000
10696,2025-05-08,341,40,6,3022000
10697,2024-02-10,2846,42,1,10839000
10698,2024-10-24,2096,40,6,2359000
10699,2024-08-15,284,7,6,38190000
10700,2024-02-17,504,23,6,371000
10701,2024-12-17,961,37,3,7864000
10702,2025-01-14,759,6,2,225000
10703,2025-10-16,2995,44,6,50955000
10704,2024-10-13,752,17,2,14783000
10705,2024-04-05,1423,2,6,1765000
10706,2024-08-06,2619,30,3,50905000
10707,2024-03-03,2883,34,6,12322000
10708,2025-07-15,110,34,3,2462000
10709,2024-09-03,1387,34,6,27812000
10710,2024-12-26,2059,42,1,12214000
10711,2025-03-13,1069,21,6,43254000
10712,2025-10-10,2302,29,6,12694000
10713,2025-09-19,1839,37,3,1195000
10714,2025-12-29,1979,17,1,10086000
10715,2024-12-23,1198,11,3,5730000
10716,2025-10-25,237,47,6,10148000
10717,2024-08-06,1576,34,1,1749000
10718,2025-05-03,1338,26,3,21880000
10719,2024-09-18,2397,32,3,3993000
10720,2024-12-01,253,45,6,7524000
10721,2025-06-19,2626,28,6,1006000
10722,2024-07-04,1301,15,2,11918000
10723,2025-06-07,439,22,3,11214000
10724,2024-01-06,2226,26,6,7191000
10725,2025-06-18,2764,50,3,14612000
10726,2024-09-24,1529,7,3,12394000
10727,2025-09-08,912,44,1,22893000
10728,2024-10-17,1691,31,3,11113000
10729,2025-10-23,2925,42,3,3109000
10730,2025-09-23,2431,10,6,14719000
10731,2024-12-10,701,14,6,16437000
10732,2024-04-18,84,1,1,4589000
10733,2025-09-29,1508,40,6,10913000
10734,2024-07-14,1304,5,3,10298000
10735,2025-05-12,1438,29,3,29445000
10736,2025-01-10,836,12,2,11727000
10737,2025-07-30,2943,16,6,52351000
10738,2024-03-19,907,44,2,7360000
10739,2024-03-07,1182,20,6,2395000
10740,2024-10-07,444,40,6,18512000
10741,2024-06-10,2909,37,6,4404000
10742,2024-03-13,2695,4,1,15670000
10743,2025-03-13,2020,21,3,15346000
10744,2024-01-15,1588,37,1,2994000
10745,2024-06-06,2905,47,3,27211000
10746,2025-08-28,1091,3,3,6582000
10747,2024-04-03,1869,5,1,20450000
10748,2024-02-04,1018,46,6,22148000
10749,2024-01-29,2536,30,3,3852000
10750,2025-06-25,1084,27,6,30697000
10751,2025-08-28,234,36,6,25012000
10752,2025-05-02,2860,15,6,16155000
10753,2024-08-09,2610,7,6,11582000
10754,2025-08-07,587,29,6,1846000
10755,2025-09-16,694,32,6,14752000
10756,2025-02-27,194,6,3,859000
10757,2024-01-17,1638,41,3,15903000
10758,2025-10-29,1813,31,6,11135000
10759,2024-02-22,7,39,6,9385000
10760,2024-02-26,259,33,1,3780000
10761,2024-05-15,1518,41,6,13766000
10762,2025-01-25,293,35,3,392000
10763,2025-01-21,385,1,3,11976000
10764,2024-12-12,999,30,3,42331000
10765,2024-01-07,2047,4,2,24958000
10766,2024-04-12,26,10,1,9484000
10767,2024-05-15,2970,8,1,21741000
10768,2025-12-20,1622,36,1,14706000
10769,2025-09-20,172,21,2,10867000
10770,2024-02-06,500,5,3,23092000
10771,2024-03-10,1552,37,1,7346000
10772,2024-10-02,2975,38,3,2380000
10773,2024-01-06,1565,30,6,27138000
10774,2025-09-22,2123,31,3,12981000
10775,2024-02-10,451,19,3,12145000
10776,2024-11-08,326,6,6,3366000
10777,2024-08-22,736,36,1,5903000
10778,2024-06-04,1487,8,3,868000
10779,2025-01-25,1054,50,1,6436000
10780,2025-08-27,1350,33,6,7474000
10781,2024-05-04,1773,29,1,44126000
10782,2024-04-21,258,32,3,5619000
10783,2024-06-08,1339,17,6,4917000
10784,2025-09-01,1600,21,6,14250000
10785,2024-02-06,644,46,6,1570000
10786,2024-06-09,2933,6,3,12859000
10787,2025-11-10,582,21,6,5102000
10788,2025-10-13,2150,4,6,10486000
10789,2025-12-13,1912,23,3,18833000
10790,2024-12-02,9,11,6,35072000
10791,2024-05-25,1032,42,1,19792000
10792,2025-03-04,882,16,6,22481000
10793,2024-07-02,931,8,6,16237000
10794,2025-10-06,1313,19,3,18107000
10795,2025-03-29,2039,8,1,26359000
10796,2024-06-06,10,10,2,10218000
10797,2025-02-14,370,45,1,9464000
10798,2025-09-22,2612,9,3,10500000
10799,2024-08-28,434,50,3,12993000
10800,2025-03-01,1842,28,6,17395000
10801,2024-10-13,1259,34,1,33402000
10802,2024-07-01,2091,48,6,22104000
10803,2025-07-21,45,32,1,12566000
10804,2025-09-21,254,3,6,3616000
10805,2025-09-18,1772,15,2,31297000
10806,2025-12-15,2370,25,6,26808000
10807,2025-02-04,1840,49,6,1061000
10808,2024-06-27,2326,25,2,4004000
10809,2025-10-09,642,46,3,23385000
10810,2025-03-20,2666,20,3,9516000
10811,2025-09-04,288,41,3,1750000
10812,2024-09-20,2928,32,3,3320000
10813,2025-02-28,1220,39,6,19787000
10814,2024-09-20,1314,41,3,26109000
10815,2024-09-28,1248,27,6,5224000
10816,2025-04-24,1892,46,3,32931000
10817,2024-09-08,2818,41,6,18958000
10818,2024-04-23,1412,13,6,31030000
10819,2024-06-20,1908,33,3,11203000
10820,2024-08-04,2604,12,3,7715000
10821,2025-04-20,881,10,1,2320000
10822,2025-04-24,1547,28,6,13671000
10823,2024-09-20,2189,41,6,31907000
10824,2024-05-11,2047,20,3,5777000
10825,2024-10-23,1755,45,6,1930000
10826,2024-12-16,2573,18,2,5986000
10827,2024-07-12,2989,2,3,347000
10828,2024-06-08,2635,7,6,7778000
10829,2024-08-27,1576,27,6,12224000
10830,2025-07-30,1204,23,1,29578000
10831,2025-07-21,2266,12,1,7245000
10832,2024-05-19,1020,20,6,42401000
10833,2024-09-07,895,23,6,40905000
10834,2025-03-03,2109,11,1,6773000
10835,2025-06-20,2453,47,6,7148000
10836,2025-01-08,1984,43,6,1160000
10837,2024-11-06,2478,41,1,27927000
10838,2025-11-11,22,15,3,1741000
10839,2025-07-14,3,8,1,3363000
10840,2024-08-26,2604,30,6,17937000
10841,2024-03-15,2505,5,6,38708000
10842,2025-11-19,1872,31,2,10652000
10843,2024-04-11,1273,6,2,2047000
10844,2024-03-21,1459,48,3,3460000
10845,2024-04-20,2608,25,1,531000
10846,2024-08-04,284,23,1,5720000
10847,2025-09-16,1120,11,3,10674000
10848,2024-03-16,464,23,3,7105000
10849,2025-04-18,2960,26,6,3435000
10850,2024-02-09,2363,50,3,3588000
10851,2025-01-20,828,39,6,2553000
10852,2025-10-14,1493,2,6,6572000
10853,2025-03-25,2481,49,1,31182000
10854,2024-05-03,1519,5,2,22967000
10855,2025-11-02,2473,36,2,783000
10856,2024-03-04,125,42,3,22490000
10857,2024-09-28,1208,15,2,3636000
10858,2024-02-06,570,30,6,38508000
10859,2024-08-18,567,49,3,13734000
10860,2025-11-24,1537,22,6,9837000
10861,2025-08-02,1185,10,6,16113000
10862,2025-10-20,1692,41,1,23954000
10863,2025-07-20,35,41,3,36880000
10864,2024-06-26,1568,13,1,14326000
10865,2025-02-07,1824,27,1,1391000
10866,2025-12-12,2627,7,2,6416000
10867,2024-11-12,1010,6,3,9381000
10868,2025-04-14,1392,15,3,3336000
10869,2025-05-30,1949,6,6,17911000
10870,2024-04-21,1091,12,6,6331000
10871,2024-10-25,549,38,1,5507000
10872,2024-02-01,1542,43,6,5272000
10873,2025-01-25,459,19,1,7700000
10874,2025-06-02,827,47,3,9877000
10875,2024-03-05,1692,32,6,9641000
10876,2025-12-26,2967,9,3,13460000
10877,2025-09-01,1282,20,2,25362000
10878,2024-12-30,2181,19,6,15421000
10879,2024-09-22,1009,36,3,15919000
10880,2024-10-26,2002,22,1,14008000
10881,2025-06-04,2415,31,1,31339000
10882,2025-10-29,1251,22,3,2807000
10883,2025-04-14,2310,36,3,27840000
10884,2025-07-10,732,12,6,21913000
10885,2024-12-14,1413,45,6,6198000
10886,2024-01-28,2983,42,6,7143000
10887,2024-06-04,501,2,2,2702000
10888,2024-04-25,1230,41,3,39920000
10889,2025-09-17,1637,8,3,11362000
10890,2025-04-29,1825,34,6,15818000
10891,2024-10-13,1523,14,3,2430000
10892,2025-10-26,129,47,6,39986000
10893,2025-03-26,2882,40,3,7262000
10894,2025-01-24,1575,9,6,23511000
10895,2025-08-31,724,14,1,18240000
10896,2025-08-03,1387,16,2,2913000
10897,2024-02-03,2752,41,1,996000
10898,2025-11-01,1419,48,6,4849000
10899,2024-07-19,2437,22,1,50066000
10900,2025-10-16,1513,26,1,26714000
10901,2025-04-10,1997,43,1,29341000
10902,2024-04-18,720,23,1,820000
10903,2024-11-14,1484,34,6,19350000
10904,2024-02-02,504,15,3,7129000
10905,2024-04-29,257,29,6,27079000
10906,2024-05-04,2010,16,1,3110000
10907,2025-01-08,2283,13,6,13273000
10908,2024-05-25,1205,37,1,23113000
10909,2024-05-07,1380,6,6,3781000
10910,2025-03-15,2373,20,6,3992000
10911,2024-08-13,2266,32,3,839000
10912,2025-05-02,287,30,3,7935000
10913,2024-08-24,1326,44,3,11252000
10914,2024-08-08,1428,45,3,35912000
10915,2025-11-28,2395,6,2,12807000
10916,2024-12-24,1142,35,1,7982000
10917,2024-12-04,1775,11,6,67088000
10918,2024-08-06,2503,28,6,18907000
10919,2024-07-22,2758,50,1,14062000
10920,2024-05-07,1764,6,1,10496000
10921,2024-01-01,2639,39,3,12244000
10922,2024-05-24,2251,27,3,25729000
10923,2025-11-08,2959,46,6,8097000
10924,2025-07-25,1202,10,6,3317000
10925,2025-05-07,1354,7,6,11350000
10926,2024-08-15,1627,43,6,12774000
10927,2024-05-20,194,45,3,10316000
10928,2025-03-26,1449,3,6,27148000
10929,2025-01-19,2523,38,2,5970000
10930,2025-12-01,2629,9,3,26944000
10931,2024-11-17,1622,34,6,8063000
10932,2025-08-01,1128,19,2,32552000
10933,2025-03-06,1170,37,1,3838000
10934,2024-07-29,407,50,2,12561000
10935,2024-03-30,1311,25,3,14988000
10936,2024-11-21,1279,2,1,2561000
10937,2025-01-31,513,7,3,5919000
10938,2024-02-12,1611,46,2,2547000
10939,2024-09-08,1675,16,1,18812000
10940,2024-08-24,2805,24,3,12172000
10941,2025-07-17,1333,11,1,45310000
10942,2025-08-31,2700,6,6,4020000
10943,2024-12-28,1635,6,1,12910000
10944,2025-12-12,254,29,1,2593000
10945,2025-09-27,2112,29,3,21516000
10946,2025-10-25,2745,19,3,2240000
10947,2024-10-23,2792,21,6,4049000
10948,2024-11-11,815,2,2,17388000
10949,2025-04-20,2645,19,6,4932000
10950,2025-11-22,1847,48,6,27746000
10951,2025-04-25,1192,8,6,8043000
10952,2025-03-06,1419,7,3,25698000
10953,2024-08-03,398,26,1,21292000
10954,2024-07-24,717,24,1,18219000
10955,2024-09-05,2891,28,1,45827000
10956,2024-02-10,1362,30,6,342000
10957,2025-04-19,2817,33,6,4322000
10958,2025-02-17,229,30,2,21873000
10959,2024-07-10,1379,2,6,1242000
10960,2025-01-25,1752,28,3,3913000
10961,2025-01-30,2358,42,6,24521000
10962,2024-01-20,2112,24,1,7790000
10963,2025-03-12,336,4,6,5447000
10964,2025-06-09,2525,27,6,16669000
10965,2024-12-20,857,9,6,2746000
10966,2024-09-17,2034,18,2,10604000
10967,2025-10-26,2905,17,2,12742000
10968,2024-07-03,2755,18,2,29172000
10969,2025-11-21,1065,13,3,17615000
10970,2025-03-22,2132,19,3,21818000
10971,2024-08-03,1304,38,6,21977000
10972,2024-02-21,30,1,2,13504000
10973,2025-07-19,2704,44,1,40454000
10974,2024-01-08,2104,32,2,33302000
10975,2025-01-31,2590,14,3,17806000
10976,2025-07-18,499,38,1,21612000
10977,2025-12-28,2774,38,1,11253000
10978,2025-05-03,333,37,2,8200000
10979,2025-06-02,2427,37,1,4178000
10980,2025-07-26,434,40,3,3860000
10981,2025-05-04,2474,9,2,1019000
10982,2025-02-27,1362,1,2,47779000
10983,2025-06-21,304,30,6,11670000
10984,2025-04-12,1725,48,3,12253000
10985,2024-04-15,2095,3,3,8077000
10986,2025-03-17,2920,29,6,5973000
10987,2024-05-08,517,27,1,12548000
10988,2024-11-09,2446,6,6,29989000
10989,2024-05-11,2811,34,3,51477000
10990,2024-08-18,689,33,3,14965000
10991,2025-02-17,1788,22,3,8210000
10992,2025-05-14,2004,13,2,5300000
10993,2024-07-30,342,40,6,11172000
10994,2024-10-23,2333,16,2,17947000
10995,2024-09-02,1336,9,6,7389000
10996,2025-11-23,1748,12,6,5241000
10997,2024-12-16,2527,16,6,15480000
10998,2025-03-09,2701,24,3,2913000
10999,2024-04-05,2125,9,6,34220000
11000,2025-03-23,1737,41,6,3902000
11001,2024-04-22,1571,14,3,13658000
11002,2024-04-22,1867,11,6,6698000
11003,2024-04-07,1351,17,3,25655000
11004,2025-12-10,796,27,1,21616000
11005,2025-07-01,381,48,1,7034000
11006,2024-10-21,498,15,6,13559000
11007,2024-01-25,770,13,6,20234000
11008,2025-02-15,51,46,6,5690000
11009,2024-11-14,2428,27,3,43119000
11010,2025-03-27,1335,29,6,21780000
11011,2025-10-23,1212,28,6,24228000
11012,2024-11-07,2904,17,3,10422000
11013,2024-05-25,471,33,6,6889000
11014,2024-08-10,2519,36,1,16997000
11015,2024-04-18,521,22,6,15913000
11016,2025-06-06,2226,32,6,764000
11017,2024-10-13,164,50,6,17117000
11018,2024-02-29,893,50,2,29839000
11019,2024-12-14,272,14,6,5302000
11020,2025-11-12,1554,24,2,8877000
11021,2025-07-12,2887,43,6,2120000
11022,2024-11-26,2840,27,3,70444000
11023,2025-07-30,1757,45,1,16686000
11024,2025-07-12,2009,18,6,25001000
11025,2025-05-05,2016,6,1,25263000
11026,2024-11-11,356,11,6,1632000
11027,2024-09-01,2627,34,1,24437000
11028,2024-09-26,358,2,6,14360000
11029,2025-01-12,1879,9,3,2547000
11030,2025-09-27,1825,27,6,12769000
11031,2025-01-10,1728,49,1,5607000
11032,2025-12-31,175,27,6,27029000
11033,2025-10-08,202,16,3,3280000
11034,2024-08-26,877,25,6,11863000
11035,2025-11-27,1995,30,6,10022000
11036,2024-11-14,389,3,3,3652000
11037,2024-09-14,832,38,6,101000
11038,2024-05-04,459,34,1,31932000
11039,2025-12-22,226,1,1,5565000
11040,2025-11-18,1128,3,3,33726000
11041,2024-09-08,1374,48,3,13266000
11042,2024-07-06,1956,48,3,20011000
11043,2025-05-12,812,44,1,8004000
11044,2024-02-24,865,6,3,7330000
11045,2025-03-23,1628,26,6,35464000
11046,2025-03-22,2877,24,2,20522000
11047,2025-05-28,1093,31,3,41830000
11048,2025-06-04,2042,46,3,17102000
11049,2025-04-23,2155,36,3,12746000
11050,2024-11-07,1433,33,6,393000
11051,2025-09-26,1457,30,3,2372000
11052,2025-05-03,350,7,6,1424000
11053,2025-09-05,355,30,3,7977000
11054,2024-10-27,1707,5,3,6451000
11055,2024-02-25,1539,38,1,7872000
11056,2024-08-18,2616,46,3,17886000
11057,2024-12-28,395,2,3,29688000
11058,2025-10-26,2961,50,1,5315000
11059,2024-05-16,2021,43,3,5290000
11060,2025-02-11,1608,34,6,38820000
11061,2025-07-09,2705,39,3,16194000
11062,2025-06-21,1236,10,2,12155000
11063,2024-01-22,938,12,6,5457000
11064,2024-12-04,248,42,1,14022000
11065,2024-02-20,1298,9,6,13608000
11066,2024-04-06,396,18,1,23045000
11067,2024-02-10,1815,27,6,10339000
11068,2024-04-07,914,14,6,147000
11069,2024-07-01,2306,19,3,11950000
11070,2025-01-17,1952,28,3,14672000
11071,2024-09-11,2917,41,3,1711000
11072,2025-03-03,2824,5,2,8511000
11073,2025-07-06,1108,41,3,1330000
11074,2024-06-17,2943,38,6,5555000
11075,2024-02-25,1233,50,6,8982000
11076,2024-07-29,2137,28,3,2893000
11077,2025-03-30,1632,5,1,20560000
11078,2025-12-12,2326,29,6,6036000
11079,2025-05-17,1544,10,2,8434000
11080,2025-10-13,804,22,6,9819000
11081,2025-10-08,1315,26,3,18158000
11082,2024-10-14,2955,15,2,7274000
11083,2024-12-18,809,43,3,11878000
11084,2025-10-03,784,44,6,22945000
11085,2025-07-25,2625,37,3,11984000
11086,2025-12-31,1486,16,3,27009000
11087,2024-07-01,207,3,3,22153000
11088,2024-12-05,2364,3,6,4558000
11089,2024-02-18,121,12,6,1252000
11090,2024-04-16,2775,29,3,10411000
11091,2024-08-08,1657,46,6,13068000
11092,2024-07-06,998,32,1,5011000
11093,2024-08-10,318,14,6,24074000
11094,2025-10-10,611,20,2,4416000
11095,2024-10-26,2566,29,2,4955000
11096,2025-06-08,2345,31,6,46779000
11097,2024-06-15,307,49,6,13970000
11098,2025-04-25,2481,43,6,41686000
11099,2024-05-24,2629,40,1,33523000
11100,2024-04-10,144,7,6,7046000
11101,2024-05-19,2031,18,3,3967000
11102,2024-05-16,332,46,6,32422000
11103,2024-03-29,1967,50,6,28392000
11104,2024-01-21,2999,32,3,35832000
11105,2025-03-07,967,6,1,8844000
11106,2024-05-27,1122,44,2,10253000
11107,2025-11-09,2977,18,3,21034000
11108,2025-02-02,329,40,6,2180000
11109,2025-12-16,2638,41,6,10160000
11110,2024-04-04,2500,26,6,81000
11111,2024-06-24,1972,6,6,13416000
11112,2024-12-25,1984,4,6,15296000
11113,2024-11-20,2827,35,6,24186000
11114,2025-06-03,1786,11,1,10441000
11115,2025-03-28,2096,24,6,3474000
11116,2025-04-18,396,44,6,9568000
11117,2024-05-05,729,5,3,36946000
11118,2025-08-27,2338,13,3,7374000
11119,2024-03-29,2018,25,6,2004000
11120,2024-01-02,2728,49,6,19506000
11121,2025-10-14,47,1,1,5962000
11122,2024-06-24,2649,29,3,2261000
11123,2025-03-10,659,48,6,60486000
11124,2024-11-09,1380,12,6,9430000
11125,2025-06-01,1189,13,3,5808000
11126,2025-12-17,44,15,3,36731000
11127,2025-07-12,2036,33,2,7060000
11128,2025-03-06,1175,28,6,19536000
11129,2025-07-31,1260,48,3,17990000
11130,2024-03-30,2698,49,3,31595000
11131,2025-02-28,2224,42,6,47735000
11132,2025-09-07,2668,33,6,8438000
11133,2025-12-14,1114,39,1,4492000
11134,2025-12-16,731,1,1,15395000
11135,2025-08-18,579,11,6,9741000
11136,2025-07-20,1650,33,6,24366000
11137,2024-01-27,2655,44,1,10847000
11138,2025-04-26,1504,24,6,12805000
11139,2025-06-28,1508,19,6,7434000
11140,2025-05-10,2889,45,6,310000
11141,2024-11-28,879,1,3,19276000
11142,2024-05-26,1068,48,6,9840000
11143,2024-10-21,841,2,3,14895000
11144,2024-04-24,912,9,1,4601000
11145,2024-06-26,1418,30,6,6840000
11146,2024-01-20,1060,5,1,5149000
11147,2024-06-16,1727,26,6,14378000
11148,2024-09-01,2836,24,3,18155000
11149,2025-08-08,1152,21,6,924000
11150,2025-10-24,2640,29,1,42571000
11151,2024-04-10,1174,50,3,5675000
11152,2024-06-03,2702,28,6,14640000
11153,2024-06-30,596,43,6,8713000
11154,2025-05-18,1796,28,2,28695000
11155,2024-07-25,2276,10,3,14606000
11156,2024-03-01,1972,5,2,6724000
11157,2024-02-20,592,17,6,3543000
11158,2025-06-22,2933,34,6,12553000
11159,2024-10-06,464,41,6,1105000
11160,2025-11-01,2407,16,3,41850000
11161,2025-09-09,1594,40,6,27194000
11162,2025-09-09,1002,43,1,1357000
11163,2025-09-19,832,16,3,8294000
11164,2024-07-19,2968,13,3,7564000
11165,2025-04-01,1760,36,3,10182000
11166,2024-08-03,2260,47,6,1040000
11167,2025-06-18,2380,34,1,13622000
11168,2024-12-19,2101,8,6,18319000
11169,2024-08-03,2283,47,6,18532000
11170,2025-07-05,420,25,6,4895000
11171,2024-07-03,582,16,6,19766000
11172,2024-02-08,2012,41,3,10845000
11173,2025-12-28,2588,40,1,363000
11174,2025-05-06,2226,32,1,1343000
11175,2025-10-08,1475,9,2,4578000
11176,2025-08-16,2473,34,2,3670000
11177,2025-01-20,2116,17,3,30620000
11178,2025-02-17,125,43,1,2778000
11179,2024-08-01,1186,12,3,16605000
11180,2025-09-23,2969,23,2,35746000
11181,2025-07-08,1617,30,1,4238000
11182,2024-06-06,1673,43,6,9212000
11183,2024-07-08,2190,6,2,19027000
11184,2025-04-05,1656,29,6,21528000
11185,2025-03-30,2205,27,6,2547000
11186,2025-11-17,2917,15,3,24853000
11187,2025-05-08,309,35,2,14594000
11188,2025-09-15,186,23,3,5354000
11189,2025-03-24,1085,28,3,3770000
11190,2025-08-10,2329,15,1,11247000
11191,2024-02-03,1481,14,6,7777000
11192,2024-10-14,176,43,6,58201000
11193,2024-06-10,1050,9,6,6341000
11194,2024-04-30,227,46,1,21190000
11195,2024-09-04,621,18,3,4876000
11196,2025-12-10,1935,32,1,1487000
11197,2025-02-02,1435,7,3,14290000
11198,2025-07-03,1122,50,3,4609000
11199,2024-04-23,2516,35,6,12636000
11200,2025-02-06,333,14,1,9927000
11201,2025-08-17,1234,2,6,40924000
11202,2024-08-31,1493,31,1,15083000
11203,2024-09-27,1914,26,1,1990000
11204,2025-09-05,2256,23,6,12693000
11205,2024-05-30,1626,43,3,17251000
11206,2024-11-26,142,1,6,22702000
11207,2024-05-23,2265,44,6,16741000
11208,2024-08-20,2082,42,6,13903000
11209,2025-06-21,34,2,3,5038000
11210,2025-09-28,2412,33,6,17420000
11211,2025-03-20,2813,45,3,7066000
11212,2024-06-13,2857,18,6,14163000
11213,2025-12-07,68,21,3,7197000
11214,2024-09-30,2525,2,6,63437000
11215,2025-05-30,1914,48,1,22149000
11216,2024-12-19,2953,39,6,12948000
11217,2025-01-18,1120,15,6,10613000
11218,2024-11-25,962,25,6,4353000
11219,2025-09-25,2316,26,2,8862000
11220,2024-03-03,1997,32,3,26140000
11221,2025-09-11,2606,29,6,41024000
11222,2024-05-25,613,11,1,2943000
11223,2025-12-15,1759,20,6,22070000
11224,2025-11-22,347,49,6,10180000
11225,2024-09-04,971,3,3,3161000
11226,2024-05-31,2035,1,1,24120000
11227,2025-04-16,1489,48,3,4431000
11228,2025-05-02,1719,40,6,2804000
11229,2025-12-10,1790,45,3,11175000
11230,2024-09-06,2202,45,3,10869000
11231,2024-11-22,444,17,6,25592000
11232,2024-09-03,2270,25,3,7060000
11233,2025-11-24,41,8,6,39677000
11234,2025-06-12,289,10,3,11120000
11235,2025-05-24,1401,1,3,2164000
11236,2024-01-26,1649,40,3,19232000
11237,2025-12-01,332,23,6,1780000
11238,2025-06-26,1419,37,1,13725000
11239,2025-08-22,2711,11,1,10757000
11240,2024-09-21,1050,21,6,1010000
11241,2025-03-22,1388,12,1,737000
11242,2024-07-04,521,7,6,21421000
11243,2025-07-02,2520,20,6,14019000
11244,2024-03-26,777,40,3,11302000
11245,2025-08-11,1531,42,2,10530000
11246,2025-04-02,1647,37,3,7821000
11247,2024-07-22,855,4,1,10033000
11248,2025-07-18,325,21,6,29696000
11249,2025-08-20,1340,38,2,27532000
11250,2025-05-08,55,23,6,12122000
11251,2025-09-04,1513,46,3,4961000
11252,2024-01-14,1767,14,6,18506000
11253,2024-04-24,2666,5,1,46452000
11254,2025-06-15,1986,19,2,27694000
11255,2025-12-22,2059,42,3,10745000
11256,2024-03-06,1858,13,3,11167000
11257,2025-12-04,1540,37,3,11300000
11258,2024-08-22,2173,10,3,14540000
11259,2024-10-09,1287,9,3,906000
11260,2025-03-27,2128,38,3,3089000
11261,2025-08-17,2315,26,1,22630000
11262,2025-06-01,2361,16,3,6216000
11263,2025-10-19,767,36,6,9883000
11264,2024-02-27,1478,10,2,38089000
11265,2025-05-29,1472,4,6,12175000
11266,2025-01-27,214,36,1,10623000
11267,2024-04-19,2339,7,1,15853000
11268,2025-10-30,1673,4,6,12766000
11269,2025-12-19,2989,35,6,13941000
11270,2025-06-24,2324,27,6,7500000
11271,2024-09-26,2512,36,2,14787000
11272,2025-07-15,1114,18,2,31030000
11273,2025-08-31,991,35,6,6580000
11274,2024-12-27,1261,30,2,19937000
11275,2025-09-29,765,32,2,15747000
11276,2025-12-04,1527,17,3,3438000
11277,2025-04-13,1254,34,6,4186000
11278,2024-02-07,1378,26,6,22984000
11279,2024-06-05,922,2,3,6288000
11280,2025-01-15,1608,1,3,1519000
11281,2025-10-26,1265,18,6,26010000
11282,2024-04-20,1478,1,3,13436000
11283,2024-05-21,2756,50,1,38436000
11284,2024-12-08,216,27,6,14175000
11285,2025-10-05,1536,25,6,7166000
11286,2024-02-26,1475,2,6,5035000
11287,2025-09-24,86,33,6,11051000
11288,2025-10-21,1527,45,6,7005000
11289,2025-03-14,1351,32,3,12976000
11290,2025-08-11,872,31,3,7980000
11291,2025-12-17,1019,38,2,10235000
11292,2025-09-08,1264,32,6,4616000
11293,2024-08-19,1891,10,3,10585000
11294,2025-08-30,171,46,1,7104000
11295,2024-11-29,625,6,3,23005000
11296,2025-01-31,75,38,2,12819000
11297,2024-01-28,566,30,6,15688000
11298,2024-10-05,2037,5,6,1536000
11299,2024-07-10,1029,44,1,4050000
11300,2024-06-21,331,7,3,21431000
11301,2025-10-09,2380,4,1,11411000
11302,2025-03-23,2655,27,1,6207000
11303,2024-08-28,1987,29,1,17448000
11304,2025-10-09,2262,7,1,10770000
11305,2024-09-12,31,40,3,24557000
11306,2024-09-06,401,17,6,9476000
11307,2024-06-15,1024,32,3,3888000
11308,2024-01-14,850,20,6,3380000
11309,2024-08-10,804,48,1,5848000
11310,2025-06-11,1815,17,1,17834000
11311,2025-01-08,1708,21,6,11399000
11312,2025-07-19,1609,27,3,22557000
11313,2024-02-04,2697,22,3,8806000
11314,2024-02-11,129,4,6,9861000
11315,2025-07-23,2359,43,6,92000
11316,2025-12-17,882,35,3,19021000
11317,2024-12-01,1922,24,3,8688000
11318,2024-04-04,1287,18,1,17744000
11319,2025-12-02,2227,45,6,5538000
11320,2025-04-09,2214,7,3,20639000
11321,2025-10-12,203,31,6,47285000
11322,2025-09-27,2919,18,3,1265000
11323,2024-04-19,1156,34,3,9041000
11324,2024-04-27,1424,43,2,9535000
11325,2024-10-29,1111,28,6,2200000
11326,2024-04-04,2444,43,3,9310000
11327,2024-12-15,1035,8,6,3762000
11328,2024-04-05,146,1,6,11341000
11329,2025-01-07,1700,10,6,772000
11330,2025-02-04,1754,35,3,13906000
11331,2025-01-05,1190,21,6,6529000
11332,2024-08-28,2597,44,6,1675000
11333,2024-08-13,2039,32,6,8934000
11334,2025-03-19,1477,39,3,13773000
11335,2024-12-26,2533,39,3,36621000
11336,2024-06-21,2715,15,6,13367000
11337,2024-10-15,544,15,3,15406000
11338,2024-04-14,1753,12,1,18086000
11339,2025-01-25,1758,18,3,11007000
11340,2024-11-13,2515,42,3,2256000
11341,2025-06-23,2655,26,3,9824000
11342,2024-11-15,1577,11,3,19561000
11343,2025-06-13,958,26,1,28221000
11344,2025-12-30,1373,35,3,12320000
11345,2025-11-06,1533,49,1,15587000
11346,2024-07-24,356,43,6,20821000
11347,2024-03-25,2581,13,2,6462000
11348,2025-11-24,807,23,6,2864000
11349,2024-04-26,448,29,2,3851000
11350,2024-06-16,1988,33,6,12832000
11351,2025-05-01,769,20,6,6194000
11352,2025-04-12,2367,13,6,2569000
11353,2024-06-23,720,15,3,16129000
11354,2024-04-22,1977,49,6,495000
11355,2024-03-18,2500,45,6,15967000
11356,2025-07-24,658,11,6,13484000
11357,2025-06-18,2238,22,3,1359000
11358,2024-10-06,2710,13,3,17090000
11359,2024-08-08,2600,46,6,20791000
11360,2025-12-13,2792,44,6,20392000
11361,2024-11-07,62,34,6,3242000
11362,2024-11-10,1831,18,3,24975000
11363,2025-04-07,800,40,6,1877000
11364,2024-06-04,2354,41,6,14313000
11365,2024-04-16,1996,23,6,14077000
11366,2024-12-15,1800,32,3,40145000
11367,2025-08-08,228,25,2,2124000
11368,2025-06-02,995,48,6,14797000
11369,2024-09-25,612,22,3,18231000
11370,2024-03-29,2073,3,3,10626000
11371,2024-11-19,1068,22,6,7780000
11372,2024-03-20,2397,43,1,8626000
11373,2024-10-23,428,24,1,9793000
11374,2025-06-10,1770,16,6,17051000
11375,2025-07-14,1029,1,2,366000
11376,2025-03-12,357,43,6,25280000
11377,2024-02-19,2663,43,6,40337000
11378,2024-09-14,2486,8,6,24918000
11379,2024-11-09,1333,14,1,11155000
11380,2025-05-19,2823,23,1,37866000
11381,2024-01-21,395,24,6,6039000
11382,2025-09-19,392,18,6,19697000
11383,2025-11-20,448,25,6,26422000
11384,2024-03-19,1437,31,1,8026000
11385,2024-07-11,1947,28,3,1608000
11386,2024-10-03,30,47,3,14857000
11387,2024-03-31,826,18,3,4986000
11388,2025-10-06,2013,33,3,11504000
11389,2024-01-16,2534,1,6,17630000
11390,2024-04-23,2351,24,6,1414000
11391,2025-10-19,419,43,6,3012000
11392,2024-12-19,417,20,3,7976000
11393,2025-01-02,405,18,3,19481000
11394,2025-12-08,2669,23,6,1666000
11395,2025-06-28,776,35,6,5564000
11396,2024-08-05,1572,36,3,5201000
11397,2025-04-23,717,39,6,12324000
11398,2025-03-12,2976,5,3,24352000
11399,2024-02-20,2192,17,1,2474000
11400,2025-06-16,2125,5,6,18798000
11401,2025-07-07,1274,34,1,1966000
11402,2025-04-24,2923,11,1,16684000
11403,2025-10-29,96,39,3,6615000
11404,2024-02-02,1867,2,6,9837000
11405,2025-01-29,1129,17,6,38462000
11406,2024-01-04,968,2,2,8745000
11407,2025-01-21,2751,1,6,7685000
11408,2025-01-01,2922,47,3,20023000
11409,2025-11-21,2500,40,2,13074000
11410,2025-06-07,343,33,6,39266000
11411,2024-08-24,865,4,3,23020000
11412,2024-06-30,2020,41,6,16716000
11413,2024-09-01,2927,9,6,9597000
11414,2024-07-06,682,14,6,16448000
11415,2024-08-15,1748,40,6,3145000
11416,2024-03-01,1073,14,1,304000
11417,2025-10-26,1581,3,6,35474000
11418,2025-08-22,197,17,6,5082000
11419,2024-08-27,1461,14,6,3893000
11420,2024-05-24,673,27,6,10792000
11421,2024-09-23,2416,14,2,7024000
11422,2024-12-18,857,37,6,5606000
11423,2024-07-13,1251,24,3,8968000
11424,2024-07-18,2774,43,6,17897000
11425,2025-09-21,2407,28,6,1593000
11426,2024-05-28,1724,4,6,1194000
11427,2024-03-04,2929,2,3,7284000
11428,2025-07-29,2549,46,6,7372000
11429,2024-06-09,1914,17,2,4847000
11430,2025-12-18,1288,6,6,9612000
11431,2025-11-01,2864,16,2,24261000
11432,2025-01-31,1192,6,2,25537000
11433,2025-09-14,2519,6,1,6499000
11434,2025-03-20,1504,27,6,11440000
11435,2024-02-20,2626,49,1,4539000
11436,2025-12-15,1478,19,1,6224000
11437,2025-03-14,167,3,6,8494000
11438,2024-05-10,2212,49,3,11925000
11439,2025-11-05,751,11,1,2160000
11440,2025-06-17,1064,14,6,31259000
11441,2025-04-18,2496,40,1,29758000
11442,2025-07-04,2648,39,6,14416000
11443,2025-08-09,1232,24,3,11190000
11444,2025-08-01,685,10,6,2345000
11445,2024-03-06,2626,31,6,9129000
11446,2025-05-12,1320,12,3,5310000
11447,2024-10-04,2551,29,6,12396000
11448,2024-12-29,1631,24,6,40581000
11449,2024-04-14,666,33,3,7672000
11450,2025-11-20,2532,43,6,4892000
11451,2025-03-22,827,35,1,13016000
11452,2025-03-14,2009,27,6,2429000
11453,2024-12-21,1860,4,1,41339000
11454,2024-03-23,14,6,1,10703000
11455,2024-05-10,2570,5,1,48666000
11456,2024-08-17,2638,49,3,38838000
11457,2025-05-19,1460,14,6,16097000
11458,2024-07-01,302,20,6,3397000
11459,2025-06-07,879,22,6,28697000
11460,2025-11-23,1359,49,6,11448000
11461,2024-10-22,2310,33,3,11080000
11462,2025-12-30,2576,15,3,23956000
11463,2025-03-11,2132,13,3,20154000
11464,2025-12-10,521,24,1,18108000
11465,2025-01-15,1173,14,2,5254000
11466,2025-09-30,788,22,1,17001000
11467,2024-12-13,709,5,6,454000
11468,2024-03-05,2008,13,6,8199000
11469,2025-01-23,1721,2,6,775000
11470,2025-06-29,2965,37,3,10669000
11471,2025-12-30,622,48,6,5980000
11472,2025-04-26,418,23,6,11313000
11473,2024-11-24,1701,7,2,4160000
11474,2025-07-12,191,43,3,2698000
11475,2024-02-09,874,2,1,57462000
11476,2024-07-02,421,46,1,11948000
11477,2024-08-02,2385,22,6,18030000
11478,2024-04-19,733,7,6,15296000
11479,2025-09-02,2098,15,1,16301000
11480,2024-07-14,628,36,6,18683000
11481,2024-09-22,405,17,1,33054000
11482,2024-06-17,1677,15,1,5055000
11483,2025-02-26,523,8,6,13835000
11484,2024-09-27,1309,13,6,9415000
11485,2024-04-18,1377,42,2,25568000
11486,2024-09-30,1319,8,3,32125000
11487,2025-02-06,2001,35,6,5555000
11488,2025-05-20,2255,33,3,7269000
11489,2024-03-21,2782,8,6,26521000
11490,2025-09-12,412,14,1,102000
11491,2025-03-08,2199,20,1,3710000
11492,2024-07-19,717,46,6,15023000
11493,2024-07-13,1384,23,6,37212000
11494,2025-02-28,2502,44,3,3150000
11495,2024-07-31,788,46,6,14750000
11496,2025-07-30,2891,13,2,16185000
11497,2024-02-05,1398,29,2,14318000
11498,2025-08-04,1864,16,1,1892000
11499,2024-07-24,2881,36,3,8214000
11500,2024-12-28,1202,22,6,776000
11501,2024-05-20,1860,36,6,36341000
11502,2025-03-23,2617,50,1,33724000
11503,2025-10-07,1561,1,1,21401000
11504,2024-08-08,1351,28,6,3778000
11505,2024-01-23,2769,38,1,8830000
11506,2024-01-15,2550,40,3,3536000
11507,2025-06-30,1776,33,3,35788000
11508,2024-03-21,2457,47,6,24253000
11509,2024-01-13,1974,45,3,23272000
11510,2025-03-23,2030,37,6,9469000
11511,2025-08-06,2341,39,3,32756000
11512,2024-08-10,2736,34,3,25106000
11513,2025-08-06,2647,8,3,1905000
11514,2024-10-24,2302,44,6,148000
11515,2024-10-06,1593,8,1,11057000
11516,2024-08-28,2702,6,3,15675000
11517,2025-12-13,2713,1,2,7197000
11518,2024-05-25,1185,6,6,16661000
11519,2024-12-10,464,32,6,4732000
11520,2025-06-16,1624,14,6,18084000
11521,2024-08-03,1365,14,1,16020000
11522,2024-06-18,1940,3,1,30616000
11523,2025-05-31,2430,39,6,18302000
11524,2025-02-22,1780,33,6,4731000
11525,2025-06-29,1512,35,6,22480000
11526,2024-08-05,286,6,6,29504000
11527,2024-06-14,275,4,6,4568000
11528,2024-12-29,346,20,3,13405000
11529,2024-09-16,1891,14,3,10409000
11530,2025-02-16,1490,44,6,5315000
11531,2024-07-24,321,2,6,47577000
11532,2024-12-28,1798,32,3,12466000
11533,2025-11-09,186,14,3,15921000
11534,2025-11-08,590,30,6,6408000
11535,2025-08-10,1698,3,3,7947000
11536,2025-10-06,2236,38,6,4660000
11537,2025-07-15,1569,40,6,6896000
11538,2025-09-14,775,22,3,11693000
11539,2024-11-02,835,17,1,18732000
11540,2024-07-11,409,17,3,3795000
11541,2024-10-10,1366,11,2,17535000
11542,2024-06-21,1416,46,3,31206000
11543,2025-03-19,186,28,1,12229000
11544,2025-10-20,21,49,3,23736000
11545,2025-06-08,441,36,3,25777000
11546,2025-11-29,1117,4,3,14664000
11547,2025-09-25,2396,8,6,26751000
11548,2024-05-07,1237,48,3,33136000
11549,2024-10-25,9,23,2,564000
11550,2025-07-25,1429,1,2,14279000
11551,2025-12-21,992,44,6,39350000
11552,2025-05-05,2578,18,1,22212000
11553,2025-09-07,2819,26,1,15718000
11554,2025-02-28,1044,5,1,36605000
11555,2024-06-24,1688,20,6,13717000
11556,2024-05-18,1312,45,6,11621000
11557,2025-12-06,898,45,3,2111000
11558,2024-07-01,1169,22,1,6680000
11559,2025-09-06,2966,26,3,11047000
11560,2024-10-23,519,17,2,7486000
11561,2025-07-03,343,30,6,6624000
11562,2025-12-25,2577,18,1,3326000
11563,2025-01-11,2756,16,3,15381000
11564,2025-12-17,2875,47,6,2387000
11565,2025-06-24,2668,22,1,1351000
11566,2025-04-08,1772,33,1,30480000
11567,2024-01-20,2329,7,3,6081000
11568,2025-10-25,2249,7,1,4024000
11569,2024-06-05,1257,50,6,31059000
11570,2025-02-03,504,17,1,38998000
11571,2025-07-03,161,39,6,12918000
11572,2024-01-02,662,1,3,23707000
11573,2025-04-24,2405,46,3,12866000
11574,2025-09-13,1784,44,1,1034000
11575,2025-01-01,416,44,6,6868000
11576,2025-09-29,318,5,6,1504000
11577,2024-12-15,2660,14,1,5133000
11578,2024-04-30,1802,4,1,15408000
11579,2025-11-17,1435,14,1,20345000
11580,2025-05-25,2452,31,3,10351000
11581,2025-06-28,1595,4,6,40355000
11582,2025-10-24,966,30,6,9020000
11583,2024-12-19,2255,30,1,11705000
11584,2025-01-11,813,30,3,784000
11585,2025-05-19,567,3,2,2800000
11586,2024-11-27,944,16,1,33461000
11587,2024-01-26,31,13,1,30755000
11588,2024-12-10,1568,37,6,2700000
11589,2024-10-05,1823,49,6,13460000
11590,2024-03-09,782,16,3,8385000
11591,2024-04-12,1462,6,3,11775000
11592,2025-02-28,2061,15,3,6104000
11593,2024-10-24,2210,49,6,2792000
11594,2024-06-10,578,27,6,14496000
11595,2024-07-21,356,24,6,7563000
11596,2024-08-05,73,38,3,21787000
11597,2024-01-31,846,42,6,13544000
11598,2025-12-09,2329,8,1,2533000
11599,2024-03-18,1458,25,6,21919000
11600,2024-07-19,2907,25,6,7705000
11601,2025-05-23,361,14,6,3681000
11602,2024-11-09,1716,46,1,16800000
11603,2024-12-02,342,48,6,12009000
11604,2024-11-28,692,12,3,7641000
11605,2025-10-16,556,14,1,2313000
11606,2024-11-28,2814,14,6,14267000
11607,2025-06-07,2704,21,1,9850000
11608,2025-09-01,1831,49,3,27681000
11609,2025-08-04,868,46,6,1256000
11610,2025-09-02,1665,23,6,13651000
11611,2025-04-12,1292,36,1,11815000
11612,2025-10-18,907,23,1,2455000
11613,2024-05-02,2741,39,6,20105000
11614,2024-01-01,2800,25,6,22277000
11615,2024-01-07,1775,19,2,39978000
11616,2024-05-27,804,45,2,10695000
11617,2024-11-27,1151,3,1,34303000
11618,2024-11-11,1071,30,3,52377000
11619,2024-07-28,35,29,6,26033000
11620,2024-01-15,439,26,1,3805000
11621,2024-05-25,2038,41,2,39203000
11622,2024-07-13,2666,18,3,1392000
11623,2024-04-27,1036,7,2,3199000
11624,2025-11-22,1419,9,6,13743000
11625,2025-09-11,2575,26,1,7898000
11626,2025-02-27,1219,11,6,21203000
11627,2024-06-05,2992,5,1,9477000
11628,2025-02-19,1072,44,6,7677000
11629,2024-10-18,831,25,6,13136000
11630,2025-03-04,2088,42,6,1510000
11631,2025-09-17,1776,31,6,31440000
11632,2025-02-03,1964,41,1,12476000
11633,2025-01-30,2441,33,6,16067000
11634,2025-12-27,797,1,3,12358000
11635,2025-12-08,953,14,1,12413000
11636,2024-05-15,2000,40,3,17140000
11637,2025-07-17,553,7,6,40117000
11638,2024-01-02,701,42,6,6908000
11639,2025-11-13,1983,8,3,14278000
11640,2025-08-03,1577,5,6,6442000
11641,2025-09-09,1160,40,3,1929000
11642,2025-07-07,1442,8,6,10711000
11643,2025-04-15,1453,28,2,1185000
11644,2025-03-01,171,14,3,1048000
11645,2024-10-16,2389,21,1,14026000
11646,2025-02-11,120,27,3,20045000
11647,2024-07-07,646,33,6,42343000
11648,2025-08-02,1284,46,6,33820000
11649,2024-03-14,1257,50,2,14660000
11650,2024-01-12,2317,25,6,11861000
11651,2024-03-12,2755,24,3,14691000
11652,2024-06-22,2543,13,1,56555000
11653,2024-12-11,1851,34,3,15087000
11654,2024-02-17,2242,33,6,9297000
11655,2024-02-14,1735,37,3,1947000
11656,2024-07-14,225,46,1,8220000
11657,2024-10-19,1977,48,2,40060000
11658,2024-03-21,754,4,1,39610000
11659,2025-04-25,871,2,1,1603000
11660,2024-08-27,2164,41,6,33375000
11661,2025-10-15,2349,22,3,8359000
11662,2025-12-11,2815,9,3,20066000
11663,2025-10-03,632,3,6,5907000
11664,2024-06-05,603,13,2,9355000
11665,2024-07-28,994,24,3,25012000
11666,2024-06-02,912,15,3,39908000
11667,2025-07-07,2529,44,6,27176000
11668,2024-03-10,433,45,2,3028000
11669,2024-09-03,2567,49,3,4557000
11670,2025-08-19,2037,49,6,4854000
11671,2024-09-06,2217,43,6,13717000
11672,2025-09-08,645,29,3,22535000
11673,2025-04-24,1598,29,3,11232000
11674,2024-06-09,1008,26,2,2450000
11675,2025-10-12,2259,46,6,17823000
11676,2024-07-05,534,38,6,22376000
11677,2025-02-21,1348,7,6,14778000
11678,2024-09-18,2812,17,3,2870000
11679,2025-01-20,1388,30,6,16311000
11680,2024-07-21,97,26,1,25481000
11681,2024-01-24,1566,34,3,8212000
11682,2024-11-12,2769,44,3,7808000
11683,2025-10-13,1224,37,3,3812000
11684,2025-10-03,506,38,3,15958000
11685,2025-12-20,1799,10,2,30028000
11686,2024-06-26,2418,33,2,20193000
11687,2024-03-05,854,1,2,7165000
11688,2025-06-14,1113,16,1,30522000
11689,2025-08-22,491,19,3,15745000
11690,2025-08-16,2890,36,3,15744000
11691,2024-03-18,2871,41,6,28053000
11692,2025-08-28,1681,16,1,15545000
11693,2024-01-22,2563,22,2,6172000
11694,2025-04-10,1146,37,6,11687000
11695,2024-02-24,1157,19,1,34688000
11696,2024-06-23,1807,7,3,14389000
11697,2024-06-19,2337,36,2,940000
11698,2024-05-25,2893,34,6,8787000
11699,2025-10-27,1081,49,3,37984000
11700,2025-02-23,355,44,6,966000
11701,2025-08-29,873,44,6,19267000
11702,2024-07-02,1119,4,3,29058000
11703,2025-06-22,1354,8,6,39411000
11704,2024-08-26,544,16,3,1463000
11705,2024-04-16,803,32,2,24479000
11706,2024-11-23,1978,46,6,12374000
11707,2024-03-19,155,16,6,8396000
11708,2025-02-24,651,12,6,16680000
11709,2024-12-08,2462,18,2,21400000
11710,2024-11-30,527,24,3,20156000
11711,2024-08-03,2157,23,3,4559000
11712,2025-03-17,960,21,6,28313000
11713,2025-06-13,301,8,6,6755000
11714,2024-10-16,1139,46,6,36959000
11715,2025-02-24,2050,18,6,3639000
11716,2024-04-18,779,11,3,22512000
11717,2024-03-01,412,50,2,26070000
11718,2024-07-01,2474,42,3,21572000
11719,2024-12-12,2136,50,6,8142000
11720,2025-12-02,495,7,3,31975000
11721,2025-01-11,2154,6,3,8800000
11722,2024-02-24,385,19,6,24371000
11723,2024-02-16,540,13,6,25501000
11724,2024-09-12,1384,41,3,7444000
11725,2025-02-10,2087,11,3,9295000
11726,2025-08-29,61,7,6,2133000
11727,2024-02-19,2204,8,1,26538000
11728,2025-12-10,993,22,6,540000
11729,2024-08-21,335,26,6,4485000
11730,2025-01-26,1619,4,1,16177000
11731,2025-04-08,390,26,3,4415000
11732,2025-08-20,738,30,3,31321000
11733,2025-10-10,2273,36,6,16152000
11734,2025-04-24,2100,50,6,20844000
11735,2024-04-01,2234,5,3,6318000
11736,2024-07-22,2179,15,6,11407000
11737,2025-05-25,2743,29,3,6491000
11738,2024-12-22,364,1,6,5985000
11739,2025-04-30,953,1,3,10712000
11740,2024-02-01,757,34,1,25257000
11741,2024-04-06,883,8,3,7865000
11742,2025-12-14,1221,33,1,1712000
11743,2024-11-14,2577,6,6,9410000
11744,2024-08-27,86,18,6,1186000
11745,2024-11-12,1564,37,6,4326000
11746,2025-06-29,2568,38,6,14189000
11747,2024-05-30,1343,37,6,3562000
11748,2024-08-14,1231,38,3,12809000
11749,2024-01-22,375,38,6,18051000
11750,2025-03-05,2155,47,3,12174000
11751,2024-08-19,1011,18,6,26355000
11752,2024-01-08,251,17,2,3312000
11753,2025-09-25,1492,6,3,5192000
11754,2024-07-21,2579,3,1,1363000
11755,2024-01-27,1816,50,6,846000
11756,2025-02-03,289,31,2,29300000
11757,2025-01-31,2879,7,6,11006000
11758,2025-12-02,2963,26,3,11344000
11759,2024-10-01,1695,20,3,1302000
11760,2025-11-21,555,42,2,30591000
11761,2025-09-05,2139,32,1,2845000
11762,2025-06-27,1268,50,3,21377000
11763,2024-03-13,2097,7,3,2095000
11764,2025-02-02,2352,26,3,2609000
11765,2024-05-23,928,50,6,6112000
11766,2024-09-17,1049,4,6,34785000
11767,2025-01-13,1802,10,6,3573000
11768,2025-05-25,1890,11,3,14679000
11769,2024-08-15,2338,27,1,12375000
11770,2025-10-27,1654,10,3,10163000
11771,2025-12-25,2388,5,6,10566000
11772,2024-01-08,2708,18,3,626000
11773,2025-11-24,1207,8,6,10194000
11774,2025-12-18,646,13,3,11265000
11775,2025-10-01,118,5,6,6689000
11776,2024-02-27,2863,25,6,7706000
11777,2025-06-23,1540,16,6,7867000
11778,2024-05-17,410,45,3,816000
11779,2025-01-06,2273,37,1,2569000
11780,2024-12-20,2104,17,2,12008000
11781,2024-11-08,1972,3,6,4311000
11782,2025-12-11,1871,6,1,29212000
11783,2025-03-02,1302,25,6,9771000
11784,2025-01-28,2839,18,3,33671000
11785,2025-11-27,1755,21,6,6720000
11786,2025-02-03,1719,30,2,13115000
11787,2024-12-09,1878,50,3,28169000
11788,2024-03-26,487,9,3,36003000
11789,2025-05-21,74,7,3,1318000
11790,2025-12-06,2692,2,6,26014000
11791,2025-10-03,2157,50,3,13419000
11792,2024-07-15,1505,37,6,22065000
11793,2025-05-17,2586,38,1,24041000
11794,2025-02-23,748,24,6,21752000
11795,2024-05-20,1414,30,6,4917000
11796,2024-03-21,1432,2,1,5110000
11797,2024-07-11,1423,39,3,4350000
11798,2025-10-23,1058,35,2,472000
11799,2025-06-12,1712,5,3,10338000
11800,2025-03-17,2754,49,3,44569000
11801,2024-07-14,42,17,1,18782000
11802,2024-10-13,595,11,3,5881000
11803,2025-09-09,2726,32,3,15201000
11804,2025-01-17,889,9,2,6439000
11805,2025-12-08,2826,1,3,7819000
11806,2025-12-30,985,15,3,33179000
11807,2025-07-11,2316,14,2,5708000
11808,2025-08-01,57,18,3,8437000
11809,2024-02-18,1013,32,6,10497000
11810,2024-12-18,2270,20,3,2232000
11811,2025-11-08,66,7,6,548000
11812,2024-02-13,1390,28,6,45420000
11813,2024-01-01,607,23,6,38872000
11814,2025-07-15,2001,3,3,30065000
11815,2024-02-17,2502,21,3,2380000
11816,2024-02-27,586,44,6,13965000
11817,2025-09-08,2309,1,6,5367000
11818,2025-02-04,791,26,3,11819000
11819,2024-03-10,2437,49,3,7512000
11820,2024-04-24,2115,49,1,14219000
11821,2025-06-18,1721,18,3,40547000
11822,2025-07-07,769,25,1,2018000
11823,2025-02-22,2404,27,2,5196000
11824,2025-02-26,2870,13,6,21738000
11825,2025-03-31,2752,31,2,30458000
11826,2025-04-11,2906,30,6,42056000
11827,2024-07-08,2449,27,3,22318000
11828,2025-12-24,1226,44,1,5515000
11829,2025-12-06,1576,40,3,11142000
11830,2025-01-01,1115,46,3,1737000
11831,2025-10-09,2516,30,3,4075000
11832,2025-07-11,2986,6,6,11056000
11833,2024-04-08,2827,9,6,13843000
11834,2024-12-01,672,29,6,12388000
11835,2024-02-06,1482,3,3,1519000
11836,2025-04-28,1384,22,2,31701000
11837,2024-11-25,1762,11,6,12403000
11838,2024-10-29,2189,6,3,23812000
11839,2025-07-03,2183,43,6,8086000
11840,2025-03-28,2116,38,6,10994000
11841,2024-01-26,416,15,3,24570000
11842,2024-04-25,2364,13,3,3477000
11843,2025-04-17,255,29,6,23785000
11844,2024-03-23,1224,11,2,28709000
11845,2024-04-13,987,18,3,6090000
11846,2025-11-03,2204,20,1,4537000
11847,2025-07-19,715,35,3,38549000
11848,2024-11-14,69,19,6,22888000
11849,2024-06-30,1278,31,3,12524000
11850,2025-03-23,2816,47,1,22331000
11851,2025-01-01,1803,49,1,2319000
11852,2024-08-08,1682,43,1,30590000
11853,2025-05-08,931,15,2,21362000
11854,2025-05-28,2707,37,3,4737000
11855,2024-09-04,1253,21,6,8202000
11856,2024-11-13,1626,42,3,11161000
11857,2024-10-17,1020,49,1,34619000
11858,2024-03-05,173,39,6,8287000
11859,2024-10-30,2463,25,3,9117000
11860,2025-03-04,417,32,6,12352000
11861,2025-11-12,771,4,6,8784000
11862,2025-08-02,13,37,3,34900000
11863,2024-03-18,2848,47,3,9347000
11864,2025-09-17,2626,41,3,19227000
11865,2024-10-12,1626,29,6,24446000
11866,2024-03-10,1907,2,3,18684000
11867,2025-08-11,1525,8,2,9922000
11868,2024-02-10,883,46,6,28293000
11869,2025-02-17,2987,11,6,6244000
11870,2025-05-09,2840,26,1,33807000
11871,2024-03-11,233,47,3,31104000
11872,2024-02-04,584,34,3,28782000
11873,2024-12-20,1859,49,3,5087000
11874,2025-12-20,1407,24,2,1508000
11875,2024-01-25,225,49,6,21417000
11876,2024-10-31,1124,5,6,34338000
11877,2025-03-12,1566,44,1,24424000
11878,2024-02-12,1534,47,6,13975000
11879,2024-06-09,2036,24,6,5333000
11880,2024-06-07,768,2,1,19567000
11881,2024-04-26,1848,21,3,154000
11882,2025-08-04,733,36,1,13446000
11883,2025-07-31,2870,2,6,14639000
11884,2024-07-17,1883,2,3,19085000
11885,2024-08-20,2630,31,6,6613000
11886,2025-12-20,119,43,6,16112000
11887,2024-07-08,20,43,1,8974000
11888,2024-06-05,2998,18,3,6171000
11889,2025-09-14,792,50,1,18326000
11890,2024-08-20,2655,30,6,38175000
11891,2025-01-09,1723,32,6,14024000
11892,2025-09-18,1110,25,6,20580000
11893,2025-07-12,1332,14,1,11292000
11894,2024-10-10,479,49,6,10802000
11895,2025-06-01,1159,10,6,3220000
11896,2025-10-27,2301,39,3,2201000
11897,2025-07-17,2983,3,6,19670000
11898,2025-03-27,1471,31,6,4171000
11899,2025-03-23,1412,34,6,17440000
11900,2025-11-23,1799,36,6,19915000
11901,2025-02-07,1226,24,2,29952000
11902,2025-12-13,2383,12,6,398000
11903,2024-05-20,1837,37,1,1975000
11904,2024-09-28,1581,35,1,28994000
11905,2025-10-30,2527,43,3,29687000
11906,2025-01-06,374,26,6,24276000
11907,2024-05-27,752,43,3,6864000
11908,2025-05-17,852,21,2,39207000
11909,2024-03-29,2256,30,6,7432000
11910,2025-06-27,1611,16,6,18112000
11911,2025-10-04,279,18,6,6010000
11912,2025-07-27,1960,43,6,39062000
11913,2025-03-27,1232,29,6,13122000
11914,2024-07-20,2393,29,3,3588000
11915,2024-01-19,792,5,3,4937000
11916,2025-07-03,1798,50,1,2030000
11917,2025-05-24,1993,37,6,7521000
11918,2024-02-26,1679,43,3,13070000
11919,2025-06-01,2138,43,6,21074000
11920,2025-03-24,2735,46,6,29460000
11921,2024-06-27,38,22,3,4506000
11922,2025-11-11,1329,31,3,6696000
11923,2024-10-30,1653,12,1,13074000
11924,2024-03-12,1660,14,6,2759000
11925,2025-02-20,1354,6,3,16404000
11926,2025-02-18,1303,50,3,18533000
11927,2024-12-20,954,6,1,11645000
11928,2024-03-06,1201,5,1,11368000
11929,2025-12-30,2136,9,3,49145000
11930,2025-05-28,2629,31,3,6514000
11931,2024-02-18,2178,48,6,8757000
11932,2025-11-07,2085,28,6,46329000
11933,2024-04-20,2618,17,6,7192000
11934,2025-02-23,218,7,6,1683000
11935,2024-01-15,1434,37,1,22610000
11936,2025-09-20,1699,30,3,2748000
11937,2024-04-19,2817,22,6,13504000
11938,2025-12-09,676,12,6,24465000
11939,2024-11-11,319,48,1,2530000
11940,2024-09-26,1581,24,6,17941000
11941,2024-06-06,2820,43,3,11282000
11942,2025-01-04,2943,32,3,17409000
11943,2025-04-08,802,21,2,15229000
11944,2025-01-23,2225,16,1,19520000
11945,2024-01-06,737,11,6,25304000
11946,2024-05-07,339,14,2,6930000
11947,2025-05-27,206,4,1,31736000
11948,2024-03-25,1139,39,3,328000
11949,2024-02-22,131,47,3,5150000
11950,2024-09-17,1814,44,6,3808000
11951,2024-12-06,1475,29,6,36851000
11952,2024-09-09,1189,44,1,14808000
11953,2024-06-02,2296,12,1,31329000
11954,2025-09-12,280,13,1,38633000
11955,2025-11-09,2893,5,3,9950000
11956,2025-10-11,988,27,6,14355000
11957,2025-08-17,2976,17,3,19507000
11958,2025-06-13,1020,23,3,4690000
11959,2025-06-09,2627,1,3,21333000
11960,2024-10-05,1598,39,3,4818000
11961,2025-05-24,846,9,3,2034000
11962,2025-04-09,1293,33,6,1800000
11963,2024-12-08,1749,10,6,7435000
11964,2024-04-19,2654,13,6,7444000
11965,2024-02-24,2561,10,6,48478000
11966,2024-11-02,1608,40,3,31115000
11967,2024-10-10,1425,37,3,1726000
11968,2025-09-21,2975,2,3,11761000
11969,2024-03-03,1555,26,3,6420000
11970,2025-08-10,1217,30,3,2312000
11971,2024-07-22,224,27,1,7212000
11972,2025-03-11,1192,26,6,4500000
11973,2025-05-29,2179,37,3,24693000
11974,2025-07-20,2047,12,6,8744000
11975,2024-10-01,1231,25,1,19081000
11976,2024-03-25,583,47,3,19375000
11977,2025-12-01,1148,9,2,18538000
11978,2025-08-16,708,30,6,32971000
11979,2025-08-22,1007,44,3,10156000
11980,2024-02-15,2413,34,2,41855000
11981,2025-12-02,328,10,1,15437000
11982,2024-02-08,745,49,2,7475000
11983,2024-12-15,2687,7,1,29385000
11984,2025-10-22,2805,33,6,32436000
11985,2024-03-21,862,25,3,15328000
11986,2024-10-12,132,21,6,11130000
11987,2024-04-20,2929,25,6,1961000
11988,2024-06-18,942,32,2,7833000
11989,2024-01-02,2202,29,6,18393000
11990,2025-05-02,1523,5,3,33956000
11991,2024-02-25,190,14,1,9842000
11992,2024-06-11,2972,28,2,30023000
11993,2025-05-02,991,19,6,42010000
11994,2025-06-05,1176,16,1,8298000
11995,2025-03-12,1916,17,3,788000
11996,2024-11-13,1730,18,1,7916000
11997,2024-03-20,254,14,1,18846000
11998,2024-08-11,951,35,6,13765000
11999,2024-09-20,995,29,6,4202000
12000,2025-05-07,968,4,6,13516000
12001,2025-07-15,1405,35,1,28363000
12002,2024-03-20,2544,28,6,9554000
12003,2024-12-15,2468,40,6,8222000
12004,2025-07-12,609,9,6,9319000
12005,2024-07-29,382,9,3,12148000
12006,2024-06-01,1458,24,3,34960000
12007,2025-05-28,2513,34,1,22030000
12008,2025-09-23,690,45,1,715000
12009,2024-01-22,1955,35,2,25000
12010,2024-09-30,455,9,6,11146000
12011,2025-04-23,85,43,6,18081000
12012,2025-04-06,240,30,6,3355000
12013,2025-09-26,2882,44,1,15053000
12014,2024-11-03,1039,46,6,30095000
12015,2024-11-03,1921,21,3,16871000
12016,2025-03-24,285,7,1,18448000
12017,2024-04-22,1532,49,6,21553000
12018,2025-06-23,1993,14,3,16835000
12019,2025-11-20,170,9,6,20157000
12020,2024-06-10,1586,19,6,17355000
12021,2025-09-07,2971,28,1,11109000
12022,2025-08-08,1146,28,3,10815000
12023,2024-10-20,1521,33,1,19724000
12024,2025-12-26,408,1,3,2094000
12025,2024-01-15,788,23,3,6294000
12026,2025-11-26,1413,33,6,18094000
12027,2024-05-18,1549,13,1,29377000
12028,2025-12-12,1940,23,2,64264000
12029,2024-07-10,2011,41,3,18396000
12030,2025-09-12,634,25,6,390000
12031,2024-07-07,453,48,3,1327000
12032,2024-06-26,964,36,6,14692000
12033,2024-06-15,2115,36,2,2536000
12034,2025-05-15,1022,28,6,19167000
12035,2025-10-14,1260,37,6,1570000
12036,2024-02-12,1552,42,3,13265000
12037,2024-11-16,2371,46,3,24163000
12038,2024-01-03,2983,47,3,1054000
12039,2025-07-30,1658,43,6,8394000
12040,2024-08-13,2712,46,1,10238000
12041,2024-12-19,1696,10,1,11176000
12042,2025-08-18,1366,2,1,36632000
12043,2024-03-15,317,8,3,46114000
12044,2025-04-27,22,44,2,12961000
12045,2024-01-05,165,35,1,5210000
12046,2024-07-02,524,4,6,21539000
12047,2024-08-29,538,48,1,15395000
12048,2024-02-13,2220,38,1,346000
12049,2025-08-12,2943,23,6,13699000
12050,2024-02-20,2168,37,3,14131000
12051,2024-02-01,1194,28,6,42584000
12052,2024-03-13,1831,8,3,18331000
12053,2024-04-04,1172,31,3,29693000
12054,2024-07-04,1080,30,6,16083000
12055,2025-08-01,2515,47,3,23000000
12056,2024-05-04,1996,13,3,4742000
12057,2024-02-15,1607,27,6,9078000
12058,2024-02-29,1651,33,3,12072000
12059,2025-10-06,2981,33,6,2832000
12060,2025-04-18,2937,28,3,23811000
12061,2024-07-06,1905,13,3,7257000
12062,2025-03-10,82,16,6,30222000
12063,2024-02-24,630,45,6,5981000
12064,2024-12-14,64,26,1,9138000
12065,2024-05-09,1897,4,6,2368000
12066,2024-06-07,1128,6,6,4742000
12067,2025-09-15,1054,50,6,28965000
12068,2025-03-17,1228,25,3,5712000
12069,2025-03-01,1552,30,6,22546000
12070,2025-10-12,2704,47,6,50342000
12071,2025-02-25,2516,8,6,20705000
12072,2024-06-18,2926,33,6,25610000
12073,2024-01-09,72,1,3,8748000
12074,2025-12-15,450,14,6,8697000
12075,2024-09-26,784,29,3,15376000
12076,2024-10-04,2004,47,2,33603000
12077,2024-01-18,1945,16,3,18686000
12078,2024-07-01,781,12,1,9262000
12079,2024-11-28,2964,43,3,9967000
12080,2025-12-07,914,15,6,5934000
12081,2025-03-13,674,42,1,10420000
12082,2024-08-02,2952,16,6,5062000
12083,2024-12-03,182,8,6,10627000
12084,2024-10-09,486,31,6,2719000
12085,2025-02-18,1512,30,3,18938000
12086,2025-03-07,1791,6,2,12244000
12087,2025-12-16,2669,4,3,32198000
12088,2024-01-20,1440,39,2,35869000
12089,2024-05-05,2170,25,1,18599000
12090,2025-10-21,2998,18,6,11246000
12091,2025-09-14,978,40,1,6079000
12092,2025-10-02,845,20,3,1625000
12093,2025-11-11,2368,6,6,4695000
12094,2024-02-27,526,26,3,8521000
12095,2025-10-19,2766,25,1,8156000
12096,2024-03-29,1311,45,6,11499000
12097,2025-10-10,1438,44,3,46683000
12098,2024-02-18,2657,2,3,10265000
12099,2025-05-07,1518,32,6,3847000
12100,2025-04-16,1346,7,1,19444000
12101,2024-04-22,2085,49,1,18261000
12102,2025-07-18,557,13,6,9000000
12103,2024-02-25,2726,48,3,5679000
12104,2024-10-14,1125,17,6,8680000
12105,2025-07-02,2615,21,3,7826000
12106,2024-04-17,2735,13,3,9610000
12107,2024-03-30,1002,33,6,11149000
12108,2025-11-23,1222,7,3,7976000
12109,2024-11-12,725,40,1,14641000
12110,2024-06-13,1651,48,6,3907000
12111,2024-11-26,1858,3,2,9116000
12112,2025-04-26,1839,16,1,8584000
12113,2025-05-13,2708,3,2,14600000
12114,2024-02-18,1730,24,1,21432000
12115,2025-02-15,182,23,6,37799000
12116,2025-08-01,1993,6,1,1577000
12117,2025-04-29,2366,15,3,59995000
12118,2025-10-04,156,35,1,2085000
12119,2025-02-01,676,42,6,7523000
12120,2025-04-24,1285,27,3,5295000
12121,2025-09-12,2883,40,2,684000
12122,2025-03-20,2848,2,6,23009000
12123,2024-04-28,2071,28,3,29014000
12124,2025-02-01,44,40,6,4772000
12125,2025-01-28,1651,7,2,5980000
12126,2025-07-23,766,36,3,20341000
12127,2024-05-12,357,46,2,22017000
12128,2025-05-07,1283,33,6,20507000
12129,2024-11-07,899,24,3,6806000
12130,2024-08-31,92,38,6,6514000
12131,2024-11-25,915,13,6,16880000
12132,2024-07-21,463,17,3,320000
12133,2024-05-17,2055,41,3,2998000
12134,2025-02-21,2372,7,3,35458000
12135,2025-12-03,1656,8,6,18741000
12136,2024-11-23,2650,26,3,13191000
12137,2025-03-18,893,17,6,2671000
12138,2025-11-06,1126,38,6,18729000
12139,2024-10-13,2735,44,1,13144000
12140,2024-06-25,118,27,3,10997000
12141,2025-08-10,2722,10,6,2768000
12142,2024-12-17,2166,50,1,14336000
12143,2024-02-25,45,13,6,7387000
12144,2025-07-01,242,43,3,7136000
12145,2025-04-16,1509,26,1,28886000
12146,2024-09-17,1188,40,3,5812000
12147,2024-02-10,2077,34,6,25895000
12148,2024-08-26,1189,36,3,7619000
12149,2024-09-02,350,39,1,540000
12150,2025-03-27,2969,11,6,5644000
12151,2025-03-29,2073,14,6,960000
12152,2024-02-18,2035,38,1,45914000
12153,2024-05-20,2056,6,3,21644000
12154,2024-04-01,1582,43,6,16540000
12155,2024-03-29,2012,29,2,42387000
12156,2024-05-02,28,15,6,21913000
12157,2024-02-14,715,4,6,25465000
12158,2024-08-12,1789,5,6,21349000
12159,2024-11-14,1309,30,6,26420000
12160,2024-04-18,1941,41,3,12396000
12161,2024-03-08,2057,18,3,15814000
12162,2024-01-06,74,4,2,10179000
12163,2024-01-16,370,15,1,4002000
12164,2024-03-01,2815,41,1,5880000
12165,2024-04-30,1132,36,3,5885000
12166,2024-01-19,1046,1,2,36792000
12167,2024-04-05,2977,16,3,26330000
12168,2024-06-14,447,23,3,17342000
12169,2024-03-20,2377,10,6,2520000
12170,2025-05-18,604,18,6,7993000
12171,2024-09-12,2643,29,6,6713000
12172,2024-10-22,1321,25,3,7614000
12173,2025-06-14,2996,48,6,6332000
12174,2025-03-12,2298,37,3,18187000
12175,2025-01-17,2820,41,3,9709000
12176,2024-07-19,846,26,6,9773000
12177,2025-09-27,1816,20,6,19762000
12178,2024-02-15,2579,38,3,5160000
12179,2024-10-25,2111,30,2,43381000
12180,2025-09-09,759,45,3,12172000
12181,2024-01-16,2093,15,1,6505000
12182,2025-06-18,538,48,6,2690000
12183,2024-12-21,1729,8,3,24897000
12184,2025-04-26,2191,41,3,2861000
12185,2025-01-22,2226,5,1,14592000
12186,2025-01-21,1652,27,3,10190000
12187,2025-08-17,485,25,3,4020000
12188,2025-08-03,647,47,6,44368000
12189,2025-04-08,2761,2,3,6064000
12190,2025-10-11,1739,45,6,10797000
12191,2024-12-29,1868,19,3,25796000
12192,2025-03-10,1521,39,6,19522000
12193,2025-03-28,2719,21,3,5850000
12194,2025-04-20,2009,28,6,5804000
12195,2024-08-07,2834,43,3,15077000
12196,2024-01-17,161,30,6,16625000
12197,2024-02-04,3000,27,3,3748000
12198,2024-05-16,788,42,1,13529000
12199,2025-05-01,963,15,3,12618000
12200,2024-09-01,1143,30,6,31905000
12201,2025-12-08,383,43,1,20724000
12202,2025-03-20,2043,36,3,8654000
12203,2025-02-18,1384,29,2,14564000
12204,2025-04-02,1008,42,3,2052000
12205,2025-01-11,1072,26,3,70000
12206,2025-01-03,637,6,6,6215000
12207,2024-08-03,555,5,1,3605000
12208,2024-08-11,13,41,6,25730000
12209,2025-06-10,1798,44,3,34671000
12210,2025-08-20,686,41,3,6121000
12211,2025-06-21,62,11,1,3411000
12212,2025-08-25,2690,23,6,16958000
12213,2025-05-26,1632,40,1,3804000
12214,2024-02-26,2098,34,3,24047000
12215,2024-08-08,2041,44,2,30012000
12216,2025-03-25,2452,47,3,1195000
12217,2024-03-11,2847,44,3,49717000
12218,2024-01-11,1710,9,1,46315000
12219,2025-12-02,2713,42,2,19760000
12220,2024-12-20,1156,15,6,7533000
12221,2024-10-27,2559,6,3,10148000
12222,2025-05-18,1271,30,3,5918000
12223,2025-10-15,2237,19,3,11668000
12224,2025-02-10,1999,8,3,4005000
12225,2025-12-21,1802,49,1,30710000
12226,2024-10-27,2498,34,6,19097000
12227,2025-08-22,1545,16,6,26295000
12228,2024-07-25,1731,24,2,3593000
12229,2025-09-23,1027,7,6,834000
12230,2024-05-24,2586,45,6,9745000
12231,2025-04-11,732,18,2,19156000
12232,2025-06-01,2486,25,1,6761000
12233,2025-07-27,2723,32,2,6649000
12234,2024-03-26,2922,16,1,13165000
12235,2024-04-13,1525,26,6,12432000
12236,2025-04-04,254,5,3,49628000
12237,2024-03-19,2093,30,3,48170000
12238,2025-04-20,456,1,6,14001000
12239,2024-12-07,2932,40,3,9989000
12240,2025-09-04,651,46,2,330000
12241,2025-05-02,322,34,3,10334000
12242,2025-07-17,2738,2,1,32438000
12243,2024-06-25,323,16,3,456000
12244,2025-07-22,2387,42,6,2843000
12245,2024-02-03,1283,3,1,14091000
12246,2024-11-15,1577,7,3,10665000
12247,2025-04-30,975,19,2,876000
12248,2025-05-09,2895,17,2,11692000
12249,2024-10-12,1670,23,6,16156000
12250,2024-11-03,1343,6,1,5186000
12251,2024-09-10,846,22,6,3694000
12252,2025-08-24,308,27,6,32119000
12253,2025-09-26,357,23,6,39754000
12254,2025-02-19,793,2,1,24011000
12255,2025-01-26,819,15,3,20094000
12256,2025-02-25,2929,20,3,5623000
12257,2025-02-13,1364,2,2,4187000
12258,2025-04-02,1207,17,1,20418000
12259,2024-11-29,735,21,3,29644000
12260,2024-03-06,2322,6,6,5610000
12261,2025-01-09,947,26,6,4753000
12262,2025-04-17,81,26,6,5635000
12263,2025-09-20,1750,41,6,26615000
12264,2025-05-12,2078,41,2,12259000
12265,2024-07-31,1085,5,6,768000
12266,2024-12-16,614,18,6,22621000
12267,2025-07-14,1775,18,3,2620000
12268,2024-03-07,2807,21,1,5375000
12269,2024-12-20,101,37,3,4060000
12270,2025-11-15,1088,13,6,46153000
12271,2024-03-18,2133,18,2,37488000
12272,2025-01-22,855,39,1,13491000
12273,2025-09-07,2913,17,6,2406000
12274,2025-01-07,403,50,1,48058000
12275,2024-05-28,1867,6,2,22309000
12276,2024-02-05,1226,40,3,10417000
12277,2024-04-16,709,28,6,34826000
12278,2024-08-29,2116,17,6,3611000
12279,2025-12-29,106,47,3,3964000
12280,2025-07-28,402,37,1,39477000
12281,2025-10-24,71,24,3,12466000
12282,2025-09-12,390,25,1,7620000
12283,2024-09-01,2321,44,1,19791000
12284,2025-11-05,999,26,1,7722000
12285,2024-11-21,2387,15,1,25504000
12286,2025-07-19,1756,24,6,2363000
12287,2024-05-02,456,45,3,9281000
12288,2024-06-21,2902,19,3,1330000
12289,2024-04-20,574,33,1,627000
12290,2024-01-03,109,28,1,10323000
12291,2024-09-01,2180,8,3,18599000
12292,2024-08-04,2686,40,1,17098000
12293,2024-10-01,1492,8,6,21808000
12294,2025-05-20,2337,6,6,5969000
12295,2025-04-05,1639,8,3,27610000
12296,2025-03-23,33,32,3,16834000
12297,2024-03-28,389,31,1,16765000
12298,2025-09-19,612,16,1,7460000
12299,2025-12-21,1337,37,3,2036000
12300,2024-09-11,2997,14,6,9895000
12301,2024-07-30,338,24,1,5800000
12302,2024-12-26,1769,11,3,30184000
12303,2025-04-16,2948,9,6,14739000
12304,2024-12-28,2860,41,2,29890000
12305,2024-10-06,2944,45,2,6261000
12306,2025-08-11,1040,7,6,5555000
12307,2025-04-02,2725,32,3,12824000
12308,2025-03-15,2256,11,3,27799000
12309,2025-11-13,2499,35,1,10764000
12310,2024-03-20,2197,42,1,32848000
12311,2024-10-24,1170,25,3,32655000
12312,2024-06-13,397,26,1,21341000
12313,2025-01-19,534,39,6,7090000
12314,2024-01-05,869,34,6,8611000
12315,2025-10-19,1167,42,6,30576000
12316,2024-08-24,580,46,1,35474000
12317,2024-08-10,570,9,6,24680000
12318,2024-06-11,1773,13,6,6872000
12319,2025-07-23,2970,14,6,9211000
12320,2025-06-08,322,11,6,2310000
12321,2024-09-14,427,19,6,11067000
12322,2024-05-19,2136,50,6,30801000
12323,2025-07-08,1148,31,6,12057000
12324,2025-09-17,31,18,6,9602000
12325,2025-04-21,1160,45,2,1328000
12326,2025-03-29,1738,20,1,59690000
12327,2024-10-06,1102,5,3,8031000
12328,2024-12-18,1877,38,6,51580000
12329,2025-11-14,2999,3,6,2542000
12330,2025-12-08,1318,12,6,2690000
12331,2024-08-10,724,38,1,66110000
12332,2025-10-09,526,18,6,21902000
12333,2024-10-02,2715,35,1,6232000
12334,2024-10-11,2978,24,3,3336000
12335,2025-08-13,2406,24,6,10400000
12336,2024-01-06,2254,42,3,18183000
12337,2025-04-05,1978,21,6,991000
12338,2025-05-20,559,46,3,2232000
12339,2024-05-03,1320,43,6,18981000
12340,2024-01-29,1753,28,1,16589000
12341,2024-12-20,2922,1,2,19750000
12342,2025-12-23,1757,12,1,19987000
12343,2024-01-27,1232,13,6,17275000
12344,2025-03-30,512,17,3,12120000
12345,2024-10-19,2245,31,1,14190000
12346,2024-10-15,2122,17,3,23457000
12347,2024-05-12,1760,8,6,24506000
12348,2024-06-25,2126,49,1,18119000
12349,2024-01-06,1322,49,6,24993000
12350,2025-07-16,547,47,2,478000
12351,2025-07-27,193,33,1,6706000
12352,2024-01-22,2968,31,3,3870000
12353,2024-01-05,2433,33,3,17022000
12354,2024-07-05,701,3,3,4594000
12355,2024-05-12,1460,12,2,17294000
12356,2024-01-05,2650,46,3,2013000
12357,2024-10-07,591,13,6,26586000
12358,2025-11-26,1062,32,3,12415000
12359,2024-03-24,867,4,1,35781000
12360,2025-05-16,2380,9,3,866000
12361,2025-08-17,47,11,6,2406000
12362,2024-03-29,94,1,1,31966000
12363,2024-06-22,1963,39,3,9339000
12364,2024-05-19,1480,30,3,44249000
12365,2025-08-07,2100,34,1,880000
12366,2024-12-06,2509,45,6,26954000
12367,2024-08-04,692,28,3,3304000
12368,2024-08-25,730,11,6,8225000
12369,2024-02-20,2257,1,6,12732000
12370,2025-04-29,2629,3,3,24323000
12371,2024-08-26,1971,50,3,696000
12372,2024-04-16,2010,7,6,18791000
12373,2024-02-20,1556,35,6,10893000
12374,2024-05-31,1203,25,2,11804000
12375,2025-06-02,2090,36,3,5601000
12376,2025-01-13,2359,11,2,9930000
12377,2025-07-08,1338,8,6,27251000
12378,2024-03-27,766,9,3,5972000
12379,2025-03-02,1570,3,3,2738000
12380,2025-08-09,2390,40,6,5731000
12381,2025-12-07,1187,37,6,22296000
12382,2024-04-22,422,50,6,8437000
12383,2024-04-22,1529,38,3,23376000
12384,2024-08-28,1662,19,3,55563000
12385,2025-05-15,1017,31,1,35333000
12386,2025-12-14,1409,40,2,10581000
12387,2024-04-18,598,21,3,11344000
12388,2025-08-12,1746,33,6,772000
12389,2025-06-17,2825,14,6,10860000
12390,2024-08-22,2862,9,3,4097000
12391,2025-12-02,2817,29,3,6024000
12392,2025-11-07,1747,41,6,13306000
12393,2024-03-17,1374,20,1,2469000
12394,2025-08-03,2826,49,6,2230000
12395,2025-11-20,2544,39,6,6528000
12396,2025-05-11,335,38,6,3180000
12397,2025-03-25,2751,42,6,2800000
12398,2024-02-22,183,30,2,1880000
12399,2025-09-06,342,48,3,16513000
12400,2024-08-25,1502,13,1,11966000
12401,2025-02-15,913,23,3,5945000
12402,2024-06-01,469,41,6,5732000
12403,2024-07-02,828,18,3,2216000
12404,2024-12-12,2586,6,6,16557000
12405,2024-11-24,2184,47,3,13938000
12406,2025-10-23,1778,27,1,1350000
12407,2024-04-22,2698,42,6,5692000
12408,2025-11-13,907,35,6,19518000
12409,2024-02-27,1538,8,3,14421000
12410,2024-12-17,1245,10,3,2452000
12411,2024-04-25,2855,34,3,9374000
12412,2025-09-27,1385,40,6,63098000
12413,2025-09-03,2906,8,3,13974000
12414,2024-05-31,2971,46,6,12396000
12415,2024-11-29,2751,38,6,5929000
12416,2024-04-30,1950,14,1,1955000
12417,2025-02-07,2680,25,6,22340000
12418,2024-11-08,2248,8,6,26994000
12419,2024-08-16,362,14,6,26714000
12420,2024-09-27,96,49,3,47402000
12421,2025-12-17,381,37,3,29188000
12422,2024-02-29,480,7,2,26608000
12423,2025-02-23,1016,36,1,11663000
12424,2024-07-04,1122,18,1,4737000
12425,2024-06-11,1575,23,6,18893000
12426,2025-08-05,1288,6,3,24558000
12427,2025-09-14,2562,43,3,14932000
12428,2024-05-03,2629,38,6,12575000
12429,2025-05-27,2679,43,6,3348000
12430,2024-11-29,267,29,3,1344000
12431,2024-04-25,1419,19,1,20160000
12432,2025-02-14,2373,36,2,36546000
12433,2025-10-18,875,18,6,555000
12434,2025-09-08,2924,17,3,20906000
12435,2025-08-31,840,2,6,21999000
12436,2025-09-23,1118,4,3,14985000
12437,2024-02-17,2492,5,2,16319000
12438,2024-01-06,1706,38,6,2278000
12439,2025-02-14,2512,35,2,12409000
12440,2025-09-09,2195,45,1,12801000
12441,2024-07-11,781,6,6,4064000
12442,2025-04-26,2413,49,1,5890000
12443,2025-02-02,1577,19,3,4392000
12444,2025-12-17,974,46,3,6468000
12445,2025-04-02,1422,1,6,23579000
12446,2025-07-31,2354,37,2,16880000
12447,2025-11-02,1764,18,3,10887000
12448,2025-06-12,473,4,6,21991000
12449,2025-04-03,452,4,3,1042000
12450,2024-04-17,1809,40,6,15449000
12451,2025-01-13,402,2,6,26305000
12452,2025-09-11,665,2,3,18938000
12453,2025-01-26,1345,14,6,29460000
12454,2024-10-23,2373,18,6,376000
12455,2025-12-08,1464,46,3,24273000
12456,2024-07-19,2433,13,3,10111000
12457,2025-06-21,1493,47,6,11030000
12458,2025-01-29,2937,22,6,5837000
12459,2025-08-01,1007,17,6,9522000
12460,2025-06-06,435,10,6,13097000
12461,2025-06-13,2246,33,2,10551000
12462,2024-01-08,1921,41,3,11836000
12463,2025-01-19,2888,41,1,10793000
12464,2024-06-29,242,6,3,50282000
12465,2025-04-20,164,41,1,40458000
12466,2024-01-24,2010,41,3,15599000
12467,2024-05-03,1902,48,6,6678000
12468,2024-05-11,1023,46,1,14840000
12469,2024-11-30,1374,34,3,5983000
12470,2024-04-26,348,42,3,26651000
12471,2025-10-27,477,11,6,14672000
12472,2025-04-19,1715,7,6,10860000
12473,2024-04-07,2235,2,6,14737000
12474,2025-05-29,1090,20,1,12905000
12475,2024-09-26,1594,30,6,5529000
12476,2025-12-17,80,4,6,24129000
12477,2025-11-05,570,23,3,43235000
12478,2025-03-30,1685,21,6,59647000
12479,2024-04-04,753,22,6,5502000
12480,2024-11-01,1434,35,6,5998000
12481,2025-03-27,2328,43,6,4656000
12482,2024-03-30,2438,26,3,41402000
12483,2024-09-17,2350,40,3,9965000
12484,2024-03-09,2701,46,6,18386000
12485,2024-01-29,2838,38,3,24785000
12486,2024-12-08,1244,42,6,4953000
12487,2024-11-14,2341,28,1,847000
12488,2025-10-26,1533,10,2,29456000
12489,2025-03-07,1431,16,3,6084000
12490,2025-09-21,1871,50,1,1510000
12491,2025-08-19,2757,4,6,11795000
12492,2025-02-17,1599,48,6,18730000
12493,2025-05-12,1461,45,1,63870000
12494,2024-09-19,2639,20,1,7618000
12495,2024-01-15,986,7,6,18190000
12496,2025-05-07,2414,38,6,33631000
12497,2024-01-10,1657,23,3,6919000
12498,2024-03-08,420,9,6,16826000
12499,2025-01-12,240,31,6,4366000
12500,2025-07-17,958,28,1,21260000
12501,2024-12-01,175,44,3,29684000
12502,2025-03-07,2096,4,3,27623000
12503,2025-08-05,570,10,6,3372000
12504,2024-05-02,1714,27,1,18220000
12505,2024-07-30,2488,42,1,37088000
12506,2025-01-01,739,27,2,10084000
12507,2024-03-27,1889,41,6,7856000
12508,2024-06-26,1707,22,6,4421000
12509,2025-06-01,276,14,1,6057000
12510,2025-03-21,404,13,6,34592000
12511,2025-11-02,1065,9,6,312000
12512,2024-01-06,337,43,3,12288000
12513,2024-05-11,876,13,1,2790000
12514,2025-10-21,2572,4,3,22719000
12515,2024-06-19,1329,44,1,3220000
12516,2024-02-14,1129,47,6,16400000
12517,2025-04-27,1266,2,6,21537000
12518,2024-04-06,2231,50,6,10956000
12519,2024-08-13,953,8,2,14077000
12520,2024-12-14,1654,19,3,19920000
12521,2024-08-13,1327,27,1,14015000
12522,2025-07-22,1888,22,1,2872000
12523,2025-12-03,437,50,3,29004000
12524,2024-09-21,2224,16,1,19593000
12525,2025-01-22,1179,37,1,4014000
12526,2024-04-23,1412,10,3,2397000
12527,2025-02-28,1038,24,3,12566000
12528,2025-04-23,259,25,6,10170000
12529,2024-07-17,2661,40,1,20512000
12530,2024-02-18,850,9,1,19460000
12531,2024-04-08,1778,49,3,5056000
12532,2025-12-31,2104,3,6,31501000
12533,2024-01-04,392,33,1,17661000
12534,2024-03-26,2871,22,6,44476000
12535,2025-05-16,1077,44,3,8005000
12536,2024-05-17,1507,7,1,9031000
12537,2024-04-16,2232,35,1,16518000
12538,2025-12-10,799,19,3,815000
12539,2025-10-29,320,31,3,11132000
12540,2025-12-31,297,38,6,29005000
12541,2024-09-29,2857,46,6,1826000
12542,2025-10-06,1498,31,6,15831000
12543,2025-02-01,2384,49,6,67851000
12544,2024-06-03,1409,13,6,2882000
12545,2025-04-07,423,7,6,5070000
12546,2024-05-05,559,3,1,10542000
12547,2024-11-08,1503,45,6,6213000
12548,2025-12-09,1100,8,6,19127000
12549,2024-12-14,1560,23,3,15558000
12550,2024-06-25,853,1,2,17137000
12551,2024-05-13,758,19,1,1072000
12552,2024-05-12,947,29,2,5374000
12553,2025-02-16,1578,20,1,2448000
12554,2024-08-10,2712,47,1,15985000
12555,2025-12-11,1457,6,3,20268000
12556,2025-09-29,2541,29,1,31738000
12557,2024-03-08,271,5,6,13808000
12558,2024-05-16,2514,11,6,9428000
12559,2024-01-09,2522,44,3,8762000
12560,2024-08-05,2972,4,6,3242000
12561,2025-04-27,1758,41,6,18574000
12562,2024-05-08,195,41,2,34724000
12563,2024-04-05,2043,49,1,9998000
12564,2024-03-17,165,5,2,6443000
12565,2025-09-19,470,2,6,86914000
12566,2025-02-05,147,4,6,956000
12567,2024-07-09,2656,3,6,27429000
12568,2025-08-22,1395,25,6,7321000
12569,2025-07-01,1641,46,6,46922000
12570,2024-04-01,86,13,3,20687000
12571,2025-09-03,1468,14,6,8395000
12572,2025-12-03,2593,12,1,1436000
12573,2025-04-15,2892,50,3,14665000
12574,2024-08-23,2350,12,3,28703000
12575,2024-01-09,683,22,1,32028000
12576,2024-07-04,1260,18,3,38302000
12577,2025-07-10,2230,2,6,29982000
12578,2025-02-23,2452,47,6,10684000
12579,2024-12-31,1896,31,6,27675000
12580,2024-11-18,1278,14,3,11232000
12581,2024-12-26,2442,11,3,29206000
12582,2025-08-03,410,17,6,545000
12583,2024-08-29,299,11,6,8578000
12584,2024-12-16,2801,16,6,1530000
12585,2025-04-09,1072,38,2,23832000
12586,2024-03-19,1664,3,3,58014000
12587,2024-09-28,2782,30,3,6113000
12588,2025-11-28,494,36,1,414000
12589,2024-05-28,670,14,6,23737000
12590,2025-11-26,1111,41,3,14542000
12591,2024-10-23,1141,30,6,958000
12592,2025-07-02,1245,34,6,20060000
12593,2025-11-11,1619,50,3,10587000
12594,2024-11-13,1234,22,3,17658000
12595,2025-12-17,1076,12,2,12002000
12596,2025-10-06,1508,30,1,9460000
12597,2025-09-27,2402,6,6,14899000
12598,2024-05-15,1555,46,3,5264000
12599,2025-05-06,264,15,1,675000
12600,2025-08-16,350,18,1,17760000
12601,2025-07-01,532,29,6,28556000
12602,2024-10-15,2717,26,3,21771000
12603,2024-05-15,867,47,3,17855000
12604,2024-12-26,1322,17,6,5548000
12605,2025-10-14,604,22,3,23745000
12606,2024-04-24,852,29,1,22210000
12607,2024-01-11,1693,30,6,16867000
12608,2025-10-15,2733,14,2,14233000
12609,2025-09-27,2771,30,3,12197000
12610,2024-01-28,988,40,3,23268000
12611,2024-08-06,1046,26,3,20158000
12612,2025-02-08,660,4,6,9567000
12613,2024-12-17,869,37,2,15680000
12614,2025-09-05,358,49,3,12157000
12615,2024-07-13,2249,11,3,4972000
12616,2025-12-01,2312,6,3,11251000
12617,2024-08-03,2963,21,2,26573000
12618,2025-03-29,968,40,3,19229000
12619,2024-11-06,2180,41,6,4975000
12620,2024-12-13,45,24,3,22215000
12621,2025-02-04,2087,8,6,9761000
12622,2024-04-06,2805,6,6,12866000
12623,2025-02-28,546,30,3,32151000
12624,2024-12-07,1620,50,6,1916000
12625,2024-06-13,293,31,6,18873000
12626,2024-06-14,2765,30,1,23649000
12627,2024-11-13,943,33,3,8639000
12628,2024-11-08,1103,24,6,3961000
12629,2024-12-25,342,46,6,7140000
12630,2025-08-29,2468,29,6,31390000
12631,2024-07-27,2664,3,3,11071000
12632,2024-10-30,1064,25,1,19740000
12633,2024-09-06,2229,17,6,8079000
12634,2024-11-28,1163,22,2,11757000
12635,2024-04-01,513,42,1,17083000
12636,2024-05-23,301,40,3,9712000
12637,2025-10-24,2060,20,3,30668000
12638,2024-04-12,838,6,1,24784000
12639,2024-02-24,1466,39,1,27988000
12640,2024-02-27,2268,37,3,893000
12641,2025-09-24,2919,15,3,11507000
12642,2025-08-02,2873,10,1,6620000
12643,2024-06-04,2918,3,1,7919000
12644,2024-11-12,283,32,6,38685000
12645,2025-02-21,2426,29,3,3059000
12646,2025-11-27,1655,34,1,6844000
12647,2025-12-14,2243,11,3,16467000
12648,2024-06-17,1549,46,6,8496000
12649,2025-04-04,1186,4,2,47305000
12650,2025-11-13,30,39,6,12492000
12651,2025-05-14,907,21,6,11680000
12652,2025-08-17,2698,27,1,22619000
12653,2025-01-09,2727,39,6,21766000
12654,2025-08-28,75,47,3,12018000
12655,2024-05-24,372,14,6,3642000
12656,2024-12-06,774,4,2,26972000
12657,2024-06-14,1385,15,6,17814000
12658,2025-12-02,814,28,6,59716000
12659,2025-02-02,1760,38,1,2388000
12660,2025-04-21,253,28,6,11554000
12661,2025-10-11,1345,28,6,31515000
12662,2024-10-24,94,14,3,1629000
12663,2024-10-01,2110,12,1,11190000
12664,2024-05-02,304,40,6,17911000
12665,2024-12-04,2859,32,1,42814000
12666,2024-01-20,1422,24,6,48527000
12667,2024-08-20,667,7,6,23241000
12668,2025-10-26,2260,21,6,21399000
12669,2024-11-20,4,10,6,10944000
12670,2025-09-02,1168,24,3,17423000
12671,2024-12-27,2142,14,6,33510000
12672,2024-02-25,1895,11,1,21459000
12673,2025-07-27,2060,19,3,14111000
12674,2025-08-13,817,38,1,9638000
12675,2025-06-28,2598,36,6,9265000
12676,2025-02-01,2071,38,3,17486000
12677,2024-01-15,402,2,6,15029000
12678,2025-10-09,2779,22,1,3509000
12679,2025-06-26,1412,19,6,5186000
12680,2024-07-19,132,21,1,30068000
12681,2025-11-07,866,48,6,1035000
12682,2024-04-15,1043,49,2,21420000
12683,2025-03-18,957,42,6,5160000
12684,2024-01-19,1887,41,1,5316000
12685,2025-05-23,1068,46,1,8676000
12686,2024-01-30,185,43,6,7123000
12687,2024-02-24,751,42,3,32831000
12688,2024-10-27,20,29,3,3667000
12689,2025-09-20,929,39,6,9402000
12690,2025-04-30,2298,33,2,19042000
12691,2024-02-18,1076,33,6,1280000
12692,2025-08-22,411,23,3,33677000
12693,2024-01-26,1470,17,1,31190000
12694,2024-10-30,2278,49,6,14051000
12695,2025-06-19,1158,41,2,32936000
12696,2024-11-11,430,50,6,2886000
12697,2025-05-26,428,17,2,6984000
12698,2025-11-27,2099,49,3,21653000
12699,2025-04-19,1999,37,6,27187000
12700,2024-03-20,1325,45,6,6454000
12701,2025-09-16,2412,11,1,2848000
12702,2025-08-28,470,42,1,15791000
12703,2025-04-12,2589,50,3,7098000
12704,2024-02-04,2575,5,6,4614000
12705,2025-07-21,2145,19,3,1593000
12706,2024-11-11,2863,31,6,45510000
12707,2025-12-07,966,15,2,24325000
12708,2025-09-30,2833,38,6,5585000
12709,2025-04-27,2627,39,2,8482000
12710,2024-11-08,420,21,3,11873000
12711,2024-07-09,2054,20,1,21830000
12712,2025-04-23,1557,32,6,72542000
12713,2024-10-11,420,28,6,4247000
12714,2024-09-04,1822,18,6,6978000
12715,2025-01-19,1806,36,6,18278000
12716,2025-03-05,844,44,6,4469000
12717,2024-04-13,1548,19,1,41914000
12718,2025-02-10,279,42,3,16742000
12719,2024-04-06,1659,34,6,33736000
12720,2025-08-24,1522,9,6,935000
12721,2024-03-13,2025,8,6,10496000
12722,2025-06-18,2024,20,6,25648000
12723,2025-07-14,672,21,6,41047000
12724,2025-10-15,1016,18,1,59834000
12725,2024-06-26,1330,6,3,8073000
12726,2024-05-05,336,2,1,28010000
12727,2025-11-04,2281,34,1,11565000
12728,2025-12-11,481,18,3,23327000
12729,2025-11-13,277,18,3,23285000
12730,2024-02-24,348,6,1,19115000
12731,2024-02-16,335,42,6,27325000
12732,2024-11-08,1915,17,3,4758000
12733,2024-04-05,1284,44,6,17933000
12734,2025-08-05,1787,7,3,8930000
12735,2024-10-07,531,13,3,12024000
12736,2024-02-27,763,48,2,11747000
12737,2024-06-25,1055,21,3,5022000
12738,2024-06-06,1076,50,6,2157000
12739,2024-01-09,2085,2,6,4522000
12740,2024-02-14,2395,12,6,6703000
12741,2025-06-13,2637,24,6,11934000
12742,2024-10-02,3000,13,6,26452000
12743,2025-12-11,1181,11,6,35372000
12744,2024-10-08,731,44,6,807000
12745,2025-11-26,1892,4,1,13180000
12746,2025-01-30,2559,7,6,38623000
12747,2025-11-08,1197,26,6,48653000
12748,2025-03-22,2485,41,1,12875000
12749,2024-01-02,1982,50,1,23100000
12750,2025-08-08,1881,10,1,11716000
12751,2024-08-29,2871,8,3,11240000
12752,2025-10-25,1793,2,3,22768000
12753,2025-02-24,2836,16,1,26965000
12754,2024-11-05,1134,23,1,5608000
12755,2025-08-19,1801,24,3,6138000
12756,2025-07-16,707,37,2,20626000
12757,2025-12-05,824,33,6,2866000
12758,2025-02-02,2870,39,3,8761000
12759,2024-02-17,567,36,6,7015000
12760,2024-10-12,8,10,6,19902000
12761,2025-06-13,820,27,1,1478000
12762,2025-11-05,1551,36,6,3700000
12763,2025-09-24,1213,7,6,5856000
12764,2025-04-13,2456,4,6,3583000
12765,2024-10-20,1867,21,2,3789000
12766,2024-12-20,961,32,3,3492000
12767,2024-06-19,1642,41,2,10362000
12768,2025-03-17,87,35,1,9994000
12769,2024-09-12,2800,34,1,39486000
12770,2024-01-12,2798,2,2,5856000
12771,2025-11-29,2608,12,3,9918000
12772,2025-04-28,2197,1,6,10524000
12773,2025-10-15,1974,47,3,35370000
12774,2024-05-22,2564,18,6,3846000
12775,2024-11-17,2587,21,1,25881000
12776,2024-01-05,2497,10,1,3347000
12777,2024-07-04,697,8,1,37135000
12778,2025-06-10,2243,7,6,12104000
12779,2025-09-30,86,14,6,4506000
12780,2025-07-03,890,50,1,7451000
12781,2024-06-02,933,11,6,17349000
12782,2024-05-27,924,20,6,8591000
12783,2024-05-21,1098,5,6,16368000
12784,2024-02-29,2113,14,3,24645000
12785,2025-06-21,2639,43,2,16865000
12786,2024-09-17,2226,38,3,8087000
12787,2024-10-04,2220,43,1,14410000
12788,2025-11-17,673,14,1,36147000
12789,2024-05-09,723,33,6,20217000
12790,2025-03-11,1619,8,3,6441000
12791,2025-08-20,2323,29,3,26409000
12792,2024-02-16,2083,46,3,44195000
12793,2025-06-05,1639,13,1,2192000
12794,2024-04-23,983,42,1,22041000
12795,2025-04-01,2838,21,1,6303000
12796,2024-03-23,1065,23,6,29441000
12797,2024-11-05,1055,29,1,89302000
12798,2024-06-07,1959,2,2,1147000
12799,2024-09-27,2114,40,3,13617000
12800,2025-05-19,1079,50,6,16588000
12801,2024-06-18,718,43,6,3860000
12802,2025-09-20,2798,29,1,35480000
12803,2024-02-02,895,32,6,12816000
12804,2025-06-11,1494,42,2,32945000
12805,2025-06-21,869,29,6,32514000
12806,2024-08-15,595,47,3,25154000
12807,2024-02-23,1640,43,3,22801000
12808,2025-10-25,2256,16,2,9845000
12809,2025-10-16,1863,32,1,28968000
12810,2025-03-21,2721,25,6,1316000
12811,2025-01-07,2080,23,3,13966000
12812,2025-06-15,1810,32,2,39472000
12813,2024-11-20,1917,15,1,8311000
12814,2024-08-26,1362,15,3,570000
12815,2024-08-04,2044,50,3,13851000
12816,2024-02-08,756,16,3,18933000
12817,2025-08-29,1193,44,3,20885000
12818,2024-11-30,1790,39,6,6164000
12819,2025-11-26,1879,25,2,145000
12820,2025-09-18,692,30,3,11828000
12821,2024-05-02,629,48,2,24821000
12822,2025-04-17,2481,41,6,22855000
12823,2024-06-07,1147,35,3,4086000
12824,2025-08-11,2514,23,1,23941000
12825,2024-06-12,1074,43,1,5477000
12826,2025-04-10,1343,28,2,1404000
12827,2025-04-05,2936,16,6,9221000
12828,2024-06-03,223,6,6,1764000
12829,2025-12-10,94,5,3,21149000
12830,2025-04-01,1316,41,6,39637000
12831,2024-12-06,2841,26,6,7319000
12832,2025-04-15,1206,31,1,12956000
12833,2025-01-12,459,3,6,64334000
12834,2025-04-09,2931,20,6,18956000
12835,2024-09-23,2834,39,3,9309000
12836,2025-06-04,2309,3,6,14125000
12837,2024-05-07,2872,26,6,294000
12838,2025-10-04,2014,34,3,4175000
12839,2024-02-23,963,2,1,36262000
12840,2024-10-20,2358,9,1,10744000
12841,2025-11-21,2771,47,2,12655000
12842,2024-01-10,2295,14,1,31495000
12843,2024-11-05,495,35,6,17867000
12844,2024-05-03,1312,46,6,9422000
12845,2025-12-02,75,13,3,11273000
12846,2025-10-02,796,4,1,1085000
12847,2025-06-05,41,13,6,14564000
12848,2024-10-02,843,7,1,8275000
12849,2025-03-27,902,7,1,25456000
12850,2025-12-29,2340,24,2,25000
12851,2024-10-04,2257,33,3,8125000
12852,2024-04-20,2525,35,6,6357000
12853,2025-12-19,1495,37,3,8380000
12854,2025-04-18,936,9,1,17583000
12855,2025-10-19,2390,9,6,8726000
12856,2025-06-21,160,40,3,5016000
12857,2024-05-26,2138,16,3,17335000
12858,2025-07-06,1623,14,3,4226000
12859,2024-04-06,2577,3,6,18550000
12860,2024-07-01,128,18,6,4161000
12861,2025-04-16,2302,27,1,1943000
12862,2024-02-11,912,35,3,14661000
12863,2025-01-31,2371,5,3,16627000
12864,2024-09-20,2234,26,6,14836000
12865,2024-02-10,1916,42,6,15440000
12866,2025-12-16,2509,35,6,1477000
12867,2024-09-19,1117,18,3,16206000
12868,2024-03-06,492,35,6,30599000
12869,2024-03-24,174,7,6,36275000
12870,2024-09-26,2740,11,6,12510000
12871,2024-06-28,1323,22,6,21275000
12872,2024-08-22,61,48,3,27103000
12873,2025-05-31,191,34,6,1213000
12874,2024-05-18,1383,33,6,16623000
12875,2024-06-28,919,2,1,1305000
12876,2024-06-14,2625,47,6,22866000
12877,2024-07-03,1986,45,6,4067000
12878,2024-06-11,470,44,6,1192000
12879,2024-06-21,1996,50,1,7375000
12880,2024-09-04,283,8,6,3926000
12881,2024-08-14,1177,5,6,17435000
12882,2025-01-27,958,35,1,3297000
12883,2025-03-03,1893,29,6,14607000
12884,2025-08-19,1799,9,6,5779000
12885,2025-03-27,1910,8,3,10972000
12886,2025-06-05,2869,18,6,25045000
12887,2024-01-28,1444,13,6,32597000
12888,2025-02-07,2994,22,6,27296000
12889,2024-10-20,250,40,6,2925000
12890,2025-07-05,952,17,3,4568000
12891,2025-03-23,2563,39,3,24026000
12892,2025-05-16,385,28,6,8835000
12893,2025-02-14,649,40,1,25260000
12894,2025-08-01,383,49,6,3295000
12895,2025-05-06,791,25,2,1269000
12896,2024-11-29,989,49,3,13172000
12897,2024-01-03,2228,5,3,4967000
12898,2024-01-14,96,3,6,31785000
12899,2025-12-20,1929,35,1,9403000
12900,2024-04-29,2124,11,6,6440000
12901,2024-07-27,1953,41,6,22542000
12902,2024-03-13,2404,35,6,4142000
12903,2025-11-26,196,14,1,4040000
12904,2024-07-09,1302,4,3,22814000
12905,2024-03-31,2558,13,1,4998000
12906,2025-10-01,2761,10,1,32864000
12907,2025-05-01,1058,42,6,10183000
12908,2025-01-13,1086,43,6,3982000
12909,2024-10-17,1160,31,1,18985000
12910,2025-03-30,2125,32,3,7775000
12911,2024-06-27,1189,19,6,14722000
12912,2025-11-24,2986,44,6,9260000
12913,2024-03-18,1867,20,2,43485000
12914,2025-02-21,1606,36,6,28189000
12915,2025-04-05,2329,50,3,3702000
12916,2024-09-24,515,1,6,24463000
12917,2024-05-03,896,31,6,22564000
12918,2025-09-15,2179,11,1,3474000
12919,2025-04-08,1540,6,3,11470000
12920,2024-05-14,1300,47,3,9795000
12921,2024-07-28,122,35,6,20200000
12922,2025-06-14,2023,37,2,15823000
12923,2025-09-06,287,12,3,1520000
12924,2024-03-19,722,6,1,3413000
12925,2025-02-19,890,21,3,54280000
12926,2024-04-24,1497,28,6,8290000
12927,2024-03-17,138,12,6,558000
12928,2024-06-24,699,46,6,31728000
12929,2024-04-14,2490,13,1,12454000
12930,2024-11-20,1718,9,3,10048000
12931,2024-10-22,1191,15,6,8462000
12932,2025-11-19,751,35,1,10159000
12933,2025-05-27,1041,2,2,33384000
12934,2024-06-20,1454,45,1,28864000
12935,2024-02-29,177,17,1,4602000
12936,2024-07-09,191,37,3,26517000
12937,2025-07-07,642,33,3,34812000
12938,2024-06-06,1195,31,3,18809000
12939,2025-02-10,2698,27,6,22833000
12940,2025-11-07,1911,33,1,23157000
12941,2024-01-27,790,7,6,14078000
12942,2024-06-22,2445,48,6,16237000
12943,2024-02-21,2520,40,1,2614000
12944,2025-05-01,1435,6,1,12810000
12945,2025-05-13,1704,44,3,2429000
12946,2024-09-21,2173,8,6,3791000
12947,2025-10-30,417,46,3,1544000
12948,2025-01-24,2027,37,3,9476000
12949,2024-04-12,2280,19,6,4330000
12950,2024-03-10,2555,10,2,582000
12951,2025-06-04,2957,18,3,28421000
12952,2025-03-12,1435,16,3,26096000
12953,2024-12-10,374,37,6,11034000
12954,2024-02-10,1529,26,3,10383000
12955,2024-10-23,2800,23,3,1602000
12956,2024-08-07,2843,17,3,10629000
12957,2024-04-11,193,30,6,10751000
12958,2024-06-27,2248,29,3,25061000
12959,2025-09-24,1941,11,1,14991000
12960,2024-12-13,1936,47,6,44636000
12961,2024-02-18,528,12,6,8821000
12962,2025-09-23,1018,46,3,30475000
12963,2025-11-08,642,49,1,33145000
12964,2025-05-01,692,24,6,11445000
12965,2024-10-19,2775,50,3,15887000
12966,2025-01-09,1290,41,2,11794000
12967,2024-09-10,2790,1,6,55321000
12968,2025-08-13,1300,35,1,3300000
12969,2024-12-04,1030,28,6,322000
12970,2025-03-26,609,16,3,1995000
12971,2025-01-19,1810,43,6,12654000
12972,2025-06-16,784,37,3,6188000
12973,2025-03-30,1309,6,6,7496000
12974,2024-07-25,2227,1,6,8670000
12975,2025-03-12,742,26,6,22966000
12976,2025-09-28,1225,1,3,8587000
12977,2025-12-12,2369,3,6,78336000
12978,2024-08-01,1912,47,1,2672000
12979,2024-06-22,2529,47,2,1885000
12980,2025-05-26,1599,18,3,37449000
12981,2024-01-16,891,26,3,28323000
12982,2024-10-19,2599,43,6,38009000
12983,2024-11-06,1028,2,1,12531000
12984,2025-09-01,328,40,6,19281000
12985,2025-01-26,1364,2,6,3842000
12986,2025-06-19,1151,36,6,45234000
12987,2024-03-13,2619,18,3,25208000
12988,2024-07-02,520,35,1,20618000
12989,2024-12-01,2921,26,3,35328000
12990,2025-12-27,548,9,3,7598000
12991,2024-08-27,1461,5,3,3024000
12992,2025-11-10,1998,50,6,10024000
12993,2025-06-07,2600,26,1,26204000
12994,2025-03-01,2547,16,3,12974000
12995,2024-02-17,1435,35,6,17512000
12996,2025-02-05,137,31,2,1052000
12997,2025-11-07,1077,15,6,6147000
12998,2025-11-17,2860,7,6,20275000
12999,2025-01-18,2484,13,3,18190000
13000,2025-03-24,658,28,2,10012000
13001,2024-02-04,2217,44,6,30452000
13002,2024-11-30,1627,13,2,9785000
13003,2024-09-13,1831,44,3,29094000
13004,2025-02-10,426,50,1,21005000
13005,2025-03-07,1376,4,3,21168000
13006,2025-07-02,2915,39,3,16056000
13007,2025-05-13,1476,22,3,11760000
13008,2024-11-23,797,31,3,32045000
13009,2025-09-07,2731,31,3,20573000
13010,2025-06-07,334,28,6,19485000
13011,2025-06-11,2601,3,3,12198000
13012,2025-02-18,1352,5,3,5599000
13013,2025-08-11,2250,49,3,7916000
13014,2025-07-20,1825,19,6,10343000
13015,2025-12-23,1945,13,1,4841000
13016,2024-03-26,1945,41,6,2020000
13017,2025-06-05,1323,19,6,17438000
13018,2025-04-17,1169,31,6,8883000
13019,2024-01-24,1626,3,3,11622000
13020,2025-10-15,1401,48,6,9563000
13021,2025-07-19,2956,33,1,8461000
13022,2024-11-15,2214,24,6,2189000
13023,2024-10-17,2946,15,1,12228000
13024,2025-04-22,2892,24,6,2083000
13025,2024-03-25,291,47,6,43712000
13026,2025-03-12,1491,10,6,10814000
13027,2025-04-09,210,6,6,13419000
13028,2025-01-27,663,25,6,2005000
13029,2025-09-30,2313,35,3,36680000
13030,2025-07-06,233,24,1,7215000
13031,2025-04-06,2408,10,3,6937000
13032,2024-02-16,2287,21,6,9055000
13033,2025-02-11,976,7,6,37287000
13034,2024-10-11,2922,27,3,7708000
13035,2025-02-13,2811,26,6,6605000
13036,2025-07-31,824,11,1,15306000
13037,2025-05-11,1372,22,3,11660000
13038,2024-08-03,2111,34,1,32827000
13039,2024-08-18,929,42,3,11426000
13040,2024-09-26,2382,16,1,42493000
13041,2025-01-01,1170,33,6,26177000
13042,2025-08-14,2809,11,3,22198000
13043,2025-10-07,713,48,2,20742000
13044,2025-02-07,1760,28,6,23335000
13045,2024-07-31,1060,32,3,16504000
13046,2025-04-04,2859,50,3,15968000
13047,2024-02-05,2325,2,3,133000
13048,2024-06-04,2200,6,2,22022000
13049,2024-02-10,81,14,1,16409000
13050,2025-03-04,1636,27,2,1243000
13051,2025-04-22,2297,1,3,11603000
13052,2025-06-07,1664,17,6,21526000
13053,2025-12-11,2560,46,3,6492000
13054,2024-03-12,1604,10,6,42655000
13055,2025-12-12,1992,50,6,21808000
13056,2024-12-19,15,10,3,27576000
13057,2024-10-29,663,23,2,17866000
13058,2024-03-28,632,9,3,2418000
13059,2024-04-29,1481,13,6,65008000
13060,2024-07-26,1870,21,3,19336000
13061,2024-06-09,1971,5,3,48621000
13062,2025-04-20,1619,48,6,30750000
13063,2024-04-29,1540,11,6,16922000
13064,2024-05-19,2483,49,1,4284000
13065,2024-08-05,2174,2,3,20310000
13066,2025-11-16,199,49,6,24427000
13067,2025-11-29,183,8,6,2396000
13068,2025-04-17,1203,20,6,8362000
13069,2024-01-21,2209,15,6,19736000
13070,2025-07-26,1538,17,3,2365000
13071,2024-04-29,1997,48,6,1056000
13072,2024-01-10,1867,36,1,18722000
13073,2024-04-07,541,14,1,45487000
13074,2024-04-28,1307,44,1,36998000
13075,2024-10-06,2452,32,6,6177000
13076,2024-06-26,423,32,6,18421000
13077,2024-03-14,2615,2,1,30799000
13078,2025-04-08,1428,7,6,7129000
13079,2024-04-19,1556,18,3,23751000
13080,2025-02-22,2846,25,3,19485000
13081,2025-12-02,2367,36,1,19653000
13082,2024-07-13,2497,46,6,19715000
13083,2025-11-21,790,42,1,37981000
13084,2025-03-31,2168,26,2,15304000
13085,2024-06-12,2154,19,3,9808000
13086,2025-02-27,883,24,6,525000
13087,2024-12-30,2686,43,2,5550000
13088,2024-03-10,579,5,3,5318000
13089,2025-11-17,2322,6,6,29481000
13090,2025-11-23,2426,46,3,9084000
13091,2024-12-22,530,21,1,13737000
13092,2024-12-10,2363,24,1,8439000
13093,2024-01-08,344,50,3,46207000
13094,2025-01-31,1495,18,3,17283000
13095,2025-05-14,238,22,3,14721000
13096,2024-10-23,1050,24,3,10651000
13097,2025-08-04,411,17,6,23349000
13098,2024-05-31,289,1,1,11357000
13099,2024-02-08,2622,49,1,22170000
13100,2025-05-31,2234,43,6,3356000
13101,2024-01-02,2587,29,3,20539000
13102,2024-09-09,2602,28,3,16412000
13103,2024-10-21,539,5,1,25127000
13104,2024-04-11,26,3,6,19217000
13105,2025-02-21,2218,32,3,30438000
13106,2025-04-27,1449,10,3,12236000
13107,2024-02-11,248,34,6,11324000
13108,2025-07-18,1768,21,6,9849000
13109,2024-06-28,1422,44,6,5926000
13110,2025-12-25,1776,46,3,8029000
13111,2025-01-27,583,12,1,31121000
13112,2025-09-24,226,48,6,21051000
13113,2024-09-29,1161,7,6,15506000
13114,2024-03-31,73,23,6,2812000
13115,2025-05-24,880,39,1,11524000
13116,2025-09-26,887,45,6,9348000
13117,2025-08-10,135,30,2,2888000
13118,2025-01-24,1029,44,3,4880000
13119,2025-10-23,2018,10,1,12748000
13120,2024-12-08,2149,50,1,1055000
13121,2025-07-29,2592,37,6,12097000
13122,2024-03-25,1893,24,1,406000
13123,2024-02-25,1246,30,6,908000
13124,2024-01-24,164,20,3,36462000
13125,2024-07-19,2858,1,6,20994000
13126,2025-02-04,532,30,1,33572000
13127,2024-06-23,1483,22,1,49175000
13128,2025-07-13,646,30,6,5370000
13129,2024-08-09,2288,15,1,8895000
13130,2025-12-14,1617,49,1,9294000
13131,2024-05-10,1382,4,6,3097000
13132,2024-08-01,1246,34,1,7002000
13133,2025-04-11,966,48,1,5495000
13134,2024-08-25,12,5,6,14969000
13135,2025-02-24,1052,28,6,19199000
13136,2025-01-07,123,16,3,19122000
13137,2024-02-27,2467,21,6,7932000
13138,2024-03-28,2218,21,1,9983000
13139,2024-03-04,869,38,6,14771000
13140,2024-04-17,179,8,3,8896000
13141,2024-10-09,1108,14,1,3412000
13142,2024-02-06,1490,49,3,4189000
13143,2025-08-20,2210,4,3,45043000
13144,2025-08-24,989,17,3,5708000
13145,2025-11-10,2376,27,2,31686000
13146,2024-02-26,2987,34,6,47098000
13147,2025-02-17,2064,19,3,14627000
13148,2025-02-05,1531,21,3,14793000
13149,2025-11-17,1242,10,1,4104000
13150,2024-12-25,759,30,6,7612000
13151,2025-02-03,2141,23,6,15494000
13152,2024-12-09,1501,45,6,1702000
13153,2024-10-27,1277,10,3,28913000
13154,2024-06-28,2025,32,6,8971000
13155,2024-01-24,355,39,1,2508000
13156,2024-05-29,1473,9,6,7436000
13157,2025-03-27,1279,40,6,10974000
13158,2024-05-20,767,49,1,14768000
13159,2024-04-02,1739,25,2,5410000
13160,2025-09-19,1456,12,1,4889000
13161,2025-06-05,420,18,3,26363000
13162,2025-07-14,1844,5,6,788000
13163,2024-07-04,90,47,1,2774000
13164,2025-11-11,1304,30,6,17145000
13165,2025-04-05,2552,15,2,7616000
13166,2024-06-30,1039,4,6,24158000
13167,2025-08-26,1006,34,6,11679000
13168,2025-12-29,874,25,1,7385000
13169,2024-08-22,279,32,6,10744000
13170,2025-10-16,1439,14,1,7273000
13171,2025-04-23,820,41,6,5640000
13172,2025-05-09,1917,42,6,22483000
13173,2024-08-10,256,50,6,5434000
13174,2024-11-23,2197,23,3,8763000
13175,2024-05-26,1860,28,6,33499000
13176,2024-11-03,2579,25,3,1031000
13177,2025-08-23,278,23,3,10109000
13178,2025-08-06,2005,15,2,1329000
13179,2025-10-17,1003,46,6,45755000
13180,2025-06-06,1314,34,2,20129000
13181,2024-10-01,2742,50,6,19427000
13182,2025-10-14,520,37,3,1307000
13183,2025-12-28,817,27,3,18293000
13184,2025-04-23,1679,8,3,31127000
13185,2024-01-22,1885,21,2,4659000
13186,2024-11-20,1622,6,3,37374000
13187,2024-12-21,1447,24,2,1560000
13188,2024-02-14,2023,20,3,12015000
13189,2025-10-02,2233,8,3,53449000
13190,2025-06-17,1645,49,3,27906000
13191,2025-01-25,428,6,6,5145000
13192,2025-07-22,2162,39,2,2688000
13193,2024-03-06,1999,5,3,7268000
13194,2025-03-24,517,38,6,18743000
13195,2024-01-09,325,47,1,3446000
13196,2025-02-28,2077,14,3,9584000
13197,2024-12-30,1663,11,6,10654000
13198,2024-07-09,247,25,3,35588000
13199,2025-01-18,2618,5,2,17573000
13200,2025-02-17,2560,50,6,21041000
13201,2025-03-03,2499,1,6,12122000
13202,2024-09-29,1011,22,1,12852000
13203,2025-02-19,2260,9,3,15639000
13204,2025-09-11,1219,46,6,9577000
13205,2024-03-26,2384,47,2,16579000
13206,2025-12-10,537,43,1,24000
13207,2024-06-26,2035,46,2,18191000
13208,2024-02-02,2856,31,1,14986000
13209,2024-05-09,1394,29,6,4494000
13210,2025-09-30,574,8,1,7965000
13211,2024-09-02,147,13,6,58270000
13212,2025-06-04,2512,37,2,1878000
13213,2024-11-28,1679,46,6,15401000
13214,2024-07-28,335,29,1,4797000
13215,2024-03-21,236,42,6,1078000
13216,2025-02-08,859,50,3,23911000
13217,2024-03-13,2151,45,6,3591000
13218,2025-04-10,67,42,2,35732000
13219,2025-08-02,2202,32,3,5012000
13220,2024-08-02,1433,2,6,7280000
13221,2024-11-04,1210,24,3,17765000
13222,2024-07-13,448,36,3,28930000
13223,2024-08-15,390,10,6,5107000
13224,2024-10-26,1816,1,3,10132000
13225,2025-08-17,2047,13,6,6534000
13226,2024-04-15,967,23,2,1328000
13227,2024-12-16,1140,45,2,22431000
13228,2025-04-05,1687,17,6,20040000
13229,2024-04-22,2662,36,6,24478000
13230,2025-12-09,533,41,3,11542000
13231,2024-10-03,786,27,3,33567000
13232,2025-12-07,454,13,2,11697000
13233,2024-10-29,1365,15,3,28529000
13234,2024-10-15,2265,42,3,14266000
13235,2025-04-24,548,50,3,14415000
13236,2025-03-27,2179,17,6,39598000
13237,2025-11-13,2122,18,6,8724000
13238,2025-07-02,1235,4,1,12949000
13239,2024-05-15,662,29,6,8972000
13240,2025-01-22,2810,1,1,16587000
13241,2024-04-08,2270,4,6,47826000
13242,2025-03-20,1987,9,6,2483000
13243,2024-06-30,1838,38,1,61433000
13244,2024-10-17,1043,18,6,1327000
13245,2024-05-05,2918,38,2,23863000
13246,2025-02-19,1803,32,6,2938000
13247,2025-10-18,589,5,2,4587000
13248,2025-07-24,788,1,6,34227000
13249,2024-08-01,2965,18,6,3240000
13250,2024-07-23,2975,32,3,46973000
13251,2024-01-20,2798,43,3,18568000
13252,2024-09-19,685,22,6,14994000
13253,2024-12-20,1105,12,1,4734000
13254,2025-04-16,977,22,1,3651000
13255,2025-12-05,1058,37,6,14462000
13256,2024-05-08,1276,34,6,34656000
13257,2025-06-16,2535,33,1,16090000
13258,2024-06-18,661,22,1,10420000
13259,2024-12-10,108,12,1,14959000
13260,2025-04-03,1827,17,6,27183000
13261,2025-10-17,2373,1,1,16662000
13262,2024-08-23,2122,17,6,14998000
13263,2024-04-23,900,31,2,32415000
13264,2024-12-13,2163,32,6,3327000
13265,2024-12-09,576,11,1,4683000
13266,2024-03-25,2797,41,1,21540000
13267,2024-02-16,138,47,6,24711000
13268,2024-01-13,2597,10,1,7878000
13269,2025-11-08,1152,9,2,2746000
13270,2024-07-11,927,44,3,5618000
13271,2025-05-05,2624,14,3,11950000
13272,2024-11-04,1528,50,1,39325000
13273,2025-01-02,135,4,1,3263000
13274,2024-04-09,1286,43,6,21611000
13275,2024-09-02,2225,13,6,34841000
13276,2025-01-21,1702,37,6,25366000
13277,2025-10-17,774,27,6,15334000
13278,2025-06-03,1538,47,3,19516000
13279,2024-11-07,2525,5,3,21779000
13280,2025-08-13,1965,35,6,5558000
13281,2025-12-11,468,15,6,19106000
13282,2024-10-27,1292,47,6,53745000
13283,2024-09-10,2852,11,3,7611000
13284,2025-02-03,2040,32,1,6321000
13285,2025-05-18,1292,38,6,14369000
13286,2024-06-08,2219,14,3,9426000
13287,2025-05-30,2652,35,3,20634000
13288,2025-11-04,1614,7,6,31681000
13289,2025-03-04,1639,15,1,27468000
13290,2024-11-02,757,33,2,3596000
13291,2025-09-09,335,7,6,35728000
13292,2024-09-22,2997,8,6,36431000
13293,2025-06-06,706,19,3,16195000
13294,2025-04-20,1870,1,6,17964000
13295,2025-11-24,1062,43,3,6231000
13296,2024-04-26,290,44,6,16057000
13297,2024-02-02,1756,24,6,23120000
13298,2025-05-20,1626,23,3,12239000
13299,2024-07-04,1737,31,6,49325000
13300,2025-09-03,72,30,6,4954000
13301,2024-08-19,1428,7,1,18931000
13302,2025-06-09,1017,17,6,78000
13303,2025-02-27,673,37,1,8193000
13304,2024-08-14,1237,43,3,18696000
13305,2024-11-29,1729,22,2,22280000
13306,2024-12-08,2837,35,1,5377000
13307,2024-06-07,2888,14,2,4547000
13308,2025-08-31,1227,32,6,7318000
13309,2024-02-07,1402,37,6,10707000
13310,2025-04-03,1673,48,6,28054000
13311,2025-11-17,1773,6,1,7246000
13312,2024-10-06,2313,36,1,175000
13313,2024-08-23,1223,17,3,11215000
13314,2024-11-15,1565,32,3,252000
13315,2025-01-28,2382,47,1,1275000
13316,2025-06-05,2405,10,6,1162000
13317,2025-11-19,676,40,2,1601000
13318,2024-10-20,2633,39,1,24138000
13319,2025-04-29,874,49,6,20640000
13320,2025-10-16,2672,43,1,37000
13321,2025-09-19,196,34,1,62000
13322,2024-03-27,329,45,6,10800000
13323,2025-12-05,2701,33,6,2057000
13324,2025-04-03,2826,17,6,1336000
13325,2025-04-03,2148,28,3,16378000
13326,2025-04-06,817,9,2,10814000
13327,2025-04-13,260,35,2,12885000
13328,2024-04-09,1655,40,6,849000
13329,2024-09-14,470,43,3,9504000
13330,2024-05-26,1614,49,3,21501000
13331,2025-05-25,2742,6,3,6524000
13332,2025-04-23,2812,4,3,3598000
13333,2024-12-17,936,47,3,4030000
13334,2025-07-23,2758,30,6,28063000
13335,2024-01-22,1437,49,6,6425000
13336,2024-03-20,2367,5,3,49043000
13337,2025-08-22,2389,20,3,2705000
13338,2025-07-01,2593,21,3,11270000
13339,2024-05-05,1971,19,1,13087000
13340,2025-02-03,328,20,1,20522000
13341,2024-05-25,1819,20,2,4768000
13342,2024-10-30,1466,6,1,47988000
13343,2024-06-19,2146,44,6,2600000
13344,2025-05-28,2318,42,1,21880000
13345,2025-10-27,1885,2,3,34221000
13346,2024-04-28,203,48,1,15923000
13347,2024-12-19,1856,44,6,1473000
13348,2024-08-17,358,36,3,38821000
13349,2024-04-29,152,2,6,18559000
13350,2025-10-23,2386,12,6,13504000
13351,2025-02-15,150,49,2,22971000
13352,2024-06-03,2221,41,6,23786000
13353,2024-09-22,2735,42,3,3938000
13354,2025-08-11,2975,41,6,6182000
13355,2024-07-01,1640,50,1,12736000
13356,2024-04-12,2672,22,3,3445000
13357,2025-06-08,293,1,3,10590000
13358,2025-03-21,1792,29,2,18699000
13359,2024-10-01,2769,50,1,22196000
13360,2025-08-15,1471,44,6,9961000
13361,2025-09-05,76,14,6,14923000
13362,2024-10-12,2748,3,6,25638000
13363,2024-10-04,614,48,3,7904000
13364,2024-06-11,911,24,3,6420000
13365,2025-05-27,1147,35,3,5301000
13366,2025-05-11,1632,40,2,5209000
13367,2025-07-04,2942,27,6,4486000
13368,2025-06-14,2843,19,2,26539000
13369,2024-06-28,330,10,1,1224000
13370,2024-10-15,2333,25,3,15545000
13371,2024-12-24,2467,42,1,3829000
13372,2025-05-26,174,46,6,21945000
13373,2024-05-29,1900,10,1,38508000
13374,2024-12-08,571,26,6,3762000
13375,2025-12-30,860,25,2,11610000
13376,2024-04-23,1007,34,3,1063000
13377,2025-04-30,237,46,6,24007000
13378,2025-04-25,421,28,1,21262000
13379,2025-09-27,2077,18,6,14666000
13380,2025-01-17,1239,33,6,6398000
13381,2024-02-15,216,37,6,2710000
13382,2024-09-18,1687,8,6,11975000
13383,2025-01-19,2349,40,6,3248000
13384,2025-06-10,1003,33,6,1574000
13385,2025-02-18,2960,3,3,3685000
13386,2025-03-21,1732,33,6,24289000
13387,2025-07-21,1695,30,6,36947000
13388,2025-06-23,2472,22,1,65837000
13389,2024-05-20,1258,40,6,19952000
13390,2024-12-10,883,40,1,414000
13391,2024-02-12,930,42,6,82947000
13392,2024-03-18,2507,37,3,8366000
13393,2024-08-01,516,25,3,3082000
13394,2024-09-10,2220,45,6,15147000
13395,2024-04-24,2591,24,6,6760000
13396,2025-10-19,1169,9,1,6372000
13397,2025-02-06,2192,13,6,9125000
13398,2025-06-21,36,44,1,21199000
13399,2025-04-07,326,30,2,1609000
13400,2025-07-17,1775,21,3,7442000
13401,2025-07-11,88,30,6,7444000
13402,2025-02-16,477,45,1,5407000
13403,2024-02-10,1030,27,6,5100000
13404,2024-11-05,1338,25,6,2060000
13405,2025-03-20,1597,15,6,9602000
13406,2024-08-02,1601,13,3,9891000
13407,2025-11-14,465,14,3,41637000
13408,2024-05-26,2703,9,1,39949000
13409,2024-08-03,239,19,1,26185000
13410,2024-04-09,233,15,6,37287000
13411,2025-08-31,2338,36,1,1749000
13412,2024-02-01,1238,42,3,23342000
13413,2025-04-01,2306,46,1,20394000
13414,2025-05-25,2962,3,3,5892000
13415,2024-06-27,950,13,6,20554000
13416,2025-04-03,2874,37,1,11429000
13417,2025-05-21,2580,31,6,1187000
13418,2025-09-03,29,6,1,6804000
13419,2025-09-06,532,38,3,40028000
13420,2024-05-12,2536,10,2,21044000
13421,2024-03-10,960,14,6,23055000
13422,2024-01-15,1171,21,6,36922000
13423,2024-09-30,2923,1,3,8884000
13424,2024-11-25,203,47,6,290000
13425,2025-12-23,1216,39,2,10216000
13426,2024-03-23,926,39,1,20308000
13427,2025-07-05,551,13,6,20510000
13428,2025-08-16,1731,48,6,2736000
13429,2025-09-30,982,35,1,33288000
13430,2025-03-19,2298,15,3,27695000
13431,2024-09-01,2248,1,3,3224000
13432,2025-12-02,894,16,3,31207000
13433,2024-07-21,964,28,6,14528000
13434,2024-07-22,2880,26,3,13872000
13435,2024-11-02,2947,4,6,23240000
13436,2025-05-25,2758,27,2,30396000
13437,2025-09-12,1182,24,6,3855000
13438,2024-03-30,2743,47,6,25150000
13439,2025-07-02,442,33,3,19481000
13440,2025-10-22,307,1,6,8223000
13441,2025-12-17,2497,39,6,42193000
13442,2025-11-08,620,38,1,12968000
13443,2024-06-17,967,5,3,23840000
13444,2025-05-17,2067,38,6,6949000
13445,2025-12-31,2772,34,3,7915000
13446,2024-08-03,2639,42,1,262000
13447,2024-02-12,264,3,3,11789000
13448,2025-09-05,2122,45,2,7024000
13449,2024-01-08,1970,11,1,13579000
13450,2024-05-31,2980,10,6,21793000
13451,2024-11-03,1802,34,1,19859000
13452,2024-02-05,372,40,6,16397000
13453,2024-09-30,507,1,3,571000
13454,2025-07-02,834,20,6,1501000
13455,2024-09-13,621,22,1,15878000
13456,2025-05-12,1195,9,6,26379000
13457,2025-09-04,1230,6,6,8868000
13458,2025-05-28,1359,36,6,5836000
13459,2025-05-01,2046,3,1,36438000
13460,2024-08-08,2392,9,3,3207000
13461,2025-11-17,2623,13,3,25100000
13462,2024-02-26,2470,5,6,6905000
13463,2025-03-25,281,39,3,10278000
13464,2024-01-11,1197,42,1,6758000
13465,2025-08-29,1822,50,3,15615000
13466,2025-12-21,717,16,6,35926000
13467,2024-04-02,116,43,1,11210000
13468,2024-11-04,592,23,2,8336000
13469,2024-11-25,2486,44,6,11039000
13470,2024-07-27,436,4,6,4072000
13471,2024-06-10,1736,36,6,548000
13472,2024-10-15,272,36,6,2100000
13473,2025-04-24,1770,44,3,15729000
13474,2025-09-17,1700,6,6,12848000
13475,2025-03-13,2596,35,6,17935000
13476,2025-12-19,766,37,6,1330000
13477,2024-05-08,2966,2,6,21537000
13478,2024-06-23,2404,32,6,1031000
13479,2025-12-27,2237,41,2,26771000
13480,2024-02-29,383,45,6,12312000
13481,2024-03-05,193,47,2,919000
13482,2025-06-23,2980,10,6,13537000
13483,2025-08-29,2603,12,1,22796000
13484,2024-02-18,1585,23,3,26575000
13485,2024-04-28,1961,27,3,346000
13486,2024-06-13,1332,8,6,13812000
13487,2024-06-04,2069,33,3,20326000
13488,2024-02-13,1270,39,6,2212000
13489,2024-01-26,1494,18,6,8200000
13490,2025-07-31,99,24,2,17852000
13491,2025-06-02,1232,42,3,25356000
13492,2024-12-08,2696,6,6,16595000
13493,2024-01-15,1062,9,3,7905000
13494,2024-10-16,1964,14,2,4273000
13495,2025-06-20,1803,36,3,35586000
13496,2025-03-27,1358,9,6,4337000
13497,2024-08-17,660,11,3,24776000
13498,2024-09-17,1211,8,1,1238000
13499,2024-08-24,2781,13,6,29745000
13500,2025-07-19,2672,4,1,69584000
13501,2025-11-30,303,4,1,6258000
13502,2025-05-06,1953,1,3,10072000
13503,2024-05-25,978,14,6,8470000
13504,2025-07-09,571,13,6,2421000
13505,2024-01-25,1789,12,6,26717000
13506,2024-11-13,2742,6,6,25110000
13507,2025-04-29,219,33,3,1767000
13508,2024-07-25,686,33,6,40050000
13509,2024-02-06,1081,7,6,45587000
13510,2024-04-12,1277,15,6,21720000
13511,2024-10-13,901,46,6,14767000
13512,2025-08-21,460,46,3,237000
13513,2025-08-09,620,20,6,28524000
13514,2025-11-11,1292,29,6,5529000
13515,2025-10-28,1724,41,6,1132000
13516,2024-08-26,803,15,2,23068000
13517,2024-10-05,66,14,2,2521000
13518,2025-11-13,2725,45,6,19171000
13519,2025-07-14,334,33,3,13695000
13520,2025-01-03,2715,33,6,971000
13521,2024-08-29,1406,1,6,24207000
13522,2024-05-08,2468,10,6,16759000
13523,2025-07-02,2718,3,3,32215000
13524,2025-09-03,1131,40,2,14648000
13525,2025-08-06,2682,50,6,6525000
13526,2024-09-02,1816,13,1,32599000
13527,2024-08-06,276,12,3,1560000
13528,2024-07-28,2856,34,6,8807000
13529,2024-12-27,1378,26,3,2130000
13530,2024-12-15,2694,4,1,30270000
13531,2024-05-20,40,41,3,37234000
13532,2024-01-19,1533,13,3,15431000
13533,2025-12-24,1217,49,6,11135000
13534,2025-11-21,2767,37,1,7877000
13535,2025-04-05,2434,24,2,6318000
13536,2024-08-05,755,50,6,11544000
13537,2025-02-09,1333,5,3,2650000
13538,2024-07-12,2799,24,3,15855000
13539,2024-04-11,1045,28,3,18546000
13540,2025-10-06,686,3,2,12109000
13541,2024-09-28,167,47,6,41877000
13542,2025-08-26,2075,15,6,15935000
13543,2024-01-19,23,29,6,32782000
13544,2024-03-18,2816,42,6,39869000
13545,2025-10-08,246,7,2,25022000
13546,2025-07-29,2971,47,1,18428000
13547,2024-04-22,1808,16,6,17160000
13548,2025-09-13,2975,37,6,7504000
13549,2024-07-26,718,7,6,1848000
13550,2025-01-03,908,42,1,13445000
13551,2025-09-23,1902,21,1,3896000
13552,2024-04-14,2025,21,1,7403000
13553,2025-07-13,1539,7,1,1810000
13554,2025-11-07,650,17,3,20964000
13555,2025-10-18,2748,4,3,22266000
13556,2024-05-17,1282,37,1,5563000
13557,2025-05-20,2904,22,3,19116000
13558,2024-03-26,2184,15,6,4820000
13559,2024-02-09,2618,3,1,32949000
13560,2024-05-28,2297,31,6,616000
13561,2024-01-14,2749,34,3,21910000
13562,2025-05-17,1524,42,6,6165000
13563,2025-12-21,2117,47,6,4541000
13564,2024-05-19,938,23,2,5911000
13565,2025-10-05,2299,44,3,23285000
13566,2025-12-25,656,28,6,2280000
13567,2024-07-04,453,41,6,4910000
13568,2025-08-22,572,35,3,44968000
13569,2024-10-31,298,25,1,16526000
13570,2025-12-27,1141,19,6,18349000
13571,2025-04-24,2663,38,1,12460000
13572,2025-05-11,2633,40,6,1755000
13573,2025-09-18,815,40,1,16644000
13574,2024-01-06,1417,24,3,17946000
13575,2025-01-10,2663,30,3,8856000
13576,2024-09-14,1455,46,1,6106000
13577,2024-08-24,46,19,1,14710000
13578,2024-09-13,2554,18,3,25353000
13579,2024-04-24,1482,37,3,18990000
13580,2025-06-07,586,45,6,6465000
13581,2025-06-12,1927,19,6,18624000
13582,2024-08-13,980,44,6,27876000
13583,2024-07-30,457,17,2,8394000
13584,2024-05-26,2496,2,1,5959000
13585,2024-01-21,208,35,2,13995000
13586,2025-12-04,31,15,3,2965000
13587,2024-04-02,288,8,6,9367000
13588,2024-01-13,2014,23,6,2850000
13589,2025-08-07,1918,35,6,3407000
13590,2024-06-21,295,27,1,10120000
13591,2024-09-15,2073,20,6,1848000
13592,2024-08-27,244,22,1,4756000
13593,2024-11-04,1069,49,6,9833000
13594,2024-12-10,1453,2,3,4744000
13595,2024-05-31,939,36,1,2848000
13596,2025-06-24,2602,35,3,25746000
13597,2024-04-09,1615,6,1,24362000
13598,2025-04-13,2675,6,3,9315000
13599,2024-11-30,2803,33,3,1033000
13600,2024-01-30,2010,15,1,13383000
13601,2025-05-11,500,20,6,39918000
13602,2024-08-16,1429,22,6,11982000
13603,2024-05-25,2188,20,6,10753000
13604,2025-06-16,1697,14,3,9166000
13605,2025-03-30,726,4,1,37827000
13606,2024-06-19,817,34,1,6640000
13607,2024-06-07,520,31,3,8953000
13608,2024-11-15,2497,17,1,7846000
13609,2024-05-23,1954,45,6,3720000
13610,2024-01-30,656,25,6,3519000
13611,2024-12-17,2252,21,3,33405000
13612,2024-07-03,1075,24,3,28968000
13613,2024-02-21,678,16,1,7035000
13614,2024-05-03,120,33,2,22228000
13615,2025-05-31,1452,42,6,29980000
13616,2025-07-03,2990,2,6,4217000
13617,2025-11-29,381,17,1,11928000
13618,2025-11-06,2115,34,1,8251000
13619,2025-04-30,924,32,6,17234000
13620,2025-08-15,189,38,3,14502000
13621,2024-09-22,2690,18,6,43157000
13622,2024-04-03,2188,42,3,6306000
13623,2024-07-25,591,19,3,21156000
13624,2025-02-20,614,5,6,22969000
13625,2025-02-22,389,15,1,16583000
13626,2024-12-25,1068,29,1,8765000
13627,2024-09-10,1934,4,1,12960000
13628,2024-11-25,1320,23,6,556000
13629,2024-07-14,1192,41,3,3996000
13630,2024-05-02,1087,8,6,29999000
13631,2025-04-19,1862,43,2,15000000
13632,2025-07-25,232,48,6,3790000
13633,2024-09-14,2313,9,1,15499000
13634,2025-11-08,2645,13,3,31724000
13635,2025-03-15,1697,24,1,34078000
13636,2025-06-29,2598,24,2,1605000
13637,2025-10-16,1061,7,3,17313000
13638,2024-01-01,2100,49,1,11117000
13639,2025-04-03,1140,21,6,17270000
13640,2024-10-08,1529,27,6,9544000
13641,2025-08-18,2665,49,3,13770000
13642,2024-06-02,1522,2,6,18332000
13643,2025-03-15,780,15,6,21295000
13644,2025-12-07,945,27,6,21566000
13645,2024-07-25,1531,49,1,7417000
13646,2025-05-22,460,12,2,16413000
13647,2024-10-26,1615,16,2,17488000
13648,2025-05-26,246,42,3,19221000
13649,2025-09-14,1347,34,1,14762000
13650,2024-01-22,1054,11,3,10757000
13651,2025-02-05,889,10,1,8731000
13652,2024-03-08,204,12,6,26594000
13653,2025-01-02,2819,21,6,30614000
13654,2024-10-15,1955,17,6,6631000
13655,2025-09-09,820,26,6,34949000
13656,2025-05-17,934,21,1,15483000
13657,2024-04-11,1639,2,3,28933000
13658,2024-09-10,1221,3,1,8054000
13659,2025-06-03,2426,30,6,18404000
13660,2024-01-04,2530,14,3,17432000
13661,2024-07-27,1092,40,6,39261000
13662,2024-10-13,1948,39,1,17514000
13663,2025-01-07,897,40,6,8024000
13664,2025-02-02,672,7,6,7589000
13665,2024-10-25,613,46,6,2212000
13666,2024-05-16,1695,30,3,20355000
13667,2025-06-22,2207,39,1,9273000
13668,2025-02-23,1957,4,2,16009000
13669,2024-08-01,1766,5,3,35748000
13670,2024-04-04,1690,25,6,16788000
13671,2024-08-12,764,10,3,1820000
13672,2025-12-19,2634,30,6,4535000
13673,2024-12-23,2416,18,3,9519000
13674,2024-11-01,1087,32,6,18154000
13675,2024-07-01,99,50,6,3898000
13676,2024-12-15,924,15,6,19851000
13677,2025-01-31,2412,30,3,24029000
13678,2024-04-13,2851,28,1,2224000
13679,2025-04-16,1634,10,6,23866000
13680,2024-09-07,2358,27,2,16612000
13681,2025-02-14,905,3,2,7161000
13682,2025-04-21,2415,34,1,1348000
13683,2024-07-31,2903,14,3,13230000
13684,2025-08-18,313,31,3,11794000
13685,2025-05-17,838,43,6,1626000
13686,2025-03-04,906,40,1,38088000
13687,2024-03-17,445,33,6,34767000
13688,2025-07-21,424,48,6,43999000
13689,2024-05-25,1570,42,3,2924000
13690,2025-06-22,1956,29,1,886000
13691,2024-12-02,2754,8,3,19847000
13692,2024-12-27,2809,41,3,2666000
13693,2025-04-18,870,20,6,3268000
13694,2025-02-25,2144,22,3,26256000
13695,2024-02-07,2541,19,6,4632000
13696,2025-09-23,2771,17,6,45974000
13697,2025-11-12,2427,11,3,15591000
13698,2024-08-27,2652,26,2,14798000
13699,2025-02-01,1686,10,3,4366000
13700,2024-02-11,2231,29,3,6381000
13701,2024-05-15,2333,26,3,16987000
13702,2025-01-27,952,42,6,35976000
13703,2025-05-16,1856,28,1,6902000
13704,2025-09-30,1537,25,1,29165000
13705,2025-01-16,525,31,1,14890000
13706,2025-02-16,47,2,6,10152000
13707,2025-01-04,1507,1,6,3245000
13708,2024-01-10,2668,36,6,40598000
13709,2024-04-26,2906,13,3,3791000
13710,2024-08-24,2051,37,3,5074000
13711,2024-04-10,272,30,6,1381000
13712,2024-06-01,2229,42,1,38766000
13713,2024-01-05,2631,31,3,2358000
13714,2024-01-13,2037,31,3,10214000
13715,2025-11-03,2059,47,3,5869000
13716,2025-11-27,1647,8,3,17659000
13717,2024-06-27,1531,27,2,2286000
13718,2025-02-28,1747,17,2,6072000
13719,2024-06-24,2263,42,2,5308000
13720,2024-05-14,2298,2,1,48267000
13721,2024-06-23,736,44,6,1400000
13722,2024-10-28,1589,28,2,11756000
13723,2025-12-14,1693,21,3,1268000
13724,2025-04-29,2863,24,3,3611000
13725,2025-03-19,1631,27,1,1932000
13726,2025-02-17,1454,32,3,11150000
13727,2024-11-01,895,35,3,49209000
13728,2024-07-24,808,49,3,46000
13729,2024-06-28,810,44,3,32453000
13730,2024-09-28,104,40,3,16631000
13731,2025-12-29,485,12,6,11406000
13732,2025-09-05,319,30,6,10757000
13733,2024-09-17,2360,36,6,26072000
13734,2025-04-03,1821,19,1,3956000
13735,2025-03-30,859,21,3,12237000
13736,2025-07-20,1073,4,6,17728000
13737,2024-01-27,2960,21,6,1616000
13738,2025-04-24,633,4,3,9998000
13739,2024-05-16,1775,18,6,13566000
13740,2025-12-05,1341,10,3,8636000
13741,2025-02-26,1882,46,3,36356000
13742,2024-09-14,1931,8,3,50186000
13743,2025-09-10,319,45,6,10438000
13744,2025-02-23,2215,3,6,27158000
13745,2024-08-25,2928,8,3,9934000
13746,2024-01-30,325,29,3,30857000
13747,2025-04-27,1925,26,6,11420000
13748,2025-11-15,191,4,1,23751000
13749,2024-06-12,57,2,1,21099000
13750,2025-12-06,2869,28,6,20358000
13751,2024-05-13,890,33,1,43332000
13752,2024-05-19,1017,22,6,16433000
13753,2024-07-04,578,2,3,19665000
13754,2024-11-14,416,11,6,6634000
13755,2024-12-10,2682,46,6,1833000
13756,2024-07-09,2595,41,3,30989000
13757,2024-05-31,95,11,6,1168000
13758,2024-09-21,2649,2,3,30350000
13759,2024-09-15,434,6,1,20641000
13760,2025-08-05,1650,22,6,42956000
13761,2024-12-22,653,22,6,5670000
13762,2024-04-09,1822,50,6,4172000
13763,2024-11-23,1703,46,3,3110000
13764,2025-07-27,903,27,6,833000
13765,2025-09-08,1326,2,3,32415000
13766,2025-11-01,724,27,1,9195000
13767,2025-06-07,2523,31,6,3189000
13768,2025-11-23,2012,10,3,12632000
13769,2025-11-10,2975,13,3,7784000
13770,2024-10-20,2837,13,3,5769000
13771,2025-02-19,415,20,1,27559000
13772,2024-06-30,2090,33,6,38687000
13773,2025-06-25,2366,40,6,7513000
13774,2025-04-08,161,39,3,6817000
13775,2024-01-22,1698,39,3,3746000
13776,2025-07-14,466,36,3,1560000
13777,2024-05-11,914,31,2,43592000
13778,2024-03-02,1057,20,3,14759000
13779,2024-03-01,2028,7,3,12970000
13780,2024-08-16,2702,28,6,10514000
13781,2025-03-10,2214,40,3,17569000
13782,2025-01-29,2910,35,3,14347000
13783,2025-04-23,2109,21,3,23045000
13784,2024-01-27,776,39,3,31533000
13785,2024-05-25,2640,30,6,4947000
13786,2025-09-24,153,22,1,17158000
13787,2025-11-18,2218,48,6,31541000
13788,2024-12-06,311,47,3,48653000
13789,2025-12-12,2554,22,1,7649000
13790,2024-09-14,740,37,6,8763000
13791,2025-10-18,221,15,3,384000
13792,2025-04-18,2999,49,6,7594000
13793,2024-07-26,951,33,2,8770000
13794,2024-02-01,1036,6,6,13708000
13795,2025-11-14,794,11,6,9458000
13796,2025-12-03,2643,40,6,25724000
13797,2025-10-12,1233,8,2,29728000
13798,2024-09-27,547,14,1,4292000
13799,2024-01-15,138,45,3,4400000
13800,2025-01-31,1493,35,6,24372000
13801,2024-06-27,2853,45,1,9293000
13802,2024-08-16,1064,36,6,28455000
13803,2025-06-20,275,40,1,17561000
13804,2024-11-01,685,6,2,8553000
13805,2024-10-18,1794,42,6,28372000
13806,2025-02-10,1920,21,6,3406000
13807,2024-08-12,693,45,6,34348000
13808,2024-03-27,2902,41,6,6250000
13809,2024-04-21,1366,27,3,2631000
13810,2025-04-12,778,6,1,23433000
13811,2024-10-13,927,10,2,9411000
13812,2025-08-18,1877,37,1,3965000
13813,2024-09-15,1941,45,6,7681000
13814,2024-04-26,1895,18,2,12167000
13815,2024-08-21,1342,41,1,7809000
13816,2025-12-25,154,3,6,18413000
13817,2025-01-27,2133,18,2,26549000
13818,2025-04-04,640,32,1,4849000
13819,2024-10-04,229,26,3,33294000
13820,2025-05-17,1351,17,3,3283000
13821,2024-08-20,746,25,1,3130000
13822,2025-12-27,23,43,3,13378000
13823,2024-11-23,225,36,3,2044000
13824,2024-05-14,539,40,3,5901000
13825,2024-07-25,184,38,1,9092000
13826,2024-05-28,310,49,1,595000
13827,2024-07-30,1904,2,6,1704000
13828,2025-11-14,1319,45,3,10686000
13829,2024-08-09,2656,33,6,1665000
13830,2024-01-17,2033,11,3,27094000
13831,2024-11-01,795,3,6,15860000
13832,2024-05-22,2064,30,1,15057000
13833,2024-10-07,1373,8,1,12494000
13834,2025-08-10,1513,8,3,36037000
13835,2025-03-28,2761,44,1,9453000
13836,2025-07-03,2997,22,6,5936000
13837,2025-07-09,1572,32,3,34954000
13838,2024-09-04,490,25,2,406000
13839,2025-10-22,633,31,3,1554000
13840,2025-03-11,804,47,6,1515000
13841,2025-07-01,1807,27,6,3416000
13842,2025-02-05,392,9,3,23901000
13843,2024-02-26,1673,39,6,8257000
13844,2024-11-21,647,8,3,11171000
13845,2024-02-06,2854,39,6,6491000
13846,2024-08-05,324,26,3,6305000
13847,2024-12-08,1567,26,6,1939000
13848,2025-07-20,2806,22,3,17998000
13849,2025-03-30,429,14,6,12056000
13850,2024-03-15,465,9,3,21467000
13851,2024-05-30,2589,35,3,13471000
13852,2024-03-09,36,18,1,12305000
13853,2024-08-05,2257,41,6,5584000
13854,2025-10-03,742,17,6,18588000
13855,2025-09-26,1640,21,6,4575000
13856,2024-10-23,1456,3,3,20500000
13857,2024-11-27,1324,17,3,47726000
13858,2025-06-14,1376,39,3,2677000
13859,2025-10-09,2845,3,6,35897000
13860,2025-08-10,207,20,1,52339000
13861,2025-08-16,2248,31,3,3370000
13862,2025-06-24,2212,39,3,16608000
13863,2025-08-14,1183,40,3,3277000
13864,2024-11-07,1147,1,6,5801000
13865,2024-02-09,599,25,3,14129000
13866,2024-02-05,2340,41,6,17347000
13867,2025-09-02,1260,4,6,972000
13868,2025-11-26,2637,9,2,13450000
13869,2025-08-02,2157,37,3,640000
13870,2024-01-19,768,1,6,2948000
13871,2025-04-21,2043,13,2,23895000
13872,2025-06-29,2061,6,6,14720000
13873,2024-08-23,82,11,3,8181000
13874,2024-08-13,847,13,6,1529000
13875,2025-04-21,1839,4,6,1185000
13876,2024-05-24,2312,32,3,12503000
13877,2024-05-19,1448,15,3,36612000
13878,2024-11-10,415,46,1,20764000
13879,2025-12-13,1839,38,2,31825000
13880,2024-08-17,588,24,1,35823000
13881,2024-09-11,574,45,6,10587000
13882,2025-06-16,2297,33,6,45605000
13883,2025-10-22,2827,2,6,3213000
13884,2024-03-21,1731,12,6,2232000
13885,2024-10-08,727,9,2,26168000
13886,2024-05-11,2752,8,3,7518000
13887,2024-11-29,1234,42,6,2183000
13888,2024-11-13,2651,33,6,3975000
13889,2024-01-16,597,44,6,4951000
13890,2025-02-21,2860,5,2,12557000
13891,2025-11-25,2832,5,6,56539000
13892,2025-06-30,384,1,6,10950000
13893,2024-04-14,1011,31,6,18852000
13894,2025-11-25,2378,48,6,1860000
13895,2024-08-25,61,40,6,11900000
13896,2024-04-07,2890,20,6,4719000
13897,2024-01-11,1831,13,6,7141000
13898,2024-06-25,234,20,3,3457000
13899,2024-09-06,2601,12,6,7468000
13900,2024-01-10,1163,20,3,18806000
13901,2024-04-15,649,5,6,13788000
13902,2025-07-23,1403,28,1,5231000
13903,2025-11-02,1272,13,6,13257000
13904,2024-03-12,1122,22,6,3601000
13905,2024-02-03,348,11,3,25542000
13906,2024-01-17,1030,16,2,27205000
13907,2024-06-12,2167,28,3,19191000
13908,2025-03-11,1753,30,6,7354000
13909,2024-12-19,1571,19,6,11957000
13910,2025-09-16,2055,50,1,32437000
13911,2025-01-26,992,14,1,2852000
13912,2024-02-05,2330,19,3,13231000
13913,2024-04-06,1665,33,6,31736000
13914,2024-07-14,350,38,3,39490000
13915,2025-11-06,2444,1,3,5050000
13916,2025-04-28,137,5,6,7729000
13917,2025-01-24,463,33,6,11790000
13918,2024-02-28,2574,46,1,2993000
13919,2025-05-02,2857,15,3,8617000
13920,2024-05-12,1092,25,6,9085000
13921,2025-07-05,948,6,6,20538000
13922,2025-12-07,1590,18,1,9928000
13923,2024-12-07,119,33,3,6056000
13924,2024-06-28,974,10,6,8128000
13925,2025-10-09,813,40,6,11050000
13926,2025-08-07,1769,41,6,33359000
13927,2025-11-18,1835,44,6,18574000
13928,2024-08-06,609,16,6,32205000
13929,2024-06-09,1048,38,1,51980000
13930,2025-09-10,679,42,2,9638000
13931,2024-09-09,945,9,6,10710000
13932,2024-01-06,1612,5,3,1191000
13933,2025-02-16,2807,40,6,4740000
13934,2025-02-17,83,23,6,27031000
13935,2025-08-25,613,29,6,19814000
13936,2025-01-14,111,24,6,7026000
13937,2025-09-24,1469,43,3,5353000
13938,2024-06-20,1567,6,6,8619000
13939,2025-08-19,389,13,6,19012000
13940,2024-08-15,2575,49,3,39162000
13941,2025-11-22,290,10,6,19268000
13942,2025-07-27,193,12,6,4936000
13943,2025-02-05,694,6,3,18715000
13944,2025-03-29,1107,31,6,23857000
13945,2024-02-18,1228,47,6,5841000
13946,2024-02-29,1218,10,6,31246000
13947,2024-04-21,1183,10,6,17343000
13948,2024-11-18,1537,10,6,1637000
13949,2024-03-13,1619,4,6,18932000
13950,2025-02-17,1217,16,2,14199000
13951,2024-01-28,1797,11,6,15346000
13952,2025-04-19,1612,25,3,5572000
13953,2024-12-31,2943,14,3,6624000
13954,2024-08-11,2527,46,6,900000
13955,2025-06-25,860,30,6,33428000
13956,2025-05-04,1542,25,3,20182000
13957,2024-08-17,2020,31,6,11394000
13958,2024-07-08,1250,50,1,7197000
13959,2024-09-20,692,31,3,7295000
13960,2024-11-15,2834,5,1,27537000
13961,2025-07-05,2733,32,6,1408000
13962,2024-04-18,548,49,3,3857000
13963,2024-05-28,1748,7,1,19964000
13964,2024-10-13,2925,38,3,39947000
13965,2025-07-20,1891,29,3,11650000
13966,2025-08-03,2459,19,3,11748000
13967,2024-03-16,2388,20,3,13503000
13968,2025-02-20,2896,36,2,30491000
13969,2024-06-30,1877,23,6,22696000
13970,2024-04-02,2963,1,6,25787000
13971,2024-02-07,2290,28,6,9790000
13972,2024-07-11,587,21,3,9343000
13973,2025-02-06,2062,18,3,15053000
13974,2024-03-14,124,25,1,34693000
13975,2024-10-09,1885,5,6,26901000
13976,2024-12-21,1605,40,1,17671000
13977,2025-10-06,2862,35,6,13790000
13978,2024-11-20,285,12,3,2006000
13979,2024-12-10,1077,8,6,5917000
13980,2024-05-11,2058,2,6,14906000
13981,2025-05-28,1725,49,6,2858000
13982,2025-04-20,1981,1,3,10892000
13983,2025-03-06,2381,25,1,8001000
13984,2024-01-17,619,43,1,1810000
13985,2024-07-16,1558,9,6,11228000
13986,2024-02-01,1639,24,1,16878000
13987,2025-11-20,2293,5,1,20480000
13988,2025-04-28,2213,38,6,6855000
13989,2025-01-31,2825,9,1,9125000
13990,2024-12-01,1207,15,6,12270000
13991,2025-10-27,278,11,3,2681000
13992,2024-01-20,1276,24,3,14442000
13993,2025-08-02,1703,15,3,16738000
13994,2024-12-28,2471,24,1,62950000
13995,2024-10-24,197,22,3,23099000
13996,2024-02-28,1137,21,2,5660000
13997,2024-01-23,1635,42,6,15017000
13998,2025-02-21,52,24,3,12176000
13999,2025-06-09,182,38,6,1216000
14000,2025-08-05,641,42,6,3595000
14001,2024-08-04,2373,41,3,1104000
14002,2024-03-28,1380,34,3,2866000
14003,2024-09-09,668,10,6,5695000
14004,2025-05-15,230,11,3,456000
14005,2024-04-19,1687,35,6,5706000
14006,2025-02-16,2722,3,1,21048000
14007,2025-07-05,2496,43,1,7373000
14008,2025-06-21,384,17,3,19984000
14009,2025-06-02,2483,26,6,9920000
14010,2025-03-20,2692,38,3,13744000
14011,2025-12-31,1976,36,3,65471000
14012,2025-01-09,1058,44,3,12946000
14013,2025-12-16,771,25,3,20628000
14014,2024-03-11,1295,16,3,11583000
14015,2024-08-13,912,25,6,16370000
14016,2025-10-16,1252,19,3,7225000
14017,2024-07-20,1159,30,6,20972000
14018,2024-08-22,215,15,6,777000
14019,2025-10-20,581,28,6,13365000
14020,2025-07-14,1099,22,6,25332000
14021,2025-03-20,2998,5,2,19885000
14022,2024-12-02,1435,26,3,44970000
14023,2025-10-22,316,27,2,20576000
14024,2025-09-02,1569,20,3,12679000
14025,2025-01-13,1798,33,6,27921000
14026,2025-03-14,1711,2,2,20237000
14027,2025-04-27,2232,11,3,29646000
14028,2025-01-25,393,19,6,5040000
14029,2024-08-20,70,29,6,32005000
14030,2025-07-08,2947,2,1,1111000
14031,2025-04-12,2452,32,1,16233000
14032,2025-05-23,829,1,2,23453000
14033,2025-08-24,2516,28,3,22391000
14034,2025-08-21,1249,26,6,1146000
14035,2024-06-05,433,31,6,14808000
14036,2025-01-15,2673,26,6,28184000
14037,2025-07-23,2384,45,3,448000
14038,2025-07-02,1092,13,3,11692000
14039,2025-03-09,2303,19,6,12330000
14040,2024-08-19,2821,36,2,27833000
14041,2025-11-14,1605,34,6,10578000
14042,2024-04-18,1244,24,6,10849000
14043,2025-08-12,1449,23,6,13517000
14044,2024-07-20,2265,5,6,13565000
14045,2025-10-10,1738,46,6,121000
14046,2025-08-14,2440,31,1,47058000
14047,2025-06-26,330,23,6,1578000
14048,2024-03-26,771,42,2,48576000
14049,2024-05-08,2569,15,1,33121000
14050,2025-05-07,1650,14,3,1311000
14051,2024-04-02,1616,46,3,11263000
14052,2024-10-17,2467,32,1,7467000
14053,2025-08-14,1847,26,3,29645000
14054,2025-04-19,2785,45,6,4382000
14055,2025-01-10,2390,27,6,25414000
14056,2025-05-26,448,35,3,8820000
14057,2025-11-21,1976,23,1,18732000
14058,2024-09-29,160,38,6,16376000
14059,2024-04-20,2596,37,3,23423000
14060,2025-03-27,2584,23,3,16698000
14061,2024-03-30,1989,21,6,474000
14062,2024-08-11,1160,18,3,48560000
14063,2025-02-26,205,10,3,1944000
14064,2024-02-05,2410,7,6,3750000
14065,2024-07-05,1775,40,6,23318000
14066,2025-09-27,1720,31,1,17745000
14067,2025-04-10,2066,45,1,3695000
14068,2024-08-07,718,12,6,11110000
14069,2024-07-31,2016,13,3,18356000
14070,2025-08-01,1692,34,1,2920000
14071,2024-11-07,793,27,3,9530000
14072,2025-05-27,293,49,1,13251000
14073,2024-02-17,184,28,6,23144000
14074,2025-07-23,2820,40,6,17749000
14075,2024-06-10,1729,30,2,25108000
14076,2025-01-14,1729,38,2,18651000
14077,2025-10-15,1236,47,6,19608000
14078,2024-01-16,299,11,3,9785000
14079,2025-07-10,866,44,3,8210000
14080,2024-09-18,2809,23,6,11954000
14081,2024-03-21,1565,18,6,21288000
14082,2024-01-28,1997,44,2,29533000
14083,2024-12-25,173,1,6,1908000
14084,2025-10-17,2848,44,6,1592000
14085,2024-12-21,680,36,6,22106000
14086,2024-07-24,206,3,6,2056000
14087,2024-12-01,1534,31,3,4260000
14088,2025-02-13,2188,22,3,6308000
14089,2024-07-05,615,10,1,7126000
14090,2024-02-23,76,50,6,26981000
14091,2024-12-20,2954,44,3,16732000
14092,2025-05-04,2649,29,6,17945000
14093,2025-10-19,473,20,6,26361000
14094,2024-05-18,2616,4,3,12518000
14095,2025-06-03,2697,1,1,12363000
14096,2024-10-19,590,1,6,14767000
14097,2025-07-16,1914,12,3,5088000
14098,2025-05-26,113,18,6,16474000
14099,2025-03-03,2151,31,3,40042000
14100,2025-11-08,2939,43,3,10605000
14101,2024-05-03,2003,40,6,53166000
14102,2024-05-25,510,6,6,5316000
14103,2025-05-10,446,10,1,874000
14104,2024-02-11,1087,25,6,4742000
14105,2025-06-03,926,26,6,7773000
14106,2025-09-10,2496,35,3,33739000
14107,2025-11-21,2590,47,2,2067000
14108,2025-02-20,2745,27,6,7775000
14109,2025-07-12,2801,7,1,5075000
14110,2025-03-08,1670,45,1,40147000
14111,2024-06-20,628,3,3,17172000
14112,2025-01-20,258,44,2,4231000
14113,2024-05-22,412,16,2,7944000
14114,2025-12-27,2860,24,2,9265000
14115,2025-08-07,1561,16,3,2432000
14116,2025-08-10,1066,32,3,12011000
14117,2024-07-17,1207,34,3,7923000
14118,2024-03-14,2847,18,6,56984000
14119,2024-01-07,2754,49,3,12902000
14120,2024-05-28,1066,45,6,23436000
14121,2024-11-05,64,48,6,17257000
14122,2025-08-03,2829,20,1,5923000
14123,2024-11-14,1277,19,3,41223000
14124,2025-11-17,1914,24,6,16798000
14125,2025-03-15,1580,6,3,17000000
14126,2025-02-11,762,6,1,28830000
14127,2024-06-23,966,38,1,18142000
14128,2025-09-27,1530,1,3,11980000
14129,2025-11-22,2406,31,6,29768000
14130,2024-03-25,164,49,1,4266000
14131,2024-05-17,420,26,6,5249000
14132,2025-05-29,2894,1,3,6357000
14133,2025-04-15,615,25,6,3042000
14134,2025-11-25,139,45,6,3165000
14135,2025-11-05,311,47,3,7032000
14136,2025-09-26,920,34,3,1830000
14137,2024-08-07,2784,4,3,13281000
14138,2024-01-19,1109,22,3,7318000
14139,2024-03-30,1617,43,6,9869000
14140,2024-07-10,2462,6,3,45991000
14141,2024-09-05,41,18,1,22535000
14142,2024-02-03,359,36,6,5737000
14143,2025-08-22,252,50,6,40099000
14144,2024-06-12,1959,15,3,16766000
14145,2024-03-21,2253,29,6,13393000
14146,2024-12-25,1684,32,1,36020000
14147,2024-07-09,1125,7,1,18881000
14148,2025-06-06,1596,22,3,21605000
14149,2025-12-17,1018,34,6,704000
14150,2024-05-07,224,7,3,12028000
14151,2024-12-28,2380,39,1,16443000
14152,2024-06-12,743,17,3,8709000
14153,2024-07-01,2829,18,6,4876000
14154,2024-09-26,113,46,6,1417000
14155,2025-03-18,352,23,3,32170000
14156,2025-10-06,725,45,1,4857000
14157,2024-05-17,216,38,6,9324000
14158,2025-01-29,2872,44,6,4095000
14159,2025-07-07,1584,5,3,18794000
14160,2024-07-11,2298,11,6,59127000
14161,2024-12-11,2821,38,2,433000
14162,2024-10-28,899,12,3,16700000
14163,2024-04-27,2902,31,1,9247000
14164,2024-10-13,1434,25,3,1850000
14165,2024-12-18,316,33,1,12238000
14166,2024-02-26,2160,41,2,7515000
14167,2025-07-19,1696,8,6,12934000
14168,2025-06-09,9,34,6,4615000
14169,2024-04-23,819,22,1,7498000
14170,2025-06-14,2943,20,6,23768000
14171,2024-07-19,613,17,1,7434000
14172,2024-03-01,2831,23,6,8640000
14173,2024-03-01,915,28,6,28056000
14174,2025-08-05,1533,38,1,26224000
14175,2024-11-19,1959,2,6,15475000
14176,2024-07-10,1964,42,3,21248000
14177,2024-06-09,2464,1,6,6992000
14178,2025-12-26,1764,48,3,1702000
14179,2025-09-22,2204,49,3,5401000
14180,2024-03-12,2984,29,1,27913000
14181,2024-03-28,2661,15,6,23748000
14182,2024-02-22,742,45,6,42583000
14183,2024-03-14,1569,32,3,1616000
14184,2025-01-30,2828,31,1,28117000
14185,2025-05-24,220,10,1,41189000
14186,2024-10-26,325,3,1,12196000
14187,2025-03-03,664,7,2,13201000
14188,2025-07-01,846,1,3,28731000
14189,2024-07-30,765,2,3,11915000
14190,2024-03-29,1245,46,1,8695000
14191,2025-10-14,501,37,1,32577000
14192,2025-07-02,1046,5,6,9137000
14193,2024-09-10,371,44,2,14539000
14194,2025-12-24,2115,39,1,4336000
14195,2024-08-23,220,31,1,27408000
14196,2024-03-22,944,38,6,6940000
14197,2024-05-26,2326,35,3,14219000
14198,2025-04-28,736,34,6,19995000
14199,2025-04-17,299,14,3,10257000
14200,2024-11-05,577,15,3,12657000
14201,2025-04-25,2747,26,3,15358000
14202,2024-01-24,2407,1,2,6804000
14203,2025-05-10,2761,48,6,50484000
14204,2025-09-23,1749,19,1,21499000
14205,2025-04-16,1871,48,2,13111000
14206,2025-09-12,1895,34,6,38839000
14207,2024-06-01,1529,16,3,6080000
14208,2025-09-24,269,13,3,40646000
14209,2024-11-26,1264,5,1,2765000
14210,2024-05-05,2929,30,6,16297000
14211,2024-09-13,2201,44,6,7398000
14212,2025-12-16,498,38,6,4724000
14213,2024-09-15,1152,11,1,8864000
14214,2024-07-29,1066,17,2,50183000
14215,2024-06-28,1528,46,3,4668000
14216,2025-10-30,2074,24,6,12782000
14217,2024-03-06,39,34,3,30771000
14218,2025-09-12,624,41,2,1674000
14219,2025-03-30,394,1,3,7335000
14220,2025-11-11,1856,18,3,40481000
14221,2024-11-28,997,6,6,495000
14222,2025-09-08,2585,48,3,8272000
14223,2025-03-19,1178,44,6,26329000
14224,2025-12-15,46,36,6,11295000
14225,2025-11-27,552,22,6,3272000
14226,2025-05-26,2032,32,6,15337000
14227,2024-08-29,2095,49,3,4512000
14228,2024-05-01,1843,28,3,8186000
14229,2024-08-18,1510,13,1,27864000
14230,2024-10-08,1932,34,3,20148000
14231,2024-04-24,48,43,3,18388000
14232,2025-03-13,620,8,3,30957000
14233,2025-06-16,2332,31,6,10558000
14234,2024-10-18,1727,38,1,2981000
14235,2024-04-02,1717,36,2,20931000
14236,2025-12-13,1413,44,3,36484000
14237,2025-02-01,1178,40,2,5221000
14238,2025-12-31,2518,2,6,23531000
14239,2024-02-18,2590,18,6,14409000
14240,2024-12-15,476,39,6,16345000
14241,2024-10-22,2359,12,1,992000
14242,2024-01-26,1559,45,6,10556000
14243,2024-03-07,2527,1,2,11394000
14244,2025-05-05,2676,18,3,7829000
14245,2024-10-27,672,21,1,7673000
14246,2024-10-02,1676,30,2,23525000
14247,2025-09-05,893,4,6,30238000
14248,2025-10-28,1215,32,1,3245000
14249,2025-12-05,2376,2,3,22349000
14250,2025-05-05,1445,13,6,2800000
14251,2025-06-30,2679,37,3,20795000
14252,2024-07-27,664,47,6,51059000
14253,2024-08-01,1350,43,3,34709000
14254,2025-01-04,465,16,1,10029000
14255,2024-08-19,284,46,6,8752000
14256,2025-09-03,1527,18,1,9292000
14257,2024-05-16,1003,12,6,27589000
14258,2025-03-01,2323,15,6,7106000
14259,2024-12-30,506,27,3,11219000
14260,2025-05-23,2260,34,1,9638000
14261,2025-11-03,2035,31,6,4201000
14262,2024-06-10,220,20,1,3476000
14263,2025-07-30,2039,8,3,3189000
14264,2025-06-09,2248,44,6,16924000
14265,2024-05-25,1907,8,6,32301000
14266,2025-10-01,1743,21,6,30902000
14267,2024-10-15,1456,24,1,45266000
14268,2025-09-05,665,34,6,25903000
14269,2024-01-19,833,18,6,5664000
14270,2025-03-18,2449,26,6,8013000
14271,2025-01-14,2842,18,6,8739000
14272,2024-01-01,1712,26,3,54892000
14273,2025-08-31,2424,47,6,19172000
14274,2024-06-02,1393,14,1,8759000
14275,2025-06-11,774,26,3,3351000
14276,2024-08-25,23,41,3,6403000
14277,2024-01-31,301,7,3,18027000
14278,2025-05-16,717,8,1,9014000
14279,2025-08-04,2227,47,1,14814000
14280,2024-01-18,674,3,2,4873000
14281,2024-12-28,1754,41,6,55968000
14282,2025-04-03,674,43,1,7314000
14283,2025-07-03,1757,43,2,25729000
14284,2025-02-21,196,5,3,7215000
14285,2025-03-15,287,38,2,21928000
14286,2024-09-06,2984,49,6,1688000
14287,2025-11-24,1109,4,6,9380000
14288,2025-08-29,1363,35,2,20832000
14289,2025-01-04,309,33,6,23457000
14290,2024-02-17,1214,42,6,5917000
14291,2025-05-14,989,23,2,10230000
14292,2024-08-29,496,33,3,3649000
14293,2024-11-05,2406,30,6,21559000
14294,2024-03-06,1589,15,1,19795000
14295,2024-06-17,2157,21,6,7838000
14296,2025-02-20,916,15,6,20170000
14297,2025-02-21,2719,1,1,28550000
14298,2024-08-16,1375,10,3,31220000
14299,2025-05-24,2584,37,1,62524000
14300,2024-04-18,483,36,1,27576000
14301,2025-07-01,2351,5,1,2211000
14302,2024-01-29,2870,21,2,13150000
14303,2024-01-21,636,30,2,7020000
14304,2025-09-17,73,23,3,10583000
14305,2024-03-30,1087,30,3,24495000
14306,2025-03-05,2736,4,6,9350000
14307,2025-01-21,576,16,1,12165000
14308,2024-02-06,2420,17,6,35178000
14309,2025-08-13,2900,29,6,19385000
14310,2025-06-11,2158,22,6,5384000
14311,2024-07-21,1070,42,6,6865000
14312,2024-10-07,1331,33,1,5299000
14313,2025-09-17,1328,17,6,2382000
14314,2024-07-29,1954,14,1,1407000
14315,2024-08-12,41,3,1,3364000
14316,2024-01-08,1116,30,2,32667000
14317,2025-01-25,2735,26,1,30287000
14318,2024-08-29,1166,42,1,3814000
14319,2025-01-09,1014,48,3,23264000
14320,2024-05-03,516,41,3,51227000
14321,2025-10-06,366,38,6,742000
14322,2024-01-13,16,7,2,2720000
14323,2024-05-19,2408,23,1,12407000
14324,2024-02-22,2000,43,3,24896000
14325,2024-04-14,2193,32,6,1280000
14326,2024-04-10,1243,25,6,1717000
14327,2025-03-02,1711,42,1,17764000
14328,2025-04-06,182,32,3,32350000
14329,2025-10-08,1068,50,1,48436000
14330,2025-10-17,2702,31,1,22028000
14331,2025-04-11,2884,24,2,7580000
14332,2024-09-18,967,24,1,11832000
14333,2024-11-24,1440,48,6,23203000
14334,2025-03-14,678,9,1,9140000
14335,2025-11-28,2194,46,6,31788000
14336,2025-04-14,1658,25,2,21939000
14337,2024-02-27,2504,32,6,40097000
14338,2025-08-14,6,37,3,44627000
14339,2025-10-23,632,25,3,24156000
14340,2025-09-13,928,24,3,11667000
14341,2024-04-10,1511,7,6,22117000
14342,2024-04-08,2229,24,3,17910000
14343,2024-10-31,233,4,6,4225000
14344,2025-06-05,2480,26,6,19305000
14345,2025-03-21,32,36,6,412000
14346,2025-01-30,2307,24,6,14646000
14347,2025-11-17,1115,39,6,18633000
14348,2025-01-21,2872,37,6,44934000
14349,2025-04-18,1477,24,6,3609000
14350,2024-03-09,658,16,6,13376000
14351,2024-01-18,186,6,6,16631000
14352,2024-05-16,733,40,2,28678000
14353,2024-10-27,104,41,3,9895000
14354,2024-12-31,105,31,6,33455000
14355,2024-06-17,2432,46,6,9284000
14356,2024-06-23,96,7,1,1468000
14357,2024-04-21,1881,9,1,330000
14358,2024-02-13,2426,20,1,6663000
14359,2024-09-18,713,12,3,3774000
14360,2025-06-14,563,20,3,50000
14361,2025-11-20,2454,36,6,42603000
14362,2025-04-19,1866,47,3,5641000
14363,2025-05-01,865,19,2,13064000
14364,2025-11-16,2930,16,6,5148000
14365,2024-06-01,852,3,6,36386000
14366,2024-08-19,1292,32,2,12076000
14367,2025-10-14,869,25,3,8796000
14368,2025-05-28,1822,30,6,47559000
14369,2025-08-14,2038,33,3,36630000
14370,2025-01-03,856,48,6,18822000
14371,2024-06-15,1315,35,6,14171000
14372,2024-09-09,1305,21,3,7125000
14373,2025-08-07,1395,8,6,26732000
14374,2024-10-03,432,19,1,15572000
14375,2025-03-07,222,19,1,19224000
14376,2025-07-14,2020,9,6,26815000
14377,2024-08-28,10,35,3,19187000
14378,2024-10-28,2288,49,6,23522000
14379,2024-02-03,1746,17,2,3900000
14380,2024-11-01,1230,48,1,1554000
14381,2025-01-06,2828,4,3,23432000
14382,2025-11-24,1564,38,1,1862000
14383,2024-09-11,2036,22,6,30341000
14384,2025-08-10,2798,4,2,11273000
14385,2024-11-30,1457,2,3,18343000
14386,2025-07-12,5,28,1,28145000
14387,2025-08-09,1392,34,6,18338000
14388,2024-12-06,1113,23,3,9605000
14389,2025-10-04,1314,46,1,6517000
14390,2025-09-09,1594,23,1,11335000
14391,2025-05-09,189,17,6,5402000
14392,2025-02-24,2972,33,3,10820000
14393,2025-09-14,2265,23,6,15465000
14394,2025-07-15,965,21,3,18595000
14395,2024-12-29,401,34,1,237000
14396,2024-10-10,1262,2,1,26988000
14397,2025-04-13,1485,24,6,25142000
14398,2025-10-11,2009,44,3,4291000
14399,2024-05-07,1131,12,3,28441000
14400,2024-12-13,85,16,1,26232000
14401,2025-03-14,2359,16,6,1824000
14402,2025-07-10,922,20,3,20882000
14403,2024-06-07,421,8,2,6549000
14404,2024-10-02,1417,20,3,40628000
14405,2025-06-16,169,41,6,20428000
14406,2025-02-02,108,26,6,18754000
14407,2024-07-11,1255,41,3,14630000
14408,2024-08-06,85,40,6,31905000
14409,2025-02-24,1791,13,6,24037000
14410,2025-09-09,510,27,6,8457000
14411,2024-02-25,1532,48,6,32563000
14412,2025-05-19,1842,13,3,33219000
14413,2024-02-10,1069,23,6,17000000
14414,2025-10-14,1212,13,6,32296000
14415,2024-07-09,910,13,2,9061000
14416,2025-09-06,2568,14,3,7460000
14417,2025-12-15,638,44,3,14148000
14418,2024-02-17,2275,8,2,17080000
14419,2025-11-29,167,14,3,6780000
14420,2025-05-15,1931,13,3,17978000
14421,2024-01-27,138,29,6,23543000
14422,2025-07-26,2464,34,3,15803000
14423,2025-08-08,2832,26,3,15573000
14424,2025-04-08,45,45,6,7971000
14425,2025-01-29,1761,33,3,19031000
14426,2024-11-01,819,13,3,28544000
14427,2025-03-19,1313,3,3,16874000
14428,2025-07-09,876,15,3,14810000
14429,2024-03-08,2720,12,6,15668000
14430,2024-05-23,1202,39,2,14904000
14431,2024-04-20,1104,4,6,28241000
14432,2024-11-08,817,39,1,10678000
14433,2024-10-13,1543,40,3,14706000
14434,2025-09-07,2135,17,6,3365000
14435,2025-11-03,1005,33,6,3472000
14436,2024-09-11,2428,21,1,14689000
14437,2025-05-13,729,24,3,9932000
14438,2024-01-13,371,22,1,7965000
14439,2025-11-13,1511,34,6,2424000
14440,2025-08-07,1693,10,2,73185000
14441,2024-02-06,838,12,1,39391000
14442,2024-02-06,666,1,2,666000
14443,2025-09-14,556,25,3,7910000
14444,2025-02-12,248,8,6,22822000
14445,2024-08-22,2079,23,6,9060000
14446,2025-12-07,1492,24,6,9510000
14447,2024-02-20,1416,7,3,26808000
14448,2024-04-04,2884,30,6,5512000
14449,2024-04-03,1233,11,6,26180000
14450,2025-03-05,568,19,6,9985000
14451,2024-08-20,1688,32,6,26672000
14452,2025-12-24,13,17,2,6362000
14453,2024-03-29,66,33,2,5027000
14454,2024-02-24,2588,12,6,16624000
14455,2024-10-09,2532,7,1,19417000
14456,2024-11-25,2689,38,6,13949000
14457,2024-09-21,2155,38,6,6742000
14458,2025-02-18,1090,9,6,2457000
14459,2024-06-02,2014,22,1,20645000
14460,2024-04-02,1816,32,3,18592000
14461,2024-03-12,28,24,1,5196000
14462,2025-03-28,717,23,6,14125000
14463,2024-12-18,1577,15,1,40245000
14464,2025-05-23,811,17,1,7070000
14465,2024-11-10,2240,36,3,752000
14466,2024-03-16,2530,4,2,2488000
14467,2024-02-01,101,11,6,6021000
14468,2024-06-30,91,5,1,22883000
14469,2025-04-05,1894,25,2,7589000
14470,2025-02-02,1630,9,6,52718000
14471,2025-11-16,2385,24,6,29443000
14472,2025-07-11,1935,19,6,10336000
14473,2024-04-23,398,9,3,15083000
14474,2024-11-14,2054,19,1,21560000
14475,2024-04-05,1983,48,1,12998000
14476,2025-05-12,1039,50,1,1123000
14477,2024-03-20,2908,40,6,10915000
14478,2024-02-26,2701,48,6,3468000
14479,2025-04-29,2282,47,3,17052000
14480,2025-11-18,354,13,6,6561000
14481,2025-05-06,454,28,3,22398000
14482,2025-10-07,1711,34,6,16306000
14483,2025-08-25,2738,33,3,60935000
14484,2025-09-05,2636,5,1,11828000
14485,2025-01-28,965,45,3,19192000
14486,2025-12-05,520,29,3,5748000
14487,2024-11-11,355,20,6,16638000
14488,2025-10-22,1410,1,3,12565000
14489,2025-04-21,980,49,1,16783000
14490,2024-07-19,189,39,3,13570000
14491,2025-05-03,191,15,3,30088000
14492,2024-06-14,2886,18,1,18255000
14493,2025-08-29,2240,24,1,10651000
14494,2025-05-23,244,19,3,9931000
14495,2025-04-01,2569,43,1,12638000
14496,2024-10-11,1254,20,6,33134000
14497,2024-08-02,2699,19,6,11041000
14498,2024-09-24,1970,17,3,6535000
14499,2025-03-19,1386,37,3,14275000
14500,2024-09-12,404,6,3,5383000
14501,2024-03-13,1526,9,1,38657000
14502,2024-03-16,2561,34,3,4968000
14503,2024-12-25,2396,23,3,37386000
14504,2025-06-29,296,11,1,45041000
14505,2025-03-11,2983,36,3,10052000
14506,2025-02-25,1574,3,3,8803000
14507,2025-11-03,2264,12,1,19784000
14508,2024-05-31,972,24,2,1944000
14509,2024-03-14,1010,43,3,4506000
14510,2024-12-02,2910,11,1,20770000
14511,2024-11-26,2950,17,3,18966000
14512,2025-11-29,1173,24,6,10848000
14513,2024-01-20,857,6,6,15674000
14514,2025-02-15,2236,43,3,17671000
14515,2024-02-27,355,49,1,20516000
14516,2024-06-11,1140,31,2,18089000
14517,2025-05-07,771,4,3,19806000
14518,2024-04-11,1199,6,6,20634000
14519,2024-07-03,913,29,6,33801000
14520,2025-03-24,1130,46,6,28904000
14521,2025-11-27,1122,49,6,15003000
14522,2025-10-27,502,29,1,427000
14523,2025-10-18,794,1,3,705000
14524,2025-02-20,1388,45,6,25148000
14525,2025-06-03,1866,26,6,15801000
14526,2025-04-04,2174,6,6,13398000
14527,2025-07-30,302,27,6,8745000
14528,2024-12-27,1376,41,3,19624000
14529,2025-03-25,595,36,6,18939000
14530,2024-09-13,632,5,1,28192000
14531,2025-03-20,218,8,6,4322000
14532,2024-04-05,1246,31,1,1459000
14533,2024-06-26,2766,9,3,12985000
14534,2025-12-08,1164,22,1,1244000
14535,2024-04-11,2312,26,6,1307000
14536,2024-03-24,1575,19,6,7368000
14537,2024-04-10,2242,43,2,22992000
14538,2024-12-07,1099,1,3,11838000
14539,2025-06-15,1332,47,1,22460000
14540,2025-06-14,56,43,3,20954000
14541,2024-10-06,654,2,6,5476000
14542,2025-09-22,1630,45,3,22512000
14543,2025-12-13,2513,38,3,1533000
14544,2025-10-06,2522,30,3,8336000
14545,2025-07-08,2424,28,6,17319000
14546,2025-08-12,2849,6,1,30866000
14547,2024-04-13,432,36,6,2876000
14548,2024-01-23,2718,34,6,10219000
14549,2025-06-15,314,22,6,12071000
14550,2024-09-24,2843,38,3,11726000
14551,2025-03-08,1991,5,6,2820000
14552,2024-11-24,1776,31,3,68115000
14553,2025-11-22,2357,34,6,24070000
14554,2025-03-16,2017,35,3,11551000
14555,2024-12-03,485,47,6,14980000
14556,2025-07-17,729,2,1,9770000
14557,2025-07-24,1506,10,3,25999000
14558,2025-01-09,1918,40,6,5228000
14559,2024-03-02,271,22,6,11955000
14560,2025-12-17,342,43,6,27934000
14561,2024-01-19,1635,33,3,14224000
14562,2025-07-24,1393,6,2,28888000
14563,2025-07-10,2266,42,3,897000
14564,2024-03-23,1559,44,6,14029000
14565,2025-07-01,2007,13,6,4680000
14566,2025-06-07,228,36,6,29542000
14567,2024-04-29,2858,17,3,1727000
14568,2025-02-17,1685,29,6,9293000
14569,2025-04-14,2699,7,6,14330000
14570,2025-08-08,1297,19,2,4632000
14571,2024-05-23,787,7,1,2199000
14572,2024-10-21,756,44,6,1238000
14573,2025-07-27,805,40,6,14951000
14574,2025-08-24,2534,23,6,382000
14575,2024-04-07,901,41,3,876000
14576,2024-12-27,1901,2,3,5602000
14577,2024-04-18,1731,36,6,7390000
14578,2024-12-21,270,41,1,12931000
14579,2024-06-21,3000,18,2,35695000
14580,2024-06-27,906,34,6,12261000
14581,2025-07-02,2516,44,1,40422000
14582,2024-02-15,832,35,3,4919000
14583,2024-10-29,2993,30,6,6128000
14584,2024-02-22,1127,1,3,22800000
14585,2025-02-09,2864,12,6,8987000
14586,2024-05-27,2308,11,1,29238000
14587,2024-12-23,2326,46,6,19315000
14588,2024-07-26,1812,28,1,21196000
14589,2024-05-01,23,47,3,16003000
14590,2025-07-16,1474,13,1,28000000
14591,2025-03-31,531,29,1,28146000
14592,2024-02-11,1772,26,6,9018000
14593,2025-01-12,1124,38,2,4944000
14594,2025-01-07,2365,32,1,23813000
14595,2024-01-17,986,30,6,8396000
14596,2025-11-13,991,31,6,1600000
14597,2025-01-18,2823,4,3,53012000
14598,2025-12-21,2116,14,2,8427000
14599,2025-02-14,2297,9,3,26892000
14600,2024-09-23,2115,8,6,5064000
14601,2024-02-22,1140,38,6,37921000
14602,2025-05-14,611,38,6,43094000
14603,2024-05-18,1827,47,3,5339000
14604,2024-03-27,2394,5,6,21696000
14605,2024-08-05,1852,45,3,7046000
14606,2025-06-19,120,3,6,11624000
14607,2025-04-03,599,1,1,22447000
14608,2025-12-10,2987,34,3,3865000
14609,2025-07-24,2910,11,1,8685000
14610,2025-08-15,1814,37,6,20433000
14611,2024-01-03,2300,29,6,27963000
14612,2024-02-09,284,21,1,17129000
14613,2024-11-03,2811,12,6,16679000
14614,2024-10-17,1019,6,3,10098000
14615,2024-05-09,2543,37,1,13450000
14616,2024-05-26,388,2,1,9476000
14617,2025-02-17,1933,42,6,25235000
14618,2024-02-06,146,38,1,27099000
14619,2024-12-14,2731,47,6,1730000
14620,2024-05-30,2036,2,3,13282000
14621,2025-06-11,882,7,3,9805000
14622,2024-05-04,2233,4,1,8323000
14623,2024-10-12,771,2,6,18533000
14624,2024-04-17,1237,35,3,21508000
14625,2025-10-19,890,3,6,16710000
14626,2024-11-10,1415,2,3,5575000
14627,2024-05-15,2024,41,6,14729000
14628,2025-12-03,2454,35,6,4802000
14629,2025-06-14,1511,36,2,18558000
14630,2025-09-01,2021,18,3,10156000
14631,2025-07-18,2785,45,6,37765000
14632,2025-03-02,2685,29,6,3633000
14633,2025-07-13,640,11,1,12018000
14634,2024-06-24,2201,26,6,34009000
14635,2024-06-18,1371,1,6,4176000
14636,2025-02-21,1142,30,2,26472000
14637,2025-12-14,2869,32,6,27519000
14638,2024-05-22,1585,24,3,9287000
14639,2025-07-11,1223,4,6,3348000
14640,2025-03-21,348,10,6,15440000
14641,2024-12-19,105,6,2,14852000
14642,2025-03-19,2738,3,2,17584000
14643,2024-06-09,2609,18,2,23339000
14644,2025-07-21,431,7,6,33924000
14645,2024-02-24,1870,26,1,28197000
14646,2024-04-13,95,38,6,3712000
14647,2025-09-17,2660,47,1,34753000
14648,2025-02-22,742,6,6,18360000
14649,2025-07-28,1112,31,1,908000
14650,2024-01-20,641,4,6,1816000
14651,2024-07-18,285,20,2,8022000
14652,2024-02-05,2423,9,6,19255000
14653,2024-09-20,879,12,3,633000
14654,2024-12-31,1217,1,6,13291000
14655,2025-03-22,2176,45,6,43435000
14656,2024-10-19,607,37,6,10089000
14657,2024-05-06,2900,32,1,1957000
14658,2024-10-10,1876,9,6,26574000
14659,2025-11-22,855,5,3,32367000
14660,2025-07-22,2333,32,2,1469000
14661,2025-03-20,195,20,6,4635000
14662,2025-02-02,583,2,1,304000
14663,2025-03-29,1154,19,6,12233000
14664,2025-05-01,301,37,3,726000
14665,2024-03-19,2733,28,6,24455000
14666,2024-07-23,1154,45,1,9420000
14667,2025-10-03,304,17,1,11979000
14668,2024-04-03,407,18,3,14324000
14669,2025-04-19,2688,36,3,7667000
14670,2024-08-24,1789,43,6,43956000
14671,2024-11-15,2448,9,3,9291000
14672,2024-01-11,2026,4,1,19600000
14673,2025-06-14,909,37,6,5561000
14674,2024-06-26,1894,8,1,2284000
14675,2024-09-28,586,20,6,3724000
14676,2024-02-28,1705,43,6,16889000
14677,2025-11-12,2737,37,1,17168000
14678,2024-05-11,524,21,6,5062000
14679,2024-04-09,1726,47,6,9558000
14680,2024-02-20,116,18,3,33963000
14681,2025-12-23,2341,24,1,7753000
14682,2024-09-26,481,18,1,29131000
14683,2025-10-14,1151,46,6,5528000
14684,2025-03-15,1261,27,6,6149000
14685,2024-08-11,2473,31,2,25921000
14686,2025-05-27,173,6,1,6027000
14687,2024-02-15,1580,14,1,9908000
14688,2024-12-28,2024,23,3,11179000
14689,2025-09-19,2919,31,3,9052000
14690,2024-10-06,2448,30,6,363000
14691,2025-02-18,1887,23,6,1095000
14692,2024-10-14,1552,43,6,5311000
14693,2025-05-22,1545,26,6,33296000
14694,2024-09-18,2356,46,2,8369000
14695,2024-08-13,1240,45,3,4928000
14696,2024-04-15,1610,38,6,220000
14697,2024-01-13,871,11,6,17504000
14698,2024-05-25,662,8,6,37039000
14699,2025-12-19,1048,48,6,50184000
14700,2024-07-23,2875,9,6,20946000
14701,2024-10-20,2832,41,1,2738000
14702,2024-05-02,1255,26,2,17643000
14703,2024-01-14,67,19,3,26960000
14704,2025-06-10,785,21,3,1370000
14705,2024-02-13,217,22,3,34243000
14706,2024-04-12,2532,36,1,15233000
14707,2025-03-08,1499,5,6,6981000
14708,2025-02-13,2381,4,6,5121000
14709,2025-09-01,2729,6,3,7859000
14710,2024-08-20,1972,27,6,22070000
14711,2024-07-28,2538,30,3,2530000
14712,2024-02-03,149,21,6,8389000
14713,2025-07-05,888,49,6,5202000
14714,2024-04-03,70,35,2,20600000
14715,2025-05-24,1467,3,3,61728000
14716,2024-12-05,242,43,1,5992000
14717,2024-11-27,1116,24,3,6776000
14718,2024-08-02,1761,18,2,6294000
14719,2024-05-08,2971,45,3,17392000
14720,2024-11-01,718,47,1,225000
14721,2025-12-05,179,43,3,24739000
14722,2024-12-06,2400,21,3,6273000
14723,2024-07-14,409,10,3,2800000
14724,2025-01-03,1380,37,6,9012000
14725,2025-08-11,2516,48,6,1535000
14726,2025-08-07,709,18,2,26594000
14727,2025-09-14,2845,29,3,6296000
14728,2025-03-19,1604,22,6,24036000
14729,2024-08-09,1553,3,3,34543000
14730,2025-07-12,354,7,6,12913000
14731,2024-01-01,839,9,3,375000
14732,2024-02-15,2747,16,1,11182000
14733,2025-12-11,1455,13,3,13064000
14734,2024-07-23,1626,5,6,1803000
14735,2024-09-30,2849,46,3,2961000
14736,2024-05-04,1925,38,1,37911000
14737,2024-03-13,2681,27,6,6912000
14738,2024-03-16,1277,35,3,495000
14739,2024-03-05,408,19,6,14088000
14740,2025-07-20,2043,12,6,28509000
14741,2024-04-28,485,32,1,4382000
14742,2025-05-04,60,12,2,43998000
14743,2025-01-18,856,35,6,15442000
14744,2024-12-24,171,14,6,1383000
14745,2024-11-29,2569,38,3,59299000
14746,2025-02-10,1890,15,3,21031000
14747,2024-07-22,2721,7,1,2779000
14748,2024-04-30,832,50,2,30689000
14749,2024-07-08,1272,13,6,24449000
14750,2025-12-26,2730,25,6,11638000
14751,2025-12-14,1591,9,3,15230000
14752,2024-04-23,825,45,6,18595000
14753,2024-07-01,321,22,1,2172000
14754,2025-08-29,1131,17,2,14818000
14755,2025-01-28,10,5,6,4664000
14756,2025-03-05,2982,8,1,21695000
14757,2024-01-10,1406,46,3,11403000
14758,2024-10-08,2442,36,6,2500000
14759,2024-09-20,1851,24,1,5555000
14760,2025-09-25,820,28,2,35961000
14761,2024-01-29,1965,19,3,11627000
14762,2024-04-21,828,44,1,7434000
14763,2025-01-13,965,14,1,11179000
14764,2025-03-14,2548,18,2,26972000
14765,2025-03-29,1435,8,3,1270000
14766,2024-01-31,2760,1,6,7657000
14767,2025-11-10,1433,25,6,6160000
14768,2025-07-02,582,22,6,5901000
14769,2024-09-24,2092,48,1,16318000
14770,2025-06-02,1745,36,6,2728000
14771,2024-03-31,578,13,6,2700000
14772,2025-06-17,1993,40,3,4758000
14773,2024-12-12,19,31,1,29085000
14774,2024-02-12,2878,48,3,6186000
14775,2024-03-04,1972,9,3,7722000
14776,2024-09-13,2797,44,3,724000
14777,2024-11-17,1583,16,6,27154000
14778,2025-03-12,1655,29,1,14592000
14779,2024-04-10,876,49,3,80217000
14780,2025-02-18,732,45,3,6216000
14781,2025-02-10,1012,14,3,4327000
14782,2025-08-14,1880,22,6,6064000
14783,2025-05-16,95,8,3,342000
14784,2024-07-04,343,19,1,24009000
14785,2025-12-28,1469,39,1,9762000
14786,2025-09-24,932,37,6,32794000
14787,2024-06-14,1823,11,3,9016000
14788,2024-06-01,2182,33,2,16842000
14789,2024-12-25,1707,24,3,6392000
14790,2025-01-26,57,19,2,9416000
14791,2024-06-28,2275,43,6,38097000
14792,2024-10-15,1250,30,6,18295000
14793,2024-01-20,1576,18,3,3714000
14794,2024-03-21,843,16,6,14598000
14795,2025-05-26,2141,11,3,17586000
14796,2025-08-26,636,18,6,2718000
14797,2024-05-13,950,21,3,22351000
14798,2025-02-19,2238,34,6,42370000
14799,2024-08-08,2425,16,3,16790000
14800,2024-08-16,2730,40,6,29078000
14801,2024-01-28,1606,45,1,2964000
14802,2025-03-08,805,35,1,6338000
14803,2024-08-23,2541,8,3,7292000
14804,2024-05-20,2398,19,6,34796000
14805,2025-12-16,2058,44,6,7823000
14806,2024-10-12,1454,17,6,3986000
14807,2025-03-05,2936,44,3,9310000
14808,2024-07-15,2719,8,3,28291000
14809,2025-02-25,2066,25,6,8047000
14810,2025-08-19,750,31,3,14755000
14811,2025-09-03,1273,34,3,252000
14812,2025-10-08,724,39,6,4820000
14813,2024-10-28,1320,19,3,7822000
14814,2024-05-13,1887,32,2,3809000
14815,2025-08-02,2978,23,3,26151000
14816,2024-03-23,2598,8,3,4080000
14817,2025-08-24,1079,8,1,11520000
14818,2025-02-12,1219,20,6,11535000
14819,2025-04-27,659,38,2,31867000
14820,2024-05-02,2222,33,6,16020000
14821,2024-11-13,178,47,3,2247000
14822,2024-09-18,1832,50,2,13887000
14823,2025-07-23,725,13,3,131000
14824,2025-12-01,2423,25,3,6049000
14825,2025-04-28,2660,10,6,2862000
14826,2025-06-08,2237,9,3,27169000
14827,2024-09-21,2817,17,1,67899000
14828,2025-03-28,481,41,3,10238000
14829,2024-01-30,1084,24,6,9775000
14830,2025-09-18,375,12,3,62386000
14831,2025-09-14,2316,24,2,8945000
14832,2024-06-14,448,41,6,25275000
14833,2024-11-09,2615,20,6,13582000
14834,2025-01-18,1736,49,1,32636000
14835,2025-02-04,1401,8,3,5784000
14836,2024-08-10,1923,2,6,3086000
14837,2025-04-14,173,46,1,7170000
14838,2024-07-16,1857,49,2,14000000
14839,2025-11-02,2819,11,6,13705000
14840,2024-01-24,1544,33,1,13526000
14841,2024-04-23,563,1,1,9636000
14842,2025-01-11,2107,8,1,14881000
14843,2025-09-23,2579,43,6,11191000
14844,2025-09-26,2707,22,3,29992000
14845,2025-09-29,2794,28,1,9859000
14846,2025-12-20,1082,24,1,6430000
14847,2024-09-27,129,24,6,16710000
14848,2025-06-02,2320,30,1,8988000
14849,2024-08-26,1488,39,2,58536000
14850,2025-08-04,2731,40,3,27245000
14851,2025-06-13,1288,50,6,3060000
14852,2024-06-09,695,39,1,1824000
14853,2025-09-18,1798,31,3,10698000
14854,2024-07-05,1495,41,3,7521000
14855,2025-07-18,1162,23,3,14156000
14856,2024-11-23,1288,19,1,14403000
14857,2024-06-10,156,21,6,621000
14858,2025-05-29,2971,29,1,26150000
14859,2025-08-14,454,12,3,13270000
14860,2025-05-31,2691,45,3,12647000
14861,2025-02-15,1835,16,1,22716000
14862,2025-10-29,1500,44,1,23627000
14863,2025-04-11,118,41,6,19121000
14864,2024-08-08,599,14,3,6713000
14865,2024-01-04,2566,5,6,3630000
14866,2024-03-28,2493,48,6,9142000
14867,2024-12-30,1954,28,1,20115000
14868,2024-05-15,2439,24,3,13815000
14869,2025-02-06,1696,9,3,1120000
14870,2024-12-22,2830,28,6,32978000
14871,2024-10-03,2284,48,6,20091000
14872,2024-07-29,2035,19,6,17455000
14873,2024-02-22,970,42,3,21282000
14874,2024-08-05,1696,26,1,17105000
14875,2025-06-12,1751,43,2,8650000
14876,2024-05-10,1581,41,3,5478000
14877,2025-04-10,478,44,6,881000
14878,2024-12-07,2059,17,2,3212000
14879,2024-12-07,928,49,3,13732000
14880,2025-06-28,2568,36,6,3123000
14881,2024-12-05,2238,21,1,5262000
14882,2024-07-09,2077,33,6,27182000
14883,2025-02-03,505,29,1,14686000
14884,2025-04-18,1117,27,3,8016000
14885,2024-01-11,1008,19,2,10434000
14886,2024-01-01,1531,36,3,5090000
14887,2024-06-25,2164,29,3,13419000
14888,2024-08-29,1528,6,6,10980000
14889,2024-03-29,2413,38,6,19845000
14890,2025-11-18,2837,37,6,3595000
14891,2024-09-21,1388,1,3,1817000
14892,2025-09-10,1953,4,6,32034000
14893,2024-09-30,2708,17,2,3755000
14894,2025-12-09,1937,43,3,4572000
14895,2025-10-17,712,44,6,9839000
14896,2024-08-22,1180,27,2,5152000
14897,2024-04-09,1331,22,6,18876000
14898,2024-07-05,1066,41,3,930000
14899,2024-05-20,1800,36,1,6088000
14900,2024-02-25,466,24,3,5390000
14901,2024-03-06,470,15,2,24043000
14902,2025-06-10,2671,15,3,2735000
14903,2024-12-25,781,8,2,9345000
14904,2025-03-20,2612,40,6,22413000
14905,2025-10-12,2816,8,6,11348000
14906,2024-05-10,602,49,1,37112000
14907,2024-09-26,1342,50,3,8281000
14908,2025-07-17,2314,28,3,768000
14909,2025-12-04,1968,5,1,25491000
14910,2025-05-14,1571,25,6,24656000
14911,2024-01-13,2693,36,2,26525000
14912,2025-01-28,41,28,2,25145000
14913,2024-12-17,2937,4,6,14290000
14914,2024-10-23,115,23,2,8386000
14915,2024-03-31,2214,15,1,6103000
14916,2025-07-18,2991,18,3,10247000
14917,2025-12-15,399,43,6,35171000
14918,2024-10-14,167,30,3,7274000
14919,2024-01-21,1120,13,3,29439000
14920,2025-08-01,786,21,1,10014000
14921,2024-04-13,1862,13,1,1614000
14922,2024-10-24,1775,7,6,13056000
14923,2025-11-16,1468,11,1,4341000
14924,2024-10-24,2667,46,2,1974000
14925,2024-03-09,1017,17,3,4851000
14926,2024-10-27,2262,7,1,29931000
14927,2025-02-28,2999,36,3,11325000
14928,2024-05-16,1576,24,3,11380000
14929,2025-12-13,898,21,1,41121000
14930,2025-04-28,983,35,1,16710000
14931,2025-10-27,2525,27,3,6539000
14932,2025-07-13,1327,27,2,1604000
14933,2025-02-23,2502,18,6,20848000
14934,2025-02-19,2092,41,6,27288000
14935,2025-03-25,212,39,1,21272000
14936,2024-03-23,2538,24,6,12586000
14937,2025-08-04,2728,38,6,11103000
14938,2024-12-04,2316,7,1,15924000
14939,2025-10-09,1000,39,6,4160000
14940,2024-09-19,2656,50,3,12038000
14941,2024-09-18,2527,14,3,2150000
14942,2025-04-19,2672,45,3,6714000
14943,2024-11-12,1348,30,3,7291000
14944,2024-09-25,1026,39,2,46466000
14945,2024-06-21,958,4,6,24208000
14946,2025-04-30,470,20,6,10912000
14947,2024-12-03,2816,3,1,15254000
14948,2025-07-23,1729,1,3,27416000
14949,2024-03-19,2080,16,6,27392000
14950,2025-02-22,2524,5,2,5004000
14951,2025-06-06,298,35,3,33355000
14952,2025-07-06,399,45,1,5200000
14953,2025-04-29,2163,4,2,19251000
14954,2024-04-23,181,19,6,20171000
14955,2024-01-04,2084,42,6,12823000
14956,2024-10-10,2859,17,6,17407000
14957,2024-11-19,944,50,1,5748000
14958,2024-12-23,1663,31,1,9982000
14959,2024-04-01,2845,5,3,38080000
14960,2025-11-27,1360,5,2,29970000
14961,2024-01-08,2328,18,6,12393000
14962,2025-12-03,2782,9,6,12033000
14963,2024-12-28,2152,41,1,12646000
14964,2024-03-13,1666,22,6,8245000
14965,2024-03-31,1229,28,1,22975000
14966,2025-11-27,45,1,2,788000
14967,2025-06-29,2099,35,3,6975000
14968,2025-10-30,1932,42,6,23888000
14969,2024-11-01,438,20,1,6219000
14970,2025-04-13,1824,11,1,1090000
14971,2024-07-02,2077,24,6,3055000
14972,2025-03-15,2374,47,1,12199000
14973,2024-03-21,1143,37,1,9988000
14974,2024-12-29,1177,35,3,18217000
14975,2024-03-14,2959,3,6,5866000
14976,2024-07-24,587,30,6,12350000
14977,2025-12-29,296,38,3,18221000
14978,2024-02-11,971,29,6,1117000
14979,2025-04-07,1012,6,2,36815000
14980,2024-01-10,697,21,1,33717000
14981,2025-04-10,2701,21,3,12265000
14982,2024-08-12,854,22,3,5852000
14983,2024-11-17,469,45,6,15012000
14984,2025-11-14,279,41,6,650000
14985,2025-08-11,1123,3,3,10949000
14986,2025-05-21,1085,28,6,3918000
14987,2024-05-17,932,38,6,4269000
14988,2025-09-29,2138,35,2,6208000
14989,2024-04-16,2150,33,1,9487000
14990,2024-04-08,193,29,6,17292000
14991,2025-11-29,132,21,3,10767000
14992,2025-01-07,1304,35,6,702000
14993,2024-02-16,1032,10,6,12560000
14994,2024-08-16,2836,29,6,10091000
14995,2025-02-20,2430,46,6,4345000
14996,2025-05-04,2930,16,1,33492000
14997,2025-01-17,1111,38,6,22404000
14998,2025-01-26,124,32,3,105793000
14999,2024-06-29,2244,41,6,11008000
15000,2024-08-07,2030,9,1,10810000
15001,2025-07-17,117,24,6,34038000
15002,2024-04-29,639,8,6,6259000
15003,2025-03-22,737,39,6,12902000
15004,2025-11-19,1582,34,1,5418000
15005,2025-05-04,938,17,1,15658000
15006,2025-06-20,2310,4,6,17809000
15007,2024-06-23,1627,35,6,8824000
15008,2025-12-03,1193,19,6,986000
15009,2024-01-04,2583,42,6,6666000
15010,2025-06-02,2159,37,6,28820000
15011,2025-06-02,2480,39,1,42596000
15012,2024-05-29,289,40,2,15305000
15013,2025-11-18,940,13,2,5560000
15014,2024-10-11,1218,9,3,17651000
15015,2025-05-04,2479,21,1,5203000
15016,2024-11-02,2831,35,6,8708000
15017,2025-03-02,1032,23,3,4889000
15018,2024-10-17,1279,27,1,602000
15019,2024-09-21,102,50,6,5283000
15020,2025-12-02,2659,19,2,22634000
15021,2025-02-18,884,6,6,25805000
15022,2025-11-06,2934,47,6,18853000
15023,2024-10-21,391,32,3,16839000
15024,2024-02-24,256,15,1,5468000
15025,2025-03-27,2402,2,6,14045000
15026,2025-03-27,1089,9,3,29901000
15027,2024-05-15,161,28,6,45449000
15028,2024-01-22,1536,44,3,3358000
15029,2024-01-27,2842,35,6,956000
15030,2025-03-04,2431,1,1,23369000
15031,2025-07-26,2731,38,3,16590000
15032,2025-10-04,2040,4,3,10208000
15033,2025-06-03,2057,1,6,4215000
15034,2024-05-24,1129,10,3,7931000
15035,2025-05-03,1350,16,2,13563000
15036,2025-07-28,2837,29,6,10986000
15037,2024-05-29,621,25,3,7391000
15038,2025-03-09,1604,29,1,12436000
15039,2024-10-12,2537,21,3,16054000
15040,2025-12-14,1788,4,2,30295000
15041,2024-11-28,2927,3,2,27190000
15042,2025-06-25,1523,36,6,27938000
15043,2024-10-04,2357,5,6,3203000
15044,2025-12-07,1593,23,2,11165000
15045,2025-03-23,2034,38,1,3297000
15046,2024-04-23,586,29,2,13585000
15047,2025-09-09,1312,10,6,21450000
15048,2024-04-04,1979,8,3,21995000
15049,2025-03-05,1927,4,3,4888000
15050,2025-03-16,2070,16,6,11470000
15051,2024-05-23,111,5,6,5567000
15052,2024-09-18,2218,42,6,22306000
15053,2024-09-22,1895,6,1,92000
15054,2024-08-12,550,43,6,8346000
15055,2025-07-21,376,45,3,8588000
15056,2025-12-22,1672,14,6,15672000
15057,2025-07-21,369,15,2,11944000
15058,2024-02-06,1244,44,1,4343000
15059,2025-01-28,589,24,6,6618000
15060,2025-08-03,472,43,6,3573000
15061,2024-09-08,2636,47,3,30147000
15062,2025-11-23,982,1,6,23882000
15063,2025-07-23,329,35,6,36068000
15064,2025-12-10,1557,11,6,28271000
15065,2024-01-04,1150,28,6,12222000
15066,2024-04-04,114,5,2,22439000
15067,2025-03-21,2812,45,3,17367000
15068,2025-08-09,1424,48,3,4542000
15069,2024-03-10,1540,6,3,9633000
15070,2025-09-19,831,46,1,6755000
15071,2025-08-10,2852,35,6,5771000
15072,2024-11-28,791,28,6,6025000
15073,2024-04-25,1225,23,2,8229000
15074,2025-11-17,315,36,2,4450000
15075,2025-07-28,1965,36,6,49454000
15076,2024-02-28,931,30,6,1208000
15077,2025-12-31,831,25,2,3953000
15078,2024-06-30,1391,5,6,2663000
15079,2024-06-19,2706,43,6,13143000
15080,2024-04-09,2153,39,3,11817000
15081,2024-05-13,1277,5,6,36959000
15082,2024-06-12,274,10,2,7586000
15083,2025-10-30,2561,40,1,2516000
15084,2024-08-05,2238,30,1,8269000
15085,2024-01-18,185,44,6,32318000
15086,2024-02-09,963,42,1,21760000
15087,2025-06-01,2415,29,3,7098000
15088,2025-12-11,1470,30,1,7039000
15089,2025-04-24,1891,24,6,1673000
15090,2025-12-07,2583,19,2,11388000
15091,2024-01-23,2254,38,6,36437000
15092,2025-01-13,565,3,6,14296000
15093,2024-05-09,1383,39,6,3414000
15094,2024-01-07,791,32,6,14531000
15095,2024-09-25,2394,20,2,990000
15096,2024-07-16,970,2,3,21771000
15097,2025-06-08,1043,47,6,8932000
15098,2025-01-04,639,46,1,5147000
15099,2025-01-18,1327,19,3,1128000
15100,2025-12-24,1048,9,1,39953000
15101,2025-06-05,1398,5,6,8666000
15102,2024-04-03,963,49,6,1980000
15103,2024-07-26,606,23,6,18714000
15104,2025-06-24,1767,7,1,7374000
15105,2024-08-04,778,42,1,27895000
15106,2024-01-12,1425,28,3,3455000
15107,2025-10-05,931,7,2,11837000
15108,2024-05-06,2749,42,1,13862000
15109,2025-05-19,573,14,6,28562000
15110,2025-04-25,2937,45,3,6272000
15111,2024-02-25,2096,12,3,2257000
15112,2024-08-04,1518,47,1,4690000
15113,2024-06-04,313,8,2,1035000
15114,2024-04-16,2116,38,2,25921000
15115,2025-08-09,2250,14,2,22229000
15116,2025-06-03,1975,38,3,36147000
15117,2024-08-06,897,14,2,3007000
15118,2025-09-07,2673,5,1,11377000
15119,2025-06-12,2659,39,2,17824000
15120,2025-10-07,2642,39,3,3576000
15121,2025-03-08,87,11,3,10162000
15122,2025-06-06,628,36,3,47734000
15123,2025-02-20,2692,43,3,12355000
15124,2025-10-13,485,35,3,16592000
15125,2024-09-29,968,14,6,6492000
15126,2025-10-21,2128,27,1,2278000
15127,2025-07-09,1017,24,3,1506000
15128,2025-07-28,35,24,3,44028000
15129,2025-06-21,1852,32,3,3713000
15130,2025-03-22,2050,3,6,17771000
15131,2025-02-21,2280,32,3,2057000
15132,2024-02-22,731,18,6,29292000
15133,2025-03-04,1071,18,1,9350000
15134,2024-07-23,2688,23,3,10623000
15135,2025-06-26,2959,41,6,31159000
15136,2024-10-05,2107,18,2,4896000
15137,2025-12-08,2972,50,3,3810000
15138,2024-07-09,2812,50,6,5712000
15139,2024-01-30,595,37,3,15528000
15140,2025-05-11,1527,17,1,44985000
15141,2024-06-05,2624,17,3,14536000
15142,2025-08-19,2263,3,2,8262000
15143,2024-11-04,1900,25,3,7865000
15144,2025-08-13,2254,50,1,9662000
15145,2025-02-15,780,42,3,50686000
15146,2024-04-20,1376,40,6,10887000
15147,2024-12-31,2087,25,6,15394000
15148,2025-11-24,2150,47,2,18378000
15149,2024-10-06,222,50,1,41191000
15150,2024-10-04,2207,17,6,1774000
15151,2024-10-10,1329,16,6,9919000
15152,2025-04-10,2322,13,1,13176000
15153,2025-03-02,779,14,6,25607000
15154,2024-12-18,2796,29,2,13701000
15155,2025-06-02,2743,5,3,8896000
15156,2025-04-30,1472,38,6,65955000
15157,2025-02-21,356,46,6,11210000
15158,2024-11-09,2704,28,6,21003000
15159,2025-01-17,2128,43,6,14247000
15160,2025-08-22,241,34,3,32044000
15161,2025-12-30,1436,31,2,9543000
15162,2024-02-20,1980,3,6,16963000
15163,2024-04-29,393,17,2,8785000
15164,2024-06-29,684,43,1,13404000
15165,2025-10-17,1391,38,6,10038000
15166,2024-01-12,1545,23,3,8333000
15167,2024-12-08,1442,12,1,24478000
15168,2025-08-24,1484,2,3,15114000
15169,2025-11-18,1233,19,1,8720000
15170,2025-03-21,77,48,6,6218000
15171,2025-06-30,2106,19,3,6568000
15172,2025-11-04,2880,46,6,16622000
15173,2024-03-08,2184,7,6,24873000
15174,2024-10-18,1324,29,6,5440000
15175,2025-03-27,1650,34,1,13513000
15176,2025-03-18,2669,14,6,4059000
15177,2025-09-04,2860,44,3,11672000
15178,2025-10-12,149,33,3,15502000
15179,2025-11-05,1952,15,3,32112000
15180,2024-08-14,1737,23,3,8658000
15181,2025-12-17,144,30,6,7163000
15182,2024-10-08,1736,29,6,902000
15183,2024-08-08,800,20,2,27419000
15184,2025-08-03,2896,44,6,5831000
15185,2024-02-24,1313,22,6,430000
15186,2024-01-31,452,45,1,6232000
15187,2024-07-30,798,50,6,58719000
15188,2024-08-20,366,50,6,3511000
15189,2024-05-17,2803,32,6,1784000
15190,2025-09-29,1731,45,1,9606000
15191,2024-04-08,2053,33,6,47318000
15192,2024-08-28,1055,2,1,14965000
15193,2025-02-04,509,44,2,19934000
15194,2024-05-05,1359,48,3,3908000
15195,2024-11-23,624,25,1,55021000
15196,2024-06-22,853,6,2,31255000
15197,2025-03-31,2879,34,6,5792000
15198,2025-04-25,1941,33,3,50585000
15199,2024-10-15,1716,10,2,27251000
15200,2025-01-15,1190,9,3,2794000
15201,2025-12-14,360,6,3,8048000
15202,2025-03-05,1608,33,1,49307000
15203,2025-04-26,675,26,1,11743000
15204,2024-11-06,190,6,3,2518000
15205,2025-07-12,377,19,3,8265000
15206,2025-03-24,2936,29,6,31024000
15207,2024-04-20,2252,5,3,17915000
15208,2025-12-06,518,30,3,28477000
15209,2025-10-24,1458,48,3,4776000
15210,2024-07-17,451,38,6,58508000
15211,2025-06-22,695,48,3,18172000
15212,2025-07-27,575,30,6,18694000
15213,2025-12-16,897,18,1,2722000
15214,2025-09-02,1078,28,1,12354000
15215,2025-01-15,1830,47,2,6376000
15216,2025-06-28,2837,34,6,11611000
15217,2025-10-14,2202,49,1,14502000
15218,2024-11-20,1148,31,1,38027000
15219,2025-04-22,1170,22,6,11229000
15220,2024-04-23,1275,45,6,19644000
15221,2024-07-08,1837,17,6,21469000
15222,2025-09-01,828,8,3,21493000
15223,2025-07-06,106,29,3,15939000
15224,2024-05-11,1015,13,6,12365000
15225,2025-03-29,2101,7,1,7666000
15226,2024-04-20,1359,23,6,1825000
15227,2024-06-12,899,29,1,31891000
15228,2025-08-26,2800,38,6,40982000
15229,2025-04-07,2720,45,2,1778000
15230,2024-10-04,2778,7,6,19233000
15231,2025-12-18,1378,35,3,45762000
15232,2025-02-27,344,14,6,8798000
15233,2024-10-03,798,10,1,2205000
15234,2025-01-11,2309,49,3,18419000
15235,2025-02-12,993,9,3,23157000
15236,2025-04-13,1851,21,6,42704000
15237,2024-09-23,2948,33,6,10443000
15238,2024-02-08,64,19,1,4620000
15239,2024-03-10,16,44,3,21245000
15240,2025-08-13,1992,38,3,17968000
15241,2025-06-14,1368,30,6,24489000
15242,2025-12-28,19,5,3,640000
15243,2025-02-19,2935,27,6,14777000
15244,2025-12-04,1812,37,1,5614000
15245,2025-08-18,2320,48,1,2514000
15246,2025-05-20,2202,44,1,26238000
15247,2025-02-01,2615,46,3,28704000
15248,2025-12-21,2024,38,3,28402000
15249,2025-09-03,171,46,3,11908000
15250,2025-05-13,2786,35,3,7635000
15251,2025-10-06,750,2,6,12742000
15252,2025-11-05,2986,37,3,39387000
15253,2024-08-28,2866,16,3,456000
15254,2024-03-13,54,7,1,20854000
15255,2025-02-17,534,18,3,16327000
15256,2025-06-03,783,6,3,1279000
15257,2024-12-08,2785,10,6,42242000
15258,2024-09-24,1619,31,6,22470000
15259,2024-09-15,1317,27,1,37344000
15260,2024-07-01,593,42,6,13004000
15261,2024-01-24,1497,20,6,27424000
15262,2025-04-22,2140,34,6,12437000
15263,2025-05-27,2277,1,6,13158000
15264,2025-08-14,1357,17,6,6280000
15265,2024-10-20,742,1,3,47053000
15266,2024-05-10,2184,37,1,7364000
15267,2024-08-17,1245,15,6,8520000
15268,2024-04-06,1214,12,6,4652000
15269,2024-07-16,2770,33,3,6308000
15270,2024-03-02,503,16,6,39772000
15271,2024-07-01,2704,18,3,19040000
15272,2024-06-09,2194,36,6,542000
15273,2024-02-02,2342,26,3,25958000
15274,2025-03-05,1297,32,1,15423000
15275,2025-06-25,2815,22,1,5040000
15276,2025-10-04,1907,21,3,29348000
15277,2024-06-29,619,1,6,18379000
15278,2024-05-20,352,21,3,13990000
15279,2025-11-26,2227,41,3,4034000
15280,2024-12-03,1574,1,1,29018000
15281,2024-07-07,615,18,6,5197000
15282,2025-10-29,146,15,1,22110000
15283,2025-10-18,2826,6,1,31228000
15284,2024-07-14,1901,35,3,12736000
15285,2024-03-01,1591,35,6,21041000
15286,2024-01-11,2524,44,6,8289000
15287,2024-10-11,608,37,1,12311000
15288,2025-07-27,1484,21,6,3294000
15289,2024-02-10,1798,41,3,31423000
15290,2024-07-12,718,50,3,17835000
15291,2024-02-08,2822,46,3,6777000
15292,2024-05-16,2696,9,6,3480000
15293,2024-09-30,2792,46,3,48150000
15294,2024-05-04,901,3,6,9316000
15295,2024-04-13,1,33,6,27623000
15296,2024-11-21,2689,32,3,33820000
15297,2024-10-13,497,38,1,10476000
15298,2025-02-21,1044,1,6,334000
15299,2024-10-07,404,24,3,16573000
15300,2024-05-06,2086,9,1,28080000
15301,2024-06-23,1178,8,1,9044000
15302,2025-11-17,2917,11,3,31558000
15303,2025-01-16,253,5,2,4970000
15304,2024-05-10,1003,12,1,3727000
15305,2024-06-10,2955,49,3,8686000
15306,2024-08-10,2331,37,1,5037000
15307,2025-07-07,1289,33,3,436000
15308,2024-10-16,765,32,1,20352000
15309,2024-11-20,149,12,1,8101000
15310,2024-04-12,2922,18,3,4661000
15311,2024-03-27,1608,6,3,18970000
15312,2025-12-07,346,39,3,484000
15313,2024-12-13,917,44,1,8424000
15314,2024-04-04,1,22,3,26309000
15315,2025-05-05,2058,42,6,2632000
15316,2025-11-09,734,43,3,18863000
15317,2024-03-31,1202,42,1,3522000
15318,2025-10-13,1326,8,3,44169000
15319,2025-10-25,1248,45,2,2793000
15320,2025-10-01,2339,30,3,22848000
15321,2025-07-04,356,32,6,9604000
15322,2024-09-04,89,43,2,16384000
15323,2025-08-31,2685,48,2,4505000
15324,2024-04-20,1425,18,1,8782000
15325,2024-04-26,1782,45,6,6520000
15326,2024-02-23,321,43,6,13275000
15327,2024-04-22,6,20,3,12238000
15328,2025-06-18,562,2,6,7856000
15329,2024-09-25,2722,23,6,4644000
15330,2024-05-29,2653,41,3,1520000
15331,2025-10-06,105,40,3,1128000
15332,2024-07-11,2589,12,6,1933000
15333,2024-07-14,1776,50,6,4992000
15334,2024-05-28,2655,45,3,4834000
15335,2024-07-28,2499,30,1,12828000
15336,2025-01-17,2614,47,1,2128000
15337,2024-02-22,2612,21,6,609000
15338,2024-12-25,1688,45,6,18872000
15339,2025-09-25,2936,7,6,26196000
15340,2025-03-31,294,10,6,17829000
15341,2025-09-23,1273,18,3,4599000
15342,2024-04-09,936,2,6,6622000
15343,2025-08-13,1846,9,6,2702000
15344,2024-07-25,1017,42,1,5306000
15345,2024-11-12,2581,38,6,11074000
15346,2024-02-14,1877,43,1,11643000
15347,2024-01-17,1623,36,6,4748000
15348,2025-07-15,2088,31,3,1908000
15349,2025-03-23,475,37,1,6270000
15350,2024-03-03,2915,44,1,6810000
15351,2025-12-12,578,35,6,6228000
15352,2024-10-22,185,18,2,20374000
15353,2024-05-24,1653,49,2,8841000
15354,2025-03-14,1599,34,6,8225000
15355,2024-11-23,2810,4,2,2975000
15356,2024-11-22,1769,48,1,8238000
15357,2024-06-18,1403,35,6,5141000
15358,2025-06-14,472,40,2,14603000
15359,2025-02-21,54,19,6,7208000
15360,2025-10-22,2498,35,1,10496000
15361,2025-12-24,1798,36,2,21502000
15362,2024-10-16,1941,3,6,36816000
15363,2025-11-10,1780,20,3,31835000
15364,2025-04-17,2774,7,6,18476000
15365,2024-05-29,2383,8,1,1684000
15366,2025-02-13,2308,33,2,9623000
15367,2024-11-17,999,15,6,3205000
15368,2025-01-02,923,13,3,23995000
15369,2024-10-31,854,2,3,5973000
15370,2025-10-14,567,27,3,25589000
15371,2025-04-09,2069,33,1,9826000
15372,2024-08-02,483,4,1,18606000
15373,2024-02-21,2062,22,1,8368000
15374,2024-02-14,2633,24,6,27966000
15375,2024-09-21,1385,40,3,18787000
15376,2024-01-10,775,17,6,7228000
15377,2024-02-23,1396,35,6,3042000
15378,2025-03-23,1461,47,3,7054000
15379,2025-01-08,324,38,6,33003000
15380,2024-09-20,2863,16,3,6747000
15381,2024-12-19,143,17,6,4130000
15382,2025-12-25,2739,41,6,6871000
15383,2025-12-22,2867,37,1,6267000
15384,2025-12-03,72,38,6,12951000
15385,2024-10-13,1312,24,6,44952000
15386,2025-09-09,356,12,3,39132000
15387,2024-08-03,297,7,6,12623000
15388,2025-12-14,2337,19,3,12124000
15389,2024-10-27,1106,9,1,15587000
15390,2025-06-09,970,10,3,3978000
15391,2025-10-12,2349,22,3,10533000
15392,2025-04-15,1213,10,6,69783000
15393,2025-09-06,1681,48,1,6775000
15394,2024-01-04,1140,40,6,33161000
15395,2025-10-24,1398,2,3,21941000
15396,2024-11-07,1809,35,6,29073000
15397,2025-12-28,1168,5,6,15926000
15398,2024-07-20,2238,36,1,5555000
15399,2025-06-02,2746,5,3,14982000
15400,2024-12-10,2949,37,1,4122000
15401,2024-12-22,419,11,3,11422000
15402,2024-05-03,2065,38,6,1136000
15403,2025-01-25,653,16,3,26807000
15404,2024-03-26,1778,25,6,300000
15405,2025-01-12,1599,15,6,3498000
15406,2024-08-15,2,4,6,37630000
15407,2025-11-26,792,13,6,18928000
15408,2025-08-17,167,6,6,25723000
15409,2025-02-09,1210,1,6,40109000
15410,2025-11-13,2579,24,6,1227000
15411,2025-02-17,2323,19,3,13162000
15412,2024-09-27,1598,47,6,20708000
15413,2024-08-03,1394,40,1,4329000
15414,2025-12-07,2067,13,3,955000
15415,2025-01-27,609,24,6,22514000
15416,2025-04-13,1074,45,3,1545000
15417,2025-11-03,1610,8,6,27096000
15418,2025-01-07,1705,44,6,6614000
15419,2024-11-19,1897,26,6,31503000
15420,2024-01-14,1628,14,1,8459000
15421,2025-01-27,1465,22,3,13993000
15422,2025-02-05,470,29,2,2746000
15423,2024-03-27,229,28,3,2247000
15424,2025-02-22,1883,37,6,15074000
15425,2025-09-05,924,40,1,4480000
15426,2024-10-14,2395,42,6,8369000
15427,2024-06-07,929,20,6,12329000
15428,2024-07-24,1733,39,1,5990000
15429,2025-05-30,1293,6,6,14834000
15430,2025-03-01,761,46,3,18618000
15431,2024-07-30,2035,39,6,4611000
15432,2025-03-30,1833,41,6,19214000
15433,2024-03-11,2047,48,1,5752000
15434,2024-08-16,2866,16,6,8611000
15435,2024-02-27,475,4,6,8002000
15436,2025-07-04,1741,31,6,23182000
15437,2025-11-30,185,24,1,13037000
15438,2024-10-16,1372,3,1,50431000
15439,2024-12-02,2244,45,3,9301000
15440,2025-03-14,2755,48,6,27546000
15441,2024-11-12,2503,47,3,22134000
15442,2025-10-04,2612,4,6,11486000
15443,2024-04-21,2095,20,6,8000000
15444,2024-11-04,2271,32,6,3517000
15445,2024-01-07,2143,43,6,16839000
15446,2025-04-07,1603,20,6,18847000
15447,2024-01-27,835,25,1,6468000
15448,2025-11-08,693,19,1,33344000
15449,2025-07-04,1766,26,1,6501000
15450,2024-05-27,2046,7,3,17472000
15451,2025-10-04,581,6,6,1671000
15452,2024-08-17,1680,25,6,4254000
15453,2025-03-21,1716,30,1,5990000
15454,2025-09-13,229,25,3,810000
15455,2025-05-15,651,32,6,31416000
15456,2024-06-16,2730,13,6,40856000
15457,2025-01-17,2919,29,6,7879000
15458,2024-03-17,1061,30,6,25345000
15459,2025-02-25,1445,45,6,63138000
15460,2025-10-05,485,27,6,8082000
15461,2024-01-29,641,11,6,5066000
15462,2024-04-22,2922,43,1,50482000
15463,2024-07-19,1047,38,6,9319000
15464,2024-12-13,2978,29,1,10003000
15465,2024-09-30,2823,17,3,9711000
15466,2024-03-30,1866,28,6,10301000
15467,2025-07-04,2941,12,6,1528000
15468,2024-04-08,1234,34,3,23688000
15469,2024-01-27,2369,39,6,3175000
15470,2025-10-22,1960,33,3,24526000
15471,2025-07-29,1001,14,3,15713000
15472,2025-10-15,70,32,2,84840000
15473,2024-08-14,2589,16,3,14093000
15474,2024-12-25,1613,49,6,16993000
15475,2025-05-09,39,22,1,12109000
15476,2024-09-11,2652,43,3,11018000
15477,2025-06-29,1345,6,3,19639000
15478,2025-07-02,817,35,6,31440000
15479,2024-02-28,1628,37,6,8864000
15480,2025-12-07,749,20,3,33384000
15481,2025-07-14,2478,24,6,16274000
15482,2025-08-08,355,5,2,4296000
15483,2024-07-17,56,35,3,13615000
15484,2025-03-27,1469,34,6,2126000
15485,2024-08-06,2275,45,3,7660000
15486,2024-09-21,226,19,6,6016000
15487,2024-04-10,1593,5,6,32498000
15488,2025-02-19,2605,42,3,13409000
15489,2024-07-25,15,26,1,21836000
15490,2024-12-01,1164,34,6,3189000
15491,2024-07-17,2349,27,3,5378000
15492,2025-10-06,53,19,3,4518000
15493,2024-01-21,2110,36,2,467000
15494,2024-11-18,2673,31,6,15010000
15495,2025-11-27,2387,34,6,25373000
15496,2025-01-03,2171,46,6,9881000
15497,2024-02-24,694,20,3,36406000
15498,2024-09-06,2055,30,2,17637000
15499,2024-08-08,2206,39,3,1534000
15500,2024-05-25,1878,37,1,13684000
15501,2024-12-12,2742,19,6,45132000
15502,2025-12-03,1101,22,3,12369000
15503,2025-09-24,96,22,6,1625000
15504,2024-07-26,2671,4,3,10971000
15505,2025-08-28,2460,21,1,12804000
15506,2025-02-09,307,50,6,12920000
15507,2025-12-17,1445,44,6,8740000
15508,2025-10-17,2121,11,6,28060000
15509,2025-01-11,2622,26,6,25456000
15510,2024-08-21,1780,14,3,14155000
15511,2025-01-02,453,9,3,10439000
15512,2024-03-26,1685,13,6,14520000
15513,2025-09-24,2398,28,1,25472000
15514,2024-04-01,1887,16,1,15277000
15515,2024-07-22,2294,23,6,11559000
15516,2025-07-18,2578,16,6,5145000
15517,2025-08-07,2599,22,6,12452000
15518,2024-02-10,2997,47,3,1979000
15519,2024-04-27,1349,44,3,9000000
15520,2025-12-23,993,18,1,4546000
15521,2024-05-02,1755,10,3,8426000
15522,2024-06-30,824,47,6,63594000
15523,2025-02-18,755,8,1,42625000
15524,2024-09-25,797,16,6,34071000
15525,2025-04-02,363,50,1,8961000
15526,2024-01-17,1322,32,6,3682000
15527,2025-09-23,528,5,1,4747000
15528,2025-10-17,2191,28,3,3492000
15529,2025-01-24,2066,12,3,12802000
15530,2025-09-18,1847,50,1,11276000
15531,2025-11-13,2719,33,6,35074000
15532,2024-02-04,582,17,6,11265000
15533,2025-02-15,1269,45,6,19128000
15534,2024-08-26,489,44,2,18385000
15535,2025-04-26,1632,41,3,49521000
15536,2025-12-19,228,31,2,5523000
15537,2024-01-16,2759,37,6,11924000
15538,2024-02-11,2250,37,6,9080000
15539,2025-04-21,1254,17,1,18046000
15540,2025-10-21,1323,38,1,16022000
15541,2024-10-11,1491,42,6,5771000
15542,2024-03-13,1665,45,2,10724000
15543,2025-01-06,2664,42,6,6155000
15544,2024-07-30,1008,25,3,9192000
15545,2025-02-21,2781,6,2,202000
15546,2025-12-14,2756,6,1,60784000
15547,2025-12-02,671,14,2,3355000
15548,2024-07-03,778,2,1,22833000
15549,2025-02-12,2036,11,6,25910000
15550,2025-05-30,1160,29,1,35700000
15551,2024-02-10,2223,6,6,5822000
15552,2025-08-31,174,13,6,26763000
15553,2024-01-30,849,47,6,9554000
15554,2024-05-11,180,26,1,16743000
15555,2025-06-03,2946,40,6,24185000
15556,2025-06-23,37,18,1,18950000
15557,2024-10-25,2272,22,3,31373000
15558,2025-10-05,315,43,6,15854000
15559,2025-06-22,2948,36,1,16967000
15560,2025-08-21,656,5,2,6110000
15561,2024-11-15,1010,41,6,24943000
15562,2025-05-22,2255,23,3,21713000
15563,2025-04-07,958,13,6,16297000
15564,2025-01-30,1551,31,6,16054000
15565,2025-02-12,2175,9,3,11660000
15566,2024-07-31,224,2,6,392000
15567,2024-08-01,1933,1,1,3590000
15568,2025-06-01,1856,32,6,36500000
15569,2025-03-18,1101,15,3,594000
15570,2025-11-10,1400,2,3,10837000
15571,2025-06-14,685,24,6,20977000
15572,2024-02-01,1158,18,6,34292000
15573,2024-12-22,1040,11,3,1661000
15574,2024-09-08,1505,41,3,25220000
15575,2025-07-06,1964,41,6,7041000
15576,2024-06-25,400,4,3,8844000
15577,2024-09-29,957,35,2,16494000
15578,2024-12-22,1154,44,6,1845000
15579,2025-08-27,2657,47,6,5920000
15580,2025-06-07,2417,33,1,20951000
15581,2024-01-07,492,34,6,21953000
15582,2024-02-20,2195,2,6,29334000
15583,2025-01-11,2928,15,3,17363000
15584,2024-08-22,2702,46,3,18066000
15585,2025-07-19,1478,50,6,831000
15586,2025-04-07,1736,1,2,32380000
15587,2025-12-22,1033,12,6,3248000
15588,2024-02-10,2417,33,1,1300000
15589,2025-09-08,1685,49,6,10160000
15590,2024-10-25,2153,41,3,11860000
15591,2024-11-03,2589,13,1,399000
15592,2025-06-10,2644,1,6,26393000
15593,2024-08-10,1684,15,6,1359000
15594,2025-03-30,2583,6,6,9456000
15595,2025-05-22,2060,3,6,2660000
15596,2025-03-30,2671,43,3,12997000
15597,2024-03-04,1412,41,6,5298000
15598,2024-09-13,1426,9,3,20203000
15599,2024-06-24,1519,33,1,12995000
15600,2024-09-25,2378,7,6,31365000
15601,2025-07-13,28,36,6,16195000
15602,2024-09-22,1337,37,1,806000
15603,2024-04-09,2666,33,3,15558000
15604,2024-07-26,401,50,3,789000
15605,2024-12-20,2136,31,6,18920000
15606,2025-06-17,1638,39,6,5802000
15607,2025-01-24,269,36,6,15055000
15608,2024-03-25,1574,21,6,8205000
15609,2024-03-05,1066,7,6,8009000
15610,2025-07-18,2768,29,6,3690000
15611,2025-11-17,2936,8,2,5101000
15612,2024-11-30,1644,27,1,8561000
15613,2024-05-12,1686,12,6,611000
15614,2025-03-09,894,3,1,16828000
15615,2024-12-14,2799,41,6,160000
15616,2025-07-09,1698,22,1,10902000
15617,2024-12-09,1969,36,6,716000
15618,2025-03-05,1602,30,1,5692000
15619,2025-03-12,116,15,1,1465000
15620,2024-04-08,456,41,1,32235000
15621,2024-10-10,1318,36,6,34195000
15622,2024-03-25,1467,18,6,27063000
15623,2025-09-17,2368,33,6,8042000
15624,2024-09-28,2824,46,2,17475000
15625,2025-07-11,2779,23,3,11555000
15626,2025-09-04,2435,27,3,4880000
15627,2024-07-27,2829,11,6,13358000
15628,2025-03-05,579,35,3,4135000
15629,2025-10-08,239,33,1,39753000
15630,2024-08-12,1987,8,3,17936000
15631,2025-01-17,2426,27,3,18504000
15632,2024-06-17,809,15,3,18583000
15633,2025-06-05,84,18,6,28961000
15634,2025-12-26,1006,10,6,164000
15635,2024-07-06,528,18,1,14098000
15636,2025-12-16,2005,21,3,51417000
15637,2025-12-31,2942,7,3,6898000
15638,2025-03-12,549,23,3,9074000
15639,2025-02-03,2517,48,6,12240000
15640,2024-03-07,2063,24,2,4466000
15641,2024-05-01,1100,43,6,23326000
15642,2025-03-28,1908,8,6,20037000
15643,2024-07-26,477,45,6,17111000
15644,2025-09-22,813,34,3,1920000
15645,2025-08-31,1645,10,6,23207000
15646,2025-06-07,1616,50,2,3541000
15647,2024-04-05,2124,48,3,6656000
15648,2024-03-08,2319,11,3,18247000
15649,2024-08-24,2812,46,6,38562000
15650,2025-12-30,2803,18,3,33949000
15651,2024-05-13,1777,42,3,5565000
15652,2025-11-15,2101,15,6,11887000
15653,2025-11-08,2275,47,3,13725000
15654,2025-08-03,1903,19,1,3552000
15655,2025-01-18,2645,20,2,26381000
15656,2025-06-05,1291,50,3,2172000
15657,2024-10-24,652,1,6,13842000
15658,2025-09-17,1485,41,6,23479000
15659,2025-09-23,734,33,6,4859000
15660,2025-02-01,1916,43,6,26453000
15661,2025-03-19,1849,21,1,4932000
15662,2025-06-17,1677,27,3,1416000
15663,2025-06-13,313,20,6,2366000
15664,2025-10-22,871,49,3,36620000
15665,2024-05-13,2755,20,3,8993000
15666,2024-07-23,831,32,1,26541000
15667,2024-07-11,710,26,6,18037000
15668,2024-02-23,2132,7,3,26186000
15669,2025-10-12,1226,20,6,32055000
15670,2025-07-29,2338,4,1,484000
15671,2024-01-25,2134,19,1,37774000
15672,2025-04-23,957,23,3,27976000
15673,2025-08-18,448,37,1,16690000
15674,2024-04-05,1293,31,3,38464000
15675,2025-03-14,1054,46,6,8131000
15676,2025-12-29,2175,49,1,5710000
15677,2025-07-31,1775,6,1,12501000
15678,2024-01-13,1283,10,3,6049000
15679,2025-04-03,113,3,3,30640000
15680,2025-08-11,196,25,1,6969000
15681,2024-10-19,1748,49,6,6164000
15682,2024-06-04,270,41,1,10485000
15683,2024-06-04,1445,26,1,70403000
15684,2024-09-15,1190,15,6,3679000
15685,2025-02-28,628,40,1,2282000
15686,2024-02-08,1737,27,6,11005000
15687,2024-09-23,1504,27,6,6807000
15688,2025-05-22,221,13,6,25708000
15689,2024-02-19,1802,4,3,21945000
15690,2024-02-22,2319,24,6,11132000
15691,2025-05-10,1448,15,3,33449000
15692,2025-06-25,2976,9,6,15715000
15693,2025-12-18,1856,36,6,5839000
15694,2025-12-05,844,30,3,22055000
15695,2024-04-15,1948,42,2,8439000
15696,2025-11-23,2821,36,6,22696000
15697,2025-12-14,2632,26,3,15894000
15698,2024-04-19,2819,5,6,30397000
15699,2025-07-13,332,33,3,4422000
15700,2025-05-14,1348,33,3,33112000
15701,2025-01-03,2253,38,3,22010000
15702,2025-06-25,2583,28,1,19243000
15703,2024-08-29,2466,14,6,8428000
15704,2025-06-14,1095,4,3,26094000
15705,2025-10-25,1897,5,3,4670000
15706,2025-01-07,1954,6,6,41375000
15707,2025-02-15,725,49,3,1816000
15708,2024-01-10,201,2,6,44846000
15709,2025-05-13,2896,5,3,5347000
15710,2024-10-25,183,28,6,20261000
15711,2025-03-19,2114,22,3,20487000
15712,2024-02-09,226,13,6,4677000
15713,2024-01-05,2220,27,3,38333000
15714,2024-11-05,1733,14,3,11022000
15715,2024-03-25,222,10,6,26627000
15716,2025-10-10,1202,12,1,31415000
15717,2025-04-27,2074,13,6,9751000
15718,2025-10-26,1735,9,1,12966000
15719,2024-04-23,2965,18,6,1515000
15720,2024-01-05,381,10,6,45053000
15721,2025-12-02,74,48,6,3441000
15722,2025-02-20,2889,45,1,8196000
15723,2025-10-01,528,26,6,29682000
15724,2025-08-25,666,15,6,16930000
15725,2024-05-17,214,7,1,1631000
15726,2024-10-23,580,7,6,12686000
15727,2025-06-05,2046,28,1,19326000
15728,2024-02-01,604,46,3,30620000
15729,2025-05-27,1614,9,3,11960000
15730,2024-04-22,333,36,2,54835000
15731,2024-07-25,491,38,6,27968000
15732,2025-12-05,2133,35,6,890000
15733,2024-07-15,1494,38,3,19222000
15734,2024-07-15,1431,33,1,3727000
15735,2025-11-20,1755,16,6,41435000
15736,2024-10-15,1830,34,3,5390000
15737,2025-12-17,2169,10,6,9455000
15738,2024-12-05,2808,40,3,11116000
15739,2025-09-14,2133,32,3,18258000
15740,2024-04-25,2965,14,1,3980000
15741,2025-08-04,494,32,1,3264000
15742,2024-07-21,533,36,3,12987000
15743,2024-06-10,2635,49,1,27626000
15744,2025-09-25,750,46,6,14384000
15745,2024-11-23,1255,6,1,13112000
15746,2025-06-26,1935,4,6,263000
15747,2024-11-22,1170,19,2,35694000
15748,2024-12-09,2823,20,6,6832000
15749,2024-11-26,1442,13,1,13564000
15750,2024-10-29,462,13,6,11233000
15751,2025-09-26,167,31,2,16679000
15752,2024-06-10,2969,42,6,29479000
15753,2025-08-20,2516,8,6,13434000
15754,2025-11-21,431,1,6,11174000
15755,2024-04-10,1934,36,6,50348000
15756,2025-06-10,2315,27,6,46410000
15757,2024-12-30,835,45,6,8964000
15758,2024-01-11,3,18,6,14396000
15759,2024-11-07,1401,32,3,16909000
15760,2024-10-15,573,32,6,21112000
15761,2024-08-23,1909,14,6,4894000
15762,2024-07-31,681,26,3,21726000
15763,2024-12-19,824,29,1,19539000
15764,2024-09-18,1280,18,3,19718000
15765,2025-05-02,2964,8,1,4967000
15766,2024-06-11,1547,38,6,19501000
15767,2024-03-15,1189,42,1,18794000
15768,2025-03-02,2448,11,2,13649000
15769,2024-03-02,2375,7,1,33589000
15770,2024-12-20,2943,33,6,859000
15771,2024-08-29,1278,48,2,6129000
15772,2024-05-17,2464,32,3,18099000
15773,2025-06-04,2359,23,1,15478000
15774,2025-06-03,2894,39,6,3841000
15775,2024-01-23,1783,43,6,4902000
15776,2024-02-05,314,14,6,2878000
15777,2024-10-02,2271,37,6,106059000
15778,2025-05-26,2281,9,6,24118000
15779,2024-08-15,2009,25,3,32562000
15780,2024-05-09,1077,26,3,31990000
15781,2024-01-07,1356,47,3,3231000
15782,2025-10-07,2457,42,1,28470000
15783,2024-04-24,2236,2,6,21705000
15784,2025-11-14,1230,50,6,4769000
15785,2025-09-15,1168,2,6,18156000
15786,2024-02-08,2823,21,2,2730000
15787,2024-12-07,2398,18,3,61600000
15788,2024-01-14,1676,49,3,3327000
15789,2024-09-05,1353,27,1,50324000
15790,2025-04-17,44,25,3,9444000
15791,2024-01-19,2691,24,3,11171000
15792,2024-02-29,2455,7,6,21049000
15793,2024-04-17,2540,41,6,6465000
15794,2024-09-07,1806,10,3,14125000
15795,2024-04-08,1890,31,6,86547000
15796,2024-01-07,2286,40,3,28753000
15797,2025-06-21,1276,31,3,28017000
15798,2025-03-28,1489,43,1,3567000
15799,2024-03-17,2788,47,3,51746000
15800,2025-01-06,1190,21,2,29296000
15801,2025-03-07,1225,14,1,16566000
15802,2025-12-07,2626,38,3,20959000
15803,2024-05-13,2129,35,1,7832000
15804,2025-01-30,1892,1,2,23136000
15805,2025-08-30,1865,17,2,8487000
15806,2025-07-19,2246,27,3,23415000
15807,2024-05-20,2262,44,6,26610000
15808,2024-12-27,2006,7,3,1271000
15809,2025-11-21,2220,35,6,38593000
15810,2024-07-10,2597,50,1,18147000
15811,2024-02-23,2814,29,6,19034000
15812,2025-12-11,1422,31,3,15523000
15813,2025-02-20,2664,7,6,892000
15814,2024-11-20,2271,17,3,23766000
15815,2024-07-20,27,3,3,20476000
15816,2024-07-28,660,11,2,8478000
15817,2025-02-21,1198,26,1,7078000
15818,2024-01-23,1721,42,6,30223000
15819,2025-05-14,705,40,3,17684000
15820,2024-09-03,1707,50,2,67797000
15821,2025-08-29,2569,20,3,2907000
15822,2024-01-30,744,33,1,11620000
15823,2025-09-03,1652,13,3,11390000
15824,2025-12-04,19,12,6,12425000
15825,2024-11-15,2443,42,1,6361000
15826,2025-07-26,224,15,3,24525000
15827,2024-12-20,440,41,1,15132000
15828,2024-06-22,1765,21,3,3027000
15829,2024-03-28,2868,29,6,1695000
15830,2024-06-27,2383,42,1,2180000
15831,2024-12-19,1918,34,1,5229000
15832,2025-03-10,959,27,3,4015000
15833,2024-04-19,523,15,3,18767000
15834,2024-11-29,2829,15,1,10637000
15835,2024-12-01,567,28,3,4790000
15836,2024-02-11,281,41,2,8269000
15837,2025-07-06,2617,7,1,3702000
15838,2024-09-07,68,31,1,18780000
15839,2025-06-21,2156,36,3,18587000
15840,2024-03-19,2580,10,1,3174000
15841,2024-03-30,558,17,1,13322000
15842,2025-11-29,1702,23,1,18815000
15843,2024-04-07,247,5,3,12497000
15844,2025-03-29,2617,18,6,56473000
15845,2024-07-01,193,47,6,12260000
15846,2025-12-21,210,3,3,32411000
15847,2025-08-13,328,5,3,18706000
15848,2025-10-05,2965,30,2,2945000
15849,2024-11-25,2067,2,3,13205000
15850,2025-01-15,2572,8,3,8729000
15851,2025-12-11,259,21,2,36070000
15852,2025-11-11,2868,20,2,14645000
15853,2024-06-18,662,47,6,26303000
15854,2024-03-02,311,8,1,21543000
15855,2025-05-30,1867,50,6,5840000
15856,2024-03-02,2136,12,6,13264000
15857,2025-04-23,171,13,3,7158000
15858,2024-02-26,2413,32,1,32064000
15859,2025-07-25,34,29,3,1300000
15860,2025-08-26,388,19,3,8530000
15861,2024-09-03,2019,7,3,19211000
15862,2024-04-05,130,18,6,16752000
15863,2024-04-23,1242,8,6,5937000
15864,2025-01-25,2885,35,3,29707000
15865,2024-05-03,2027,21,6,264000
15866,2024-03-06,173,37,6,1918000
15867,2025-07-22,932,19,3,70252000
15868,2024-09-02,1390,39,2,1846000
15869,2024-06-12,1916,22,1,34863000
15870,2025-03-03,758,20,6,6470000
15871,2025-09-20,2530,48,3,9759000
15872,2024-12-28,751,49,1,41019000
15873,2025-11-30,791,47,6,13483000
15874,2025-05-02,1383,1,3,1641000
15875,2024-03-12,1983,36,1,16205000
15876,2024-12-30,2995,27,1,31314000
15877,2025-10-24,1545,18,3,7120000
15878,2025-10-07,2586,43,6,62359000
15879,2025-06-24,1355,33,3,8377000
15880,2024-03-15,412,35,6,4149000
15881,2024-12-24,1845,31,3,2302000
15882,2025-04-27,96,29,6,5329000
15883,2025-01-04,1935,28,6,22557000
15884,2024-05-14,1892,5,2,6744000
15885,2025-12-27,1598,7,3,10908000
15886,2024-10-18,707,50,3,6849000
15887,2024-09-12,86,31,1,36675000
15888,2025-12-21,1430,15,3,38134000
15889,2025-02-03,2167,10,3,2460000
15890,2024-03-08,1319,40,6,9672000
15891,2025-07-03,87,1,6,5692000
15892,2025-10-29,2300,25,3,55254000
15893,2025-03-15,2478,1,2,1819000
15894,2025-06-17,1301,16,6,8833000
15895,2025-04-22,1341,21,3,7223000
15896,2025-03-25,1219,34,3,4520000
15897,2024-09-21,1226,20,1,36536000
15898,2025-08-27,1074,18,6,44703000
15899,2025-09-08,689,26,6,14039000
15900,2024-06-27,1697,50,1,49803000
15901,2025-09-03,1409,7,3,37703000
15902,2025-12-14,2140,7,1,15221000
15903,2025-07-01,956,13,6,13106000
15904,2025-12-18,2522,42,6,35593000
15905,2024-03-22,1307,22,1,58264000
15906,2025-08-10,2529,11,6,8588000
15907,2025-04-17,1930,44,6,4858000
15908,2024-04-01,780,24,3,2780000
15909,2025-09-24,2478,42,6,436000
15910,2024-04-30,1607,2,3,26539000
15911,2024-03-23,840,7,3,7052000
15912,2024-09-05,2758,41,6,4485000
15913,2025-05-28,1823,5,3,9949000
15914,2025-04-27,2697,39,6,29515000
15915,2025-11-12,2902,34,3,31561000
15916,2024-06-18,2342,16,3,16800000
15917,2025-08-11,236,50,6,13711000
15918,2025-04-28,577,21,3,15002000
15919,2024-11-01,200,4,3,7500000
15920,2025-10-18,22,27,1,8934000
15921,2025-10-10,1357,2,3,16628000
15922,2024-10-05,1673,46,6,16211000
15923,2025-11-13,1618,1,6,2556000
15924,2024-01-02,1706,34,3,8763000
15925,2024-01-27,748,24,6,20933000
15926,2024-06-09,2071,34,3,32408000
15927,2025-04-11,810,30,3,15124000
15928,2024-09-26,105,29,2,1656000
15929,2024-09-26,472,38,3,31126000
15930,2024-06-26,1099,8,6,32071000
15931,2025-11-26,427,32,6,58915000
15932,2024-05-19,782,32,3,2816000
15933,2025-10-10,1804,49,1,19677000
15934,2024-02-02,2328,1,6,31720000
15935,2024-08-17,798,49,2,24101000
15936,2024-04-28,2766,38,1,3632000
15937,2024-12-03,510,34,6,18953000
15938,2024-10-15,1836,2,6,1808000
15939,2025-06-24,1527,48,6,5735000
15940,2024-02-16,699,14,2,4194000
15941,2024-09-11,1843,49,6,8652000
15942,2025-12-27,1109,32,3,18134000
15943,2024-12-18,1550,23,2,2063000
15944,2024-08-11,1940,7,6,14949000
15945,2025-12-25,128,1,6,22154000
15946,2024-09-19,2273,33,1,18596000
15947,2025-06-06,611,28,3,8422000
15948,2024-05-28,227,6,1,17803000
15949,2024-02-05,592,46,2,7756000
15950,2024-11-22,587,26,1,16842000
15951,2024-02-19,1982,43,6,29238000
15952,2025-12-02,1933,37,6,8899000
15953,2025-12-30,2017,21,6,17625000
15954,2024-04-16,2991,49,3,32870000
15955,2025-03-19,2457,29,1,28080000
15956,2025-01-11,65,2,6,7278000
15957,2025-09-01,1910,16,6,5236000
15958,2024-12-16,2109,29,3,9689000
15959,2024-09-24,2415,45,1,6139000
15960,2025-11-05,863,8,6,4591000
15961,2024-04-20,451,1,3,3853000
15962,2024-03-21,2022,33,1,8118000
15963,2024-03-21,935,22,6,40658000
15964,2024-03-13,2535,4,3,4379000
15965,2025-12-06,808,45,6,4405000
15966,2025-03-11,2946,8,6,5763000
15967,2025-02-23,1477,33,3,12520000
15968,2024-03-28,2154,33,1,28947000
15969,2025-04-21,1548,2,6,10085000
15970,2024-03-10,2663,45,6,4622000
15971,2024-03-20,542,23,6,24910000
15972,2025-12-06,227,29,6,2878000
15973,2025-07-07,1088,37,1,7641000
15974,2025-09-16,478,43,6,10648000
15975,2025-07-02,654,27,6,6412000
15976,2024-02-29,2241,13,6,25542000
15977,2025-11-08,1120,20,1,7478000
15978,2024-10-08,252,12,3,11425000
15979,2025-06-18,1372,45,6,13359000
15980,2025-08-30,2435,6,3,14350000
15981,2025-06-07,1871,29,2,12130000
15982,2025-05-15,1286,28,6,2154000
15983,2025-11-29,1012,21,6,1428000
15984,2025-08-18,5,13,3,9970000
15985,2024-03-11,2208,28,3,28826000
15986,2024-07-25,662,4,2,4350000
15987,2025-04-23,2993,14,3,9639000
15988,2025-12-02,1609,22,6,2536000
15989,2024-08-26,1823,1,3,8170000
15990,2024-05-05,542,26,3,8101000
15991,2025-08-22,733,34,3,5674000
15992,2025-04-15,2655,9,1,5700000
15993,2024-09-25,2344,29,6,9178000
15994,2024-04-02,2502,50,1,6025000
15995,2024-11-13,2192,32,6,33832000
15996,2025-10-21,2790,25,3,20818000
15997,2024-04-08,909,7,3,15585000
15998,2025-12-31,2560,35,6,12079000
15999,2024-05-14,1070,24,1,20332000
16000,2024-03-22,506,21,6,7807000
16001,2024-04-18,2233,9,6,10956000
16002,2024-12-09,551,12,6,13141000
16003,2024-04-29,2834,1,6,1733000
16004,2025-06-26,1065,27,6,1112000
16005,2025-03-22,1464,27,6,18676000
16006,2025-07-08,1025,3,6,13468000
16007,2024-07-07,2607,46,3,35233000
16008,2024-03-26,2641,4,1,5944000
16009,2025-03-29,1094,38,6,30530000
16010,2024-07-17,1738,20,6,26549000
16011,2025-02-28,2031,5,1,2508000
16012,2024-03-21,2879,11,6,25128000
16013,2025-09-14,2263,47,6,847000
16014,2025-03-18,2622,20,3,432000
16015,2024-11-25,1441,31,1,5493000
16016,2024-05-04,2779,16,3,5150000
16017,2025-12-13,2545,6,1,10985000
16018,2025-08-19,1551,34,1,4788000
16019,2025-08-28,2873,4,1,24998000
16020,2025-05-28,655,37,6,30518000
16021,2025-03-19,1990,47,1,37475000
16022,2024-07-01,67,32,2,31369000
16023,2025-10-20,315,14,6,18512000
16024,2024-01-29,2629,46,1,12115000
16025,2024-07-12,1667,27,3,16620000
16026,2025-08-27,1178,39,6,11247000
16027,2025-09-11,577,32,3,4965000
16028,2024-07-29,1747,31,6,8901000
16029,2024-10-12,1214,32,1,1457000
16030,2024-06-22,1188,22,6,19009000
16031,2024-04-27,2345,22,6,1060000
16032,2024-10-04,2317,49,6,7208000
16033,2025-07-07,1037,31,1,17964000
16034,2025-04-12,2814,26,2,27420000
16035,2024-09-23,283,47,1,10237000
16036,2025-07-10,380,31,6,14898000
16037,2024-04-23,1991,6,6,45905000
16038,2025-08-22,2417,19,6,8280000
16039,2024-11-13,759,42,3,22641000
16040,2024-07-11,2387,25,1,9236000
16041,2024-06-26,1115,32,3,13085000
16042,2024-01-12,1271,11,3,12882000
16043,2025-11-28,2696,24,6,23664000
16044,2025-12-28,1111,31,3,25954000
16045,2024-06-18,204,3,6,5165000
16046,2024-08-25,362,25,3,24364000
16047,2024-02-13,2199,3,6,17412000
16048,2025-07-28,743,18,1,33314000
16049,2024-09-08,2535,41,3,27856000
16050,2025-04-30,2616,29,6,28364000
16051,2025-12-11,1974,21,1,5241000
16052,2024-05-10,2556,37,3,33679000
16053,2025-07-03,910,37,3,6453000
16054,2025-07-18,1968,45,6,2967000
16055,2025-09-13,2350,4,6,59464000
16056,2025-05-29,2169,20,3,24068000
16057,2025-08-20,2654,49,6,2073000
16058,2025-06-09,752,18,6,2688000
16059,2024-10-29,2797,50,3,43628000
16060,2024-03-09,2167,34,2,9690000
16061,2024-08-25,2972,18,6,2249000
16062,2025-04-07,188,45,2,41597000
16063,2025-03-08,439,49,6,6515000
16064,2025-09-08,880,35,6,6185000
16065,2025-05-17,978,33,3,2232000
16066,2024-01-31,2831,26,1,33470000
16067,2025-05-25,19,44,6,19708000
16068,2024-06-21,289,36,6,15615000
16069,2024-02-07,2298,9,1,15909000
16070,2025-02-06,266,26,1,5699000
16071,2024-11-10,189,22,6,34730000
16072,2025-02-03,1171,40,3,12696000
16073,2024-11-30,2519,2,3,9539000
16074,2025-05-02,1423,11,6,16421000
16075,2024-03-03,2861,1,3,40454000
16076,2025-04-10,1500,24,2,13164000
16077,2024-10-26,2426,43,1,10845000
16078,2024-11-29,1843,36,2,54776000
16079,2024-10-22,384,10,6,27738000
16080,2025-05-12,98,5,6,24086000
16081,2024-09-02,793,34,6,29218000
16082,2025-09-03,554,43,3,3076000
16083,2024-09-01,2402,11,3,25277000
16084,2024-05-07,632,16,3,8991000
16085,2025-11-19,507,47,2,2049000
16086,2025-11-02,2267,32,6,2775000
16087,2025-10-30,186,4,6,26428000
16088,2024-09-15,916,49,1,1686000
16089,2025-01-30,674,35,6,6347000
16090,2024-08-05,685,15,6,8070000
16091,2025-01-28,170,47,1,2113000
16092,2024-11-23,1545,31,1,14575000
16093,2025-08-30,1144,18,1,2123000
16094,2024-10-19,1972,12,1,2880000
16095,2024-06-10,1736,19,6,30006000
16096,2024-06-01,2055,16,1,7028000
16097,2024-08-12,1249,48,1,7881000
16098,2024-06-11,2592,25,2,3854000
16099,2025-12-03,2754,14,1,19517000
16100,2024-05-19,615,43,6,17063000
16101,2024-12-04,1538,7,6,33126000
16102,2025-10-28,1450,34,1,58318000
16103,2024-11-08,2793,18,3,38660000
16104,2025-04-12,897,2,3,34975000
16105,2025-06-03,2849,6,3,11398000
16106,2024-03-26,2943,48,3,7938000
16107,2025-12-27,588,19,1,9216000
16108,2024-10-13,449,11,3,12547000
16109,2025-03-23,928,23,3,12240000
16110,2025-05-19,1518,11,1,13512000
16111,2025-06-09,2851,33,1,42009000
16112,2024-06-01,128,49,3,10048000
16113,2024-08-13,2412,32,6,7434000
16114,2025-09-24,2242,3,2,15770000
16115,2025-09-12,722,40,1,12241000
16116,2025-02-21,1814,29,3,7688000
16117,2025-01-11,340,18,6,959000
16118,2024-12-17,1105,50,3,19200000
16119,2024-11-15,1164,18,6,20878000
16120,2024-05-24,2460,42,6,12964000
16121,2024-08-15,2004,10,6,11109000
16122,2025-07-29,771,11,1,8158000
16123,2024-07-28,1040,35,1,13158000
16124,2024-07-26,1988,44,6,2866000
16125,2025-01-15,2825,29,1,10770000
16126,2025-05-19,2218,22,3,11403000
16127,2024-08-25,2434,13,3,30564000
16128,2024-04-19,1595,22,1,38368000
16129,2024-04-26,595,27,6,4894000
16130,2024-12-20,1562,45,3,8252000
16131,2025-01-22,1822,23,6,38491000
16132,2024-02-05,1452,31,3,333000
16133,2025-05-05,384,24,3,15114000
16134,2025-10-23,356,42,3,25436000
16135,2024-08-16,943,15,1,13128000
16136,2025-01-09,1620,11,6,19979000
16137,2024-12-10,71,8,1,8604000
16138,2024-12-09,2258,20,3,2783000
16139,2024-02-26,2896,47,1,28121000
16140,2024-09-23,341,5,1,15861000
16141,2025-03-27,789,43,1,13830000
16142,2024-01-25,2711,41,1,7292000
16143,2024-05-15,132,6,6,3680000
16144,2024-08-21,2213,12,1,15761000
16145,2025-10-07,1762,50,2,37278000
16146,2025-02-10,2208,26,3,14417000
16147,2025-12-13,2633,27,6,8017000
16148,2024-08-23,4,49,6,36473000
16149,2024-01-17,2559,40,6,19107000
16150,2024-10-17,2228,35,6,2628000
16151,2024-08-21,2437,48,3,1207000
16152,2025-06-05,1856,21,6,276000
16153,2025-07-28,404,37,1,10797000
16154,2025-10-01,2332,49,6,29673000
16155,2025-08-10,332,6,2,18987000
16156,2024-05-11,2533,34,6,8181000
16157,2025-08-18,2662,14,3,15046000
16158,2024-07-13,1311,1,3,26190000
16159,2024-09-07,600,29,6,1568000
16160,2024-07-13,527,40,6,18829000
16161,2025-09-13,1188,33,6,21514000
16162,2024-07-14,2815,43,1,718000
16163,2024-02-26,2855,6,1,9291000
16164,2024-01-14,1624,21,1,27604000
16165,2024-07-25,704,16,3,23868000
16166,2025-12-08,1606,39,2,16265000
16167,2024-04-10,2709,36,6,6017000
16168,2025-01-24,1267,44,2,36401000
16169,2024-03-16,1389,6,6,1556000
16170,2024-10-27,2875,50,6,365000
16171,2025-02-26,1365,39,1,12347000
16172,2024-07-15,2548,27,6,13203000
16173,2025-09-01,1935,36,1,9615000
16174,2025-03-18,2395,2,2,5339000
16175,2025-06-23,61,1,6,11438000
16176,2025-04-11,13,13,1,12685000
16177,2024-06-13,1705,3,2,37536000
16178,2025-06-24,2065,50,3,11779000
16179,2024-11-09,2704,13,3,23453000
16180,2024-03-23,825,45,6,20865000
16181,2025-09-26,1883,16,3,3649000
16182,2024-01-22,1496,14,3,3697000
16183,2025-06-14,2167,42,3,26094000
16184,2024-08-14,414,49,1,9338000
16185,2025-09-30,2882,1,6,10566000
16186,2024-10-05,661,33,1,5979000
16187,2024-08-31,1725,8,6,10895000
16188,2024-02-04,350,2,3,7554000
16189,2025-05-18,608,48,3,44597000
16190,2025-09-30,2586,14,3,9421000
16191,2024-06-24,281,9,2,22917000
16192,2024-02-10,399,24,2,1035000
16193,2024-01-06,1700,4,3,39894000
16194,2025-05-16,2109,20,3,2456000
16195,2025-05-08,2771,2,6,1200000
16196,2025-11-21,2622,10,3,3146000
16197,2025-08-18,1793,44,6,43807000
16198,2025-11-20,1661,28,1,5156000
16199,2024-04-15,136,4,3,18077000
16200,2024-11-13,1369,13,2,37974000
16201,2025-09-03,2979,46,6,10784000
16202,2024-05-22,551,14,6,19450000
16203,2024-11-30,977,11,6,1053000
16204,2024-03-22,1059,31,1,702000
16205,2025-10-21,2779,23,2,2069000
16206,2025-05-08,1549,10,1,7072000
16207,2024-08-21,522,50,6,24975000
16208,2025-01-16,162,38,6,50196000
16209,2024-11-12,1063,33,1,27214000
16210,2024-03-26,2030,50,6,732000
16211,2025-08-18,878,27,3,7324000
16212,2024-03-16,1632,6,6,7269000
16213,2025-06-08,1944,48,6,4396000
16214,2024-08-16,127,32,1,12042000
16215,2025-04-21,667,10,6,22094000
16216,2025-05-07,1525,35,6,47775000
16217,2025-06-27,988,26,1,19061000
16218,2025-09-06,488,29,3,3776000
16219,2024-04-14,868,33,3,6497000
16220,2025-07-24,2234,7,2,2328000
16221,2024-05-27,2331,21,6,12939000
16222,2025-07-22,2129,9,1,34406000
16223,2025-11-19,855,15,6,1391000
16224,2025-06-26,1759,9,1,19196000
16225,2024-10-07,581,43,1,22280000
16226,2024-08-21,1195,49,1,25582000
16227,2024-05-27,1712,20,3,46354000
16228,2024-01-18,499,17,6,5220000
16229,2024-05-24,788,1,6,22213000
16230,2025-01-25,1600,22,6,3088000
16231,2025-04-07,1726,1,6,34852000
16232,2024-04-20,2590,41,1,15419000
16233,2024-12-31,509,32,6,3806000
16234,2024-08-31,1237,12,2,19887000
16235,2024-01-29,2218,20,1,61087000
16236,2025-09-23,2198,33,3,9172000
16237,2024-07-23,2860,37,3,30993000
16238,2024-09-11,2888,7,6,30602000
16239,2025-09-11,1688,17,6,7006000
16240,2025-03-18,2118,1,1,6509000
16241,2025-02-05,2724,47,3,45665000
16242,2025-05-01,1196,48,3,15300000
16243,2024-12-19,455,41,2,8670000
16244,2025-04-01,1738,43,6,24385000
16245,2024-04-27,604,18,6,817000
16246,2025-12-01,1539,42,3,875000
16247,2024-11-29,2830,38,6,927000
16248,2025-01-22,1744,20,6,632000
16249,2025-07-31,646,28,6,1172000
16250,2025-09-04,2776,41,2,1974000
16251,2024-07-06,2254,11,6,3023000
16252,2025-04-10,2861,20,6,23279000
16253,2025-09-21,1138,46,3,14601000
16254,2024-07-06,1361,46,6,23512000
16255,2024-11-16,1917,25,1,23983000
16256,2024-10-28,1208,29,3,1195000
16257,2024-06-24,168,4,3,2478000
16258,2024-07-15,2009,43,6,15262000
16259,2025-06-07,1013,24,1,43884000
16260,2025-11-21,2140,5,1,9598000
16261,2025-05-11,529,44,6,16010000
16262,2024-06-26,190,19,6,36077000
16263,2025-01-10,932,21,1,1095000
16264,2024-03-09,2685,32,3,9087000
16265,2024-12-11,1947,9,6,26117000
16266,2025-05-21,1862,37,3,19806000
16267,2024-07-16,179,4,1,7155000
16268,2024-02-20,788,3,6,7426000
16269,2024-07-14,823,4,6,4417000
16270,2025-04-19,2313,2,2,4242000
16271,2025-10-14,378,9,2,654000
16272,2025-01-04,800,12,1,2326000
16273,2025-05-29,2226,20,2,14627000
16274,2025-08-06,2507,22,6,22259000
16275,2024-12-12,41,28,1,9045000
16276,2025-05-12,503,36,3,37228000
16277,2024-02-22,1574,13,3,6287000
16278,2025-09-02,2190,24,6,21269000
16279,2024-10-09,2226,4,6,13644000
16280,2025-02-02,1844,47,6,12163000
16281,2024-10-04,2892,28,1,11224000
16282,2025-10-13,2507,44,2,28258000
16283,2025-11-12,2920,27,6,21197000
16284,2024-03-05,1635,23,3,40358000
16285,2024-05-15,1644,21,6,34184000
16286,2025-05-02,807,31,3,19520000
16287,2024-10-06,673,42,3,8382000
16288,2024-11-06,489,24,1,11944000
16289,2024-08-29,2273,29,6,1273000
16290,2025-06-25,2019,4,3,6785000
16291,2024-01-07,2325,34,6,12036000
16292,2024-10-04,1417,4,6,10145000
16293,2025-10-14,2447,14,6,37375000
16294,2025-10-02,1945,26,1,60202000
16295,2025-11-15,848,33,3,24611000
16296,2024-07-09,796,21,6,9458000
16297,2025-10-22,793,42,1,15235000
16298,2025-03-16,192,26,1,21164000
16299,2024-01-06,847,32,6,3313000
16300,2024-02-27,531,41,3,28892000
16301,2025-10-07,2041,3,6,13285000
16302,2024-09-09,1925,16,6,12303000
16303,2025-03-05,2200,3,1,43128000
16304,2024-04-02,1780,39,6,27618000
16305,2025-03-21,67,29,3,2581000
16306,2024-01-15,1101,25,6,26510000
16307,2024-01-23,182,22,6,16629000
16308,2025-08-28,969,48,2,10641000
16309,2025-08-20,2373,18,3,8213000
16310,2024-07-11,1122,18,3,29228000
16311,2025-12-27,2490,5,6,13172000
16312,2024-03-28,1491,40,3,18905000
16313,2024-07-10,2292,29,3,2670000
16314,2025-12-16,2300,10,6,25625000
16315,2025-11-02,709,9,6,19114000
16316,2024-12-10,1365,29,6,5385000
16317,2024-04-19,2540,17,6,22406000
16318,2025-10-10,179,34,3,388000
16319,2024-02-09,1778,25,3,8712000
16320,2024-08-25,1703,15,6,35361000
16321,2024-01-14,2385,42,2,17277000
16322,2025-12-27,1560,6,6,7220000
16323,2025-08-02,894,8,1,12473000
16324,2024-07-21,1018,25,1,42576000
16325,2024-10-25,1323,12,3,17681000
16326,2024-02-01,1101,43,1,12745000
16327,2024-07-12,729,48,6,3992000
16328,2024-09-20,1137,18,6,16687000
16329,2025-06-06,391,26,6,5989000
16330,2025-08-22,1120,27,3,15170000
16331,2024-12-02,648,41,3,9209000
16332,2025-02-23,2260,8,6,18236000
16333,2025-09-18,448,24,6,10548000
16334,2025-04-22,1236,42,3,52384000
16335,2025-10-07,1994,45,3,31557000
16336,2024-09-15,2340,7,6,25872000
16337,2025-10-31,2844,40,3,25108000
16338,2025-03-09,68,43,3,10764000
16339,2024-04-11,571,23,6,11954000
16340,2024-03-04,1610,2,1,14870000
16341,2025-12-13,2526,34,1,203000
16342,2024-05-31,1088,36,3,1316000
16343,2025-12-17,1794,5,6,7549000
16344,2025-05-02,211,27,6,22945000
16345,2024-12-23,2494,26,6,13460000
16346,2024-02-03,75,50,3,23539000
16347,2024-07-05,464,44,3,4760000
16348,2025-04-06,2542,29,6,8464000
16349,2024-11-06,2643,29,2,5175000
16350,2025-10-29,1271,45,3,1560000
16351,2025-02-23,2715,2,2,8799000
16352,2025-02-17,1398,26,2,28749000
16353,2024-05-25,1272,28,6,13284000
16354,2024-05-17,1361,27,3,12858000
16355,2024-12-21,264,10,6,2771000
16356,2024-03-09,1729,9,3,9982000
16357,2025-10-06,121,12,6,24978000
16358,2024-04-21,1126,12,1,42090000
16359,2025-06-22,2716,19,6,1532000
16360,2024-10-20,1576,38,6,37828000
16361,2025-06-17,1409,8,1,1970000
16362,2025-03-08,2161,5,3,440000
16363,2024-10-07,2211,2,6,31791000
16364,2024-09-29,1541,15,6,8295000
16365,2025-12-03,2254,3,2,5446000
16366,2025-10-15,2659,9,6,2149000
16367,2024-05-20,2501,6,6,20545000
16368,2024-04-14,1093,8,3,10321000
16369,2024-05-17,448,12,3,15605000
16370,2024-02-11,1420,34,3,18473000
16371,2025-05-30,1194,5,3,1225000
16372,2024-07-19,1601,41,1,22109000
16373,2025-01-19,2582,50,1,2988000
16374,2024-04-02,908,45,6,476000
16375,2025-08-22,1046,28,3,4369000
16376,2025-04-22,2098,5,3,7492000
16377,2024-06-12,2556,22,1,37246000
16378,2024-04-21,2415,43,1,57705000
16379,2025-07-11,1404,11,1,8440000
16380,2024-06-19,2521,14,3,22669000
16381,2024-03-08,1275,12,1,18168000
16382,2024-03-22,325,24,6,3481000
16383,2025-05-09,2384,45,6,1077000
16384,2025-10-07,2987,1,6,29252000
16385,2025-09-30,3000,41,3,11160000
16386,2025-06-30,2714,33,1,37001000
16387,2024-03-21,2912,12,2,6487000
16388,2025-01-22,2708,3,6,16154000
16389,2024-08-23,2387,22,6,23586000
16390,2024-09-07,2903,11,3,4949000
16391,2024-10-10,1421,42,3,5833000
16392,2024-05-13,2447,43,3,17862000
16393,2024-08-02,2195,30,3,7584000
16394,2025-06-06,1108,13,3,30814000
16395,2024-01-04,1795,19,3,3435000
16396,2024-03-23,1077,34,6,53721000
16397,2025-02-28,1152,12,6,12677000
16398,2024-08-10,19,1,3,5298000
16399,2024-06-19,214,49,2,2920000
16400,2025-06-29,2300,32,3,18656000
16401,2025-03-04,2610,39,3,36071000
16402,2024-07-20,606,49,3,15288000
16403,2024-05-31,1113,4,2,3905000
16404,2024-04-27,1546,12,3,13656000
16405,2024-01-21,360,50,6,42903000
16406,2025-07-07,142,30,1,13146000
16407,2024-06-24,2125,7,3,7013000
16408,2025-04-19,1503,41,3,20856000
16409,2025-04-10,2011,10,2,124000
16410,2025-05-30,2280,40,2,21585000
16411,2025-03-17,1718,23,3,19313000
16412,2025-11-10,1370,28,6,20098000
16413,2025-01-14,956,18,3,12650000
16414,2024-02-21,615,28,6,11935000
16415,2024-03-25,1688,5,6,42352000
16416,2024-05-18,1874,29,6,58176000
16417,2024-08-27,2766,40,3,21502000
16418,2024-12-04,1062,14,2,7781000
16419,2025-12-16,2570,41,6,27045000
16420,2024-04-06,302,35,6,12584000
16421,2025-08-27,2119,8,6,11372000
16422,2024-06-25,2671,8,3,18021000
16423,2025-01-13,2362,12,3,18780000
16424,2024-09-04,212,2,6,17293000
16425,2025-11-23,1125,39,1,7743000
16426,2024-06-09,2384,18,6,31798000
16427,2025-07-18,2560,30,6,3364000
16428,2025-10-06,418,27,6,27131000
16429,2024-05-07,478,35,6,12736000
16430,2025-04-19,149,48,3,25735000
16431,2024-04-05,84,37,1,20039000
16432,2024-03-02,1947,15,6,13470000
16433,2025-07-18,2861,28,6,27538000
16434,2024-11-25,1471,43,6,17283000
16435,2024-04-28,2493,22,6,26573000
16436,2025-05-09,677,37,2,25885000
16437,2024-07-14,1087,5,1,16958000
16438,2025-07-13,1714,21,3,29370000
16439,2025-04-20,1576,32,1,35829000
16440,2025-10-26,1956,10,6,15372000
16441,2024-06-23,1412,38,3,8127000
16442,2025-02-11,784,23,3,40190000
16443,2025-12-11,898,8,1,22178000
16444,2024-04-30,2859,24,2,28865000
16445,2025-11-09,191,2,3,9956000
16446,2025-09-04,2473,7,1,23330000
16447,2025-10-01,2416,34,1,20409000
16448,2024-10-06,2142,28,2,8129000
16449,2024-08-11,2803,6,3,5585000
16450,2024-01-01,779,21,3,16796000
16451,2024-01-27,1863,30,3,19907000
16452,2024-02-28,2417,6,1,25156000
16453,2024-02-29,2809,17,6,10799000
16454,2025-11-19,2378,15,3,12031000
16455,2025-05-02,2490,24,3,13380000
16456,2025-01-20,925,34,6,8082000
16457,2024-11-25,1024,21,6,62256000
16458,2025-02-04,2240,8,3,17580000
16459,2025-03-03,1574,12,1,8891000
16460,2025-11-26,194,1,1,20896000
16461,2025-03-30,955,26,1,5894000
16462,2025-04-21,2794,23,6,37973000
16463,2024-02-06,2123,5,6,20884000
16464,2024-03-06,2847,35,3,3333000
16465,2025-04-11,2028,35,1,3390000
16466,2024-08-07,1749,34,1,14818000
16467,2025-02-24,262,19,6,3404000
16468,2025-02-10,1083,50,6,3692000
16469,2025-01-08,1836,23,1,8658000
16470,2024-03-09,253,3,1,8871000
16471,2025-02-24,1753,36,3,6636000
16472,2025-12-22,1817,20,1,5477000
16473,2025-04-30,1308,29,2,24015000
16474,2024-10-06,2144,39,2,2497000
16475,2024-06-29,1528,23,1,12240000
16476,2025-09-26,401,44,6,38254000
16477,2024-12-19,831,39,6,33010000
16478,2025-08-04,1025,18,6,1044000
16479,2024-09-14,40,5,6,232000
16480,2025-07-18,2649,27,6,17966000
16481,2025-06-22,1158,37,1,8342000
16482,2025-03-31,655,24,6,9884000
16483,2024-12-04,694,34,1,16643000
16484,2024-06-01,1124,2,1,5980000
16485,2024-07-11,133,34,3,9334000
16486,2024-03-15,559,11,3,15773000
16487,2024-10-15,797,40,6,15406000
16488,2024-04-17,1282,3,2,4755000
16489,2024-02-18,609,43,1,12839000
16490,2025-08-08,1223,8,6,9316000
16491,2025-11-09,535,44,3,1459000
16492,2024-02-27,253,37,6,3758000
16493,2024-02-11,498,29,6,40098000
16494,2024-09-23,2556,41,2,20788000
16495,2025-08-03,717,33,1,9174000
16496,2024-05-23,1212,37,6,2049000
16497,2024-04-09,459,1,3,4207000
16498,2025-03-12,2868,46,6,13086000
16499,2024-02-01,2798,12,6,43674000
16500,2025-09-29,262,5,6,325000
16501,2025-08-14,2495,15,6,2722000
16502,2025-04-13,2637,36,6,47035000
16503,2025-04-19,1697,10,3,22701000
16504,2025-04-28,1118,48,6,43627000
16505,2025-03-27,2486,14,3,5604000
16506,2025-12-12,1892,10,2,11643000
16507,2025-05-12,2272,12,2,22916000
16508,2025-10-25,2400,45,1,4779000
16509,2025-05-10,2473,2,2,8894000
16510,2025-02-18,2102,42,6,7928000
16511,2025-02-06,1191,12,3,6922000
16512,2025-05-26,1016,20,6,10282000
16513,2025-11-08,1811,25,1,5986000
16514,2025-11-23,1497,33,6,9375000
16515,2024-07-16,398,6,2,11328000
16516,2024-08-08,1499,19,3,6508000
16517,2024-07-03,1285,36,6,39664000
16518,2025-04-26,1123,21,6,13334000
16519,2024-10-24,1280,15,3,3361000
16520,2024-07-29,672,35,2,3970000
16521,2025-01-17,1582,5,1,19385000
16522,2025-03-06,2049,12,1,7148000
16523,2024-08-29,2710,47,1,46091000
16524,2025-09-29,2911,3,6,13426000
16525,2025-03-16,16,34,6,21504000
16526,2025-01-30,2798,43,6,21074000
16527,2024-10-31,138,31,1,22731000
16528,2024-10-21,2166,3,2,14363000
16529,2025-06-10,1957,40,3,21425000
16530,2025-09-11,1980,7,6,7157000
16531,2025-09-11,91,35,6,34161000
16532,2025-07-24,334,21,1,10386000
16533,2025-05-16,1851,45,2,608000
16534,2024-03-15,1471,48,1,11095000
16535,2025-05-20,1318,45,3,23972000
16536,2025-04-21,2598,47,1,63294000
16537,2025-03-11,340,16,1,15006000
16538,2024-02-06,1245,4,6,3387000
16539,2024-09-12,667,11,1,14395000
16540,2025-01-31,705,42,3,12128000
16541,2024-04-07,2631,46,3,25259000
16542,2025-04-12,2307,40,2,11831000
16543,2024-04-16,337,14,3,27592000
16544,2025-05-01,939,27,6,9623000
16545,2024-04-02,2456,46,6,16898000
16546,2025-04-13,450,38,6,4476000
16547,2025-08-26,1768,39,6,42838000
16548,2025-06-20,276,25,1,3826000
16549,2025-02-14,1556,32,2,16043000
16550,2024-10-04,263,28,3,12322000
16551,2024-06-26,1668,43,6,5924000
16552,2025-08-17,2020,3,2,6252000
16553,2025-03-31,882,11,2,6406000
16554,2024-05-21,1852,5,1,4146000
16555,2024-03-28,1452,8,3,1717000
16556,2025-03-30,2666,2,3,15225000
16557,2025-02-16,630,30,1,11499000
16558,2024-04-21,1757,31,1,15680000
16559,2024-09-15,2325,40,1,14403000
16560,2025-07-21,1061,10,6,702000
16561,2025-05-14,2129,27,2,25020000
16562,2025-04-03,2049,18,2,17622000
16563,2024-11-27,1230,35,6,17216000
16564,2025-10-27,463,9,3,13170000
16565,2025-02-21,434,9,6,21940000
16566,2025-06-08,1951,16,6,16750000
16567,2024-01-13,436,18,6,39325000
16568,2025-09-25,2774,33,6,5630000
16569,2025-05-10,415,45,6,1172000
16570,2025-06-22,2655,39,1,25746000
16571,2025-05-19,2273,7,1,2220000
16572,2025-12-04,1465,39,3,21100000
16573,2024-08-27,881,46,3,8584000
16574,2025-12-02,2306,5,3,24437000
16575,2025-05-18,2967,43,3,16746000
16576,2024-08-07,1720,33,6,303000
16577,2024-09-29,651,8,6,23286000
16578,2024-03-10,331,47,1,1110000
16579,2025-12-25,1601,5,2,3958000
16580,2025-08-24,2999,5,1,275000
16581,2025-06-24,2916,10,6,11079000
16582,2025-05-13,1292,25,6,7801000
16583,2024-07-14,2486,37,3,24797000
16584,2025-12-20,872,32,6,16448000
16585,2025-10-03,2573,30,1,27265000
16586,2024-06-09,1727,49,6,23890000
16587,2024-06-14,1785,43,6,14813000
16588,2025-04-05,1813,14,2,16501000
16589,2024-03-30,1074,9,1,5484000
16590,2024-12-14,2698,9,6,11364000
16591,2025-11-22,2513,44,6,9834000
16592,2024-09-02,1158,3,6,9427000
16593,2024-03-15,2868,48,6,26909000
16594,2024-05-25,2974,32,6,8020000
16595,2025-03-22,1063,31,3,21862000
16596,2025-12-31,2856,20,3,14700000
16597,2025-03-20,116,42,6,8648000
16598,2025-01-28,1028,8,1,5510000
16599,2024-03-22,2902,2,6,1182000
16600,2025-02-15,1612,50,2,58151000
16601,2024-06-06,2511,45,6,8119000
16602,2024-05-26,2521,20,6,27112000
16603,2024-04-30,829,47,6,6620000
16604,2025-02-24,27,39,3,13434000
16605,2024-02-23,312,43,6,31406000
16606,2025-06-16,59,26,3,12005000
16607,2024-03-14,240,28,6,15112000
16608,2025-08-30,1493,44,2,2759000
16609,2024-07-27,2628,26,1,54403000
16610,2025-11-29,603,28,1,43739000
16611,2024-08-20,1945,21,3,17058000
16612,2024-12-09,2588,19,1,3469000
16613,2024-06-06,758,47,6,24562000
16614,2024-01-11,649,31,3,1911000
16615,2024-10-07,1594,45,1,11525000
16616,2024-10-17,228,25,3,3035000
16617,2024-07-28,1852,22,3,6044000
16618,2024-09-22,2937,23,3,10035000
16619,2025-05-09,2857,4,1,22890000
16620,2024-08-06,75,31,2,7840000
16621,2024-02-14,1345,25,6,10848000
16622,2024-02-12,92,27,6,16570000
16623,2024-11-08,435,24,3,5914000
16624,2025-01-29,2029,40,6,21120000
16625,2025-11-20,538,19,3,29466000
16626,2025-10-10,2199,32,6,24792000
16627,2024-04-11,1295,49,6,34462000
16628,2024-01-18,1859,22,6,6398000
16629,2025-02-28,1060,20,3,890000
16630,2025-01-20,2565,16,3,8681000
16631,2024-07-06,393,20,3,1706000
16632,2024-05-02,2336,26,6,9851000
16633,2024-06-19,1129,46,3,29640000
16634,2024-10-16,801,26,6,12691000
16635,2024-10-24,1325,6,3,1033000
16636,2024-03-17,2918,28,3,5771000
16637,2024-02-21,2624,12,1,35160000
16638,2024-06-04,1750,44,6,5340000
16639,2025-12-29,1729,32,3,19788000
16640,2025-09-25,643,27,6,22281000
16641,2024-05-17,1239,15,6,7046000
16642,2024-04-09,1899,35,2,29107000
16643,2024-11-05,2142,44,2,24651000
16644,2025-07-04,2500,46,6,17379000
16645,2025-01-04,2985,42,3,3463000
16646,2025-01-26,424,20,6,20912000
16647,2025-09-19,623,43,2,4456000
16648,2025-12-09,316,38,1,3543000
16649,2025-11-27,1563,35,6,2190000
16650,2025-01-06,1962,18,2,21374000
16651,2024-06-23,712,46,3,516000
16652,2025-04-29,1756,32,2,50774000
16653,2025-11-25,1027,18,6,1172000
16654,2025-04-30,291,35,6,22932000
16655,2025-08-01,1215,43,3,11347000
16656,2024-08-20,2469,4,6,60369000
16657,2024-02-07,2212,4,3,415000
16658,2025-02-21,576,46,3,26562000
16659,2024-08-25,1301,47,6,7516000
16660,2025-10-11,1973,7,6,3136000
16661,2024-07-07,1913,3,3,10786000
16662,2024-08-11,344,39,3,24621000
16663,2024-07-06,2888,5,1,9764000
16664,2024-12-09,2687,38,6,806000
16665,2024-08-22,1373,14,1,36019000
16666,2024-10-22,489,11,6,27191000
16667,2025-02-28,1652,45,1,6244000
16668,2025-11-03,186,28,3,13324000
16669,2024-11-30,1606,27,2,13047000
16670,2025-09-20,15,46,1,17285000
16671,2025-06-11,2245,22,6,33353000
16672,2024-03-11,287,5,3,2397000
16673,2025-10-13,540,2,2,9289000
16674,2025-01-02,139,10,6,1664000
16675,2024-04-02,1374,24,6,19887000
16676,2024-06-03,1900,45,6,12224000
16677,2025-11-17,374,42,6,14277000
16678,2024-03-07,213,20,6,8390000
16679,2024-05-19,2136,35,6,31559000
16680,2025-02-20,1189,47,6,15004000
16681,2025-06-03,2093,2,3,18230000
16682,2024-01-26,2900,44,6,10615000
16683,2025-10-01,2841,21,1,10128000
16684,2025-01-24,114,22,3,36944000
16685,2025-05-28,1512,19,6,13869000
16686,2024-10-10,385,13,6,28783000
16687,2024-05-28,2291,7,3,10233000
16688,2024-05-10,686,14,3,2641000
16689,2024-11-06,1074,36,3,8126000
16690,2025-02-19,938,27,6,5109000
16691,2025-05-31,136,12,3,39810000
16692,2024-11-21,1506,18,3,23990000
16693,2024-12-17,2309,46,3,14416000
16694,2025-04-02,1349,12,6,14817000
16695,2024-12-20,2004,3,2,24003000
16696,2024-12-20,1682,9,3,20099000
16697,2025-12-17,1187,19,1,6652000
16698,2024-05-29,2547,42,2,13907000
16699,2025-12-28,2217,6,2,2752000
16700,2025-03-12,178,46,3,27150000
16701,2025-02-24,730,40,1,3215000
16702,2025-08-01,2966,21,6,54231000
16703,2024-04-03,798,25,3,7659000
16704,2024-11-28,419,1,2,10409000
16705,2024-07-27,2031,17,3,3943000
16706,2025-12-03,608,8,1,15812000
16707,2024-01-10,2538,27,3,16360000
16708,2025-06-08,1583,3,3,21935000
16709,2025-12-11,2935,32,6,16318000
16710,2025-12-01,1344,29,3,26645000
16711,2025-01-05,1484,22,6,9170000
16712,2024-05-21,2828,13,3,29773000
16713,2025-12-01,1164,32,6,6340000
16714,2024-11-12,1674,46,3,21802000
16715,2024-03-05,1156,22,6,44188000
16716,2025-06-06,1533,40,2,520000
16717,2025-08-16,1378,8,3,9702000
16718,2025-07-17,119,38,6,11590000
16719,2025-09-02,2536,50,3,17712000
16720,2025-01-01,1541,2,1,17542000
16721,2024-05-11,1597,26,1,7863000
16722,2025-12-12,1394,47,2,36960000
16723,2024-02-26,954,7,6,16688000
16724,2024-09-11,104,33,6,39775000
16725,2024-02-04,979,15,2,4296000
16726,2024-06-15,1132,27,6,1875000
16727,2025-05-06,1716,43,3,66317000
16728,2025-03-06,2268,42,3,19524000
16729,2025-04-01,2998,1,6,20441000
16730,2024-10-27,368,4,3,1335000
16731,2024-02-24,2551,43,2,23935000
16732,2024-01-08,1925,42,1,2387000
16733,2025-07-30,2516,47,6,7687000
16734,2025-05-22,701,12,6,19110000
16735,2025-06-23,1388,23,3,13458000
16736,2024-12-15,2587,29,2,4031000
16737,2024-07-26,1058,13,6,2508000
16738,2025-08-10,380,29,2,6828000
16739,2025-11-10,205,4,1,3044000
16740,2025-10-30,2567,22,6,1524000
16741,2025-10-02,168,22,3,12145000
16742,2024-08-20,2673,15,6,1560000
16743,2025-08-29,1151,16,6,4072000
16744,2024-10-18,2010,24,3,7944000
16745,2025-03-15,853,26,3,14668000
16746,2024-12-11,855,37,3,11677000
16747,2025-12-06,754,33,6,10210000
16748,2024-07-28,1540,38,1,3281000
16749,2024-09-14,2762,6,3,13528000
16750,2025-01-07,561,23,6,3498000
16751,2024-10-02,416,42,6,2733000
16752,2024-12-28,202,28,6,7104000
16753,2024-08-04,2892,15,3,20649000
16754,2024-12-19,1209,4,6,1992000
16755,2025-08-06,1744,24,2,10776000
16756,2024-10-09,2095,10,6,8319000
16757,2025-07-25,723,30,1,15598000
16758,2024-12-13,1665,49,1,24096000
16759,2025-10-01,1015,3,2,2662000
16760,2025-08-18,2598,10,1,23528000
16761,2024-10-12,298,6,6,13939000
16762,2025-04-30,485,24,6,21605000
16763,2025-12-21,787,28,6,655000
16764,2024-09-04,462,46,6,5314000
16765,2024-10-24,643,5,3,8612000
16766,2024-12-16,542,7,3,10214000
16767,2025-10-03,652,28,3,4740000
16768,2024-08-31,1720,1,3,10042000
16769,2025-08-24,2029,3,6,30549000
16770,2024-07-13,2527,40,6,28520000
16771,2025-01-07,411,15,2,23440000
16772,2024-01-25,986,41,3,12903000
16773,2025-07-05,1755,50,3,5778000
16774,2025-06-16,1760,13,6,10100000
16775,2025-09-01,1209,7,1,18400000
16776,2024-08-18,40,43,6,13555000
16777,2024-12-30,1552,49,6,8595000
16778,2024-11-04,1281,16,6,10192000
16779,2025-05-16,148,39,6,13608000
16780,2024-09-16,638,9,6,1061000
16781,2025-02-27,854,33,6,12965000
16782,2024-03-10,1781,2,1,21965000
16783,2024-04-22,633,5,3,61537000
16784,2024-03-24,1229,17,1,29728000
16785,2024-07-15,2217,6,6,31198000
16786,2024-12-05,1130,4,1,23059000
16787,2024-05-21,1954,46,6,9559000
16788,2024-04-15,1404,17,6,14980000
16789,2024-09-14,750,10,6,35375000
16790,2025-01-13,2328,9,1,9211000
16791,2025-05-26,304,40,1,36924000
16792,2025-10-07,39,31,6,32056000
16793,2024-10-08,321,43,2,1956000
16794,2024-10-27,2762,34,6,14397000
16795,2024-06-16,2492,43,6,13123000
16796,2025-06-04,775,9,3,3103000
16797,2024-10-19,1324,13,3,7852000
16798,2024-04-28,678,49,3,5189000
16799,2024-05-07,2571,28,6,7679000
16800,2024-02-28,1104,45,2,2012000
16801,2025-12-05,113,48,3,14549000
16802,2025-07-24,2394,15,6,15913000
16803,2025-07-09,1840,3,3,16055000
16804,2025-04-26,594,5,6,19015000
16805,2025-12-11,356,35,6,5732000
16806,2025-10-23,1910,49,6,5753000
16807,2024-09-22,171,4,3,11854000
16808,2024-11-21,1039,44,1,1780000
16809,2025-10-19,370,43,1,7139000
16810,2024-05-10,670,46,6,5667000
16811,2024-11-02,2389,12,1,5775000
16812,2024-06-08,1812,11,6,35342000
16813,2025-10-11,1263,50,6,1628000
16814,2024-02-05,909,33,3,13245000
16815,2024-08-01,1248,31,6,2076000
16816,2025-10-31,1147,40,3,13031000
16817,2024-11-24,751,46,1,7577000
16818,2024-06-03,1308,13,6,39958000
16819,2025-05-01,2645,19,1,24122000
16820,2024-06-10,2624,27,6,17191000
16821,2024-03-05,1558,19,3,6850000
16822,2024-09-18,989,49,6,27264000
16823,2024-05-04,1175,23,6,4467000
16824,2025-11-20,1658,9,6,15186000
16825,2024-02-10,1323,22,1,18955000
16826,2025-05-30,1488,23,6,24812000
16827,2025-07-08,2049,22,3,19160000
16828,2025-08-26,403,47,3,13571000
16829,2025-08-02,256,15,6,12780000
16830,2025-04-28,1881,44,6,18076000
16831,2024-10-07,2527,37,6,21287000
16832,2025-07-22,1370,14,3,391000
16833,2024-04-17,507,49,3,14554000
16834,2024-08-16,224,35,1,19305000
16835,2024-05-28,336,12,2,49809000
16836,2025-03-13,415,49,6,28475000
16837,2025-03-05,571,23,3,47019000
16838,2025-08-11,1867,14,2,1526000
16839,2025-10-16,124,10,3,6365000
16840,2025-06-13,2606,16,1,12378000
16841,2024-04-06,588,28,6,1426000
16842,2024-05-24,2675,33,2,11010000
16843,2024-01-02,227,29,6,6721000
16844,2025-09-17,2239,36,3,71000
16845,2025-05-05,310,1,6,33446000
16846,2024-09-18,2142,19,3,10904000
16847,2024-10-07,1008,36,3,15066000
16848,2024-02-28,2220,25,6,4893000
16849,2025-02-24,1355,34,3,15458000
16850,2024-11-18,856,40,1,52425000
16851,2025-01-22,638,10,1,21272000
16852,2024-09-03,2518,14,6,2995000
16853,2024-10-09,1759,37,6,12366000
16854,2024-09-30,2325,44,6,40905000
16855,2025-03-17,1474,45,3,9719000
16856,2024-05-26,62,24,6,2519000
16857,2025-06-19,2284,34,6,5042000
16858,2024-02-22,1915,14,1,7128000
16859,2025-01-12,1898,39,2,18162000
16860,2025-02-22,757,43,3,75000
16861,2025-11-29,234,31,6,10065000
16862,2024-06-18,1701,39,1,20135000
16863,2025-01-08,764,14,1,5069000
16864,2024-02-10,2466,40,6,26477000
16865,2025-03-03,600,29,1,4269000
16866,2024-12-14,138,32,2,38544000
16867,2024-03-12,555,50,2,13104000
16868,2024-01-13,2253,19,3,11485000
16869,2025-05-02,1497,34,3,11289000
16870,2024-06-13,534,10,6,1604000
16871,2024-05-10,2783,20,3,1044000
16872,2024-11-24,2428,40,1,28043000
16873,2024-03-05,2028,33,6,13203000
16874,2025-06-01,1929,33,6,12400000
16875,2024-07-29,1119,4,6,44728000
16876,2024-08-26,2213,26,6,11531000
16877,2025-12-11,1656,29,6,4965000
16878,2024-01-13,2769,13,6,16698000
16879,2025-10-06,778,29,3,16385000
16880,2025-02-18,1948,10,3,722000
16881,2024-02-10,832,27,6,5315000
16882,2024-05-05,2906,37,3,58482000
16883,2025-08-13,1028,44,6,27786000
16884,2025-01-13,136,6,1,24418000
16885,2024-07-16,1379,31,3,14900000
16886,2024-05-29,715,13,3,3432000
16887,2024-10-05,2506,48,6,10531000
16888,2024-02-07,2221,15,6,24952000
16889,2024-02-19,1781,10,6,12369000
16890,2024-05-24,2558,24,1,8816000
16891,2025-02-09,1280,20,3,43009000
16892,2024-10-04,2207,31,6,3333000
16893,2025-03-26,2596,19,6,19311000
16894,2025-08-06,3000,37,6,20728000
16895,2024-05-04,2054,35,1,1724000
16896,2025-01-23,2112,49,2,13858000
16897,2025-07-08,2377,34,3,12109000
16898,2025-12-21,254,38,1,29080000
16899,2024-06-19,81,29,3,7404000
16900,2025-02-03,1168,19,3,2637000
16901,2024-03-07,1949,23,6,25056000
16902,2024-05-12,1375,46,1,36992000
16903,2025-09-07,272,41,1,13332000
16904,2024-12-25,1318,9,6,1260000
16905,2024-01-29,113,49,1,18354000
16906,2024-02-22,2229,37,6,20225000
16907,2024-07-24,1949,27,3,15416000
16908,2025-11-09,715,31,3,39027000
16909,2025-04-30,230,13,1,42735000
16910,2024-05-16,466,42,6,7831000
16911,2025-05-27,858,41,6,24445000
16912,2024-08-01,163,13,3,8003000
16913,2024-05-08,2093,23,3,34097000
16914,2025-03-15,1907,18,1,14275000
16915,2025-10-06,1576,2,6,16491000
16916,2025-05-30,2806,40,3,2641000
16917,2025-06-17,962,16,6,14763000
16918,2024-05-20,2247,44,2,39308000
16919,2025-03-25,3000,21,2,26944000
16920,2025-03-19,163,45,3,38601000
16921,2024-10-27,2926,30,2,21075000
16922,2025-07-01,2094,34,3,28285000
16923,2025-11-21,2739,25,3,2020000
16924,2025-10-19,2824,23,2,7235000
16925,2024-08-26,346,38,2,13504000
16926,2024-10-09,670,37,6,18256000
16927,2025-04-03,822,50,3,3511000
16928,2025-04-02,1036,26,3,6963000
16929,2025-02-02,837,35,6,34547000
16930,2024-10-30,1593,5,2,5039000
16931,2025-04-11,2247,45,2,23374000
16932,2024-06-24,1850,30,3,1708000
16933,2024-09-20,2539,8,6,2172000
16934,2025-03-10,1333,21,3,948000
16935,2025-09-17,2264,33,1,7480000
16936,2024-08-13,2456,5,6,14036000
16937,2024-05-28,1977,3,6,10545000
16938,2025-10-01,413,19,3,2551000
16939,2025-06-18,1488,27,1,24270000
16940,2024-08-31,971,14,3,3586000
16941,2025-11-21,970,8,6,17146000
16942,2025-05-25,736,38,3,4075000
16943,2024-02-05,962,29,1,6448000
16944,2025-11-27,1257,42,6,1816000
16945,2024-03-01,2712,38,6,44785000
16946,2024-05-01,2972,40,6,7273000
16947,2024-03-29,802,4,6,3932000
16948,2024-10-31,1341,24,1,5017000
16949,2025-09-05,142,41,3,16067000
16950,2024-07-21,1437,40,1,2112000
16951,2025-10-17,83,24,6,11625000
16952,2025-10-24,140,36,1,8335000
16953,2025-08-18,2794,9,1,6571000
16954,2025-03-01,992,47,3,21171000
16955,2024-07-29,222,32,3,4916000
16956,2024-08-27,2567,32,2,21364000
16957,2025-10-19,1678,17,1,24973000
16958,2025-09-13,1129,50,6,16808000
16959,2024-04-13,601,41,6,17908000
16960,2025-10-23,2001,40,3,42558000
16961,2025-11-10,2706,8,1,23460000
16962,2024-07-12,778,8,6,15169000
16963,2024-01-30,816,4,3,9979000
16964,2025-12-31,2508,39,1,13654000
16965,2025-11-26,2761,24,6,15976000
16966,2024-09-03,2769,6,3,17190000
16967,2024-10-25,89,11,3,4790000
16968,2024-12-24,860,4,3,22985000
16969,2024-01-16,1159,4,1,40048000
16970,2025-04-15,1691,5,6,14310000
16971,2025-05-15,2236,7,1,10506000
16972,2025-12-08,2101,38,1,18204000
16973,2024-09-08,541,15,6,9213000
16974,2025-01-17,1051,9,1,13903000
16975,2024-07-29,2742,43,2,19252000
16976,2025-05-03,2787,32,3,22577000
16977,2024-04-22,1591,12,2,13120000
16978,2024-10-07,656,31,6,3673000
16979,2025-01-06,2669,28,6,34697000
16980,2025-03-24,89,31,6,25519000
16981,2024-06-03,277,45,6,5305000
16982,2024-05-03,1674,14,6,26329000
16983,2024-02-26,2779,9,3,456000
16984,2024-10-17,768,6,2,3005000
16985,2025-01-21,2667,8,3,3458000
16986,2024-09-26,284,3,6,6444000
16987,2024-10-16,1318,22,3,13141000
16988,2024-07-09,27,2,3,6802000
16989,2024-09-17,264,45,1,6036000
16990,2024-10-03,1039,23,2,27928000
16991,2025-01-19,397,39,6,30207000
16992,2025-02-21,1363,16,6,872000
16993,2024-01-03,2559,10,1,3747000
16994,2025-06-07,2739,31,3,14994000
16995,2025-06-14,961,12,1,1216000
16996,2024-06-22,999,46,6,22794000
16997,2025-03-27,1801,2,3,33781000
16998,2025-07-18,2328,24,1,38710000
16999,2024-11-01,601,23,2,4358000
17000,2025-05-23,246,8,1,6223000
17001,2025-12-25,1298,33,3,9612000
17002,2024-04-03,2779,11,2,30337000
17003,2025-01-17,1533,49,6,23950000
17004,2024-05-17,1082,36,3,26116000
17005,2025-09-25,1023,1,3,8475000
17006,2025-04-28,505,14,3,1362000
17007,2024-04-14,1656,6,3,16043000
17008,2025-06-19,110,20,3,12143000
17009,2024-04-16,2880,12,2,1187000
17010,2025-11-07,535,25,2,2117000
17011,2024-02-21,2418,43,2,13657000
17012,2025-03-11,2826,8,2,8121000
17013,2025-12-25,561,47,3,13406000
17014,2025-02-03,1932,18,6,31647000
17015,2025-12-22,2434,31,6,15875000
17016,2025-06-07,104,13,6,19626000
17017,2025-08-08,797,7,6,29166000
17018,2024-08-26,2957,39,1,31697000
17019,2025-12-13,1245,35,1,6795000
17020,2025-01-10,1488,29,6,14744000
17021,2025-08-13,121,35,6,9640000
17022,2025-03-26,1228,32,3,13948000
17023,2025-05-17,1813,7,6,1382000
17024,2024-12-08,1680,19,3,5588000
17025,2025-08-12,2829,25,6,4299000
17026,2024-08-29,625,10,6,12804000
17027,2025-02-05,2406,25,1,5557000
17028,2024-04-19,2188,41,2,11830000
17029,2024-11-29,2184,39,3,1836000
17030,2025-03-06,8,38,3,8323000
17031,2024-07-20,2881,42,1,4143000
17032,2025-02-01,829,17,1,6119000
17033,2024-02-23,2454,10,6,15690000
17034,2024-06-10,80,19,3,10820000
17035,2024-05-18,1031,2,3,3344000
17036,2024-12-21,596,5,6,23116000
17037,2024-07-31,2211,8,3,10685000
17038,2024-03-10,2699,34,3,1424000
17039,2025-03-31,977,48,1,30774000
17040,2025-12-12,2562,12,6,17160000
17041,2025-05-03,404,22,1,2730000
17042,2024-12-15,2282,38,3,8165000
17043,2025-09-13,2870,46,6,27450000
17044,2025-05-01,959,40,2,12054000
17045,2024-07-13,423,49,6,11939000
17046,2025-08-05,1826,50,1,16277000
17047,2025-06-16,419,35,3,5690000
17048,2025-01-13,2640,35,6,10932000
17049,2024-02-08,1873,16,6,32732000
17050,2024-08-22,340,37,3,4993000
17051,2025-11-28,2249,23,6,14743000
17052,2025-12-18,870,18,6,2384000
17053,2025-09-25,2113,46,6,19926000
17054,2025-12-25,1890,22,3,14381000
17055,2025-08-31,1941,4,2,3609000
17056,2024-12-03,2932,45,6,776000
17057,2024-06-04,2727,9,6,1734000
17058,2024-02-10,2542,47,6,15587000
17059,2025-01-18,1949,30,1,5808000
17060,2024-02-05,193,47,6,5331000
17061,2025-12-12,960,27,3,12767000
17062,2025-06-21,2952,50,3,14061000
17063,2024-02-23,2270,37,6,35819000
17064,2024-10-06,904,21,1,10395000
17065,2025-07-11,722,3,3,6217000
17066,2025-07-06,1921,32,6,794000
17067,2025-04-07,2852,6,1,9184000
17068,2025-08-08,1102,42,6,5965000
17069,2024-03-19,285,24,1,40062000
17070,2025-10-08,9,40,2,32820000
17071,2024-06-02,2878,32,2,34795000
17072,2025-03-31,793,25,6,16514000
17073,2024-07-01,212,27,1,10940000
17074,2025-05-23,513,17,6,16920000
17075,2025-04-10,49,37,3,691000
17076,2025-03-15,1928,17,6,14928000
17077,2024-01-14,1858,5,6,45385000
17078,2024-05-28,954,38,1,22310000
17079,2024-12-31,546,28,6,10999000
17080,2025-11-21,1494,22,6,6554000
17081,2024-12-12,1819,27,3,11071000
17082,2024-05-05,455,11,3,23683000
17083,2024-02-07,1466,27,6,10504000
17084,2025-12-03,1297,23,1,12522000
17085,2024-02-19,2721,17,2,309000
17086,2025-05-08,2947,18,1,2230000
17087,2025-10-04,2440,14,3,2679000
17088,2025-04-14,647,43,6,16880000
17089,2024-01-10,1948,42,6,3011000
17090,2025-09-12,2940,14,1,12283000
17091,2024-12-26,2537,42,1,5301000
17092,2024-10-19,685,13,3,40808000
17093,2024-11-02,1027,36,1,10454000
17094,2024-09-09,2820,10,3,21188000
17095,2025-08-26,52,7,6,80845000
17096,2024-03-05,151,26,1,228000
17097,2025-05-13,2151,5,3,586000
17098,2025-07-12,1767,34,3,2700000
17099,2024-09-05,2227,14,3,5889000
17100,2025-12-02,2884,47,6,25822000
17101,2024-09-23,783,18,6,2640000
17102,2025-05-26,2848,45,3,16299000
17103,2024-05-16,2289,19,2,52438000
17104,2024-08-11,2078,17,3,21263000
17105,2025-01-11,2264,34,6,11610000
17106,2024-01-07,1031,40,2,26244000
17107,2025-08-04,814,8,3,10976000
17108,2025-10-29,1890,15,1,14482000
17109,2024-08-26,787,21,2,14867000
17110,2025-08-03,1347,4,3,8190000
17111,2025-02-28,576,13,1,32406000
17112,2024-11-08,1120,2,6,14045000
17113,2025-08-03,2950,43,1,19389000
17114,2025-07-20,2998,40,3,22340000
17115,2024-08-28,996,13,1,6725000
17116,2025-04-01,2784,34,6,47137000
17117,2024-07-28,2739,43,1,18795000
17118,2024-11-30,2148,4,6,18334000
17119,2025-07-16,662,40,3,31156000
17120,2025-06-27,2467,45,6,9480000
17121,2025-08-05,2064,5,6,25413000
17122,2025-06-13,2197,1,6,4924000
17123,2025-09-21,1370,5,6,11153000
17124,2024-12-16,1682,32,6,25576000
17125,2025-02-17,1233,9,1,10505000
17126,2025-04-18,815,4,2,11988000
17127,2025-03-01,982,26,6,15012000
17128,2025-04-19,157,18,3,9286000
17129,2025-05-05,246,19,1,4422000
17130,2025-06-27,2565,3,6,39123000
17131,2025-11-15,2216,40,2,2520000
17132,2025-09-10,578,40,6,664000
17133,2025-10-06,1107,29,6,23559000
17134,2024-08-07,802,41,6,45797000
17135,2025-05-15,2468,37,1,6343000
17136,2025-06-06,78,17,6,11461000
17137,2024-02-11,465,16,2,10849000
17138,2024-07-22,1859,28,3,31970000
17139,2024-10-03,2426,7,3,12425000
17140,2024-04-10,2020,39,3,26933000
17141,2025-04-24,88,22,6,10011000
17142,2025-08-16,2763,29,1,31890000
17143,2024-04-12,84,33,3,14523000
17144,2024-06-26,1999,48,2,25195000
17145,2024-08-21,1730,11,1,25663000
17146,2024-11-21,1506,32,3,19562000
17147,2024-10-16,295,37,3,2252000
17148,2024-09-12,609,9,1,11182000
17149,2024-03-16,479,15,3,20384000
17150,2025-06-04,1748,40,3,30177000
17151,2025-07-22,1659,28,2,3596000
17152,2025-04-28,60,40,6,18166000
17153,2024-03-22,2831,49,3,784000
17154,2024-11-25,2032,11,6,4069000
17155,2024-03-31,1684,36,6,3983000
17156,2025-06-03,2708,41,6,20420000
17157,2024-12-24,2859,14,6,36641000
17158,2025-08-03,2084,43,2,20091000
17159,2025-10-02,159,23,1,34222000
17160,2024-11-12,39,24,1,3408000
17161,2024-10-27,2036,19,3,21592000
17162,2024-07-06,2623,14,2,9040000
17163,2025-12-04,2211,5,3,13282000
17164,2025-04-27,2971,40,3,8394000
17165,2024-08-25,1108,23,6,19288000
17166,2025-01-01,293,15,3,13349000
17167,2025-11-13,109,31,1,1198000
17168,2025-02-01,1863,20,6,9397000
17169,2024-09-12,2999,15,3,37732000
17170,2025-01-19,540,21,3,17856000
17171,2025-08-30,2315,6,6,14959000
17172,2025-07-17,121,42,1,32207000
17173,2025-05-07,404,21,1,2312000
17174,2024-05-22,1854,16,6,1198000
17175,2025-12-19,661,47,1,1730000
17176,2025-02-27,818,49,3,49276000
17177,2025-03-08,458,30,3,25056000
17178,2025-01-24,2303,5,1,17605000
17179,2025-07-15,777,22,3,29982000
17180,2024-04-16,2017,33,2,22907000
17181,2024-01-30,1471,10,6,8532000
17182,2025-10-21,1314,1,1,39256000
17183,2024-11-17,1859,42,3,8712000
17184,2024-08-04,1501,20,1,20428000
17185,2024-03-14,478,46,1,10400000
17186,2025-10-29,2582,22,6,10294000
17187,2025-09-25,1618,6,6,27221000
17188,2024-09-25,1216,2,3,35421000
17189,2024-12-02,1875,38,3,13265000
17190,2025-05-14,2477,36,6,6244000
17191,2024-08-13,340,22,1,1566000
17192,2024-06-15,1988,46,3,1960000
17193,2024-03-27,452,1,6,4563000
17194,2024-11-08,1782,23,6,5016000
17195,2024-02-11,1663,24,1,46364000
17196,2024-01-10,736,42,3,23885000
17197,2024-01-27,1735,35,6,9756000
17198,2024-12-21,2670,11,1,12268000
17199,2024-06-09,207,20,1,36188000
17200,2024-01-23,2629,19,1,5331000
17201,2024-05-31,1141,30,2,13327000
17202,2024-09-24,642,34,6,14301000
17203,2025-05-28,1296,4,2,17629000
17204,2024-07-24,1653,31,1,2356000
17205,2024-10-29,1378,2,3,17163000
17206,2025-09-22,971,10,2,7407000
17207,2024-01-23,2163,21,3,4589000
17208,2025-11-27,1814,21,1,7840000
17209,2024-03-07,2333,15,1,28468000
17210,2025-01-27,2483,20,6,9932000
17211,2025-11-08,1537,20,1,47030000
17212,2024-04-11,81,9,3,2683000
17213,2024-04-28,552,2,3,7138000
17214,2025-05-16,1785,42,6,5069000
17215,2025-06-16,877,41,6,14345000
17216,2025-05-19,468,42,6,25430000
17217,2025-06-17,1735,9,2,8685000
17218,2025-06-17,2437,12,6,2294000
17219,2025-08-15,2363,32,3,36772000
17220,2024-07-15,1028,36,1,14954000
17221,2024-06-27,2336,17,3,6598000
17222,2024-01-17,2017,17,1,11797000
17223,2025-02-15,2060,40,2,14764000
17224,2024-05-02,1833,23,2,21506000
17225,2024-04-07,1910,31,6,25255000
17226,2024-10-11,1850,23,2,2289000
17227,2024-08-13,2641,5,6,4626000
17228,2025-10-09,2844,49,3,37766000
17229,2024-05-05,1466,30,1,7337000
17230,2025-03-13,1755,20,2,1868000
17231,2025-11-16,2495,48,6,320000
17232,2025-07-27,28,8,1,4360000
17233,2024-01-27,78,14,3,3653000
17234,2024-01-22,2172,42,3,31969000
17235,2025-12-19,2440,30,2,6767000
17236,2025-11-18,1259,29,6,12489000
17237,2024-12-12,2550,22,6,12986000
17238,2024-10-22,155,36,3,7451000
17239,2025-07-23,2051,22,2,22621000
17240,2024-07-20,2010,11,2,2244000
17241,2025-08-10,840,2,6,9966000
17242,2024-04-04,2275,2,3,32077000
17243,2025-10-30,1223,36,1,27647000
17244,2025-08-23,1671,2,6,3578000
17245,2025-03-05,643,4,3,2835000
17246,2025-05-26,951,36,6,12358000
17247,2024-08-13,569,11,2,26689000
17248,2025-01-10,1603,15,6,1325000
17249,2024-07-22,2478,46,6,30093000
17250,2025-03-06,2064,10,6,4917000
17251,2024-05-11,1000,33,2,18677000
17252,2024-12-17,1154,31,6,9621000
17253,2024-08-02,2884,11,3,5644000
17254,2025-09-05,1460,21,6,8160000
17255,2024-12-28,1282,16,3,46264000
17256,2024-08-22,1485,2,6,9470000
17257,2024-12-18,2846,17,3,48616000
17258,2024-07-12,2355,2,6,28096000
17259,2025-10-17,1123,17,1,18240000
17260,2024-05-10,2340,32,3,22869000
17261,2024-05-15,2827,50,2,4170000
17262,2024-07-09,561,12,3,10602000
17263,2024-05-27,963,44,6,9725000
17264,2025-11-03,34,43,1,23694000
17265,2024-06-08,2600,42,1,21966000
17266,2025-06-21,2055,35,3,11308000
17267,2025-04-30,243,44,1,5674000
17268,2025-11-22,1777,2,3,4236000
17269,2025-10-12,1443,9,2,9297000
17270,2025-03-09,470,2,3,20771000
17271,2024-10-21,448,2,6,13568000
17272,2025-08-20,2697,45,6,14277000
17273,2025-04-30,2814,42,6,34278000
17274,2024-12-11,771,9,1,11241000
17275,2025-07-16,1610,13,6,4461000
17276,2025-04-26,842,26,6,3338000
17277,2024-05-28,477,29,3,10055000
17278,2024-12-08,2919,43,6,22341000
17279,2024-06-13,694,33,3,39966000
17280,2024-09-30,2885,45,1,11906000
17281,2025-02-09,2466,6,6,9294000
17282,2024-10-28,767,48,1,18591000
17283,2025-07-21,218,49,3,16970000
17284,2025-03-22,2469,6,3,11902000
17285,2024-03-25,2141,4,3,3988000
17286,2025-07-05,426,31,6,4204000
17287,2024-11-22,1349,45,1,14840000
17288,2025-04-05,1311,41,1,15004000
17289,2025-05-22,40,2,6,6581000
17290,2024-04-23,139,12,1,5021000
17291,2024-08-12,1584,50,1,7376000
17292,2025-07-28,1550,19,2,20274000
17293,2024-03-11,1607,39,1,2110000
17294,2025-05-17,1932,42,2,13983000
17295,2024-09-06,2261,39,1,4196000
17296,2025-11-25,2954,5,1,20398000
17297,2025-12-14,2705,28,6,10510000
17298,2025-08-18,85,16,6,11839000
17299,2025-12-30,1341,29,2,38406000
17300,2025-03-09,2162,34,3,41194000
17301,2025-05-16,605,38,1,4008000
17302,2024-03-14,2461,2,2,48775000
17303,2024-02-09,342,35,6,16806000
17304,2024-12-27,1113,1,6,18117000
17305,2025-05-11,1063,19,3,24631000
17306,2025-05-12,94,15,3,1565000
17307,2024-03-28,2848,32,2,1043000
17308,2025-05-10,1097,31,6,35720000
17309,2025-09-07,92,50,6,12231000
17310,2025-09-19,748,16,1,21666000
17311,2025-06-22,1516,13,1,16306000
17312,2025-05-10,1018,26,1,3302000
17313,2024-07-22,102,45,6,7278000
17314,2025-03-31,1644,10,2,8839000
17315,2025-12-20,1893,11,6,11160000
17316,2025-02-20,2472,16,2,26063000
17317,2025-06-29,2937,24,3,5046000
17318,2024-12-13,710,46,2,2762000
17319,2025-06-17,1784,10,6,5979000
17320,2024-08-15,2464,23,6,7852000
17321,2024-08-06,2380,17,3,19702000
17322,2025-05-18,1155,12,1,13054000
17323,2024-09-17,835,47,6,7168000
17324,2025-08-22,235,38,1,7904000
17325,2024-09-17,584,25,3,724000
17326,2024-06-09,1677,15,6,4452000
17327,2024-09-17,1227,36,1,33277000
17328,2024-01-07,1029,8,3,14912000
17329,2025-01-14,1263,22,3,34083000
17330,2025-09-17,1597,1,2,6087000
17331,2025-09-01,924,41,6,40862000
17332,2025-05-17,693,36,6,10326000
17333,2025-05-26,1299,42,6,11720000
17334,2025-02-17,2201,2,6,730000
17335,2024-07-18,1269,22,6,29688000
17336,2024-05-07,96,30,2,884000
17337,2025-04-14,2101,2,6,6615000
17338,2024-12-26,1326,3,1,6559000
17339,2025-03-13,1243,31,1,7653000
17340,2024-05-16,827,5,6,2119000
17341,2025-02-26,2789,19,1,24763000
17342,2024-02-17,622,1,6,12856000
17343,2025-02-08,1468,32,3,12329000
17344,2025-03-16,1617,49,6,848000
17345,2024-12-23,2139,6,1,15196000
17346,2024-11-02,935,50,6,34611000
17347,2025-12-10,1111,30,6,31921000
17348,2025-01-24,690,15,6,22114000
17349,2025-12-24,2859,37,6,19337000
17350,2025-02-21,2758,16,6,22265000
17351,2025-07-16,1751,8,1,19780000
17352,2024-01-06,1069,23,3,6271000
17353,2025-05-20,2036,50,6,11106000
17354,2025-05-08,2956,42,6,1593000
17355,2024-02-28,1035,40,6,29065000
17356,2024-02-01,1622,42,3,4520000
17357,2024-06-19,1430,6,3,1052000
17358,2025-11-13,510,6,6,11464000
17359,2025-11-07,1529,28,6,47407000
17360,2024-06-30,2525,10,6,16980000
17361,2025-11-15,2274,8,1,7263000
17362,2025-02-18,589,17,3,17271000
17363,2024-01-12,2897,18,6,7971000
17364,2025-05-07,1924,39,1,15593000
17365,2024-07-22,2278,16,3,705000
17366,2024-12-13,2991,4,1,1732000
17367,2025-10-02,1900,36,6,40483000
17368,2025-11-08,643,44,6,17327000
17369,2024-07-25,2770,7,6,13349000
17370,2024-04-01,936,21,2,16591000
17371,2024-07-16,2824,39,6,860000
17372,2025-06-20,1284,6,6,30637000
17373,2024-03-13,724,2,2,11362000
17374,2024-03-16,2384,2,6,22433000
17375,2025-05-20,1993,15,6,38315000
17376,2025-07-11,1308,12,1,10502000
17377,2025-04-10,2630,20,6,1408000
17378,2025-03-01,500,8,6,4484000
17379,2024-12-16,2177,47,6,3086000
17380,2025-08-21,2734,49,6,7578000
17381,2024-07-14,2078,20,3,27227000
17382,2024-01-04,2128,8,3,14458000
17383,2024-03-04,1461,10,2,32242000
17384,2024-06-20,1084,2,6,14410000
17385,2025-03-09,2964,27,6,24763000
17386,2025-06-19,1550,45,3,3353000
17387,2025-09-20,2178,25,6,4476000
17388,2024-10-23,1448,13,1,2760000
17389,2025-06-13,817,30,1,20548000
17390,2024-07-27,504,3,6,33771000
17391,2025-10-06,1236,29,6,34409000
17392,2024-01-26,791,6,2,28552000
17393,2025-04-25,1817,30,1,3105000
17394,2025-10-22,1506,16,1,4512000
17395,2025-08-14,1678,17,2,18460000
17396,2024-10-03,1265,6,1,12249000
17397,2025-05-07,1513,31,3,22273000
17398,2025-07-02,2262,1,1,22457000
17399,2025-04-13,573,4,3,1442000
17400,2025-09-15,2804,13,6,7216000
17401,2024-06-16,1493,5,1,26056000
17402,2024-01-01,2532,34,6,1616000
17403,2025-01-01,1396,20,6,4180000
17404,2025-05-25,2942,4,3,39963000
17405,2024-10-20,1945,23,3,10569000
17406,2025-04-15,178,7,1,14507000
17407,2025-06-15,80,36,6,18093000
17408,2024-02-03,785,18,3,6818000
17409,2024-05-03,1606,13,3,7754000
17410,2025-03-04,303,3,3,14811000
17411,2024-01-10,2171,13,2,26261000
17412,2024-04-15,1522,13,6,20227000
17413,2025-11-21,2600,9,6,5924000
17414,2025-07-23,90,3,6,9184000
17415,2025-02-22,154,33,3,14073000
17416,2025-02-21,790,36,6,3134000
17417,2024-03-28,2463,25,1,24245000
17418,2025-07-11,1278,7,3,59830000
17419,2024-09-24,1077,29,6,13266000
17420,2025-02-02,2542,2,6,8872000
17421,2025-05-22,2373,11,1,5866000
17422,2024-06-21,2715,47,2,18872000
17423,2025-07-09,811,37,6,20939000
17424,2025-05-07,1702,46,3,8115000
17425,2024-12-18,805,34,3,778000
17426,2024-08-25,777,21,6,29230000
17427,2024-05-09,2865,18,2,5559000
17428,2025-09-14,1421,6,6,836000
17429,2025-07-22,1646,16,2,29327000
17430,2025-07-10,2664,38,1,16412000
17431,2025-04-19,2124,25,3,8848000
17432,2025-07-26,2644,24,6,4517000
17433,2025-06-08,1921,47,3,10671000
17434,2025-01-28,2842,30,1,5345000
17435,2025-04-21,2819,39,3,15866000
17436,2025-01-06,1569,35,3,14520000
17437,2024-02-03,2993,34,6,23700000
17438,2025-12-05,2450,43,6,31764000
17439,2025-03-22,1429,10,2,8300000
17440,2025-01-25,895,45,6,5805000
17441,2025-06-22,1950,36,6,15857000
17442,2024-10-02,2136,2,2,23736000
17443,2024-02-22,1351,8,3,24318000
17444,2025-06-01,1166,9,6,38513000
17445,2024-11-07,507,48,2,2379000
17446,2024-06-09,600,4,6,20733000
17447,2025-07-01,981,21,3,19757000
17448,2024-11-26,2605,31,3,36706000
17449,2025-06-19,88,45,3,11967000
17450,2024-08-16,1419,9,6,604000
17451,2024-06-26,2976,29,1,6799000
17452,2025-11-11,2208,12,6,24869000
17453,2025-02-09,67,28,6,12945000
17454,2024-02-06,1630,10,6,15502000
17455,2024-01-05,2535,6,6,7608000
17456,2025-10-31,2524,11,6,6235000
17457,2024-04-10,386,40,3,16854000
17458,2025-12-26,251,39,6,8811000
17459,2025-03-23,2880,4,6,10570000
17460,2025-10-25,2347,40,1,1523000
17461,2024-07-04,1004,9,1,8230000
17462,2025-03-17,2009,45,1,8736000
17463,2025-02-13,2851,22,6,24358000
17464,2024-02-18,336,49,3,11656000
17465,2025-05-03,877,8,2,37568000
17466,2024-04-01,697,2,1,30046000
17467,2025-04-20,693,12,2,23881000
17468,2025-02-07,992,5,6,12570000
17469,2024-10-29,2740,44,2,2005000
17470,2025-09-25,2434,15,3,21100000
17471,2025-08-05,526,43,6,9464000
17472,2024-09-05,918,18,3,4240000
17473,2025-09-12,2916,22,3,13941000
17474,2025-02-08,1002,21,6,17177000
17475,2025-03-23,2399,12,1,8483000
17476,2024-05-22,1571,50,6,3420000
17477,2024-05-22,1056,10,3,33680000
17478,2025-08-30,1740,25,1,4988000
17479,2025-08-28,71,29,6,35410000
17480,2024-05-14,2712,25,6,32844000
17481,2024-07-27,864,33,3,4023000
17482,2024-03-27,715,10,3,9062000
17483,2024-01-28,39,12,1,14117000
17484,2025-10-19,1936,4,6,4888000
17485,2024-01-22,2557,50,1,9632000
17486,2024-03-14,1171,5,6,2640000
17487,2025-11-16,1005,45,1,24554000
17488,2025-02-02,462,11,1,4047000
17489,2025-08-25,892,13,3,14917000
17490,2024-04-03,2245,38,6,10354000
17491,2024-12-17,2588,18,3,24124000
17492,2025-03-28,1439,6,6,11560000
17493,2024-06-10,988,50,3,4354000
17494,2025-11-28,1399,36,3,36345000
17495,2025-03-25,619,23,2,20226000
17496,2025-01-26,1872,46,2,15854000
17497,2024-08-18,581,9,1,5243000
17498,2025-04-06,2884,48,3,60575000
17499,2025-08-16,67,16,2,2692000
17500,2024-09-02,1266,26,6,4148000
17501,2024-10-25,932,39,3,24994000
17502,2025-12-20,343,22,1,20093000
17503,2024-08-14,2368,22,3,9462000
17504,2024-08-17,775,45,1,10288000
17505,2025-11-11,1736,24,3,19372000
17506,2025-09-20,54,8,1,117000
17507,2025-06-24,290,33,6,855000
17508,2025-10-29,2185,40,1,12272000
17509,2025-10-13,1588,20,6,2465000
17510,2025-09-07,256,16,2,9623000
17511,2024-02-28,1588,30,3,3601000
17512,2025-08-29,279,42,1,15286000
17513,2024-10-17,1673,36,2,20138000
17514,2025-01-25,2572,2,6,33147000
17515,2024-12-21,1621,5,1,10837000
17516,2024-04-24,2756,32,6,14939000
17517,2025-04-28,569,27,6,10201000
17518,2024-07-03,868,20,2,23992000
17519,2025-03-20,2210,35,6,5538000
17520,2025-05-23,611,31,6,9621000
17521,2025-10-17,813,36,6,29340000
17522,2025-02-02,2251,39,6,12433000
17523,2025-12-25,227,29,1,9100000
17524,2024-11-02,2650,9,2,17825000
17525,2025-07-04,67,47,3,8730000
17526,2025-09-20,2784,14,3,5571000
17527,2025-02-10,2479,33,1,29183000
17528,2024-07-23,2952,32,3,8815000
17529,2025-08-29,1523,16,6,1284000
17530,2024-05-16,2785,41,3,34877000
17531,2024-12-03,1683,26,3,10749000
17532,2024-01-24,1870,15,6,18172000
17533,2024-06-24,1623,29,6,23635000
17534,2025-02-01,1445,12,3,3735000
17535,2025-11-25,2881,35,2,10915000
17536,2025-01-18,995,42,3,51819000
17537,2024-07-18,1628,8,2,18634000
17538,2024-01-17,1101,41,6,1158000
17539,2025-10-09,83,47,6,3776000
17540,2024-04-21,9,2,3,15754000
17541,2025-07-31,2944,40,6,15591000
17542,2024-01-04,191,40,3,23753000
17543,2025-04-25,695,26,6,27913000
17544,2025-03-04,588,29,3,5488000
17545,2025-03-03,1867,23,1,3660000
17546,2024-01-10,1480,37,1,6643000
17547,2024-12-07,1077,6,6,23895000
17548,2025-05-24,2995,11,1,5757000
17549,2025-08-16,2032,17,1,17612000
17550,2024-09-14,1898,19,1,35991000
17551,2025-10-27,1333,35,3,85040000
17552,2024-04-08,2558,38,6,24016000
17553,2025-09-21,2015,49,6,9604000
17554,2025-03-14,1336,6,3,56434000
17555,2025-06-29,1215,28,6,39478000
17556,2025-01-22,866,48,2,8386000
17557,2025-02-09,122,14,1,2112000
17558,2025-10-20,2297,43,3,23726000
17559,2025-06-07,2414,17,3,26725000
17560,2025-08-09,1981,36,3,14032000
17561,2024-11-06,431,45,6,10565000
17562,2024-05-09,1764,49,1,9515000
17563,2025-12-09,2890,23,1,22906000
17564,2025-06-15,2257,9,3,4813000
17565,2024-01-11,2782,44,3,8132000
17566,2024-06-13,880,7,6,25193000
17567,2024-07-16,2713,46,3,3682000
17568,2025-11-09,623,23,1,1889000
17569,2024-02-10,48,42,1,22783000
17570,2025-08-11,2832,34,3,39018000
17571,2024-02-01,1188,11,6,24632000
17572,2025-08-10,2847,36,3,542000
17573,2025-07-09,1960,35,1,50158000
17574,2024-11-19,969,17,6,3907000
17575,2025-05-22,2691,1,3,2395000
17576,2025-08-22,1817,43,3,640000
17577,2024-12-03,2664,3,6,6328000
17578,2024-03-13,1570,5,1,6860000
17579,2024-04-30,2665,10,2,21997000
17580,2025-04-15,2162,35,3,24800000
17581,2025-06-16,2759,46,3,34628000
17582,2025-03-20,2645,12,6,6762000
17583,2025-03-08,1649,40,3,6095000
17584,2025-05-02,1100,49,1,18994000
17585,2024-06-13,969,15,3,24999000
17586,2024-10-21,1248,20,6,9167000
17587,2024-03-11,374,30,3,11487000
17588,2024-11-20,1237,39,6,18995000
17589,2025-04-14,276,44,2,42656000
17590,2025-03-27,43,19,3,2323000
17591,2024-09-19,2637,45,6,32473000
17592,2025-10-27,2599,5,6,5716000
17593,2024-07-16,1582,8,6,47154000
17594,2024-12-08,295,44,3,54795000
17595,2024-08-11,304,15,1,9199000
17596,2024-04-06,2806,34,3,7740000
17597,2025-12-17,1545,31,3,10128000
17598,2024-11-04,2389,7,6,537000
17599,2025-02-06,445,1,3,5714000
17600,2025-05-13,524,28,2,9753000
17601,2025-04-22,1560,33,6,4623000
17602,2024-03-13,1725,19,2,5084000
17603,2025-10-18,1741,19,3,46855000
17604,2024-02-22,1379,36,6,6752000
17605,2024-10-28,1422,7,1,17476000
17606,2025-05-29,702,31,1,31022000
17607,2025-09-28,1072,11,3,996000
17608,2025-09-27,2230,5,2,4898000
17609,2025-03-08,1772,49,6,25046000
17610,2025-09-03,1949,11,6,675000
17611,2025-06-21,1010,10,6,18056000
17612,2025-09-07,1318,32,6,9186000
17613,2025-12-16,2259,24,3,14229000
17614,2024-04-21,897,14,6,10770000
17615,2024-12-26,2380,38,1,9583000
17616,2024-08-16,1048,24,3,28227000
17617,2024-07-10,849,36,3,276000
17618,2024-03-31,2057,32,2,15412000
17619,2025-02-10,2421,17,6,13622000
17620,2025-03-25,1412,28,3,23506000
17621,2025-09-19,2736,49,1,7287000
17622,2025-09-10,2574,12,6,12731000
17623,2025-10-24,1869,27,3,292000
17624,2024-02-02,1936,9,6,7623000
17625,2025-04-25,2714,37,6,32603000
17626,2024-12-31,2591,5,1,14622000
17627,2024-04-05,1327,48,6,43701000
17628,2025-03-04,769,28,6,3815000
17629,2025-11-02,1730,10,2,34815000
17630,2024-08-10,2809,28,3,20560000
17631,2025-03-19,605,40,6,2576000
17632,2025-12-25,2418,18,6,1514000
17633,2025-04-21,2571,12,6,16086000
17634,2024-05-18,1276,23,6,7468000
17635,2025-11-13,1993,25,3,10611000
17636,2025-08-24,2394,35,6,5193000
17637,2024-11-16,276,7,3,20940000
17638,2024-10-19,2165,38,1,57800000
17639,2025-11-21,829,46,1,34418000
17640,2025-02-11,859,40,3,10852000
17641,2025-03-17,124,5,6,37135000
17642,2024-10-05,2018,8,6,32023000
17643,2025-12-02,2367,37,6,17022000
17644,2025-05-22,2697,5,3,9945000
17645,2024-09-21,2578,18,6,5476000
17646,2025-09-29,1491,45,3,12984000
17647,2025-02-06,322,17,2,34649000
17648,2025-09-20,1861,30,6,4516000
17649,2024-03-27,2082,19,3,27238000
17650,2024-05-25,1559,17,2,28646000
17651,2024-11-29,1012,24,1,23183000
17652,2025-09-04,906,12,1,1989000
17653,2025-04-18,1662,38,6,22904000
17654,2024-07-14,2850,43,3,9825000
17655,2024-11-29,1864,12,3,15421000
17656,2025-06-06,1765,18,6,13012000
17657,2025-11-26,907,9,6,22842000
17658,2024-04-04,1647,40,3,40891000
17659,2025-04-24,1056,37,3,3951000
17660,2024-08-15,2619,46,3,11016000
17661,2024-10-11,1414,42,1,52726000
17662,2024-06-19,1831,46,3,16991000
17663,2024-04-12,2119,1,6,5238000
17664,2024-11-17,1082,32,3,18961000
17665,2024-02-26,2899,27,3,1723000
17666,2025-06-25,1986,16,3,14617000
17667,2025-10-02,576,37,6,4912000
17668,2025-10-30,530,2,6,23606000
17669,2025-02-22,2653,16,1,25623000
17670,2025-02-04,1061,4,3,21037000
17671,2025-04-08,1672,10,3,3548000
17672,2024-06-13,1816,6,1,3962000
17673,2025-07-25,2252,12,6,2415000
17674,2024-09-07,503,2,3,11837000
17675,2025-02-19,2237,30,1,16031000
17676,2025-01-17,1228,3,6,5934000
17677,2025-05-19,1034,35,3,11964000
17678,2024-03-16,1702,33,1,23470000
17679,2024-01-11,1143,14,1,8809000
17680,2025-06-15,376,9,6,8924000
17681,2025-05-11,893,8,6,6137000
17682,2025-04-19,1213,44,1,1680000
17683,2025-11-25,1972,35,3,15133000
17684,2025-10-18,1085,13,6,5811000
17685,2025-07-11,2789,36,6,19200000
17686,2024-06-12,1106,9,6,1883000
17687,2024-12-23,2053,6,6,8893000
17688,2024-01-26,2841,25,6,9096000
17689,2024-02-28,2966,22,3,7346000
17690,2024-01-09,2953,37,6,19903000
17691,2024-08-07,441,28,6,4367000
17692,2025-03-27,195,24,3,8387000
17693,2025-10-10,1080,36,3,890000
17694,2025-04-22,1386,13,6,3316000
17695,2024-02-06,1979,42,1,5660000
17696,2024-07-03,2202,41,6,2238000
17697,2024-12-19,1541,35,3,42417000
17698,2025-11-21,2351,16,1,34434000
17699,2024-05-21,2149,5,6,22664000
17700,2024-03-30,145,36,1,6723000
17701,2024-05-26,2235,8,3,4538000
17702,2024-10-01,230,14,1,974000
17703,2024-09-20,2330,45,6,8290000
17704,2025-04-13,1470,41,3,27281000
17705,2024-09-10,865,25,6,45067000
17706,2025-07-09,949,23,3,76000
17707,2025-07-18,1156,22,6,12524000
17708,2025-08-18,133,44,3,2887000
17709,2025-02-23,2000,41,3,10100000
17710,2024-04-06,859,33,1,9144000
17711,2024-08-25,2828,45,2,61080000
17712,2025-12-22,2981,7,3,3408000
17713,2025-02-21,2925,32,6,27420000
17714,2025-11-18,1152,29,6,6213000
17715,2025-11-13,2135,48,1,28379000
17716,2024-09-06,1459,25,6,7614000
17717,2024-09-09,2124,34,1,8989000
17718,2025-06-06,678,12,6,16094000
17719,2024-01-10,1635,44,3,19328000
17720,2025-04-28,2045,30,6,9999000
17721,2024-08-29,136,35,6,12886000
17722,2024-07-03,2372,33,6,44855000
17723,2024-03-02,1846,29,2,10722000
17724,2025-10-13,574,14,6,10892000
17725,2025-07-06,366,44,3,21141000
17726,2025-11-11,1062,28,1,15292000
17727,2025-01-31,2735,16,1,51995000
17728,2024-01-20,360,23,6,10154000
17729,2025-01-19,292,9,3,14946000
17730,2024-09-19,2996,38,3,20816000
17731,2024-06-28,2621,12,3,639000
17732,2025-10-30,2602,27,6,1344000
17733,2024-07-12,426,43,3,38198000
17734,2024-09-23,2990,8,3,4636000
17735,2024-09-19,2352,10,6,6736000
17736,2025-11-20,1307,44,2,10899000
17737,2024-04-30,2178,22,3,11408000
17738,2024-02-26,726,1,1,22231000
17739,2025-10-26,871,6,6,22154000
17740,2025-10-08,2647,11,3,15981000
17741,2025-11-14,2876,48,3,37812000
17742,2024-01-14,2333,27,3,17336000
17743,2024-06-08,1272,40,1,4673000
17744,2024-03-04,460,36,6,43645000
17745,2024-08-24,1330,47,3,12276000
17746,2025-04-30,920,1,3,11095000
17747,2025-06-17,222,27,6,5355000
17748,2025-04-27,598,31,1,2316000
17749,2025-06-16,196,7,6,22141000
17750,2025-12-15,1386,36,6,12717000
17751,2025-01-05,1715,13,1,38088000
17752,2025-11-30,1027,23,6,5239000
17753,2024-01-08,1473,15,6,1587000
17754,2024-01-01,1638,21,6,26832000
17755,2025-06-02,411,49,6,22756000
17756,2024-09-24,2564,1,3,5943000
17757,2025-06-17,1494,44,1,2679000
17758,2024-04-08,1845,46,6,8325000
17759,2024-07-05,2593,37,6,14612000
17760,2024-05-13,611,38,1,24451000
17761,2024-08-20,2960,44,6,35466000
17762,2025-02-26,1969,7,3,11284000
17763,2024-11-04,1115,27,2,5547000
17764,2025-11-04,1803,13,1,4098000
17765,2025-04-08,1220,16,2,18635000
17766,2025-11-05,1819,26,6,19551000
17767,2025-04-01,2678,17,3,8351000
17768,2024-01-14,408,41,3,11016000
17769,2024-11-03,1902,43,6,12673000
17770,2025-01-29,2400,39,6,17257000
17771,2024-07-14,1411,37,6,17893000
17772,2024-01-25,1818,6,1,46804000
17773,2024-10-07,219,36,6,564000
17774,2025-11-18,1945,25,6,37662000
17775,2025-12-18,634,2,6,6036000
17776,2025-01-25,714,12,6,22807000
17777,2025-04-09,512,35,3,9678000
17778,2024-07-11,2611,34,3,2281000
17779,2024-03-13,2576,19,1,11487000
17780,2025-04-12,423,4,6,13656000
17781,2024-11-20,2634,34,1,5905000
17782,2025-01-23,246,38,6,31367000
17783,2024-02-06,108,47,6,4892000
17784,2024-11-18,226,30,3,10906000
17785,2025-04-09,1377,50,1,7456000
17786,2024-06-13,304,30,3,4381000
17787,2024-01-10,1691,27,6,7845000
17788,2025-03-30,1247,33,3,3706000
17789,2025-06-07,2369,13,3,5911000
17790,2025-12-24,2566,5,6,19945000
17791,2024-07-26,2825,43,6,989000
17792,2025-05-29,1113,9,6,16680000
17793,2024-09-04,868,28,3,11760000
17794,2025-07-14,2402,7,1,19634000
17795,2024-11-20,1396,39,6,14674000
17796,2025-01-07,1874,11,6,1316000
17797,2024-05-28,2253,32,3,4211000
17798,2024-04-25,2692,47,3,26612000
17799,2024-09-18,2762,8,6,2302000
17800,2025-04-20,1557,12,1,9744000
17801,2025-06-05,151,11,6,860000
17802,2025-05-15,238,39,6,7752000
17803,2025-02-20,286,36,6,6342000
17804,2025-04-18,2779,31,2,68844000
17805,2025-02-20,1141,5,3,30645000
17806,2024-05-06,1077,27,3,16693000
17807,2024-09-18,2712,44,3,44440000
17808,2025-08-15,357,10,3,18525000
17809,2025-11-07,911,28,1,68431000
17810,2024-05-28,603,34,2,2017000
17811,2025-11-08,686,39,6,52062000
17812,2025-09-07,2092,1,2,9712000
17813,2024-08-05,1218,32,1,2006000
17814,2024-02-13,2314,28,6,9915000
17815,2024-09-07,2205,47,6,15356000
17816,2025-01-31,1978,23,3,36144000
17817,2025-09-30,1766,24,1,26920000
17818,2025-03-30,1589,30,3,11223000
17819,2024-09-05,2557,47,1,20846000
17820,2025-05-07,1236,40,3,23652000
17821,2024-03-28,1217,15,3,10715000
17822,2024-08-30,2528,29,6,3250000
17823,2024-01-01,1405,15,3,18491000
17824,2025-07-17,2561,13,1,579000
17825,2025-01-19,152,7,6,7842000
17826,2025-03-15,2007,8,6,3528000
17827,2024-03-18,340,41,3,23408000
17828,2025-11-23,2298,34,3,1252000
17829,2025-12-26,754,32,2,1869000
17830,2024-09-03,653,48,1,8255000
17831,2024-10-30,2958,33,3,22148000
17832,2024-03-06,970,25,3,5675000
17833,2024-11-09,800,29,6,15840000
17834,2024-12-18,1513,29,6,23730000
17835,2025-03-22,2971,16,3,22598000
17836,2024-11-06,73,35,3,13799000
17837,2025-08-07,534,32,6,4545000
17838,2025-06-03,1123,46,3,29622000
17839,2024-06-09,2002,29,6,5628000
17840,2025-08-30,1243,29,3,4107000
17841,2024-07-09,700,30,2,9045000
17842,2024-03-26,2421,10,6,7327000
17843,2025-10-30,1538,30,6,16296000
17844,2025-09-18,1289,31,3,58378000
17845,2025-10-07,1569,14,1,30507000
17846,2025-04-30,492,45,3,34435000
17847,2025-09-07,823,21,2,3666000
17848,2025-04-19,126,36,6,20336000
17849,2024-04-23,1706,21,3,26502000
17850,2025-06-24,450,30,3,3844000
17851,2024-07-27,2788,29,6,19351000
17852,2024-03-10,889,21,1,15676000
17853,2024-10-21,626,36,2,6852000
17854,2025-03-14,2377,18,6,3534000
17855,2024-09-03,2875,46,3,15288000
17856,2024-09-22,1289,22,6,19410000
17857,2024-06-15,2604,41,6,15379000
17858,2024-05-16,1141,18,6,4176000
17859,2024-12-20,831,40,3,29037000
17860,2025-04-03,2581,42,3,5905000
17861,2025-12-06,545,43,2,5200000
17862,2024-04-01,1157,34,1,3976000
17863,2025-09-18,688,13,6,3982000
17864,2025-09-17,738,24,3,4072000
17865,2025-11-21,2460,25,3,1317000
17866,2025-02-24,2732,21,2,21369000
17867,2025-01-23,1710,2,2,7500000
17868,2024-03-28,1647,23,6,25195000
17869,2025-06-22,1634,23,3,16288000
17870,2024-03-24,1419,2,1,19583000
17871,2024-11-27,1492,24,3,16638000
17872,2024-04-15,2228,44,2,8694000
17873,2025-11-20,2808,44,3,16601000
17874,2025-03-01,1638,42,3,22196000
17875,2024-12-30,1735,44,6,11264000
17876,2025-05-06,2697,12,3,3336000
17877,2024-07-11,1788,2,2,22652000
17878,2025-07-04,1120,47,1,23762000
17879,2025-07-06,141,2,6,29888000
17880,2024-09-08,2952,39,3,4025000
17881,2024-08-27,2024,34,1,54542000
17882,2024-09-06,1729,38,3,3619000
17883,2024-01-14,2472,44,3,18096000
17884,2025-05-26,2714,34,6,37469000
17885,2024-06-21,266,37,2,10903000
17886,2025-01-27,811,43,2,3739000
17887,2025-12-05,2705,49,3,24261000
17888,2024-04-22,1770,22,3,1114000
17889,2025-03-05,2227,3,3,884000
17890,2024-10-03,1973,12,3,19648000
17891,2024-11-30,816,22,6,5623000
17892,2025-11-12,131,2,3,8570000
17893,2024-07-31,1354,33,6,23498000
17894,2024-03-23,1986,4,1,52430000
17895,2024-01-11,216,43,6,10928000
17896,2024-12-01,2706,24,3,25440000
17897,2025-10-30,445,48,3,16905000
17898,2025-04-06,2167,38,3,9937000
17899,2024-02-28,2673,21,1,1299000
17900,2025-08-26,2482,50,6,4498000
17901,2024-05-27,922,9,6,71000
17902,2024-12-20,2720,17,1,41774000
17903,2025-10-23,807,17,3,15604000
17904,2024-06-24,2812,50,1,17050000
17905,2024-06-27,2642,6,1,19446000
17906,2025-11-24,1239,13,2,10194000
17907,2024-05-24,1356,33,1,26558000
17908,2024-09-09,2836,2,1,13513000
17909,2025-02-13,2577,5,1,4098000
17910,2024-05-18,573,32,6,13829000
17911,2025-08-16,61,17,6,3397000
17912,2025-11-01,1080,20,6,1504000
17913,2025-11-01,942,1,3,27843000
17914,2025-10-10,2954,33,2,9401000
17915,2024-05-03,126,48,6,7041000
17916,2025-10-17,2954,36,3,21668000
17917,2025-07-25,1999,27,6,31005000
17918,2025-05-07,2162,20,6,354000
17919,2024-07-30,812,19,1,4720000
17920,2024-09-05,1437,44,6,13106000
17921,2025-06-08,1218,15,6,7893000
17922,2024-02-10,286,44,2,8376000
17923,2025-06-03,2800,3,1,38088000
17924,2024-07-21,1634,6,1,30951000
17925,2025-02-05,871,31,6,6735000
17926,2024-01-25,1727,2,6,13740000
17927,2024-03-02,904,16,6,464000
17928,2024-04-09,462,26,1,2421000
17929,2025-11-07,1961,36,6,6446000
17930,2024-12-28,2788,29,1,9609000
17931,2025-02-26,689,23,1,760000
17932,2024-01-14,1004,18,1,11298000
17933,2025-03-19,16,11,6,19437000
17934,2024-08-29,765,9,6,4315000
17935,2025-09-23,2494,9,6,20408000
17936,2024-05-18,2608,34,6,12704000
17937,2024-01-27,533,12,3,20489000
17938,2024-11-05,58,2,3,13961000
17939,2025-05-15,1353,6,2,35502000
17940,2024-01-04,764,37,1,10185000
17941,2025-09-11,2583,45,6,6868000
17942,2024-01-12,2355,50,3,11315000
17943,2025-02-26,1442,27,6,26408000
17944,2025-07-24,2328,23,6,67416000
17945,2024-10-08,1454,39,3,10674000
17946,2025-11-06,375,49,6,3638000
17947,2024-03-06,864,3,1,20326000
17948,2024-06-13,2430,10,3,829000
17949,2024-10-25,1222,12,1,6504000
17950,2024-04-19,869,35,6,5476000
17951,2024-07-27,892,9,2,22374000
17952,2024-09-05,944,49,2,5119000
17953,2024-03-03,2649,4,6,7344000
17954,2024-06-18,2545,22,6,19501000
17955,2024-01-02,778,2,1,11223000
17956,2025-09-02,815,44,2,9924000
17957,2025-08-18,1386,33,6,22396000
17958,2025-10-19,749,2,1,30581000
17959,2024-01-25,1856,23,1,4354000
17960,2024-02-21,82,45,1,19234000
17961,2024-11-29,1464,26,3,24500000
17962,2024-08-04,344,33,6,7736000
17963,2024-01-08,1783,46,1,17000000
17964,2024-08-16,2613,8,6,10034000
17965,2024-09-04,2158,31,6,5266000
17966,2024-11-04,947,32,1,9096000
17967,2024-01-08,1436,15,6,6657000
17968,2025-09-22,1720,9,6,20607000
17969,2025-02-27,968,1,3,18883000
17970,2025-08-23,2008,25,1,12325000
17971,2025-10-11,764,21,1,14525000
17972,2025-04-13,2691,16,3,8752000
17973,2025-03-26,1581,32,6,26077000
17974,2025-07-16,2246,6,1,5158000
17975,2025-08-15,388,18,1,10783000
17976,2024-01-09,947,32,6,18954000
17977,2025-02-06,2523,20,3,6354000
17978,2024-11-12,1017,5,6,30643000
17979,2024-01-30,417,16,3,6162000
17980,2025-06-24,2298,31,3,66869000
17981,2024-11-12,663,40,6,2769000
17982,2024-09-03,2910,50,1,22007000
17983,2025-04-18,424,33,3,4594000
17984,2024-09-18,768,35,6,24060000
17985,2024-01-13,2199,45,3,5616000
17986,2025-06-02,1503,27,1,22419000
17987,2025-05-28,34,12,3,6675000
17988,2024-12-09,609,5,1,17427000
17989,2024-02-22,201,19,3,1882000
17990,2025-02-17,1094,36,6,27791000
17991,2025-12-27,381,24,6,3080000
17992,2025-08-04,1661,17,3,22076000
17993,2025-05-03,130,13,1,3811000
17994,2024-05-03,2121,30,2,11249000
17995,2024-09-01,2514,24,3,4432000
17996,2025-11-13,2245,36,3,7691000
17997,2025-06-13,1145,11,1,33123000
17998,2025-11-14,1486,40,6,2661000
17999,2024-01-09,554,47,2,11115000
18000,2025-02-25,2357,35,3,520000
18001,2025-03-11,2261,5,1,5032000
18002,2024-12-16,2572,25,1,3427000
18003,2025-12-02,2916,25,1,38858000
18004,2024-05-26,1108,44,6,1837000
18005,2025-03-19,753,28,6,20527000
18006,2025-01-07,1686,8,6,4634000
18007,2025-11-12,2012,43,6,8558000
18008,2024-05-11,939,22,6,380000
18009,2024-03-27,1966,9,6,20158000
18010,2024-10-14,2821,36,6,32307000
18011,2025-04-11,2438,44,1,1629000
18012,2025-04-23,176,23,3,17180000
18013,2025-09-05,1088,18,6,26213000
18014,2024-04-10,1843,15,6,12988000
18015,2024-08-19,1645,4,6,26017000
18016,2025-12-24,2050,19,6,2623000
18017,2025-05-25,2790,1,6,30775000
18018,2025-12-13,2005,20,3,4624000
18019,2025-09-15,260,44,1,24626000
18020,2025-01-29,123,10,3,10199000
18021,2025-04-11,2613,4,2,28008000
18022,2025-04-03,267,7,3,15035000
18023,2025-03-15,1214,33,3,4839000
18024,2024-05-28,797,10,6,123000
18025,2025-11-20,2083,26,3,41893000
18026,2025-09-28,2569,33,3,33384000
18027,2024-03-04,2222,35,3,11573000
18028,2024-10-18,2151,20,3,13357000
18029,2025-10-12,2475,20,6,1730000
18030,2025-12-04,1348,17,3,13032000
18031,2025-12-17,279,12,6,4510000
18032,2024-06-27,592,39,6,12830000
18033,2024-03-01,1739,50,3,8850000
18034,2024-03-25,1023,36,1,741000
18035,2024-05-02,1942,46,1,1345000
18036,2025-10-01,1282,10,3,19809000
18037,2025-07-25,1687,28,6,20881000
18038,2025-06-13,588,14,3,20664000
18039,2025-02-20,1979,21,6,29672000
18040,2025-04-10,1688,46,6,42562000
18041,2025-08-21,1191,44,3,532000
18042,2025-02-10,919,29,3,7582000
18043,2025-04-28,2628,43,3,33133000
18044,2024-12-23,1369,38,6,16860000
18045,2024-04-22,330,50,3,1273000
18046,2025-09-27,1972,45,1,43503000
18047,2024-10-16,2933,34,3,27727000
18048,2025-06-26,2998,29,2,23492000
18049,2025-03-19,816,14,6,12014000
18050,2025-10-06,2201,30,6,7182000
18051,2025-03-31,626,46,6,4727000
18052,2025-03-29,2955,14,1,9438000
18053,2025-01-29,2126,8,1,4236000
18054,2025-03-02,269,22,3,20525000
18055,2024-08-15,1635,20,3,3202000
18056,2025-05-09,2835,26,1,8020000
18057,2024-02-17,2863,41,1,17973000
18058,2025-11-19,2207,10,3,2184000
18059,2025-05-08,1260,41,3,2555000
18060,2024-11-25,2909,40,6,1550000
18061,2024-07-04,1142,6,1,22363000
18062,2024-05-26,1146,22,3,12232000
18063,2024-04-21,2972,9,1,7802000
18064,2025-11-24,299,19,3,24703000
18065,2024-10-03,694,6,6,23187000
18066,2025-06-17,607,22,6,4156000
18067,2024-12-16,2807,8,6,3405000
18068,2024-08-12,1254,14,3,36508000
18069,2024-05-31,1415,4,2,1705000
18070,2025-06-23,2978,25,3,8964000
18071,2025-08-25,520,3,6,11911000
18072,2024-03-11,246,13,6,22394000
18073,2025-12-10,307,24,3,49031000
18074,2024-11-06,2544,50,1,17069000
18075,2025-07-10,769,19,3,6368000
18076,2024-10-17,624,34,1,8262000
18077,2024-12-27,555,29,2,8730000
18078,2025-03-05,45,29,6,28422000
18079,2025-10-24,2980,42,2,11584000
18080,2024-10-08,2460,31,6,11408000
18081,2024-10-25,585,15,6,42511000
18082,2025-09-19,438,32,3,37685000
18083,2024-08-28,540,20,1,3554000
18084,2024-07-05,929,19,3,49445000
18085,2025-04-15,2680,30,3,2312000
18086,2024-06-04,2825,48,3,5129000
18087,2025-11-22,432,30,2,10513000
18088,2024-02-06,1496,11,6,25912000
18089,2024-11-17,2547,26,3,2178000
18090,2025-09-28,99,7,1,1771000
18091,2025-04-28,496,31,1,5716000
18092,2024-02-08,2307,44,3,35157000
18093,2024-10-22,67,11,6,5139000
18094,2024-02-05,2634,37,6,23968000
18095,2024-07-20,373,23,1,7999000
18096,2024-04-29,379,49,3,13488000
18097,2025-09-24,2007,8,6,11202000
18098,2025-06-19,1707,47,1,10090000
18099,2024-12-19,2673,26,2,12048000
18100,2025-01-11,1670,16,6,7278000
18101,2025-07-22,2224,26,6,1518000
18102,2025-11-16,1581,41,6,10243000
18103,2025-10-24,73,19,6,3524000
18104,2025-01-19,2355,25,3,22603000
18105,2025-02-28,656,34,6,4452000
18106,2024-08-21,1582,49,6,20284000
18107,2024-11-12,2477,11,3,52285000
18108,2025-10-06,276,34,6,8259000
18109,2024-03-19,302,45,1,2785000
18110,2025-12-25,1683,15,6,3826000
18111,2024-10-22,783,8,1,47997000
18112,2024-09-06,482,6,1,60605000
18113,2025-12-04,2004,48,3,22543000
18114,2025-03-23,2953,19,6,27312000
18115,2024-11-13,1967,34,1,44911000
18116,2025-08-07,2686,37,2,12673000
18117,2024-10-12,2371,31,3,7900000
18118,2025-12-31,367,2,1,21898000
18119,2024-02-10,2996,14,1,47332000
18120,2025-05-01,2408,39,2,25346000
18121,2025-02-18,291,33,6,25625000
18122,2024-01-02,659,40,6,26918000
18123,2025-02-12,1799,4,6,5744000
18124,2024-09-20,1158,1,3,4395000
18125,2024-08-02,122,45,6,15284000
18126,2025-05-07,1803,28,3,33367000
18127,2024-10-24,51,25,3,10258000
18128,2024-06-06,1605,2,2,56544000
18129,2024-12-18,1165,10,3,5605000
18130,2025-02-28,881,23,6,27301000
18131,2024-10-14,157,36,3,8561000
18132,2025-11-07,1382,7,6,3768000
18133,2024-11-10,1088,20,6,2758000
18134,2024-03-17,998,49,3,21234000
18135,2025-07-12,532,21,3,13430000
18136,2025-10-26,742,47,1,7932000
18137,2025-11-07,1440,22,1,22701000
18138,2025-02-05,935,30,1,3240000
18139,2024-09-08,2193,50,2,11658000
18140,2025-01-27,411,32,6,2328000
18141,2025-09-24,2461,33,3,2368000
18142,2024-02-15,1157,49,1,77000
18143,2025-07-01,2841,6,2,11122000
18144,2024-01-11,1625,14,3,11218000
18145,2024-01-03,1291,39,6,16144000
18146,2024-01-29,1891,26,2,6577000
18147,2024-09-18,20,43,6,21694000
18148,2025-06-10,1758,33,6,8099000
18149,2024-04-25,2704,28,3,10920000
18150,2024-03-01,1972,16,1,29292000
18151,2025-07-23,599,7,3,21936000
18152,2025-09-06,745,4,2,18296000
18153,2025-09-28,441,8,6,3441000
18154,2025-09-09,2954,34,3,15940000
18155,2024-05-21,480,44,6,733000
18156,2025-07-22,1430,2,3,6756000
18157,2025-06-07,2467,18,6,15144000
18158,2025-09-29,791,40,3,13278000
18159,2025-10-18,901,43,6,9366000
18160,2024-09-20,1602,39,3,4035000
18161,2025-10-05,1727,41,2,10228000
18162,2024-01-15,2512,28,3,12347000
18163,2024-08-14,959,34,1,12306000
18164,2024-05-31,2800,14,3,21028000
18165,2025-10-08,2897,11,1,8805000
18166,2024-09-02,1532,14,6,20513000
18167,2024-11-20,1335,44,6,29727000
18168,2024-05-19,1905,45,3,2708000
18169,2024-12-07,2508,9,6,24593000
18170,2024-01-29,2666,5,3,332000
18171,2025-10-06,2193,29,1,11111000
18172,2024-02-17,1677,40,6,173000
18173,2025-01-03,1808,32,6,16738000
18174,2025-05-13,2981,50,6,10952000
18175,2025-07-13,2067,31,2,9741000
18176,2024-07-13,41,33,6,4683000
18177,2025-05-29,864,39,6,9708000
18178,2024-05-14,7,3,6,7150000
18179,2025-12-21,1742,14,1,8999000
18180,2025-09-24,1371,28,3,15016000
18181,2025-07-30,2216,25,6,6986000
18182,2025-03-25,1271,33,3,1863000
18183,2024-09-05,1642,30,3,13548000
18184,2025-03-17,269,37,6,6645000
18185,2025-01-01,34,1,1,9020000
18186,2025-06-20,315,47,6,40435000
18187,2025-10-25,230,17,1,17668000
18188,2025-07-25,2216,1,3,6064000
18189,2024-12-28,838,5,6,9900000
18190,2024-01-07,43,49,6,1824000
18191,2025-12-11,2183,14,6,8702000
18192,2025-11-17,780,20,3,10240000
18193,2024-11-24,2674,36,6,7474000
18194,2024-07-07,1354,22,6,609000
18195,2024-03-11,1129,5,6,26445000
18196,2025-06-17,1236,14,6,12671000
18197,2025-02-03,116,7,3,12977000
18198,2024-07-21,766,50,6,38367000
18199,2025-05-04,2783,37,3,16701000
18200,2024-04-30,2869,25,3,6125000
18201,2024-12-29,2852,43,1,10003000
18202,2025-10-22,1500,10,6,1596000
18203,2025-11-21,2975,27,3,25756000
18204,2024-07-13,2816,28,3,11305000
18205,2024-09-23,2933,12,6,1948000
18206,2025-08-09,2383,2,6,2712000
18207,2025-11-28,2766,46,3,7914000
18208,2024-03-11,2517,16,3,9169000
18209,2024-11-16,2978,36,3,30472000
18210,2025-06-05,327,46,3,28513000
18211,2024-10-24,967,46,1,1168000
18212,2024-10-13,1260,24,6,30606000
18213,2025-12-29,1273,15,6,548000
18214,2025-10-26,750,21,3,11896000
18215,2024-12-29,2582,5,1,14705000
18216,2024-06-08,2282,26,3,4966000
18217,2024-12-07,584,38,1,13688000
18218,2025-10-07,2054,11,3,1192000
18219,2024-02-20,1783,10,3,8437000
18220,2025-01-25,2264,23,1,16737000
18221,2024-04-10,2800,3,2,3075000
18222,2025-12-21,1873,15,6,1349000
18223,2025-09-02,133,5,1,18152000
18224,2024-07-06,2620,23,6,4506000
18225,2024-01-24,2647,49,6,30917000
18226,2024-10-20,347,17,3,18574000
18227,2024-05-26,609,18,1,21560000
18228,2024-01-19,751,22,3,22824000
18229,2024-11-28,2066,34,3,7573000
18230,2025-01-08,1335,29,1,1732000
18231,2025-08-31,902,39,6,7936000
18232,2024-09-30,690,41,6,1967000
18233,2024-01-08,2227,23,6,4278000
18234,2024-02-15,556,43,6,19635000
18235,2024-06-10,1535,38,3,6166000
18236,2024-04-22,1089,49,1,4032000
18237,2024-11-20,892,37,6,9974000
18238,2025-09-01,1305,27,3,39486000
18239,2024-05-04,1905,11,3,10162000
18240,2025-04-27,253,16,6,10808000
18241,2025-12-20,1991,40,3,18081000
18242,2025-05-30,2458,14,6,31539000
18243,2024-07-17,1593,15,2,12381000
18244,2024-04-08,1414,42,1,14741000
18245,2025-04-28,1980,13,6,2196000
18246,2024-10-16,2940,35,3,10181000
18247,2024-05-05,2178,20,6,12083000
18248,2025-07-13,2026,35,3,7215000
18249,2024-01-18,1464,10,3,6868000
18250,2024-04-13,2223,19,6,3792000
18251,2024-02-21,2332,2,2,3987000
18252,2024-06-20,1402,21,3,4812000
18253,2025-04-12,2092,10,6,12591000
18254,2025-04-19,816,8,1,5794000
18255,2024-01-23,735,11,2,26729000
18256,2024-08-25,1855,49,1,10368000
18257,2025-10-06,1418,20,2,24245000
18258,2025-01-09,2622,15,1,26505000
18259,2025-12-03,2790,17,2,501000
18260,2024-04-08,1711,18,6,12596000
18261,2025-07-10,1480,43,3,5380000
18262,2025-12-28,1706,3,3,29917000
18263,2024-08-22,811,32,2,47181000
18264,2025-09-27,2197,25,6,2903000
18265,2025-06-01,1309,5,3,3381000
18266,2024-05-13,2909,45,2,33975000
18267,2024-10-22,1642,21,6,3806000
18268,2025-07-04,432,37,1,43442000
18269,2024-06-26,684,2,6,39420000
18270,2024-03-09,1446,11,6,43239000
18271,2024-01-31,327,39,3,2432000
18272,2025-03-24,1976,39,3,7961000
18273,2025-12-30,1812,37,6,10229000
18274,2024-01-22,1225,30,3,16081000
18275,2024-01-12,1640,12,1,6685000
18276,2024-11-26,181,5,6,2004000
18277,2025-05-20,1365,40,3,18035000
18278,2025-04-21,2809,19,3,64727000
18279,2025-10-22,2431,3,3,9165000
18280,2024-07-01,816,37,1,33169000
18281,2025-02-22,71,45,6,5803000
18282,2025-10-18,1150,32,2,29627000
18283,2025-04-20,2976,49,3,32715000
18284,2025-03-05,1775,4,6,13075000
18285,2025-05-19,2527,25,6,23279000
18286,2024-05-11,1936,14,3,3981000
18287,2025-07-24,1009,5,3,12207000
18288,2024-06-12,2997,21,3,7023000
18289,2025-05-30,651,9,3,3368000
18290,2025-06-11,2894,39,3,27242000
18291,2025-04-04,35,8,6,6043000
18292,2024-06-08,2800,19,6,27790000
18293,2024-10-02,1409,5,6,33980000
18294,2025-09-14,1686,6,1,41370000
18295,2025-05-15,60,16,6,17671000
18296,2024-01-31,2217,43,6,22009000
18297,2025-09-12,1946,34,6,8042000
18298,2024-08-18,500,21,2,693000
18299,2024-05-22,2562,30,6,3925000
18300,2024-09-04,2307,16,3,4197000
18301,2024-04-28,2305,7,6,36330000
18302,2024-12-26,1137,21,3,4350000
18303,2024-10-14,2212,2,6,32393000
18304,2024-05-17,225,37,6,18089000
18305,2024-05-14,2027,40,6,13796000
18306,2025-05-27,2597,26,3,14036000
18307,2025-04-04,644,23,3,46026000
18308,2025-09-01,779,13,1,18218000
18309,2024-01-23,608,4,6,7588000
18310,2025-07-14,761,10,3,17823000
18311,2024-11-24,880,33,6,35618000
18312,2024-12-10,663,36,2,6300000
18313,2024-07-30,1026,37,6,4138000
18314,2025-06-10,1298,29,6,3000000
18315,2024-06-02,916,10,6,2647000
18316,2025-01-20,352,3,1,27577000
18317,2025-07-17,637,8,3,8254000
18318,2025-06-21,1692,12,3,42278000
18319,2024-11-23,177,44,1,7108000
18320,2025-01-15,1307,5,1,5520000
18321,2024-02-18,2310,49,3,15162000
18322,2025-09-27,1607,12,3,22404000
18323,2024-10-31,738,43,6,11815000
18324,2024-10-24,2634,40,6,20077000
18325,2025-05-18,68,31,3,11651000
18326,2024-08-11,1195,22,6,46131000
18327,2024-06-27,296,23,6,38005000
18328,2024-12-04,560,32,6,11913000
18329,2024-06-05,451,26,3,14075000
18330,2024-04-15,2393,23,6,6909000
18331,2024-12-29,2324,20,3,7108000
18332,2025-11-09,2327,47,3,13873000
18333,2024-09-13,1322,17,3,19567000
18334,2024-02-20,1781,21,6,928000
18335,2025-05-23,2155,48,1,6637000
18336,2025-09-15,602,20,3,16272000
18337,2025-11-02,2519,33,3,17043000
18338,2025-01-31,1752,26,3,11562000
18339,2025-11-06,443,34,6,14189000
18340,2024-02-28,55,29,6,18322000
18341,2025-09-19,2271,39,2,5790000
18342,2024-01-14,1703,6,3,4885000
18343,2024-02-10,627,3,1,5074000
18344,2024-04-27,1531,24,6,10304000
18345,2025-04-20,1892,21,1,4284000
18346,2024-04-27,1683,13,6,14205000
18347,2025-09-26,645,41,6,45951000
18348,2024-10-13,1234,50,6,16285000
18349,2024-01-30,1846,28,6,35181000
18350,2024-11-09,1870,34,3,56780000
18351,2025-08-14,400,21,6,4233000
18352,2025-09-30,988,40,3,15646000
18353,2025-08-21,1910,32,6,27548000
18354,2025-11-28,2732,8,6,46440000
18355,2024-05-16,1308,46,3,5258000
18356,2024-01-22,2037,48,6,6786000
18357,2024-05-28,650,8,1,8770000
18358,2024-01-02,787,50,6,6683000
18359,2024-08-06,1694,1,2,412000
18360,2024-04-18,1237,21,1,19114000
18361,2024-09-04,725,16,1,26519000
18362,2025-09-30,448,49,6,26433000
18363,2024-05-16,2612,3,6,2696000
18364,2024-04-12,1997,38,1,23622000
18365,2025-08-09,1344,15,3,5901000
18366,2024-10-25,788,1,6,27492000
18367,2024-03-13,2825,33,6,9528000
18368,2025-02-24,1766,1,3,1338000
18369,2024-01-27,999,46,6,6619000
18370,2024-04-22,2659,18,3,43661000
18371,2024-02-22,2680,14,1,30596000
18372,2024-08-26,398,16,3,14188000
18373,2024-07-18,1562,48,3,8468000
18374,2024-12-30,2858,31,1,9290000
18375,2024-02-23,2784,29,1,19766000
18376,2024-03-31,292,24,6,2154000
18377,2025-05-16,1690,44,1,15123000
18378,2024-08-31,2060,28,6,17046000
18379,2025-06-28,544,26,1,11463000
18380,2024-01-27,396,46,6,1515000
18381,2024-03-20,2064,4,1,5979000
18382,2024-02-05,2751,14,3,6214000
18383,2025-03-24,2379,49,6,13838000
18384,2024-06-10,1630,14,6,1917000
18385,2024-01-08,2999,23,6,26207000
18386,2025-05-19,1466,24,3,1205000
18387,2024-12-06,2713,26,3,6708000
18388,2025-06-16,922,11,1,2017000
18389,2025-09-15,2370,5,3,10991000
18390,2024-03-09,668,33,2,10832000
18391,2025-09-15,280,37,3,23155000
18392,2025-04-24,1925,45,2,3732000
18393,2024-03-23,2357,45,3,4462000
18394,2024-07-10,1997,30,2,610000
18395,2025-04-12,2420,22,6,24008000
18396,2025-05-23,2125,22,3,12628000
18397,2025-03-24,1626,28,3,276000
18398,2024-06-07,329,46,6,13523000
18399,2025-05-16,2927,48,6,47253000
18400,2024-09-21,1273,7,6,22764000
18401,2025-01-21,1475,29,6,36477000
18402,2024-08-07,1972,22,3,21557000
18403,2025-06-24,753,19,3,4377000
18404,2024-03-17,884,10,3,16384000
18405,2024-04-29,2072,1,3,23757000
18406,2024-07-04,2523,44,6,12080000
18407,2024-12-26,2057,18,6,10110000
18408,2024-11-20,1833,13,6,7335000
18409,2024-06-19,1600,17,3,4376000
18410,2025-04-02,443,45,6,53963000
18411,2025-10-04,2339,6,1,49656000
18412,2024-04-20,171,17,6,8638000
18413,2025-01-15,587,32,6,36743000
18414,2024-02-26,2984,17,6,26452000
18415,2025-03-18,1030,21,6,64299000
18416,2024-08-04,276,41,1,2635000
18417,2025-08-11,231,16,3,31297000
18418,2024-06-29,1730,21,2,7585000
18419,2024-06-05,2404,17,6,8576000
18420,2024-07-08,2347,38,1,10054000
18421,2025-02-19,918,13,6,10071000
18422,2024-02-03,2682,3,3,21284000
18423,2024-12-23,497,5,1,6618000
18424,2025-11-30,2485,6,1,7295000
18425,2024-05-29,640,29,6,32219000
18426,2024-04-11,1439,36,6,14732000
18427,2024-06-03,1422,45,3,24285000
18428,2024-03-30,2218,49,6,19373000
18429,2025-12-10,1213,12,1,19085000
18430,2024-09-01,492,36,6,2848000
18431,2025-06-03,885,6,1,6233000
18432,2024-06-24,2553,31,6,11792000
18433,2025-05-17,108,13,6,1320000
18434,2024-01-30,2552,29,3,13291000
18435,2025-07-02,383,18,3,15983000
18436,2025-01-13,1264,15,6,8412000
18437,2024-05-28,2616,50,6,4935000
18438,2025-10-30,1093,34,3,8683000
18439,2025-07-28,1903,13,3,15283000
18440,2025-05-05,2969,36,6,7739000
18441,2024-05-18,2427,31,6,3990000
18442,2024-10-24,665,33,6,7064000
18443,2025-11-01,1599,36,6,4467000
18444,2024-05-07,2420,10,6,1482000
18445,2024-03-08,1997,45,6,16712000
18446,2025-12-03,2212,26,3,7355000
18447,2024-06-01,1846,45,6,7534000
18448,2024-06-13,2694,40,3,23533000
18449,2025-10-21,218,15,3,22174000
18450,2024-05-02,1607,8,2,49045000
18451,2024-05-21,2097,6,3,11591000
18452,2024-04-18,416,32,3,8642000
18453,2024-11-03,84,19,6,1160000
18454,2025-07-11,2687,43,6,10647000
18455,2024-08-23,1950,20,3,18492000
18456,2024-02-20,1531,9,2,15942000
18457,2025-12-04,1897,47,2,4780000
18458,2024-05-11,191,32,1,15620000
18459,2025-08-01,1979,50,3,8436000
18460,2025-10-05,328,27,1,33345000
18461,2024-05-07,1733,9,3,3933000
18462,2024-11-19,2108,5,3,8696000
18463,2025-04-07,1961,8,3,5934000
18464,2025-02-09,2690,32,6,15988000
18465,2025-05-16,1050,5,6,8171000
18466,2025-01-28,209,26,6,3602000
18467,2025-07-15,1386,36,3,1720000
18468,2025-07-07,2676,19,6,2238000
18469,2024-09-29,2727,9,6,1526000
18470,2024-12-15,239,18,3,3385000
18471,2025-06-03,2094,26,6,3154000
18472,2024-12-28,910,33,6,16270000
18473,2025-07-26,1200,21,3,666000
18474,2024-06-25,1708,22,1,24873000
18475,2025-05-20,1703,27,6,5463000
18476,2024-08-31,445,22,6,18592000
18477,2024-06-25,1295,18,3,14139000
18478,2025-12-12,1910,35,1,1850000
18479,2024-07-05,363,6,1,47118000
18480,2025-01-23,2208,7,3,36340000
18481,2025-02-26,2120,24,2,3445000
18482,2025-02-04,879,20,6,38886000
18483,2025-06-23,2767,22,6,24636000
18484,2025-12-05,2417,32,6,16863000
18485,2024-03-05,6,19,6,13491000
18486,2025-10-30,1543,33,3,16812000
18487,2024-07-06,1779,45,1,5105000
18488,2024-11-05,724,20,1,12524000
18489,2024-07-29,1473,40,1,7860000
18490,2025-06-27,2130,41,6,4174000
18491,2024-01-12,68,22,1,5113000
18492,2024-12-23,337,14,6,11689000
18493,2024-07-05,1951,12,6,19480000
18494,2025-06-30,1651,8,3,17809000
18495,2024-07-07,404,5,6,11404000
18496,2024-01-11,2905,36,6,32805000
18497,2025-05-28,1914,17,1,44145000
18498,2025-02-26,466,23,6,330000
18499,2025-04-23,479,11,2,2748000
18500,2025-01-19,515,31,6,39297000
18501,2025-04-10,2584,13,1,2346000
18502,2025-12-27,754,3,2,7824000
18503,2025-03-06,390,8,3,7227000
18504,2024-08-16,1781,36,3,13112000
18505,2024-12-19,637,40,6,4739000
18506,2024-10-17,2211,1,1,48734000
18507,2024-07-17,947,41,6,52280000
18508,2024-06-12,983,21,3,17988000
18509,2025-10-07,1040,44,6,31928000
18510,2025-09-03,1775,16,3,24442000
18511,2024-08-07,2728,42,3,5587000
18512,2024-11-11,1603,4,6,16609000
18513,2024-10-22,2389,5,6,9273000
18514,2025-09-17,2140,8,6,8280000
18515,2024-11-30,1325,28,3,29938000
18516,2024-07-17,2493,28,2,8130000
18517,2025-11-18,1274,31,6,17719000
18518,2024-04-29,2596,1,6,12376000
18519,2024-07-08,1101,9,6,8825000
18520,2025-07-23,1065,26,6,13060000
18521,2025-06-14,2427,38,1,4535000
18522,2024-07-23,1001,22,6,8202000
18523,2024-04-04,1835,28,3,34610000
18524,2025-12-30,1476,13,3,18405000
18525,2024-10-04,2418,40,6,6759000
18526,2024-01-23,2144,48,6,828000
18527,2025-04-08,1904,10,6,9395000
18528,2025-09-21,1855,10,3,43174000
18529,2024-01-25,2544,9,6,12206000
18530,2025-04-13,302,20,3,7049000
18531,2024-01-25,2801,19,6,10519000
18532,2024-09-19,216,34,6,9530000
18533,2025-09-07,2220,7,6,5974000
18534,2024-08-29,1770,8,3,1128000
18535,2025-06-21,1381,29,6,4104000
18536,2024-06-01,1109,24,1,13450000
18537,2024-04-27,1600,19,1,7029000
18538,2025-10-26,142,45,2,11358000
18539,2024-04-23,2119,4,3,768000
18540,2024-06-21,2813,42,3,49970000
18541,2024-11-29,1033,41,3,1715000
18542,2025-10-26,1306,9,2,3206000
18543,2024-03-24,2665,9,2,7938000
18544,2025-12-11,1494,37,6,41990000
18545,2025-03-08,1008,13,1,18050000
18546,2025-07-29,440,49,6,11374000
18547,2025-08-05,2746,35,6,52429000
18548,2024-05-31,1794,27,3,25393000
18549,2024-02-16,415,30,6,4339000
18550,2024-01-27,1538,40,3,32082000
18551,2025-12-08,1351,15,1,19711000
18552,2025-04-23,252,44,3,22716000
18553,2025-09-05,2596,16,6,20791000
18554,2024-08-20,2471,50,3,5872000
18555,2025-06-19,2832,27,6,7629000
18556,2024-03-05,1064,41,1,11849000
18557,2025-02-21,1028,28,1,12371000
18558,2025-08-05,1561,46,3,20598000
18559,2024-02-26,1413,20,6,48712000
18560,2024-07-03,306,38,3,7909000
18561,2025-08-19,682,26,6,10630000
18562,2024-05-07,765,21,3,8026000
18563,2024-10-08,47,19,6,14672000
18564,2025-02-28,239,33,1,2637000
18565,2024-01-28,1794,16,6,12968000
18566,2024-10-12,1722,4,3,25248000
18567,2025-05-14,2381,30,6,5192000
18568,2024-03-01,2599,31,6,53731000
18569,2025-06-12,1436,49,6,26079000
18570,2024-10-03,1058,49,3,4977000
18571,2025-12-08,623,21,6,2472000
18572,2025-08-13,946,16,6,960000
18573,2025-06-29,2064,25,3,13849000
18574,2024-11-22,1263,27,3,2224000
18575,2024-03-02,21,9,1,6332000
18576,2024-01-16,2726,40,6,892000
18577,2025-03-08,1125,25,6,15827000
18578,2024-07-25,283,46,6,62488000
18579,2025-11-12,1532,45,3,2394000
18580,2024-12-12,2317,27,1,62467000
18581,2025-12-03,2749,41,6,20227000
18582,2024-09-27,523,14,1,12906000
18583,2024-11-03,2700,8,1,15039000
18584,2025-07-12,2832,16,6,13934000
18585,2024-08-31,2609,31,3,20575000
18586,2024-09-03,1890,22,1,5899000
18587,2025-02-05,2512,27,3,31401000
18588,2025-01-18,1957,23,1,23519000
18589,2025-09-03,266,25,3,654000
18590,2024-04-16,774,40,6,16115000
18591,2025-01-23,2257,39,1,8205000
18592,2024-08-28,523,31,6,16540000
18593,2025-02-10,362,25,1,11397000
18594,2025-09-29,2056,18,3,27175000
18595,2024-04-16,494,30,1,7913000
18596,2024-06-01,1386,8,1,8996000
18597,2024-11-28,1970,20,3,11730000
18598,2024-05-01,1431,14,1,104000
18599,2024-11-11,1774,41,3,35262000
18600,2025-10-14,1545,15,3,6927000
18601,2025-06-10,442,41,3,8076000
18602,2024-01-06,2157,22,6,43177000
18603,2024-10-05,705,3,6,13169000
18604,2024-01-03,2501,41,3,21783000
18605,2024-09-12,2500,41,6,20813000
18606,2024-02-24,226,46,6,4850000
18607,2025-07-14,2346,48,6,2198000
18608,2025-08-13,879,22,3,20088000
18609,2025-02-14,402,32,6,7139000
18610,2024-07-04,840,33,1,10478000
18611,2024-02-02,1868,23,3,32189000
18612,2024-04-25,982,20,3,36162000
18613,2025-03-16,1391,29,3,7440000
18614,2025-03-04,2894,36,2,10636000
18615,2024-01-13,998,12,2,37727000
18616,2024-05-20,669,17,3,13258000
18617,2024-04-11,1994,15,1,15678000
18618,2025-07-26,340,21,3,19337000
18619,2025-12-05,2574,21,6,7681000
18620,2024-08-02,265,10,6,2141000
18621,2025-10-11,1672,32,6,10438000
18622,2024-01-10,2867,1,3,27405000
18623,2024-10-22,27,20,1,12835000
18624,2025-04-04,2248,7,6,33746000
18625,2024-03-12,479,38,6,8871000
18626,2025-06-25,1914,46,1,1778000
18627,2025-03-05,206,27,1,448000
18628,2024-09-27,164,24,3,18793000
18629,2024-07-25,150,3,6,4194000
18630,2025-04-18,763,15,3,6337000
18631,2025-01-17,844,12,6,23789000
18632,2025-08-01,468,33,1,3750000
18633,2024-08-20,904,8,6,8523000
18634,2025-05-12,487,27,1,11458000
18635,2025-09-04,2376,27,3,3127000
18636,2024-03-08,2700,30,6,16984000
18637,2024-11-11,2277,6,6,8994000
18638,2024-10-28,530,42,1,9803000
18639,2024-08-12,1410,10,2,9636000
18640,2024-11-18,1661,4,1,6582000
18641,2024-08-10,2750,41,1,22439000
18642,2024-11-04,2031,20,6,9502000
18643,2025-06-23,1967,37,1,14736000
18644,2025-05-20,351,36,6,7923000
18645,2024-12-28,293,15,6,7109000
18646,2024-02-25,855,45,6,13331000
18647,2025-12-28,2381,29,3,17947000
18648,2025-04-13,2221,47,2,40877000
18649,2025-07-26,2025,33,6,20802000
18650,2024-04-12,1876,33,6,3015000
18651,2025-04-27,2529,42,1,4571000
18652,2025-09-22,884,28,3,11502000
18653,2024-08-13,2340,20,3,10388000
18654,2025-08-23,2718,22,6,32473000
18655,2024-07-08,123,9,3,5629000
18656,2024-07-29,1297,11,2,2817000
18657,2024-03-04,1239,35,3,28129000
18658,2024-05-01,1063,27,3,16338000
18659,2025-10-09,365,16,3,20209000
18660,2025-08-24,2976,15,1,2165000
18661,2024-03-16,867,34,6,37320000
18662,2024-07-22,2808,43,6,20896000
18663,2025-08-11,556,14,6,4623000
18664,2025-12-12,2760,45,1,27315000
18665,2024-10-12,2488,13,6,18637000
18666,2024-04-24,182,18,2,5109000
18667,2025-04-20,1630,12,3,8172000
18668,2024-12-06,2876,7,2,35971000
18669,2024-09-12,2662,1,2,13887000
18670,2025-02-25,1124,3,6,30386000
18671,2024-01-27,934,40,6,14130000
18672,2025-11-04,1640,9,3,2812000
18673,2024-04-23,2164,36,3,165000
18674,2025-03-23,2512,3,6,45328000
18675,2024-09-07,2064,38,2,1789000
18676,2024-04-20,1246,42,3,8558000
18677,2024-05-30,287,39,3,880000
18678,2024-04-24,695,1,6,46560000
18679,2024-05-30,1040,19,3,4680000
18680,2025-06-24,1294,49,2,17117000
18681,2024-03-11,2738,27,6,740000
18682,2024-10-25,2742,6,6,15136000
18683,2024-01-19,2480,40,6,15907000
18684,2025-05-21,1353,25,3,5533000
18685,2024-03-29,304,42,1,20716000
18686,2024-09-15,910,5,6,22922000
18687,2024-08-16,754,39,1,20446000
18688,2024-04-06,1062,38,1,1414000
18689,2025-09-11,550,48,3,15125000
18690,2025-10-23,634,50,1,9607000
18691,2024-07-31,1504,46,3,21670000
18692,2025-02-15,993,18,6,13795000
18693,2024-06-20,1758,11,6,2419000
18694,2025-03-31,427,39,1,5506000
18695,2025-08-08,388,27,6,44968000
18696,2024-06-19,1818,44,6,9928000
18697,2024-07-22,23,35,6,674000
18698,2025-12-19,554,44,6,8404000
18699,2024-01-11,958,26,6,4299000
18700,2025-06-21,166,1,1,11085000
18701,2025-11-11,1455,43,6,6589000
18702,2024-01-10,1768,46,6,1280000
18703,2025-10-05,2748,25,6,34423000
18704,2025-03-08,1499,5,6,2537000
18705,2024-05-29,1984,48,6,16724000
18706,2025-12-25,1284,49,1,35630000
18707,2024-06-09,2368,8,1,7540000
18708,2024-07-27,2606,25,6,21657000
18709,2024-12-06,1784,19,6,9686000
18710,2024-04-21,1067,38,1,264000
18711,2024-01-05,128,5,6,28980000
18712,2025-09-23,5,14,3,18937000
18713,2024-07-05,1041,1,1,24007000
18714,2024-02-18,2394,11,1,25958000
18715,2025-11-20,2078,15,6,16240000
18716,2024-07-25,1582,18,6,5488000
18717,2025-01-13,1572,28,1,7478000
18718,2024-01-24,2431,42,2,38340000
18719,2025-01-22,1747,37,6,34507000
18720,2025-07-16,218,48,6,11546000
18721,2025-09-18,1110,2,6,17451000
18722,2025-02-20,1235,20,6,4752000
18723,2025-01-12,273,22,6,195000
18724,2024-04-06,1989,43,3,10511000
18725,2024-06-04,2845,15,2,12278000
18726,2024-01-13,562,34,3,234000
18727,2024-07-26,1138,37,1,4243000
18728,2025-07-03,1093,19,6,31974000
18729,2024-12-01,170,31,6,1492000
18730,2025-10-22,703,40,3,5156000
18731,2024-05-25,2232,2,1,29504000
18732,2025-12-29,1999,38,6,4085000
18733,2024-10-01,124,4,2,59681000
18734,2024-03-07,16,22,6,5022000
18735,2025-06-27,2364,31,6,7558000
18736,2025-09-03,207,15,6,685000
18737,2024-09-20,2496,25,6,8959000
18738,2024-11-04,551,43,1,595000
18739,2024-04-27,1650,38,6,22816000
18740,2025-11-30,2144,39,1,9425000
18741,2025-12-12,2049,28,3,13929000
18742,2025-05-13,2390,30,3,16448000
18743,2024-08-27,1202,33,6,7236000
18744,2025-09-26,1772,13,6,2362000
18745,2025-04-30,513,9,1,25169000
18746,2024-03-27,1294,9,6,24956000
18747,2024-02-04,1476,45,6,22791000
18748,2025-08-30,1171,36,2,13878000
18749,2024-11-16,1873,21,3,29642000
18750,2024-05-02,98,3,3,13690000
18751,2025-01-12,1257,20,6,1289000
18752,2025-01-03,261,12,6,8965000
18753,2025-01-15,2009,16,6,24357000
18754,2025-11-25,2336,45,3,5600000
18755,2024-10-01,2094,3,2,22016000
18756,2024-05-30,17,44,1,11154000
18757,2024-06-21,2124,32,3,63356000
18758,2025-03-28,2140,50,3,17781000
18759,2025-01-28,2927,5,6,16375000
18760,2025-06-23,2966,49,1,36557000
18761,2024-06-02,2716,9,6,2332000
18762,2025-11-12,238,39,3,10286000
18763,2025-01-12,2950,24,6,14509000
18764,2024-08-22,651,12,1,47246000
18765,2024-07-07,994,45,1,12945000
18766,2025-02-15,152,6,6,17191000
18767,2025-01-02,1173,10,6,37099000
18768,2025-09-30,2980,46,3,7479000
18769,2025-06-17,845,11,2,4907000
18770,2025-09-20,2354,41,3,11025000
18771,2024-05-19,1117,10,1,6308000
18772,2024-11-14,2263,13,3,9171000
18773,2025-10-25,155,47,6,12535000
18774,2024-03-21,2883,34,6,28253000
18775,2024-12-05,1661,45,6,1771000
18776,2024-05-27,1796,33,6,4541000
18777,2025-05-06,807,2,1,13141000
18778,2025-12-25,2932,14,3,10795000
18779,2024-10-24,2284,19,6,33066000
18780,2025-12-15,1811,6,6,17222000
18781,2025-02-07,1929,15,1,11595000
18782,2025-10-22,2413,47,3,15165000
18783,2025-09-29,631,8,1,17098000
18784,2025-03-29,163,8,3,5851000
18785,2024-08-05,641,32,6,12437000
18786,2024-01-12,794,8,6,11105000
18787,2025-08-27,1184,41,6,28656000
18788,2024-10-01,991,17,2,10035000
18789,2025-07-05,2174,8,6,52383000
18790,2025-10-09,1830,42,6,18459000
18791,2025-11-22,1521,6,6,1170000
18792,2024-03-03,583,7,3,10377000
18793,2025-02-14,1068,22,3,8326000
18794,2025-07-27,569,6,3,3036000
18795,2024-11-06,480,24,3,6320000
18796,2025-05-01,1673,49,1,3310000
18797,2025-06-07,1674,6,3,26332000
18798,2025-10-31,2500,2,3,12731000
18799,2024-12-24,1234,1,1,3668000
18800,2024-03-04,798,10,6,12898000
18801,2024-08-15,1516,21,6,472000
18802,2025-08-27,2473,47,6,16147000
18803,2024-07-19,2448,29,1,5627000
18804,2024-01-12,2894,49,6,10881000
18805,2025-02-27,65,1,6,7697000
18806,2025-12-26,1204,9,2,3958000
18807,2025-09-12,711,10,6,8953000
18808,2025-08-04,2015,16,3,30191000
18809,2025-02-28,1900,4,6,11398000
18810,2024-03-29,175,25,2,6428000
18811,2024-04-12,350,46,1,2911000
18812,2025-10-08,18,15,1,18206000
18813,2024-06-15,865,43,1,776000
18814,2024-09-12,1454,46,6,20272000
18815,2024-08-17,815,45,6,41935000
18816,2024-09-22,1306,14,6,12507000
18817,2025-12-19,1373,26,3,18531000
18818,2024-05-20,1599,31,6,5600000
18819,2024-04-12,706,6,6,58115000
18820,2024-08-13,2082,11,6,24227000
18821,2024-11-17,2392,25,1,9108000
18822,2024-06-20,930,40,6,10254000
18823,2024-05-26,1141,45,3,5273000
18824,2024-09-25,893,37,6,7140000
18825,2025-12-18,2946,4,3,14076000
18826,2025-08-25,1557,45,2,7397000
18827,2025-04-14,2386,13,3,6880000
18828,2024-03-22,17,23,3,43804000
18829,2024-12-27,2581,2,6,28107000
18830,2024-03-12,2571,4,3,17277000
18831,2024-03-20,1689,49,6,30984000
18832,2024-07-23,2832,22,3,6155000
18833,2025-12-23,2707,35,6,10640000
18834,2025-11-07,259,50,6,16350000
18835,2025-10-20,824,41,1,9824000
18836,2024-03-04,2928,40,1,3552000
18837,2025-07-25,936,42,6,42671000
18838,2024-08-31,1115,10,6,26096000
18839,2025-10-16,2473,22,2,12185000
18840,2025-12-22,328,21,1,11172000
18841,2025-11-30,2181,1,3,4144000
18842,2025-03-02,1078,34,6,16233000
18843,2024-05-05,2564,21,6,14902000
18844,2025-11-04,1871,38,3,23400000
18845,2024-08-04,2770,12,6,18224000
18846,2025-02-16,2904,40,6,4274000
18847,2025-12-05,1090,39,1,26398000
18848,2025-06-19,2414,28,1,9170000
18849,2025-06-24,2532,42,3,16784000
18850,2025-08-14,1687,33,2,51505000
18851,2024-04-15,757,46,6,16612000
18852,2025-01-21,2336,47,3,10669000
18853,2024-07-16,222,3,6,5635000
18854,2024-11-14,1828,26,6,9588000
18855,2024-06-21,1180,40,6,17061000
18856,2024-11-10,582,48,3,21386000
18857,2024-07-01,2213,6,3,2230000
18858,2024-07-15,634,22,6,18535000
18859,2024-03-25,649,25,6,2485000
18860,2025-08-31,269,31,3,16666000
18861,2024-07-05,1798,11,3,28305000
18862,2025-04-14,759,8,1,6919000
18863,2025-03-20,2522,45,2,13294000
18864,2025-07-24,1615,28,2,29012000
18865,2024-06-21,529,38,6,10358000
18866,2024-08-22,304,27,6,14250000
18867,2024-02-19,480,46,1,4655000
18868,2024-10-08,245,19,3,17128000
18869,2025-11-25,856,20,2,30687000
18870,2025-05-06,1711,1,3,35029000
18871,2025-05-14,468,13,6,2212000
18872,2025-05-03,1968,40,1,34000000
18873,2025-06-16,1552,20,2,4241000
18874,2024-09-25,1908,2,6,132000
18875,2024-06-04,178,43,3,8709000
18876,2025-03-09,1656,47,6,15585000
18877,2025-05-20,2176,27,1,1195000
18878,2025-01-07,2863,38,6,7677000
18879,2024-09-12,57,45,3,5161000
18880,2024-06-01,531,25,3,9202000
18881,2024-11-04,483,21,1,14863000
18882,2025-11-04,1325,17,1,1510000
18883,2024-05-04,2067,31,2,19050000
18884,2025-10-23,2654,23,3,17150000
18885,2025-09-27,2252,11,1,4438000
18886,2024-03-07,1666,9,6,6150000
18887,2025-09-27,910,12,1,36470000
18888,2024-10-08,36,46,3,5592000
18889,2024-10-28,2600,2,6,610000
18890,2024-10-28,2352,13,3,3351000
18891,2024-09-05,1086,6,6,322000
18892,2024-05-23,994,49,1,2253000
18893,2024-11-24,2649,49,1,7352000
18894,2025-06-06,2047,18,6,1975000
18895,2024-01-27,575,37,3,27150000
18896,2024-07-20,864,9,1,3976000
18897,2025-05-05,1733,2,1,29447000
18898,2025-08-23,739,8,3,7012000
18899,2024-04-15,1683,21,3,16603000
18900,2024-02-08,1592,17,1,43495000
18901,2025-10-02,2097,24,6,948000
18902,2024-03-05,569,40,3,8893000
18903,2025-06-03,1738,26,1,8264000
18904,2024-04-25,2117,44,2,12867000
18905,2024-11-26,2083,16,3,30266000
18906,2025-09-20,1850,26,3,8410000
18907,2024-01-30,2699,19,6,2804000
18908,2024-07-23,1295,2,6,9605000
18909,2025-04-30,953,48,2,33519000
18910,2025-07-14,2197,22,3,18262000
18911,2024-08-29,1917,30,6,22174000
18912,2024-09-02,894,23,3,28221000
18913,2025-11-16,2843,17,2,4028000
18914,2025-08-06,1291,42,1,13973000
18915,2024-07-16,695,42,6,5948000
18916,2025-11-26,2570,48,1,22769000
18917,2024-07-20,2948,21,3,36379000
18918,2025-02-06,2359,49,3,7161000
18919,2024-10-24,1246,16,1,19581000
18920,2025-06-13,2537,2,1,21509000
18921,2024-11-27,1089,32,2,5218000
18922,2025-11-10,722,31,3,1168000
18923,2024-01-05,1613,25,6,35220000
18924,2024-11-12,2261,24,6,24580000
18925,2025-05-09,2241,45,6,14553000
18926,2025-06-11,2448,11,6,24945000
18927,2025-05-27,1462,46,6,6017000
18928,2024-04-22,604,31,3,2456000
18929,2024-04-07,423,34,1,10301000
18930,2025-03-07,230,26,1,3809000
18931,2025-05-23,50,45,6,4677000
18932,2024-12-10,1261,23,6,23894000
18933,2025-12-28,1380,7,6,9697000
18934,2024-10-06,2561,6,6,10935000
18935,2024-06-29,904,45,3,25875000
18936,2025-03-04,312,20,6,7234000
18937,2024-01-22,2490,20,2,59115000
18938,2024-08-18,2614,42,3,8291000
18939,2024-06-23,637,23,3,22473000
18940,2024-03-06,1095,46,3,16014000
18941,2024-03-27,2605,1,3,7920000
18942,2025-11-18,498,37,3,29631000
18943,2024-12-18,143,43,6,24656000
18944,2024-11-11,700,43,3,10893000
18945,2024-04-14,1719,20,6,16752000
18946,2025-05-31,2819,47,2,12644000
18947,2025-10-26,2162,7,2,30995000
18948,2025-10-10,1626,45,1,19009000
18949,2024-12-05,1461,7,3,20773000
18950,2025-05-17,587,26,1,12969000
18951,2024-10-25,2904,18,6,15842000
18952,2024-11-22,1706,24,3,3264000
18953,2024-06-11,1190,32,6,6987000
18954,2025-07-24,558,45,6,5808000
18955,2025-07-01,1038,23,3,9059000
18956,2025-05-25,545,10,2,35952000
18957,2025-01-14,178,8,3,21805000
18958,2025-01-27,89,2,1,8510000
18959,2025-03-14,2124,20,3,1260000
18960,2025-03-22,1949,30,6,19179000
18961,2025-03-19,498,38,1,12126000
18962,2024-02-18,544,38,6,17365000
18963,2025-02-15,1015,29,6,11264000
18964,2024-12-15,1423,24,6,22334000
18965,2025-09-29,1218,47,1,2793000
18966,2024-04-16,2786,44,3,7478000
18967,2024-07-12,1569,25,6,8242000
18968,2024-04-04,376,26,1,13029000
18969,2025-01-01,831,22,1,6255000
18970,2024-05-18,2486,15,3,9037000
18971,2025-02-11,684,37,2,10570000
18972,2025-07-03,1952,41,3,4671000
18973,2024-07-24,2698,48,6,38455000
18974,2024-12-14,2484,50,1,31515000
18975,2025-10-02,1860,41,1,2935000
18976,2025-05-04,1452,7,1,23859000
18977,2024-03-20,1340,34,6,5930000
18978,2024-05-26,96,31,2,10676000
18979,2024-07-29,2148,37,6,972000
18980,2025-05-02,2729,30,3,5386000
18981,2024-12-10,1227,41,2,3477000
18982,2025-03-30,2398,17,6,2933000
18983,2024-09-09,2520,14,6,15250000
18984,2024-03-27,423,12,1,12726000
18985,2025-02-21,1228,27,1,19977000
18986,2025-10-24,2225,21,2,7106000
18987,2025-01-19,2349,26,6,8864000
18988,2025-12-06,638,47,3,5939000
18989,2025-02-10,1089,30,6,24581000
18990,2024-01-06,2916,22,6,8250000
18991,2025-12-26,67,15,6,1383000
18992,2024-11-19,51,8,6,18656000
18993,2024-01-01,1323,24,6,13066000
18994,2024-02-14,1138,31,3,21736000
18995,2025-04-01,2737,5,1,3435000
18996,2024-08-25,1965,47,1,5014000
18997,2025-07-23,1921,46,1,29534000
18998,2025-01-05,2003,26,3,8885000
18999,2025-01-01,1778,17,1,26562000
19000,2025-09-30,1693,23,1,36513000
19001,2025-09-25,2375,42,3,18656000
19002,2024-03-03,2540,21,6,10514000
19003,2025-04-27,335,32,6,43747000
19004,2024-09-16,2991,7,6,8354000
19005,2025-06-22,1731,32,6,6849000
19006,2025-12-06,1138,34,3,20607000
19007,2025-09-26,1616,8,6,580000
19008,2024-04-15,2693,42,6,7216000
19009,2024-01-15,72,36,3,1328000
19010,2024-09-17,1164,14,6,2069000
19011,2025-07-02,935,22,3,8374000
19012,2024-01-02,194,27,6,1913000
19013,2024-02-04,2958,29,6,8063000
19014,2024-01-26,1010,46,6,15723000
19015,2025-01-10,910,2,2,35038000
19016,2025-11-01,2861,30,1,14901000
19017,2024-10-14,360,24,1,3668000
19018,2025-05-06,1132,49,1,588000
19019,2024-03-28,580,35,3,11010000
19020,2024-09-08,823,4,3,30220000
19021,2024-10-30,988,34,2,16719000
19022,2024-05-02,2248,4,3,18883000
19023,2025-05-18,2895,23,1,9243000
19024,2025-04-09,1218,7,1,45826000
19025,2025-03-03,73,2,1,6987000
19026,2025-03-09,2592,47,6,10717000
19027,2024-09-29,1403,44,3,15569000
19028,2025-01-30,302,34,3,12996000
19029,2025-10-12,2703,17,1,17146000
19030,2024-01-31,1569,10,6,10871000
19031,2025-07-02,2191,30,3,21768000
19032,2024-05-12,2736,2,1,36367000
19033,2025-07-28,587,23,1,2940000
19034,2025-03-15,1425,21,1,28722000
19035,2024-06-07,90,21,1,5382000
19036,2025-07-05,1176,34,2,43220000
19037,2024-08-27,34,12,6,11060000
19038,2024-04-14,1410,30,3,23511000
19039,2025-02-04,258,39,6,994000
19040,2024-10-31,1680,30,1,6958000
19041,2024-07-13,2448,1,6,5732000
19042,2024-11-07,436,35,6,4004000
19043,2025-12-04,153,29,3,9989000
19044,2024-03-20,850,33,1,1075000
19045,2025-10-31,2745,23,3,27768000
19046,2024-09-23,1787,16,6,11080000
19047,2024-10-24,1889,26,6,5665000
19048,2025-07-02,1136,35,3,3908000
19049,2024-11-26,1225,50,6,2287000
19050,2025-02-22,730,1,6,2196000
19051,2025-08-03,948,46,6,9361000
19052,2025-06-06,1599,32,1,32154000
19053,2025-04-11,70,44,1,30886000
19054,2024-04-21,2896,39,6,10594000
19055,2025-02-05,495,31,6,18234000
19056,2024-07-24,568,27,6,6816000
19057,2024-03-26,1969,11,1,17068000
19058,2025-01-03,1485,8,6,19544000
19059,2024-12-23,2268,33,6,2135000
19060,2024-01-23,509,35,1,17100000
19061,2025-08-22,2397,37,2,15858000
19062,2025-09-18,381,1,2,14970000
19063,2024-02-27,699,25,1,8445000
19064,2025-08-19,2788,3,3,4957000
19065,2025-11-14,419,39,3,7028000
19066,2024-01-31,1836,47,1,18351000
19067,2025-08-04,1115,36,3,4360000
19068,2024-09-10,1251,1,1,7320000
19069,2025-09-07,150,28,3,17077000
19070,2025-04-08,2689,31,3,21855000
19071,2025-06-29,1892,12,3,9965000
19072,2025-05-12,196,13,6,27206000
19073,2024-11-17,226,44,6,4391000
19074,2025-07-12,2580,33,1,30416000
19075,2025-11-12,178,11,6,1594000
19076,2024-09-15,1638,43,3,7323000
19077,2024-10-18,2573,14,3,5972000
19078,2025-10-08,1930,19,1,4234000
19079,2024-06-01,1329,32,6,4350000
19080,2025-08-30,2983,33,1,12110000
19081,2024-01-10,1267,42,1,6742000
19082,2024-04-16,1125,21,1,41900000
19083,2025-06-04,657,13,1,9126000
19084,2024-06-21,372,14,2,8124000
19085,2024-03-11,2432,14,3,73135000
19086,2025-01-28,2608,33,1,9793000
19087,2024-05-19,1628,30,1,11070000
19088,2024-09-09,1408,27,3,25473000
19089,2024-03-06,2447,19,1,8208000
19090,2025-02-24,403,19,6,9498000
19091,2024-12-01,1590,9,3,29681000
19092,2025-04-03,2285,35,1,1316000
19093,2024-09-10,1464,22,1,3426000
19094,2024-03-13,2179,42,6,31196000
19095,2024-10-26,1262,46,6,15329000
19096,2025-09-06,174,20,3,27462000
19097,2025-06-22,823,22,6,14724000
19098,2024-07-23,1167,32,2,7089000
19099,2025-03-16,2266,42,3,20770000
19100,2024-02-29,436,31,6,11421000
19101,2024-03-29,238,35,6,13479000
19102,2025-08-31,1608,24,6,41026000
19103,2024-02-10,1621,24,3,12594000
19104,2024-02-22,597,13,6,3603000
19105,2025-02-16,2966,20,3,160000
19106,2024-11-01,139,31,6,24477000
19107,2024-04-22,1034,10,3,12141000
19108,2025-12-28,93,21,6,3430000
19109,2024-09-07,1356,48,2,4156000
19110,2024-07-14,1813,7,3,14884000
19111,2024-08-27,2907,17,3,1358000
19112,2025-10-06,2012,45,3,33860000
19113,2025-08-09,612,10,3,18929000
19114,2024-04-14,241,46,3,9136000
19115,2024-02-13,1808,29,3,16361000
19116,2025-01-15,2750,33,6,31400000
19117,2025-09-16,2573,39,3,16276000
19118,2025-11-25,2527,12,3,26581000
19119,2025-08-26,2767,44,1,34185000
19120,2024-04-30,1893,28,3,4300000
19121,2025-03-15,238,15,3,1350000
19122,2024-08-29,1072,32,3,6425000
19123,2025-03-16,611,27,6,2316000
19124,2025-03-08,344,47,6,8559000
19125,2024-05-01,1360,42,2,3630000
19126,2024-03-09,2180,27,2,12673000
19127,2024-12-11,53,16,6,37813000
19128,2024-02-05,2995,49,3,41304000
19129,2024-01-14,2686,32,3,8313000
19130,2025-02-19,281,7,6,4177000
19131,2024-01-23,2807,30,6,2059000
19132,2025-04-07,84,15,6,12816000
19133,2025-11-03,1904,2,3,17742000
19134,2025-06-02,538,26,1,16355000
19135,2025-05-09,1230,44,6,12604000
19136,2024-10-16,1537,10,1,24094000
19137,2025-11-09,1424,3,6,9747000
19138,2024-09-23,1873,28,1,8914000
19139,2024-04-05,2309,36,3,24575000
19140,2024-09-05,2226,48,1,5124000
19141,2025-12-04,1308,37,1,20495000
19142,2024-01-14,308,26,3,19693000
19143,2024-09-17,2316,29,2,38123000
19144,2025-03-28,271,38,3,2559000
19145,2024-05-11,1481,31,6,258000
19146,2024-05-02,424,30,3,25235000
19147,2024-09-15,1211,45,2,8923000
19148,2024-07-15,1170,12,3,23410000
19149,2025-04-12,1308,41,6,42689000
19150,2025-03-28,825,45,2,17704000
19151,2024-04-18,194,8,6,13637000
19152,2025-01-28,1580,1,1,7524000
19153,2025-03-26,2508,6,1,12962000
19154,2025-02-28,310,23,6,39628000
19155,2024-02-07,2540,33,6,26798000
19156,2025-02-14,2466,6,2,12253000
19157,2024-08-22,2417,13,6,5302000
19158,2025-07-26,500,4,3,3811000
19159,2024-09-05,784,20,6,42813000
19160,2024-08-03,2352,13,2,4478000
19161,2025-10-12,1949,20,1,3459000
19162,2024-05-27,381,28,6,5820000
19163,2025-08-19,2053,7,2,15880000
19164,2025-01-04,1954,50,3,2524000
19165,2024-04-02,813,25,6,13557000
19166,2025-11-12,2140,42,3,11615000
19167,2024-12-15,1013,29,3,9471000
19168,2024-05-28,2216,4,6,32787000
19169,2024-09-03,2532,25,3,13622000
19170,2024-05-16,1070,34,3,15042000
19171,2025-05-19,2608,12,3,20377000
19172,2025-05-19,426,14,2,14663000
19173,2024-04-04,2788,21,3,10962000
19174,2024-06-21,1343,4,3,5316000
19175,2024-10-25,872,18,1,28203000
19176,2024-04-05,481,11,3,13170000
19177,2025-12-10,2238,47,1,2936000
19178,2025-07-04,2151,48,1,8680000
19179,2025-08-24,388,17,6,4692000
19180,2024-11-14,1918,3,6,21177000
19181,2024-10-16,1018,14,1,13158000
19182,2024-04-05,631,21,3,5981000
19183,2025-12-20,1469,42,6,38819000
19184,2024-07-15,577,45,6,15745000
19185,2024-10-26,2901,14,3,4089000
19186,2024-07-06,713,4,6,4725000
19187,2025-06-10,2667,42,2,7989000
19188,2024-01-26,1354,47,2,12842000
19189,2025-07-15,2391,36,3,7767000
19190,2025-12-28,1106,47,2,30566000
19191,2025-07-07,2818,48,3,4752000
19192,2025-02-19,2573,30,1,2694000
19193,2024-09-06,877,26,3,6998000
19194,2024-09-07,1525,7,2,424000
19195,2025-04-20,889,33,6,33548000
19196,2024-03-05,1300,14,6,26557000
19197,2025-10-05,870,24,6,12853000
19198,2025-05-03,2427,19,3,19075000
19199,2024-12-19,1179,43,2,15278000
19200,2025-09-22,1236,27,3,2916000
19201,2025-03-31,1135,24,6,15280000
19202,2025-02-23,801,32,3,19987000
19203,2024-02-09,494,34,6,5766000
19204,2024-04-09,2943,21,3,21207000
19205,2024-08-20,36,1,6,33917000
19206,2024-07-12,1216,3,3,39205000
19207,2025-03-04,396,12,3,33798000
19208,2025-08-10,674,25,1,9604000
19209,2025-12-01,934,49,6,2340000
19210,2024-04-22,2226,50,2,152000
19211,2025-01-09,1799,38,6,10897000
19212,2025-03-29,1666,19,1,52053000
19213,2024-07-25,1915,34,3,708000
19214,2024-11-19,152,29,3,28624000
19215,2025-12-24,121,42,6,30111000
19216,2025-04-16,1533,23,1,26587000
19217,2024-07-20,39,50,1,38579000
19218,2024-08-01,2836,45,6,22119000
19219,2025-10-09,82,7,1,32544000
19220,2024-08-21,685,37,3,5064000
19221,2024-02-21,424,49,3,13076000
19222,2025-12-23,666,18,3,37267000
19223,2024-08-29,1148,7,6,66646000
19224,2025-12-03,2076,10,1,10001000
19225,2024-03-26,684,6,6,21689000
19226,2024-03-18,424,3,3,14899000
19227,2025-07-07,2,45,3,22176000
19228,2025-07-09,2317,22,3,9105000
19229,2025-02-01,1668,24,3,32019000
19230,2025-12-22,928,22,6,5572000
19231,2024-04-06,2912,18,2,4196000
19232,2024-01-25,2247,47,2,11836000
19233,2024-11-04,2767,23,1,21513000
19234,2025-10-19,2259,26,2,11535000
19235,2025-02-16,2195,38,1,3299000
19236,2024-03-30,1981,48,6,23328000
19237,2024-09-25,2016,47,3,4414000
19238,2025-05-07,1031,39,6,8679000
19239,2024-06-26,569,19,3,3696000
19240,2025-09-25,1082,43,3,1006000
19241,2025-10-24,2237,38,6,26485000
19242,2025-02-12,939,37,3,6217000
19243,2025-01-22,122,4,6,5622000
19244,2025-02-08,2330,19,2,586000
19245,2025-12-10,1713,21,3,24952000
19246,2025-04-20,109,48,3,6742000
19247,2024-12-22,517,40,6,23643000
19248,2024-02-23,1711,16,6,25462000
19249,2024-10-31,452,41,6,15269000
19250,2025-03-30,2154,41,6,8828000
19251,2024-08-15,108,18,6,33702000
19252,2024-11-17,1588,30,6,14182000
19253,2025-10-22,2371,33,2,5859000
19254,2025-07-22,2573,26,1,19588000
19255,2024-05-19,2622,20,1,3829000
19256,2024-07-22,1306,1,3,8326000
19257,2025-11-02,1445,6,3,5668000
19258,2024-05-10,1904,17,3,3336000
19259,2025-10-28,2915,7,6,3072000
19260,2024-05-26,1723,48,3,2649000
19261,2025-06-26,1508,12,2,49781000
19262,2024-12-13,1752,43,6,10964000
19263,2024-01-08,1367,45,3,17916000
19264,2025-07-31,2340,47,1,822000
19265,2024-05-29,2637,5,3,10930000
19266,2025-04-18,1116,26,6,13352000
19267,2025-02-07,847,41,3,9436000
19268,2024-05-31,1524,27,3,8625000
19269,2024-02-17,645,50,3,242000
19270,2025-03-30,2613,26,2,6851000
19271,2025-12-16,2547,29,6,972000
19272,2025-07-04,384,15,3,6421000
19273,2025-07-31,478,2,1,2534000
19274,2025-10-24,162,35,6,12811000
19275,2024-11-14,134,12,3,20534000
19276,2025-08-26,2385,15,6,1626000
19277,2024-12-06,2641,47,3,5428000
19278,2024-02-13,2736,16,3,3392000
19279,2025-09-16,87,35,6,5866000
19280,2025-04-12,2280,36,1,2651000
19281,2024-11-20,2146,18,1,15080000
19282,2024-07-07,78,33,6,9492000
19283,2024-12-30,517,4,6,48834000
19284,2025-05-25,1200,34,6,22501000
19285,2024-02-19,737,23,6,24463000
19286,2024-08-25,1946,33,3,19310000
19287,2024-04-01,2829,43,6,3123000
19288,2025-08-25,218,44,3,30075000
19289,2025-03-24,610,29,1,23460000
19290,2024-06-25,2688,33,6,16165000
19291,2025-01-16,2017,49,6,4526000
19292,2025-08-26,1949,18,3,6260000
19293,2024-09-17,3,34,6,15586000
19294,2024-06-17,739,34,6,12892000
19295,2024-03-29,2464,34,1,2578000
19296,2025-03-25,604,27,2,17009000
19297,2025-01-21,1389,31,6,3703000
19298,2025-06-05,653,50,3,14747000
19299,2025-09-07,1788,31,1,393000
19300,2025-06-19,730,20,3,41986000
19301,2025-12-16,2557,30,3,815000
19302,2025-02-16,2075,3,6,31664000
19303,2024-06-21,2158,35,6,50105000
19304,2025-06-07,2794,39,1,32174000
19305,2024-12-01,2336,34,6,28921000
19306,2025-03-26,2831,10,6,31324000
19307,2024-05-04,2481,23,6,4670000
19308,2024-05-06,2561,24,6,5692000
19309,2024-03-12,1947,28,1,47354000
19310,2025-02-17,2333,25,6,12634000
19311,2024-06-28,2189,37,1,10395000
19312,2025-01-03,1990,28,6,1559000
19313,2024-12-06,1377,5,6,3800000
19314,2025-03-17,1479,39,3,9115000
19315,2025-06-01,940,5,6,17734000
19316,2024-07-23,233,39,3,8827000
19317,2024-12-19,938,11,3,5582000
19318,2025-07-08,2362,16,3,12203000
19319,2025-10-24,1487,44,1,926000
19320,2024-02-17,1340,43,3,41690000
19321,2025-01-24,1510,17,3,20761000
19322,2024-08-01,947,43,3,5388000
19323,2025-07-29,183,28,6,387000
19324,2024-04-21,2474,7,6,18470000
19325,2024-10-18,711,24,2,6397000
19326,2025-06-09,2700,28,3,8649000
19327,2025-04-22,1345,43,6,12048000
19328,2025-01-22,2737,31,2,4531000
19329,2025-04-07,2687,24,1,50070000
19330,2024-11-03,2757,3,3,18789000
19331,2025-04-12,2866,23,3,13827000
19332,2025-01-20,443,16,3,28618000
19333,2024-08-23,1121,31,6,11025000
19334,2025-11-12,2723,38,6,9415000
19335,2024-02-13,199,20,6,17702000
19336,2024-03-06,2210,23,3,34291000
19337,2024-01-10,1758,3,1,33485000
19338,2024-01-09,2043,50,3,4668000
19339,2025-06-15,1259,16,6,21132000
19340,2024-08-26,1133,34,6,34741000
19341,2024-03-25,1321,47,6,13439000
19342,2024-11-23,2234,33,6,13170000
19343,2025-09-08,791,19,3,1947000
19344,2025-10-05,1052,36,6,7997000
19345,2025-09-11,1017,35,6,8764000
19346,2024-03-14,819,31,2,24340000
19347,2025-03-29,2137,31,3,13591000
19348,2024-08-22,2698,13,3,7098000
19349,2024-03-30,1146,5,2,18954000
19350,2025-06-02,614,25,2,28459000
19351,2025-03-17,2840,3,6,5852000
19352,2025-06-24,685,46,3,15703000
19353,2025-04-30,2537,29,6,16628000
19354,2024-10-06,2638,26,6,2301000
19355,2024-01-21,1405,32,6,4277000
19356,2024-06-21,1,23,3,3675000
19357,2025-10-24,251,35,3,6138000
19358,2024-01-10,150,5,3,19068000
19359,2025-10-31,623,27,2,50043000
19360,2025-12-06,1636,12,3,23150000
19361,2024-04-30,499,40,3,18000000
19362,2024-01-09,1571,35,3,6060000
19363,2025-05-06,20,48,3,1497000
19364,2024-02-11,2386,4,6,3438000
19365,2024-06-16,1008,10,6,15349000
19366,2025-10-15,1695,15,6,43627000
19367,2024-12-23,1643,20,6,5154000
19368,2024-02-06,2600,41,6,17640000
19369,2024-02-04,2882,31,3,6785000
19370,2025-11-27,1203,10,6,29945000
19371,2025-09-04,580,9,2,7809000
19372,2024-06-19,257,15,3,1214000
19373,2025-10-20,1339,9,2,1779000
19374,2025-04-28,1694,17,1,9243000
19375,2024-12-17,2326,14,1,7033000
19376,2025-01-09,1721,8,3,3632000
19377,2024-07-26,2821,31,2,20679000
19378,2024-05-07,1404,30,6,50688000
19379,2024-11-09,1274,6,6,4275000
19380,2025-03-09,624,8,6,24757000
19381,2025-12-17,1334,47,3,17046000
19382,2025-06-10,1253,44,3,24065000
19383,2025-12-16,2566,18,6,3433000
19384,2025-10-23,325,28,3,1925000
19385,2025-12-09,916,27,2,9538000
19386,2025-05-20,2771,21,6,9759000
19387,2025-07-20,700,44,6,2550000
19388,2025-07-01,263,50,6,8108000
19389,2025-11-16,480,24,6,17442000
19390,2025-11-05,121,6,6,18817000
19391,2024-12-09,1865,1,2,26873000
19392,2024-10-15,2763,2,3,26880000
19393,2025-05-11,777,42,1,3179000
19394,2025-04-13,1369,38,2,1377000
19395,2024-04-15,2609,11,3,3149000
19396,2025-10-02,1724,45,2,2790000
19397,2024-08-22,491,49,3,9148000
19398,2025-06-12,861,40,6,24838000
19399,2024-12-03,1833,3,2,4245000
19400,2025-03-06,118,7,6,31328000
19401,2024-03-29,2707,40,3,12918000
19402,2025-01-13,2349,20,1,22185000
19403,2024-12-21,2840,16,6,1016000
19404,2024-05-20,1480,16,6,45633000
19405,2024-01-15,2512,20,1,29658000
19406,2024-01-30,2900,25,6,5208000
19407,2025-09-30,2398,38,6,1746000
19408,2025-10-29,2702,18,6,6639000
19409,2024-01-04,2250,1,3,11075000
19410,2025-08-18,1299,36,3,584000
19411,2024-06-08,2682,43,3,8464000
19412,2024-05-23,473,42,6,39674000
19413,2024-11-09,2373,50,6,9096000
19414,2024-07-12,48,33,1,13463000
19415,2025-09-14,2854,45,6,10040000
19416,2025-05-04,561,43,6,8659000
19417,2024-04-26,2220,33,1,23686000
19418,2024-07-17,2297,41,3,24969000
19419,2024-12-09,999,20,3,5313000
19420,2024-03-21,139,12,6,46110000
19421,2024-08-18,2447,35,6,20588000
19422,2024-10-21,2426,15,6,26030000
19423,2024-10-28,1057,38,3,11587000
19424,2025-10-24,1989,1,6,10632000
19425,2024-12-13,1307,19,6,7825000
19426,2024-07-14,2185,35,1,7672000
19427,2024-06-08,988,42,6,9165000
19428,2024-01-31,2316,8,6,11182000
19429,2024-02-04,2058,45,3,12882000
19430,2024-11-24,1988,20,1,33757000
19431,2025-06-22,591,28,6,2827000
19432,2025-06-25,614,36,1,3328000
19433,2025-03-27,1445,38,3,2989000
19434,2025-04-08,1542,34,3,34288000
19435,2025-04-21,2356,36,2,26439000
19436,2024-02-16,1459,8,1,11282000
19437,2024-04-21,1257,28,3,7955000
19438,2024-06-10,2381,40,1,12847000
19439,2024-07-27,2569,33,6,20708000
19440,2025-11-21,888,17,6,3030000
19441,2025-05-31,1989,11,1,12956000
19442,2025-01-28,1017,42,6,11127000
19443,2024-06-02,2151,22,3,8500000
19444,2024-10-21,2647,38,3,9028000
19445,2024-03-16,434,41,6,12112000
19446,2025-01-16,1995,24,3,3617000
19447,2025-04-15,916,35,6,35290000
19448,2025-07-12,2155,2,6,6738000
19449,2024-02-19,2838,30,6,36696000
19450,2024-11-16,395,8,6,15442000
19451,2024-07-01,1202,30,2,7444000
19452,2025-06-23,1801,48,2,4300000
19453,2024-01-20,2678,3,3,5172000
19454,2024-07-22,5,4,1,16910000
19455,2024-12-15,2703,9,6,18887000
19456,2024-11-28,402,30,1,3568000
19457,2025-06-26,1609,15,1,25985000
19458,2024-10-13,2558,20,3,35725000
19459,2025-05-19,2857,33,1,31516000
19460,2025-03-10,154,46,3,2482000
19461,2024-05-31,2490,33,6,9581000
19462,2025-10-21,2866,24,6,2752000
19463,2025-07-11,753,33,3,44960000
19464,2024-10-29,1654,41,3,260000
19465,2025-04-21,687,31,2,5009000
19466,2024-03-26,2276,37,2,11005000
19467,2024-08-02,2106,36,6,20660000
19468,2024-05-08,465,32,1,696000
19469,2025-12-02,2218,16,6,5312000
19470,2024-01-03,1777,39,6,25334000
19471,2025-03-08,2208,33,6,2187000
19472,2024-09-14,2235,32,3,31890000
19473,2024-10-21,2498,16,2,30113000
19474,2025-04-07,793,13,1,33636000
19475,2024-05-13,120,27,1,3379000
19476,2024-10-12,2898,36,2,12631000
19477,2025-04-19,657,30,6,884000
19478,2024-08-10,1376,33,6,35539000
19479,2025-01-28,2338,14,1,510000
19480,2025-05-29,2004,48,6,6121000
19481,2025-12-20,1007,50,6,17741000
19482,2024-05-20,214,22,3,6421000
19483,2024-06-15,1173,4,3,4661000
19484,2024-01-06,1446,3,3,11289000
19485,2025-10-07,864,46,6,30220000
19486,2024-12-22,233,13,6,442000
19487,2024-08-26,1528,1,3,13758000
19488,2024-07-02,2672,25,3,27380000
19489,2024-06-25,1405,45,1,17572000
19490,2025-03-12,279,31,6,24233000
19491,2024-03-26,1502,17,3,18640000
19492,2025-06-19,2229,42,1,7000000
19493,2025-12-28,729,44,3,1955000
19494,2025-04-07,132,4,1,12871000
19495,2024-03-10,892,28,2,37463000
19496,2024-08-09,2469,38,3,16920000
19497,2024-06-23,854,10,1,14342000
19498,2025-08-23,2790,33,6,23094000
19499,2024-10-13,2776,42,6,6096000
19500,2024-12-02,389,11,1,34706000
19501,2025-04-23,1723,42,2,4018000
19502,2025-04-06,2189,27,6,22491000
19503,2024-01-08,1831,45,6,9715000
19504,2024-10-24,1183,42,1,864000
19505,2024-01-04,1860,3,6,16404000
19506,2025-05-15,422,15,6,27088000
19507,2025-11-21,2346,40,1,16650000
19508,2024-08-28,1011,6,1,18097000
19509,2025-07-14,2542,38,3,2607000
19510,2024-11-19,479,6,3,8552000
19511,2025-03-16,2776,1,6,31149000
19512,2024-10-02,522,13,2,19034000
19513,2024-04-13,2683,11,6,26445000
19514,2024-05-23,1448,50,6,10196000
19515,2024-10-04,2101,39,6,43576000
19516,2025-02-08,1646,46,6,8655000
19517,2024-11-08,1583,46,6,28143000
19518,2024-12-16,99,24,6,10925000
19519,2024-11-16,2691,5,3,8445000
19520,2024-09-30,951,17,1,48309000
19521,2024-12-10,1134,33,1,3763000
19522,2025-10-11,1307,43,2,4635000
19523,2025-07-02,1493,48,3,19254000
19524,2024-03-22,1477,20,3,5898000
19525,2024-09-28,1845,45,6,7116000
19526,2024-01-09,2813,19,6,8125000
19527,2025-01-14,883,17,1,19137000
19528,2024-12-15,1231,42,1,380000
19529,2024-06-03,2053,36,3,8527000
19530,2025-10-31,935,46,1,17626000
19531,2025-03-07,12,11,3,38771000
19532,2025-05-06,2652,48,6,22117000
19533,2025-07-28,100,21,6,7566000
19534,2025-08-31,1738,45,3,1427000
19535,2025-04-05,2742,13,1,4451000
19536,2024-12-18,668,3,3,5643000
19537,2025-06-16,2256,39,6,35294000
19538,2025-02-08,369,6,2,35255000
19539,2025-12-01,2454,29,6,5919000
19540,2024-07-24,159,11,3,27856000
19541,2025-03-08,1740,47,6,9850000
19542,2024-09-06,1494,45,3,6805000
19543,2024-03-19,2254,38,3,2657000
19544,2024-12-28,1904,40,2,2802000
19545,2025-11-04,1815,11,3,108000
19546,2024-09-28,2132,26,3,25016000
19547,2025-07-02,675,41,1,9700000
19548,2025-07-23,2899,23,6,15614000
19549,2024-05-03,2742,23,2,16735000
19550,2024-01-30,2741,38,1,1034000
19551,2024-09-15,1656,28,6,6786000
19552,2024-08-29,201,33,3,5970000
19553,2024-01-07,1065,35,3,7049000
19554,2025-06-25,377,12,6,7850000
19555,2024-05-11,2019,45,6,49541000
19556,2025-03-16,58,3,2,46021000
19557,2024-05-04,365,24,6,2842000
19558,2025-03-01,965,41,3,6326000
19559,2024-03-07,108,47,3,45094000
19560,2024-09-30,2231,24,6,10188000
19561,2025-04-12,2878,39,1,18065000
19562,2025-09-09,2809,15,3,6704000
19563,2024-04-13,608,17,3,13383000
19564,2024-04-16,1172,32,6,2580000
19565,2025-01-30,2387,26,6,12011000
19566,2025-07-15,1083,28,2,19959000
19567,2024-12-05,2519,7,2,17925000
19568,2024-04-26,1228,21,1,6784000
19569,2025-08-10,1815,42,3,9157000
19570,2025-04-11,2718,13,3,1125000
19571,2024-10-07,769,44,2,17833000
19572,2024-03-12,778,33,6,4693000
19573,2024-11-27,30,37,1,6102000
19574,2024-03-15,2608,1,6,4668000
19575,2024-04-17,1974,15,6,11989000
19576,2025-12-20,1414,43,3,9724000
19577,2025-09-23,2005,8,6,4871000
19578,2025-05-03,1810,11,2,3129000
19579,2025-03-15,1566,19,2,882000
19580,2024-03-21,1593,12,6,1635000
19581,2025-07-31,1402,13,6,5609000
19582,2025-01-03,1104,30,3,3875000
19583,2025-04-29,571,35,2,15344000
19584,2025-05-28,2445,49,1,6257000
19585,2025-05-21,635,21,3,7539000
19586,2024-12-22,1758,7,6,5085000
19587,2025-07-01,2451,36,1,3517000
19588,2025-05-23,2744,21,3,7416000
19589,2024-04-18,1253,36,2,18561000
19590,2025-11-20,189,11,6,1680000
19591,2024-01-29,2795,16,6,5881000
19592,2024-10-10,2931,26,6,2868000
19593,2025-12-19,1951,26,2,3412000
19594,2025-10-06,177,24,1,2724000
19595,2025-05-25,709,13,6,46184000
19596,2024-12-19,1272,13,6,6478000
19597,2024-11-09,1935,31,3,49482000
19598,2025-12-01,230,8,6,4389000
19599,2024-06-25,1766,43,2,64221000
19600,2025-05-16,1216,35,6,22777000
19601,2025-08-02,2927,40,1,22275000
19602,2024-12-10,2107,34,1,3318000
19603,2025-08-07,1986,47,3,660000
19604,2024-09-29,1834,39,2,9888000
19605,2025-12-29,2803,26,6,595000
19606,2024-11-26,2340,42,2,8957000
19607,2024-10-17,1235,17,6,5279000
19608,2024-01-18,928,12,1,1864000
19609,2024-05-06,611,17,3,15518000
19610,2025-10-20,2987,37,2,25033000
19611,2024-09-18,652,32,6,599000
19612,2024-05-11,2786,22,3,2971000
19613,2025-07-31,422,24,3,26551000
19614,2025-01-24,1313,20,6,23092000
19615,2025-11-26,2221,10,6,8864000
19616,2024-08-10,1880,45,1,16327000
19617,2024-01-24,1058,8,6,23916000
19618,2025-06-03,2404,13,3,602000
19619,2025-12-12,1093,11,6,11063000
19620,2024-05-02,2146,21,2,672000
19621,2024-10-23,2151,38,3,29412000
19622,2024-01-12,1588,2,6,10602000
19623,2025-05-19,54,34,6,3029000
19624,2025-02-12,518,18,2,27732000
19625,2025-06-04,523,36,1,24408000
19626,2024-08-08,2592,4,3,7829000
19627,2025-11-20,2368,12,6,11464000
19628,2024-08-11,948,34,6,1076000
19629,2024-06-05,2287,39,1,16620000
19630,2024-11-20,2024,2,1,51806000
19631,2025-12-31,1640,44,6,13725000
19632,2024-06-10,275,35,1,29230000
19633,2024-12-27,2005,5,6,7243000
19634,2025-04-08,2012,15,2,18642000
19635,2025-05-06,1347,16,6,249000
19636,2024-08-20,2494,29,3,34869000
19637,2025-01-26,2685,39,2,12919000
19638,2024-08-13,1609,8,3,11268000
19639,2024-10-14,983,40,6,18669000
19640,2025-07-02,680,11,3,2496000
19641,2025-06-11,2683,13,1,17746000
19642,2025-02-25,2390,5,3,5427000
19643,2024-12-10,1808,7,6,48209000
19644,2025-07-15,851,1,2,631000
19645,2025-12-09,796,2,6,3380000
19646,2025-01-23,1265,17,3,38062000
19647,2024-11-25,2267,39,6,4614000
19648,2025-07-15,2375,44,6,22797000
19649,2024-11-09,2135,10,3,14530000
19650,2025-04-09,1300,42,3,3921000
19651,2024-08-01,2801,44,1,18862000
19652,2024-04-09,2238,42,1,21800000
19653,2025-11-18,2534,2,1,20913000
19654,2024-03-29,1338,46,6,7728000
19655,2024-09-02,2610,10,3,185000
19656,2025-07-01,857,45,6,56618000
19657,2024-04-12,2949,25,1,11982000
19658,2024-05-25,2062,31,3,41171000
19659,2024-10-22,1936,15,2,273000
19660,2024-03-06,64,38,3,7601000
19661,2024-05-11,241,19,3,6806000
19662,2024-04-24,1665,7,2,3362000
19663,2024-07-12,1024,28,1,15868000
19664,2025-07-24,2250,44,6,13699000
19665,2025-05-04,2629,4,3,6456000
19666,2025-01-16,2227,48,3,17234000
19667,2025-02-21,1936,7,3,3108000
19668,2025-03-01,1427,11,6,13897000
19669,2025-10-30,983,46,2,8371000
19670,2024-06-18,2748,27,6,1704000
19671,2025-09-21,2153,3,1,8421000
19672,2024-05-21,2632,44,6,20692000
19673,2024-08-02,2306,48,3,30266000
19674,2025-02-20,1780,25,1,31278000
19675,2025-08-12,85,37,3,9294000
19676,2024-07-27,1871,19,2,12825000
19677,2024-06-11,2233,14,3,20110000
19678,2025-11-30,293,43,6,5660000
19679,2024-12-19,2736,25,6,7050000
19680,2024-08-06,1389,3,3,8058000
19681,2024-06-28,534,45,2,3935000
19682,2024-10-07,2023,43,1,8346000
19683,2024-01-23,390,38,1,33440000
19684,2024-09-26,2359,44,2,29340000
19685,2025-04-02,1146,33,3,16490000
19686,2024-06-29,1140,7,3,5022000
19687,2024-08-06,2625,14,6,2503000
19688,2025-03-05,1915,10,2,19862000
19689,2025-04-30,2783,44,2,4866000
19690,2025-10-22,2410,2,3,2924000
19691,2024-10-04,2905,31,1,19330000
19692,2024-10-10,573,30,1,45190000
19693,2024-06-26,204,34,3,2962000
19694,2025-01-12,2203,44,2,56333000
19695,2025-09-21,106,43,3,45658000
19696,2025-01-04,307,30,6,21093000
19697,2025-11-09,2212,38,3,2476000
19698,2025-02-23,543,9,2,14461000
19699,2025-02-21,2198,27,6,15160000
19700,2024-09-07,1680,18,1,618000
19701,2025-10-03,2189,39,6,10061000
19702,2024-03-06,1526,11,1,6099000
19703,2025-01-01,2411,34,1,15725000
19704,2025-10-22,253,9,3,34566000
19705,2025-10-10,172,5,6,13700000
19706,2025-02-14,1509,7,6,7971000
19707,2024-03-12,1897,17,6,15462000
19708,2025-03-27,654,16,6,16734000
19709,2024-08-02,2803,28,6,5414000
19710,2025-10-02,1715,19,6,405000
19711,2025-09-28,2154,43,6,5114000
19712,2025-10-09,1767,22,2,7400000
19713,2024-08-10,985,23,2,595000
19714,2024-09-29,1569,33,2,6372000
19715,2025-12-20,419,21,1,11150000
19716,2025-04-03,1663,23,2,12236000
19717,2025-10-01,1610,3,1,7463000
19718,2024-02-07,1862,24,3,23552000
19719,2024-12-17,1674,39,1,10539000
19720,2025-12-14,2549,42,6,10362000
19721,2024-08-26,542,12,3,6488000
19722,2025-10-01,503,39,6,37205000
19723,2025-10-11,1378,45,6,19909000
19724,2025-01-20,966,42,6,17732000
19725,2024-08-11,1015,39,3,3534000
19726,2025-05-24,285,12,1,49727000
19727,2025-02-27,903,3,6,2088000
19728,2024-04-30,2487,15,6,19437000
19729,2025-11-13,2993,30,2,2443000
19730,2025-02-09,489,40,3,14747000
19731,2025-05-02,2191,47,3,50672000
19732,2025-10-18,330,36,6,8588000
19733,2025-11-22,271,27,6,12319000
19734,2025-11-01,2398,37,1,8997000
19735,2024-09-30,2662,6,3,32412000
19736,2024-12-03,1396,25,6,41850000
19737,2025-11-24,675,17,1,19912000
19738,2025-04-06,1122,9,3,14906000
19739,2025-10-17,2664,29,3,12088000
19740,2024-10-29,731,41,6,1677000
19741,2024-05-01,1878,43,2,48962000
19742,2024-07-15,1799,22,6,11260000
19743,2024-11-08,2282,27,6,19858000
19744,2024-04-25,1080,15,6,15213000
19745,2024-10-10,2181,37,1,32787000
19746,2025-01-19,342,30,6,12078000
19747,2025-09-04,46,33,3,15969000
19748,2025-10-03,1956,45,2,6735000
19749,2024-03-01,638,24,2,26028000
19750,2025-06-24,2277,11,3,34740000
19751,2024-04-23,1616,3,1,18610000
19752,2024-11-29,1024,16,6,15073000
19753,2024-10-25,283,50,2,10082000
19754,2024-01-02,704,12,3,2445000
19755,2024-03-16,917,37,1,7144000
19756,2024-03-14,1685,2,3,19658000
19757,2024-05-22,610,34,3,30002000
19758,2024-07-12,1879,1,3,3581000
19759,2025-10-01,1995,12,6,9121000
19760,2024-09-07,987,10,3,1875000
19761,2024-07-19,909,43,2,2621000
19762,2024-01-13,627,14,1,29136000
19763,2025-07-09,2848,21,1,16930000
19764,2024-05-02,580,18,2,18071000
19765,2024-02-11,1595,9,1,6648000
19766,2024-10-04,385,31,6,19971000
19767,2025-06-24,1660,3,2,23139000
19768,2025-02-14,1102,38,3,5024000
19769,2025-05-30,646,17,6,15545000
19770,2025-12-08,1780,39,3,20576000
19771,2025-10-13,695,38,2,17146000
19772,2024-06-28,1899,26,3,25206000
19773,2025-12-25,2486,38,2,5496000
19774,2024-10-01,1292,3,3,2005000
19775,2024-07-09,68,41,1,35991000
19776,2025-03-19,2957,40,1,19065000
19777,2025-04-13,2258,11,3,13071000
19778,2025-05-17,661,48,6,11572000
19779,2024-08-06,2363,34,1,20400000
19780,2025-12-15,2007,19,6,33842000
19781,2024-08-19,1819,18,3,14001000
19782,2024-03-17,764,25,3,5520000
19783,2024-09-30,2512,3,3,29194000
19784,2024-12-18,1706,19,1,19903000
19785,2024-05-26,2656,1,6,2499000
19786,2024-12-05,2551,15,2,6892000
19787,2024-05-29,1080,34,1,24514000
19788,2025-06-28,725,29,3,19662000
19789,2024-02-20,1600,41,6,14792000
19790,2024-11-07,1381,29,1,22100000
19791,2024-09-26,2751,36,6,15588000
19792,2024-10-06,484,14,1,10047000
19793,2024-08-26,1786,25,2,7251000
19794,2025-03-02,751,24,1,19372000
19795,2024-08-16,132,43,3,17453000
19796,2024-03-10,2447,43,6,334000
19797,2024-08-10,2806,48,1,3224000
19798,2025-12-22,2606,17,3,3957000
19799,2024-11-02,1365,10,2,6934000
19800,2024-09-14,1457,50,1,29485000
19801,2024-10-13,597,42,2,24064000
19802,2024-12-28,682,27,6,38476000
19803,2024-07-25,2124,42,3,2666000
19804,2025-09-17,51,42,6,15808000
19805,2025-01-22,2967,8,1,27824000
19806,2024-05-03,2591,45,3,27141000
19807,2025-05-01,2874,25,1,304000
19808,2025-11-06,2720,40,6,9632000
19809,2024-10-24,2939,3,2,46003000
19810,2024-06-24,564,1,1,6629000
19811,2025-12-26,1779,50,6,30846000
19812,2025-07-26,2282,27,3,20565000
19813,2025-01-03,421,11,6,10225000
19814,2024-01-02,1286,32,3,21224000
19815,2025-12-29,655,31,1,11735000
19816,2025-10-10,85,50,1,24462000
19817,2025-06-15,752,4,3,915000
19818,2024-01-09,2746,3,1,18446000
19819,2025-08-24,49,6,3,10355000
19820,2024-03-03,2291,4,3,32893000
19821,2025-08-03,711,36,1,3903000
19822,2024-04-25,16,13,3,45607000
19823,2025-06-26,1971,33,3,69131000
19824,2024-12-08,470,19,2,20126000
19825,2025-04-21,2064,38,1,12689000
19826,2025-03-11,1504,19,3,6736000
19827,2024-03-21,1614,12,6,4941000
19828,2024-05-22,2436,23,6,8454000
19829,2025-01-12,910,33,6,3328000
19830,2024-02-20,2337,31,3,1640000
19831,2024-04-01,1300,43,6,48922000
19832,2024-06-11,717,46,3,28782000
19833,2025-01-03,2249,43,1,11305000
19834,2024-05-21,2903,34,1,30800000
19835,2025-04-25,257,45,6,15002000
19836,2025-06-26,1975,22,6,10054000
19837,2024-09-17,2499,26,1,14356000
19838,2024-07-04,1088,10,6,15163000
19839,2025-02-05,1659,4,6,12826000
19840,2025-05-11,743,39,6,6774000
19841,2025-06-06,1094,10,1,7507000
19842,2024-01-25,2519,2,2,16670000
19843,2024-04-19,1196,15,2,4494000
19844,2024-02-10,277,28,2,4173000
19845,2025-09-09,1809,47,2,18927000
19846,2025-03-17,1881,42,2,6309000
19847,2024-09-17,2946,16,2,1100000
19848,2024-06-13,1119,7,3,15771000
19849,2024-08-08,1427,3,3,15322000
19850,2025-12-23,55,24,6,5778000
19851,2024-06-28,840,15,6,1630000
19852,2025-05-26,1162,5,6,3165000
19853,2024-05-03,2253,49,2,9412000
19854,2024-08-28,1026,12,3,21049000
19855,2025-10-16,2106,8,6,38773000
19856,2024-03-26,2696,18,6,36608000
19857,2024-09-03,2324,48,3,18120000
19858,2024-01-10,1335,15,6,19233000
19859,2025-08-16,2675,46,3,27675000
19860,2025-08-05,433,46,6,5093000
19861,2025-11-05,1372,32,1,11103000
19862,2025-07-19,2933,31,6,23412000
19863,2025-07-17,1238,42,3,29776000
19864,2025-06-18,420,28,1,1156000
19865,2025-07-22,767,25,3,6255000
19866,2025-12-22,815,26,1,15128000
19867,2024-09-23,959,41,6,21820000
19868,2025-11-10,486,37,3,46955000
19869,2025-04-19,2747,41,1,12261000
19870,2025-12-20,2351,21,3,25990000
19871,2024-08-22,623,38,6,18305000
19872,2024-11-08,1091,47,2,17456000
19873,2024-12-09,2984,21,6,5031000
19874,2025-10-09,1581,16,1,27960000
19875,2024-03-29,2269,12,6,14640000
19876,2024-01-22,41,49,6,5430000
19877,2024-05-22,1759,36,6,464000
19878,2024-04-07,176,36,6,29015000
19879,2024-10-31,1934,27,2,40657000
19880,2025-10-16,2001,32,3,33877000
19881,2025-06-04,2392,34,3,16270000
19882,2025-01-29,2804,11,3,6454000
19883,2025-02-27,2042,19,1,6580000
19884,2024-08-25,812,46,3,3167000
19885,2025-10-20,2264,48,3,27348000
19886,2025-06-17,1405,50,1,3082000
19887,2024-11-23,2278,33,2,22656000
19888,2024-11-10,2337,42,6,5911000
19889,2025-12-09,663,23,1,2748000
19890,2024-12-29,2966,21,3,14027000
19891,2024-01-31,1014,46,2,13297000
19892,2024-12-01,905,39,6,20426000
19893,2024-08-08,266,47,1,20343000
19894,2024-03-16,869,23,1,20452000
19895,2024-03-09,1240,47,3,7104000
19896,2024-12-07,2712,31,6,60720000
19897,2024-03-18,1844,18,1,1856000
19898,2024-03-06,2485,12,6,11483000
19899,2024-05-11,322,38,6,615000
19900,2025-12-05,1009,7,6,27353000
19901,2025-01-07,1851,12,6,25784000
19902,2025-10-27,1506,20,1,4573000
19903,2024-11-27,2107,43,6,20579000
19904,2025-02-06,13,8,3,25967000
19905,2025-12-03,2991,17,6,3881000
19906,2025-12-11,422,8,6,13421000
19907,2024-01-01,2206,8,2,15225000
19908,2025-05-11,1220,43,6,15165000
19909,2024-06-12,1453,20,3,8114000
19910,2025-02-17,483,42,6,3622000
19911,2024-02-12,2173,24,6,7271000
19912,2024-04-23,379,4,3,8962000
19913,2024-01-19,798,1,6,18026000
19914,2025-12-04,475,23,6,12192000
19915,2025-05-04,384,4,6,22445000
19916,2025-04-19,2201,30,2,7760000
19917,2024-09-10,2568,30,3,12489000
19918,2024-07-29,455,6,3,53771000
19919,2024-11-12,2619,9,6,5210000
19920,2024-03-19,183,4,1,6015000
19921,2025-03-04,1579,28,2,41807000
19922,2025-03-20,860,10,3,14591000
19923,2025-12-20,1935,40,3,7923000
19924,2025-07-24,268,49,6,27125000
19925,2025-08-21,1118,46,6,9128000
19926,2025-03-14,252,26,3,32306000
19927,2025-10-12,1390,21,3,16534000
19928,2025-08-04,441,22,1,1172000
19929,2024-09-29,739,31,6,20820000
19930,2025-11-12,242,39,2,25316000
19931,2024-04-14,1542,41,3,3925000
19932,2024-12-10,808,41,6,9892000
19933,2024-09-19,1143,50,1,40668000
19934,2024-03-08,1562,11,1,3512000
19935,2024-01-16,107,16,3,12701000
19936,2024-01-31,1262,44,6,12016000
19937,2025-10-26,699,3,3,11196000
19938,2024-06-11,831,21,3,977000
19939,2025-09-25,1552,33,3,19664000
19940,2025-06-08,2810,36,1,21447000
19941,2024-03-09,359,19,3,16136000
19942,2025-02-19,812,45,3,3646000
19943,2025-02-25,2030,27,3,19451000
19944,2024-09-18,1087,18,2,8475000
19945,2025-11-04,616,8,3,10134000
19946,2024-03-09,1979,49,3,31472000
19947,2025-01-26,606,10,3,827000
19948,2025-05-26,2223,38,6,11338000
19949,2024-05-09,1691,47,3,45372000
19950,2024-07-20,619,1,2,11865000
19951,2024-08-04,2714,37,3,13107000
19952,2024-06-12,2556,8,6,18808000
19953,2024-11-12,559,23,3,29743000
19954,2024-11-14,2869,10,3,290000
19955,2024-09-10,2397,45,3,14297000
19956,2024-04-14,452,10,3,9661000
19957,2024-02-03,1374,38,6,37042000
19958,2024-01-14,352,12,6,42714000
19959,2025-11-21,1150,10,1,23345000
19960,2025-02-10,30,45,1,960000
19961,2024-11-22,1701,32,1,6863000
19962,2024-07-02,2857,11,3,15469000
19963,2024-05-05,1850,7,1,4380000
19964,2024-09-12,2988,12,2,31300000
19965,2025-09-04,2948,21,6,8860000
19966,2024-11-09,8,40,1,17168000
19967,2024-10-13,940,25,3,12217000
19968,2025-10-17,2213,27,3,45377000
19969,2024-04-18,1146,36,2,9252000
19970,2024-08-08,114,26,6,44045000
19971,2025-01-16,1625,44,3,13536000
19972,2024-07-22,81,47,3,4077000
19973,2025-10-11,2492,3,1,42331000
19974,2025-06-04,2761,31,6,12398000
19975,2025-10-18,1358,27,6,1147000
19976,2025-01-28,329,15,6,33230000
19977,2024-07-05,2280,9,1,3540000
19978,2024-07-16,1121,18,1,16691000
19979,2024-01-22,2845,17,6,15365000
19980,2024-04-02,1262,12,6,27209000
19981,2024-05-16,2977,1,6,3103000
19982,2024-03-23,791,39,6,7355000
19983,2024-10-18,401,19,3,3168000
19984,2024-04-23,1742,8,2,3573000
19985,2024-03-22,614,34,6,6642000
19986,2024-05-30,1305,27,3,10868000
19987,2025-09-03,1618,12,1,4104000
19988,2024-05-17,2603,26,3,7568000
19989,2025-03-04,584,24,3,11515000
19990,2024-07-16,1917,31,1,8146000
19991,2025-04-30,1623,43,3,5670000
19992,2024-01-05,1456,24,6,16011000
19993,2025-09-07,46,33,6,17335000
19994,2025-11-06,2120,14,3,27173000
19995,2024-01-16,887,18,6,5582000
19996,2025-02-23,2437,18,1,1994000
19997,2024-02-28,1846,19,3,16889000
19998,2025-05-29,2673,45,1,14674000
19999,2024-02-18,2481,31,6,36162000
20000,2025-05-29,305,10,6,11267000
20001,2025-06-08,2053,34,3,16364000
20002,2024-01-01,278,42,1,1510000
20003,2024-05-30,1661,40,3,11586000
20004,2024-12-27,362,39,2,8552000
20005,2025-03-05,696,39,6,41392000
20006,2024-11-05,584,2,6,1952000
20007,2024-06-26,91,13,2,992000
20008,2025-03-08,1382,32,3,15110000
20009,2024-05-28,2294,32,6,32722000
20010,2024-07-31,896,43,6,9201000
20011,2025-06-02,82,42,3,12962000
20012,2024-01-20,304,13,6,8764000
20013,2024-02-27,1264,37,6,145000
20014,2025-05-22,1060,46,1,19079000
20015,2024-05-02,1133,12,6,2024000
20016,2024-09-25,2837,48,3,17512000
20017,2024-07-04,1859,7,3,6432000
20018,2025-08-24,2280,2,6,19339000
20019,2024-11-23,1877,26,3,1960000
20020,2024-07-02,695,37,6,5112000
20021,2024-06-09,1460,36,6,10951000
20022,2025-05-01,2611,2,6,18986000
20023,2025-12-02,640,8,6,984000
20024,2025-03-13,2436,41,3,3520000
20025,2025-12-12,2426,24,3,28528000
20026,2024-02-27,1441,15,2,32650000
20027,2024-09-25,1098,15,3,14529000
20028,2025-10-20,2500,30,6,21166000
20029,2024-02-27,1611,16,3,30995000
20030,2025-01-04,2544,4,6,1591000
20031,2024-01-02,172,40,6,8054000
20032,2024-10-20,253,30,1,8963000
20033,2024-09-02,2329,32,1,11148000
20034,2024-11-30,471,50,2,10244000
20035,2025-08-16,30,38,1,532000
20036,2025-11-11,862,6,3,13758000
20037,2025-03-03,2836,33,1,17738000
20038,2025-11-14,2385,34,6,18750000
20039,2025-08-12,270,17,6,18543000
20040,2025-09-25,998,26,6,38577000
20041,2025-02-02,948,38,3,4426000
20042,2025-11-24,2242,37,3,30692000
20043,2024-02-13,2387,8,3,5514000
20044,2025-12-17,3,31,1,6736000
20045,2025-10-05,657,50,2,12766000
20046,2025-06-15,2422,50,6,52243000
20047,2024-05-06,1115,42,2,18903000
20048,2025-09-20,2006,45,1,8512000
20049,2024-10-11,2153,26,3,21783000
20050,2025-04-07,2800,6,6,41431000
20051,2025-05-13,1282,19,6,35893000
20052,2024-01-19,1985,41,6,15484000
20053,2025-12-28,1621,33,6,22760000
20054,2025-07-15,109,19,6,12421000
20055,2025-05-23,2858,37,2,2714000
20056,2024-02-29,355,41,1,18484000
20057,2025-07-27,2846,35,6,15747000
20058,2025-08-13,1821,44,3,14174000
20059,2025-04-16,294,38,2,10846000
20060,2024-09-12,2551,12,2,15645000
20061,2024-04-30,1999,4,6,3978000
20062,2025-08-17,1203,25,6,14300000
20063,2025-08-26,1598,7,6,30151000
20064,2025-11-18,1943,38,6,5871000
20065,2025-11-16,2318,13,3,18396000
20066,2025-08-17,568,26,3,13191000
20067,2024-09-30,2150,6,1,12315000
20068,2025-11-13,1014,47,6,10153000
20069,2024-05-11,2416,43,6,5292000
20070,2024-10-12,2587,4,2,2538000
20071,2024-12-23,1190,22,1,4232000
20072,2024-01-29,1267,9,3,8129000
20073,2024-10-19,2951,47,1,39557000
20074,2024-03-28,2821,27,6,8988000
20075,2024-12-23,469,36,3,46956000
20076,2025-08-23,2555,17,3,4662000
20077,2024-07-21,1629,43,6,20474000
20078,2024-02-16,572,38,3,4568000
20079,2024-04-02,1775,33,6,14740000
20080,2025-07-25,2616,14,1,4188000
20081,2024-07-10,1556,11,3,19545000
20082,2024-01-19,95,15,3,15193000
20083,2024-12-10,2082,40,6,3944000
20084,2025-05-02,531,37,3,36372000
20085,2024-12-05,1520,7,6,11747000
20086,2025-11-11,710,7,3,19408000
20087,2025-06-25,800,27,1,212000
20088,2024-08-06,2881,2,3,8916000
20089,2024-03-23,2595,30,1,6284000
20090,2025-12-28,1631,2,6,37325000
20091,2025-03-16,364,9,6,23826000
20092,2024-05-11,206,20,6,16753000
20093,2024-03-18,1363,26,3,19704000
20094,2025-12-04,559,47,2,12179000
20095,2025-04-27,633,31,3,13949000
20096,2025-08-05,2551,41,3,8037000
20097,2024-10-27,2342,45,3,2316000
20098,2024-10-11,2579,4,2,4372000
20099,2025-12-31,2114,40,3,55632000
20100,2025-08-14,714,25,6,4704000
20101,2024-07-04,2360,15,6,15262000
20102,2025-04-05,1032,4,3,1485000
20103,2025-11-01,1702,24,6,19884000
20104,2024-02-09,128,11,1,6164000
20105,2025-08-19,1401,49,6,16949000
20106,2024-01-26,915,20,3,3257000
20107,2024-07-15,1420,48,6,46588000
20108,2024-08-05,1107,8,6,4935000
20109,2025-02-02,243,31,3,10527000
20110,2025-12-06,2138,32,6,2172000
20111,2025-05-01,2439,39,1,7444000
20112,2025-03-04,2977,36,3,7232000
20113,2024-05-06,2457,23,1,955000
20114,2024-02-15,2401,34,6,24557000
20115,2025-01-20,2862,16,6,1600000
20116,2025-05-18,1823,30,6,34035000
20117,2024-04-17,1421,20,6,10618000
20118,2024-07-19,2563,14,6,16445000
20119,2025-11-27,1219,46,3,25307000
20120,2025-09-19,149,6,1,4373000
20121,2025-07-20,116,12,3,8199000
20122,2024-03-08,1244,13,3,2207000
20123,2024-09-21,597,50,2,6926000
20124,2025-03-30,1060,33,2,19927000
20125,2024-03-10,1375,24,3,1532000
20126,2025-04-13,680,4,6,10184000
20127,2025-01-29,1288,9,1,14611000
20128,2025-04-11,323,39,1,16300000
20129,2025-03-05,2580,36,2,6446000
20130,2025-04-20,1524,3,2,20218000
20131,2025-08-07,1586,30,3,17347000
20132,2025-06-09,967,14,3,14635000
20133,2025-06-24,2904,34,2,12647000
20134,2025-03-15,2306,30,1,1273000
20135,2024-07-22,2169,9,3,12024000
20136,2025-05-09,2083,44,3,8566000
20137,2025-10-15,2976,40,2,6206000
20138,2025-12-02,1812,10,1,17960000
20139,2024-12-12,746,36,3,20156000
20140,2024-04-18,1458,7,1,4764000
20141,2025-03-19,2442,50,3,3153000
20142,2024-06-22,2072,32,2,24703000
20143,2025-12-22,102,2,1,2077000
20144,2024-08-03,2369,31,6,20264000
20145,2024-01-17,1102,15,3,34950000
20146,2024-07-31,1196,23,6,28081000
20147,2024-03-05,1670,14,3,7938000
20148,2025-06-09,2068,49,1,6564000
20149,2024-07-01,2065,40,3,30293000
20150,2025-03-28,2781,47,2,14869000
20151,2024-02-11,1517,30,6,9781000
20152,2024-09-28,2829,40,3,6426000
20153,2024-03-20,474,5,3,8642000
20154,2024-01-15,2521,36,3,18425000
20155,2025-02-23,1788,44,3,1974000
20156,2025-07-12,2334,36,3,13211000
20157,2024-04-20,2932,8,1,3845000
20158,2025-06-04,457,20,6,17891000
20159,2024-04-10,1091,16,3,6703000
20160,2025-11-24,1214,3,2,26310000
20161,2024-04-02,1389,41,6,25004000
20162,2024-01-30,2810,50,1,2335000
20163,2024-07-20,1394,40,6,16811000
20164,2025-08-20,225,4,6,18461000
20165,2024-02-10,1345,21,1,6850000
20166,2024-01-18,2541,28,1,2373000
20167,2025-05-18,1831,6,3,34157000
20168,2025-03-05,2397,34,6,8576000
20169,2025-07-02,816,4,2,18592000
20170,2025-03-31,2026,28,1,3710000
20171,2025-02-19,219,40,6,21168000
20172,2025-09-29,597,46,6,38640000
20173,2025-11-25,1259,24,1,20147000
20174,2025-04-26,2457,24,6,6014000
20175,2025-09-24,1707,36,1,8214000
20176,2025-02-09,2818,4,6,41489000
20177,2025-09-10,592,36,3,23582000
20178,2024-11-10,486,29,3,7097000
20179,2025-10-06,1530,36,3,18145000
20180,2025-11-19,2984,14,2,6579000
20181,2024-08-30,920,22,3,11836000
20182,2024-01-28,881,29,6,12689000
20183,2025-02-06,161,3,1,3753000
20184,2025-06-15,1284,21,3,14731000
20185,2024-08-01,2276,18,6,7963000
20186,2024-03-23,27,27,3,1833000
20187,2025-10-27,2543,32,1,8929000
20188,2024-03-17,1918,16,6,8218000
20189,2025-04-03,611,16,2,15478000
20190,2024-02-29,2758,8,3,37465000
20191,2025-09-30,1186,23,3,6392000
20192,2025-04-20,1454,43,3,13511000
20193,2024-09-12,126,7,1,18400000
20194,2024-01-11,2045,15,2,22995000
20195,2025-07-10,319,25,1,206000
20196,2024-10-22,2052,8,2,5775000
20197,2024-01-22,1389,2,1,3861000
20198,2025-04-18,685,22,6,23294000
20199,2025-04-12,707,28,2,1788000
20200,2025-09-11,1304,35,6,3022000
20201,2024-09-05,1586,8,1,1891000
20202,2025-05-23,779,23,3,33085000
20203,2025-01-01,2231,43,1,38964000
20204,2024-10-24,798,20,3,5474000
20205,2024-06-05,585,34,3,10372000
20206,2025-06-05,1360,29,6,7641000
20207,2024-06-21,2711,14,6,40778000
20208,2024-06-23,972,37,2,19677000
20209,2025-02-23,2933,7,1,20021000
20210,2024-12-13,9,10,6,33860000
20211,2025-06-30,2715,47,6,7380000
20212,2024-11-21,724,22,6,32614000
20213,2025-06-10,1828,45,2,32817000
20214,2025-06-21,2195,3,6,3535000
20215,2025-12-13,847,23,6,40132000
20216,2024-05-25,2373,33,3,23882000
20217,2025-07-16,603,3,6,12109000
20218,2024-11-08,383,16,6,239000
20219,2024-06-25,2240,12,3,41240000
20220,2024-04-08,725,29,2,40369000
20221,2025-02-13,1162,15,3,33763000
20222,2025-10-04,1648,40,6,3367000
20223,2025-10-20,2247,4,3,18391000
20224,2025-02-24,2140,17,2,29649000
20225,2025-12-01,313,28,2,26722000
20226,2024-06-17,2578,4,2,15672000
20227,2024-06-21,594,7,1,47063000
20228,2024-12-29,2210,20,6,20928000
20229,2024-06-05,969,34,6,69372000
20230,2024-11-14,2110,19,3,5201000
20231,2025-08-07,2846,15,6,510000
20232,2025-08-07,2073,1,1,15948000
20233,2024-06-19,1377,3,3,19858000
20234,2024-04-17,889,24,6,23814000
20235,2025-12-24,2702,36,2,47903000
20236,2024-08-08,1925,45,6,14956000
20237,2024-07-04,435,20,2,21713000
20238,2024-11-20,1927,2,3,3015000
20239,2025-09-10,1535,9,3,14537000
20240,2024-03-03,1089,26,2,15098000
20241,2024-12-17,2545,35,3,20607000
20242,2025-08-02,672,26,2,4693000
20243,2024-04-23,100,44,6,33969000
20244,2024-10-24,2986,32,6,52422000
20245,2025-11-16,2870,7,6,23992000
20246,2025-08-09,1089,13,6,17087000
20247,2024-01-14,1423,4,2,5913000
20248,2024-08-24,1702,33,3,417000
20249,2025-09-09,1253,44,6,19364000
20250,2025-04-10,1289,17,6,12027000
20251,2024-06-21,902,21,6,6512000
20252,2025-06-08,2466,30,1,80445000
20253,2025-08-19,1294,24,3,27144000
20254,2024-12-24,1495,10,6,5284000
20255,2024-03-11,407,1,3,2246000
20256,2025-05-13,2633,6,6,2430000
20257,2024-11-08,43,40,3,597000
20258,2024-06-22,707,40,1,3300000
20259,2024-10-23,1677,26,1,5490000
20260,2025-09-03,1846,11,6,1088000
20261,2024-10-28,2268,15,6,14841000
20262,2024-10-08,1519,46,3,21598000
20263,2025-08-29,1298,30,1,11626000
20264,2025-03-17,849,20,3,44972000
20265,2025-01-18,1376,43,3,5016000
20266,2024-02-19,634,16,2,10755000
20267,2025-09-15,2973,42,6,1010000
20268,2024-06-11,2438,25,6,21239000
20269,2025-07-05,647,35,6,18223000
20270,2025-01-22,325,37,3,53389000
20271,2024-05-20,2098,21,3,1176000
20272,2024-01-26,1102,3,6,19177000
20273,2024-05-10,218,37,6,2776000
20274,2024-08-12,1158,8,2,7472000
20275,2024-06-04,957,46,3,9582000
20276,2024-04-18,2716,13,3,8799000
20277,2024-04-22,285,16,1,37202000
20278,2025-02-02,992,16,3,603000
20279,2025-07-05,2263,27,3,5650000
20280,2024-11-01,2425,27,6,17039000
20281,2025-03-02,2174,26,6,12823000
20282,2024-07-24,1130,48,3,11849000
20283,2024-05-07,1457,44,1,35045000
20284,2025-08-08,354,12,1,24266000
20285,2024-03-24,2457,1,6,42508000
20286,2024-07-16,2863,50,6,37567000
20287,2024-02-03,1298,27,3,35529000
20288,2024-02-26,1097,49,1,22683000
20289,2025-02-26,2874,20,6,10767000
20290,2024-09-20,2968,49,6,30373000
20291,2025-09-23,1067,20,1,40768000
20292,2025-10-25,271,46,3,22296000
20293,2024-01-15,1681,29,3,26497000
20294,2025-09-22,2501,41,2,12090000
20295,2025-01-03,856,41,3,16495000
20296,2024-08-22,701,27,2,18886000
20297,2024-12-12,385,41,3,15334000
20298,2025-04-17,421,3,6,9882000
20299,2024-01-21,2771,20,6,9015000
20300,2025-03-14,1072,49,6,2972000
20301,2024-08-22,2177,37,3,5236000
20302,2025-08-16,621,10,3,26346000
20303,2024-11-12,158,5,6,3306000
20304,2024-09-19,2580,40,6,27178000
20305,2025-08-08,188,45,6,25735000
20306,2025-10-11,2023,42,1,638000
20307,2024-11-29,2075,4,6,9469000
20308,2024-10-02,449,28,1,7111000
20309,2024-04-17,2095,39,1,9544000
20310,2025-03-30,1464,3,3,8543000
20311,2025-02-27,2698,44,3,1008000
20312,2024-06-11,421,22,1,256000
20313,2025-09-17,2681,2,3,5852000
20314,2024-11-29,97,46,6,15786000
20315,2025-12-27,1981,46,6,20505000
20316,2025-05-30,2570,49,3,7814000
20317,2025-04-01,2516,49,3,1001000
20318,2025-12-27,2327,4,1,14860000
20319,2025-11-23,2587,15,2,5440000
20320,2024-09-03,2427,16,6,31723000
20321,2025-01-01,2626,43,3,26760000
20322,2024-04-17,881,45,2,49048000
20323,2025-12-07,410,9,3,5626000
20324,2025-04-15,95,40,3,28310000
20325,2025-12-22,1166,19,3,13176000
20326,2024-11-26,1896,5,3,22468000
20327,2024-03-07,847,17,2,45770000
20328,2024-03-03,756,39,2,5459000
20329,2025-03-22,481,25,3,9109000
20330,2024-04-10,2908,35,6,9001000
20331,2024-08-05,1703,5,2,7072000
20332,2025-02-28,2046,2,6,5024000
20333,2025-02-09,2412,25,6,28328000
20334,2024-01-07,759,21,3,27194000
20335,2025-09-28,504,9,6,6538000
20336,2024-04-17,1926,31,1,4233000
20337,2024-06-10,1630,35,6,3136000
20338,2025-12-31,2636,32,3,20588000
20339,2024-03-13,248,23,1,7130000
20340,2025-05-29,2431,19,3,33241000
20341,2025-02-23,2710,45,3,21878000
20342,2025-03-10,958,5,3,192000
20343,2024-12-30,1522,9,6,4474000
20344,2025-03-01,1877,25,6,71600000
20345,2025-07-06,1797,40,3,19147000
20346,2024-11-25,1232,8,3,17678000
20347,2025-03-09,2728,48,6,8400000
20348,2025-09-02,384,6,6,12054000
20349,2024-07-31,1182,2,6,46781000
20350,2024-05-28,1246,9,6,36637000
20351,2025-09-08,2549,27,3,19800000
20352,2025-03-17,2336,29,6,52648000
20353,2025-06-12,1750,40,3,8096000
20354,2024-01-11,209,30,3,41468000
20355,2024-06-27,2062,8,6,17086000
20356,2024-01-13,1072,8,1,12805000
20357,2025-05-22,2418,46,6,16216000
20358,2024-10-04,2747,3,6,75000
20359,2025-08-02,1971,3,1,2340000
20360,2025-07-18,963,20,2,20581000
20361,2024-01-03,977,5,2,7865000
20362,2024-03-15,1514,23,6,2022000
20363,2025-10-14,1971,4,2,4868000
20364,2025-07-05,911,1,6,9878000
20365,2025-06-03,1253,40,2,2414000
20366,2025-05-31,741,49,6,4426000
20367,2024-12-20,1545,1,3,1414000
20368,2024-10-23,947,10,2,17168000
20369,2024-05-02,807,3,1,16455000
20370,2024-05-11,806,37,1,879000
20371,2025-10-27,1424,18,3,15451000
20372,2024-09-09,1531,29,3,10284000
20373,2024-08-26,813,49,3,13529000
20374,2024-09-23,1032,32,1,13798000
20375,2025-10-03,1913,36,2,12882000
20376,2024-05-13,456,39,6,1955000
20377,2025-10-27,2916,21,6,8161000
20378,2024-08-25,1515,6,6,8427000
20379,2025-11-03,1179,37,6,10545000
20380,2024-02-19,2754,25,6,6988000
20381,2024-03-04,1834,46,6,23569000
20382,2025-02-23,1091,32,2,13548000
20383,2024-05-30,1116,14,6,14876000
20384,2025-02-18,2629,36,1,32179000
20385,2024-09-25,2159,21,6,7258000
20386,2025-08-30,1867,22,2,3086000
20387,2025-12-03,1346,32,3,16003000
20388,2025-06-19,171,2,6,14182000
20389,2025-06-05,951,10,6,5832000
20390,2025-10-18,2394,31,1,12285000
20391,2025-02-18,216,28,1,48293000
20392,2024-03-01,289,29,3,4119000
20393,2025-06-16,2587,10,3,990000
20394,2024-02-11,2519,22,3,1758000
20395,2024-06-30,2046,36,1,6699000
20396,2024-08-26,736,35,6,29729000
20397,2025-10-01,2959,45,6,9192000
20398,2025-07-28,941,17,6,28335000
20399,2024-04-29,310,28,2,55831000
20400,2025-12-13,228,25,6,8369000
20401,2024-04-03,1285,42,2,6412000
20402,2024-08-09,2111,10,1,29434000
20403,2024-06-17,1701,10,3,19400000
20404,2024-07-20,1553,49,6,16360000
20405,2025-06-07,2245,15,6,5761000
20406,2025-09-22,2519,25,3,11206000
20407,2024-12-05,616,3,6,22652000
20408,2025-07-13,2232,10,6,13216000
20409,2024-05-28,1557,44,6,2499000
20410,2025-11-28,2464,5,1,8216000
20411,2025-06-01,2053,24,3,8882000
20412,2024-12-29,2061,26,3,4218000
20413,2024-10-18,155,40,6,8195000
20414,2025-06-11,1908,5,3,11427000
20415,2025-06-27,564,39,3,3275000
20416,2024-03-23,2601,30,3,34294000
20417,2024-01-07,2036,26,6,23447000
20418,2024-04-11,1485,17,6,30442000
20419,2025-12-21,2126,48,2,16618000
20420,2025-11-04,2582,28,2,6614000
20421,2025-06-16,1807,4,2,570000
20422,2024-03-23,881,27,6,25829000
20423,2024-03-11,604,12,2,3093000
20424,2024-03-05,1726,13,6,1181000
20425,2025-04-01,1614,39,3,13905000
20426,2024-09-02,1659,20,6,6560000
20427,2024-07-05,2803,22,3,5431000
20428,2025-07-14,1459,25,3,3352000
20429,2024-10-03,725,7,1,3628000
20430,2024-05-12,2098,39,3,32657000
20431,2024-11-20,853,50,6,21981000
20432,2024-09-14,419,17,1,1501000
20433,2024-02-07,388,41,3,24479000
20434,2024-09-13,732,26,6,24453000
20435,2024-08-26,1637,13,1,3626000
20436,2024-11-29,437,23,1,37691000
20437,2024-04-03,180,46,6,13374000
20438,2025-10-24,918,2,3,2723000
20439,2024-01-29,1193,21,1,19125000
20440,2024-04-01,138,50,2,10422000
20441,2024-06-23,1328,40,3,734000
20442,2024-10-29,1838,24,6,8309000
20443,2025-12-18,1969,28,3,10482000
20444,2024-03-30,1908,7,1,2082000
20445,2024-12-19,2313,21,2,33233000
20446,2025-10-19,2079,18,6,22969000
20447,2025-08-17,2845,7,6,27032000
20448,2024-06-02,2084,20,6,13408000
20449,2024-03-28,590,29,3,27556000
20450,2025-09-16,2464,10,6,621000
20451,2024-06-24,1246,6,3,5045000
20452,2025-07-06,2882,32,3,17648000
20453,2024-07-24,981,15,1,1864000
20454,2024-02-26,1735,24,6,15578000
20455,2025-11-03,2543,29,6,316000
20456,2024-03-12,991,23,6,9794000
20457,2024-05-14,2894,9,3,12703000
20458,2025-12-15,631,9,6,59862000
20459,2025-09-27,1779,7,6,1468000
20460,2025-04-12,2730,2,2,1193000
20461,2024-03-30,706,35,2,3781000
20462,2025-07-18,1411,50,6,28556000
20463,2025-12-08,279,29,1,16511000
20464,2025-10-27,2420,18,3,13404000
20465,2025-07-14,2915,39,3,17883000
20466,2024-09-10,908,46,3,586000
20467,2024-04-04,2308,33,3,31872000
20468,2025-03-19,2256,16,6,20011000
20469,2024-11-05,139,24,1,1564000
20470,2025-11-24,1328,42,6,11779000
20471,2024-09-17,86,48,6,30440000
20472,2024-01-25,2590,22,6,7250000
20473,2024-11-10,854,9,3,2933000
20474,2024-01-12,203,33,3,7432000
20475,2025-09-17,1380,1,3,10277000
20476,2024-03-11,1369,32,1,38758000
20477,2025-05-25,1336,1,6,26889000
20478,2025-12-20,1014,43,6,10506000
20479,2024-06-23,625,39,3,10085000
20480,2024-06-29,663,22,3,21885000
20481,2024-12-19,1001,33,6,18256000
20482,2024-11-23,781,6,1,11724000
20483,2024-07-19,1295,36,6,24130000
20484,2025-06-15,2835,17,1,47407000
20485,2024-03-03,2342,17,3,7682000
20486,2025-06-20,1117,19,6,2267000
20487,2025-03-17,2916,49,1,39084000
20488,2024-02-15,1097,12,6,15306000
20489,2024-12-11,2047,41,3,4297000
20490,2025-04-24,765,29,1,14438000
20491,2024-03-30,993,43,3,5331000
20492,2024-06-15,2912,6,3,5864000
20493,2025-10-20,2088,3,3,21140000
20494,2025-10-21,655,43,3,30830000
20495,2024-08-15,2223,3,6,6958000
20496,2024-10-08,879,34,6,4052000
20497,2025-10-22,1878,12,3,9615000
20498,2024-02-16,954,9,2,6010000
20499,2025-11-05,1761,22,2,19748000
20500,2024-11-20,1500,28,6,6913000
20501,2024-08-30,778,29,6,9868000
20502,2024-03-15,199,30,1,17885000
20503,2025-03-25,1917,43,3,3461000
20504,2025-12-19,1986,47,6,19321000
20505,2025-10-07,1351,42,3,16693000
20506,2025-05-15,963,10,6,17154000
20507,2025-03-05,111,24,6,1382000
20508,2024-02-06,1432,2,1,553000
20509,2025-12-10,371,7,3,20578000
20510,2024-05-20,1356,1,6,284000
20511,2025-06-07,2711,50,1,32408000
20512,2025-02-09,2919,34,1,37973000
20513,2024-12-03,267,30,2,37903000
20514,2025-10-15,608,18,6,5991000
20515,2025-11-02,2968,24,1,24804000
20516,2025-01-19,1860,17,6,20671000
20517,2025-08-04,2785,16,6,9385000
20518,2024-11-07,777,12,1,152000
20519,2024-06-14,2257,13,6,27656000
20520,2024-06-23,305,13,2,14679000
20521,2024-07-08,2756,32,1,28556000
20522,2024-07-09,515,2,6,16395000
20523,2024-11-06,2242,19,3,11734000
20524,2025-10-19,102,1,6,24984000
20525,2024-12-29,888,20,6,25336000
20526,2024-10-07,1611,12,1,13450000
20527,2025-05-26,2971,39,1,2240000
20528,2025-05-27,293,32,1,28994000
20529,2025-05-10,722,18,1,901000
20530,2024-07-21,1075,30,6,19573000
20531,2024-06-20,2798,2,6,8491000
20532,2025-06-29,2888,17,6,15662000
20533,2024-09-02,2003,25,1,30353000
20534,2025-10-15,2264,10,6,28554000
20535,2025-11-25,1506,37,3,28559000
20536,2024-11-10,2284,19,3,4581000
20537,2024-06-15,2033,23,3,2950000
20538,2025-01-31,1494,24,3,878000
20539,2025-07-18,2017,28,3,25979000
20540,2024-09-13,436,16,3,17096000
20541,2024-01-04,2075,49,6,9710000
20542,2024-04-05,218,28,1,23421000
20543,2024-08-13,1376,50,3,12435000
20544,2025-10-25,449,26,3,1077000
20545,2024-08-06,443,33,1,5073000
20546,2025-11-18,1081,48,6,33239000
20547,2025-01-30,2760,19,3,20454000
20548,2024-11-25,1636,45,6,5788000
20549,2025-11-18,2720,22,6,7690000
20550,2025-12-15,1699,1,1,46417000
20551,2025-11-11,115,32,6,1277000
20552,2025-10-24,580,18,6,13142000
20553,2024-03-22,974,47,2,47183000
20554,2025-08-18,1672,8,1,45069000
20555,2025-04-16,925,19,3,17743000
20556,2024-12-07,1970,39,6,1748000
20557,2025-10-01,1223,5,3,14073000
20558,2024-10-22,2820,20,1,38229000
20559,2025-03-22,1313,44,6,12403000
20560,2025-08-18,2610,21,1,5737000
20561,2025-03-26,165,24,6,13871000
20562,2024-12-25,1114,40,6,38196000
20563,2024-03-25,1354,33,6,7667000
20564,2024-11-10,1112,39,2,40038000
20565,2024-12-15,2729,1,1,17067000
20566,2024-05-24,643,47,3,230000
20567,2024-12-03,276,48,3,3438000
20568,2025-01-16,2713,36,3,8082000
20569,2025-03-25,1541,33,2,2420000
20570,2024-03-17,1557,45,6,23091000
20571,2024-12-26,23,45,3,23470000
20572,2025-09-14,463,20,3,6250000
20573,2024-03-04,2148,29,6,2232000
20574,2025-09-11,2312,8,6,45374000
20575,2025-04-21,1142,36,2,4571000
20576,2024-03-02,1238,47,3,57260000
20577,2025-11-18,1745,50,3,58886000
20578,2024-02-14,2151,43,3,11128000
20579,2025-12-31,636,25,6,27189000
20580,2025-06-10,591,11,6,16971000
20581,2025-08-09,64,47,3,23852000
20582,2024-08-31,1271,9,6,7208000
20583,2024-10-02,2467,29,3,17831000
20584,2024-10-29,1873,21,1,12200000
20585,2024-06-17,2066,5,6,5304000
20586,2024-12-11,318,21,6,24561000
20587,2024-07-09,2611,20,3,9490000
20588,2025-09-22,959,48,6,29924000
20589,2024-05-23,2426,39,6,20033000
20590,2025-12-07,2875,9,3,22446000
20591,2024-10-06,847,3,2,4223000
20592,2025-02-18,236,19,1,7002000
20593,2025-02-28,944,48,6,10692000
20594,2025-01-14,2557,39,6,9704000
20595,2025-12-08,750,37,3,3020000
20596,2024-11-09,1600,41,3,9832000
20597,2025-01-06,2084,22,6,18762000
20598,2025-02-24,124,24,3,24152000
20599,2025-11-05,1320,31,6,28109000
20600,2025-09-02,2358,31,6,12166000
20601,2025-12-29,807,48,3,10840000
20602,2024-06-16,2331,44,3,10650000
20603,2025-06-29,2165,50,2,12303000
20604,2025-09-28,1041,3,6,14430000
20605,2024-10-14,2052,17,6,41955000
20606,2025-01-01,707,38,2,3593000
20607,2025-12-20,2189,38,1,7923000
20608,2025-01-04,2140,4,6,3128000
20609,2025-07-13,809,4,6,31370000
20610,2025-01-29,2232,9,2,21860000
20611,2024-11-21,1029,9,6,18494000
20612,2024-01-25,580,49,6,26645000
20613,2024-10-09,516,46,3,8599000
20614,2024-04-05,1981,46,1,9065000
20615,2025-05-30,1154,40,6,25880000
20616,2024-06-06,1846,17,1,3985000
20617,2025-12-31,2831,27,3,20214000
20618,2024-11-11,2219,24,3,3915000
20619,2025-03-29,91,5,1,22703000
20620,2025-12-18,1239,9,1,19767000
20621,2024-08-21,1329,47,6,18944000
20622,2024-01-25,1133,20,2,4310000
20623,2025-01-15,2048,47,3,17575000
20624,2024-02-23,2706,28,1,18825000
20625,2024-02-03,2088,42,2,17946000
20626,2024-06-05,13,8,3,5151000
20627,2024-02-22,1052,6,1,11580000
20628,2025-01-05,2089,33,6,4341000
20629,2025-12-05,181,19,3,11135000
20630,2025-11-01,1609,1,1,37463000
20631,2025-10-20,662,21,3,213000
20632,2025-09-28,685,44,3,33973000
20633,2024-05-07,431,40,3,4036000
20634,2025-05-29,1332,22,1,13836000
20635,2025-02-08,349,32,1,5127000
20636,2025-06-12,2846,9,6,17856000
20637,2024-02-11,524,46,6,22062000
20638,2024-05-02,530,24,3,33110000
20639,2024-05-10,1803,38,6,10078000
20640,2025-02-19,19,17,2,11916000
20641,2024-07-05,1848,8,3,13119000
20642,2025-12-08,866,50,2,23309000
20643,2024-04-29,46,4,3,2271000
20644,2025-11-16,1113,38,6,13451000
20645,2024-05-30,1402,17,3,10972000
20646,2024-01-09,866,24,3,28898000
20647,2025-11-10,2992,36,3,25183000
20648,2025-10-20,2524,14,6,68465000
20649,2024-11-19,2019,25,6,8495000
20650,2025-07-31,1225,29,3,15286000
20651,2025-11-08,2421,30,3,6527000
20652,2024-06-07,1584,45,3,2330000
20653,2025-10-09,290,6,6,37399000
20654,2025-10-29,2829,47,2,29578000
20655,2025-02-24,2844,43,6,10735000
20656,2025-02-02,1565,26,1,5691000
20657,2024-07-07,1784,28,1,10655000
20658,2025-11-13,2895,48,3,17092000
20659,2025-06-09,2224,9,3,4668000
20660,2025-03-26,2063,42,6,7475000
20661,2025-01-26,2225,45,1,2573000
20662,2024-10-26,1518,34,6,20251000
20663,2025-06-02,1306,6,6,2032000
20664,2025-03-16,747,28,1,31886000
20665,2024-12-17,1802,21,6,5847000
20666,2025-12-09,2090,49,6,16703000
20667,2024-12-03,709,20,2,21350000
20668,2024-12-20,1089,8,6,29460000
20669,2025-07-02,808,50,1,7432000
20670,2024-05-03,1087,12,3,597000
20671,2025-11-16,2941,50,6,999000
20672,2025-04-23,730,42,1,9506000
20673,2025-06-14,133,13,1,1735000
20674,2025-04-06,203,21,6,10846000
20675,2024-11-02,1142,1,1,41438000
20676,2025-05-11,1212,6,1,1436000
20677,2024-09-13,917,10,3,25463000
20678,2024-12-05,2166,38,1,21241000
20679,2024-01-31,2945,48,6,11596000
20680,2025-09-16,63,42,6,5818000
20681,2025-10-26,614,25,6,3229000
20682,2024-04-08,2780,48,1,8296000
20683,2025-01-23,2660,30,6,1123000
20684,2024-07-17,1257,41,3,19513000
20685,2025-01-05,543,35,6,28786000
20686,2025-12-01,600,39,6,8342000
20687,2025-06-09,30,14,2,10511000
20688,2024-06-02,106,8,1,25527000
20689,2024-06-21,1977,48,3,16399000
20690,2025-02-11,2100,22,6,2441000
20691,2025-08-06,1657,21,1,39277000
20692,2024-03-20,360,31,6,34232000
20693,2025-07-18,70,1,1,21292000
20694,2025-05-27,461,4,6,24370000
20695,2025-07-30,869,39,2,11972000
20696,2024-09-08,224,25,6,16406000
20697,2024-05-05,1543,32,3,10711000
20698,2024-06-17,339,20,3,17530000
20699,2024-07-09,2566,49,3,21334000
20700,2024-02-26,1915,33,1,12525000
20701,2024-10-09,5,7,3,4181000
20702,2025-04-17,1881,43,1,33042000
20703,2024-12-25,2772,1,1,36146000
20704,2024-05-04,186,38,3,33288000
20705,2024-12-12,2392,14,2,9774000
20706,2025-10-10,1762,45,2,60503000
20707,2025-06-07,1116,13,3,7437000
20708,2025-10-12,606,40,2,3055000
20709,2024-09-06,1532,13,3,56783000
20710,2024-10-05,369,44,2,17869000
20711,2025-06-09,1981,10,6,11163000
20712,2024-10-05,713,39,1,3986000
20713,2024-08-24,339,30,6,12611000
20714,2025-03-18,288,13,6,22175000
20715,2024-07-21,474,8,6,36674000
20716,2025-08-29,1560,42,3,24836000
20717,2024-12-23,2569,24,6,38110000
20718,2025-08-31,2799,5,6,16230000
20719,2025-07-17,247,35,3,15579000
20720,2024-12-16,1402,32,6,14948000
20721,2024-08-29,1073,8,6,7299000
20722,2024-07-07,1529,15,3,13387000
20723,2025-03-13,1090,2,1,23280000
20724,2025-12-15,860,29,1,29613000
20725,2025-08-10,891,4,6,7392000
20726,2025-01-11,2923,45,6,46599000
20727,2024-10-12,398,44,1,2061000
20728,2025-09-21,2277,28,3,2943000
20729,2025-11-07,2889,16,6,13263000
20730,2025-05-06,2317,49,3,5787000
20731,2024-12-09,1062,10,6,21319000
20732,2024-08-12,341,31,3,17470000
20733,2024-05-12,2021,30,6,4890000
20734,2024-06-25,403,41,6,2085000
20735,2025-11-13,2108,36,6,37938000
20736,2024-06-06,2212,50,6,37345000
20737,2025-06-04,633,50,6,17978000
20738,2024-12-14,38,4,1,13848000
20739,2024-03-21,701,14,6,14024000
20740,2024-10-17,2102,48,1,4480000
20741,2025-03-21,1726,11,6,26909000
20742,2024-08-20,2531,25,6,15076000
20743,2024-04-25,2253,14,1,6106000
20744,2024-08-08,2410,22,1,1499000
20745,2024-01-06,605,5,6,7193000
20746,2024-12-10,2333,23,1,39241000
20747,2024-06-08,874,38,1,6387000
20748,2024-04-18,1387,39,2,9904000
20749,2024-02-05,1463,45,3,2688000
20750,2025-07-11,2985,22,2,43138000
20751,2025-11-01,1983,37,6,26796000
20752,2024-05-08,672,33,2,7328000
20753,2024-02-20,2285,38,2,22774000
20754,2025-07-25,2844,33,6,5498000
20755,2024-01-09,2118,39,3,58543000
20756,2024-12-07,199,3,3,21586000
20757,2024-08-13,2161,36,3,14770000
20758,2024-04-12,416,48,1,3452000
20759,2024-05-11,129,15,6,35317000
20760,2024-01-23,2305,26,2,2327000
20761,2024-07-14,929,32,6,18206000
20762,2025-07-30,1641,5,1,12872000
20763,2025-02-15,2383,1,6,1137000
20764,2024-05-15,2969,33,3,9551000
20765,2025-04-26,2473,16,6,8630000
20766,2024-10-26,1760,39,6,48001000
20767,2025-09-13,10,41,3,4615000
20768,2024-04-25,197,11,1,9782000
20769,2024-03-22,2366,49,1,1346000
20770,2025-03-29,2381,47,3,660000
20771,2024-03-04,1109,18,6,21113000
20772,2024-01-03,23,32,3,3500000
20773,2024-03-24,2477,17,3,44270000
20774,2024-06-23,884,22,3,9045000
20775,2025-12-09,2942,43,1,5760000
20776,2024-03-02,726,32,1,2011000
20777,2025-11-14,223,20,3,8004000
20778,2025-08-03,2008,34,2,15654000
20779,2024-12-02,1324,50,2,14864000
20780,2024-04-19,1218,18,1,4714000
20781,2024-01-04,403,7,3,58877000
20782,2025-10-03,1759,32,2,14462000
20783,2024-12-19,431,9,2,28523000
20784,2024-02-28,1943,21,1,5125000
20785,2024-11-25,810,23,6,32720000
20786,2025-11-29,687,48,1,18759000
20787,2025-03-13,1517,43,1,11555000
20788,2025-05-05,1425,24,3,7451000
20789,2024-09-28,2487,7,1,10709000
20790,2025-10-12,2252,12,6,34386000
20791,2024-11-13,752,20,3,856000
20792,2024-03-24,1102,50,3,27511000
20793,2024-12-08,2541,26,2,7596000
20794,2025-06-03,2521,19,6,7597000
20795,2024-11-26,2681,35,6,14416000
20796,2024-09-17,1803,15,3,10839000
20797,2025-07-18,2327,16,3,1514000
20798,2024-03-26,1745,8,1,21537000
20799,2025-04-25,2487,10,6,7519000
20800,2024-07-03,1549,9,3,9833000
20801,2024-03-22,271,21,2,28736000
20802,2025-04-04,493,27,3,19621000
20803,2025-08-03,520,14,1,27996000
20804,2024-04-30,1993,8,2,3864000
20805,2024-10-12,1552,30,6,4668000
20806,2024-08-02,134,6,6,73144000
20807,2025-05-13,233,22,6,47236000
20808,2025-04-03,150,7,6,11137000
20809,2024-09-07,2699,2,1,16736000
20810,2025-03-29,2914,26,6,213000
20811,2025-10-31,2541,43,3,23926000
20812,2024-05-07,2749,33,1,4963000
20813,2024-10-07,1125,1,6,10744000
20814,2024-05-24,2952,35,1,27750000
20815,2024-05-11,1038,11,2,12515000
20816,2024-02-12,2480,22,6,10261000
20817,2024-03-24,160,33,6,4559000
20818,2024-05-09,2452,30,3,5178000
20819,2025-12-08,1665,31,6,8016000
20820,2024-10-30,571,27,1,17265000
20821,2024-08-22,2915,14,3,20163000
20822,2024-07-26,647,23,6,41679000
20823,2024-07-04,349,12,6,27645000
20824,2024-10-08,340,47,6,11510000
20825,2024-01-14,2907,22,6,28527000
20826,2024-04-13,1778,43,1,25915000
20827,2025-09-11,1919,30,1,6456000
20828,2025-09-19,282,26,3,9954000
20829,2025-11-20,1724,38,1,708000
20830,2024-10-12,2357,27,3,26111000
20831,2025-04-16,1265,26,6,651000
20832,2025-07-14,1850,41,3,7331000
20833,2024-07-10,231,31,3,5710000
20834,2024-12-04,2981,46,1,2520000
20835,2024-03-01,2043,22,6,3786000
20836,2024-01-20,1089,41,6,11031000
20837,2024-10-08,2181,44,1,6813000
20838,2025-11-17,1893,6,6,2989000
20839,2024-08-03,248,13,6,39790000
20840,2025-03-03,780,44,3,12967000
20841,2025-05-13,1139,33,2,4568000
20842,2025-02-22,1878,17,1,11013000
20843,2024-04-15,598,8,3,11043000
20844,2024-07-03,1883,10,6,15367000
20845,2025-07-31,1714,30,1,13758000
20846,2024-10-30,2724,32,6,19125000
20847,2024-07-14,2643,7,6,4578000
20848,2025-07-29,1205,45,2,8490000
20849,2025-03-11,2676,17,6,4804000
20850,2024-12-12,1542,2,3,2101000
20851,2024-04-20,1354,30,6,10103000
20852,2024-10-10,429,24,6,36411000
20853,2025-09-21,1757,8,6,4401000
20854,2024-06-04,2291,12,1,3347000
20855,2024-10-08,564,45,3,3570000
20856,2024-06-22,245,40,6,3735000
20857,2025-06-23,2060,28,1,32137000
20858,2024-06-06,1019,44,6,16720000
20859,2024-08-23,1136,47,1,5842000
20860,2024-06-02,489,15,1,10689000
20861,2025-12-28,2282,27,3,2822000
20862,2025-05-20,2841,38,6,3947000
20863,2024-08-11,673,21,3,14677000
20864,2025-07-28,2601,38,6,3662000
20865,2024-02-22,2501,37,1,26029000
20866,2025-09-04,1154,32,6,595000
20867,2025-07-13,1529,40,3,5514000
20868,2025-09-12,1003,20,6,1870000
20869,2024-09-01,624,48,3,13684000
20870,2024-02-14,408,39,6,1043000
20871,2025-11-21,58,40,6,15457000
20872,2025-01-09,302,29,6,30781000
20873,2025-08-29,95,45,3,12038000
20874,2025-05-16,305,23,6,2183000
20875,2025-05-29,2398,17,3,4236000
20876,2024-11-23,222,24,1,11907000
20877,2025-12-01,1578,9,1,16180000
20878,2025-03-17,2748,1,6,5610000
20879,2025-03-02,2276,11,6,7554000
20880,2024-08-21,1824,19,3,11679000
20881,2025-01-25,2058,46,6,22690000
20882,2025-08-06,1790,17,6,31689000
20883,2025-01-08,566,5,6,10552000
20884,2025-05-10,600,19,3,51214000
20885,2025-09-18,1358,25,6,48841000
20886,2024-11-29,1151,28,6,13715000
20887,2024-08-07,2448,33,3,32400000
20888,2025-08-22,1922,44,3,14527000
20889,2024-08-10,17,48,6,4287000
20890,2024-01-05,3,18,6,8685000
20891,2025-02-23,1709,4,6,14378000
20892,2025-11-28,672,9,6,15323000
20893,2024-04-14,560,20,6,5204000
20894,2024-04-24,801,2,6,370000
20895,2024-06-13,16,26,6,9063000
20896,2025-12-27,107,47,3,3844000
20897,2024-03-06,2539,42,2,2027000
20898,2025-04-06,57,26,6,21904000
20899,2025-07-30,937,21,6,3730000
20900,2025-06-06,2496,7,2,12241000
20901,2024-06-14,2917,6,3,18522000
20902,2024-09-28,117,38,3,23732000
20903,2024-11-17,1283,35,2,6317000
20904,2025-02-14,2006,13,3,12625000
20905,2024-08-09,951,39,3,15360000
20906,2025-04-11,8,19,3,15136000
20907,2025-06-13,799,21,6,37173000
20908,2024-08-30,756,31,6,33375000
20909,2024-02-18,877,26,2,33445000
20910,2025-08-21,904,10,3,9147000
20911,2025-06-01,2636,47,6,8114000
20912,2024-12-15,562,21,6,9788000
20913,2025-03-13,2230,31,6,581000
20914,2025-11-06,741,26,6,44731000
20915,2024-09-12,1793,39,6,14105000
20916,2025-12-27,2426,32,6,6347000
20917,2024-05-20,1378,20,1,11652000
20918,2024-04-12,1886,6,3,420000
20919,2024-05-01,1702,34,6,16817000
20920,2025-12-29,2480,45,6,15622000
20921,2025-08-05,2281,11,6,20358000
20922,2024-08-11,1271,45,3,25541000
20923,2024-10-27,2675,21,3,24770000
20924,2024-02-13,1335,45,1,20547000
20925,2025-04-20,1496,50,6,16178000
20926,2025-07-30,2491,4,6,4677000
20927,2025-09-11,2589,22,3,39882000
20928,2024-03-08,2911,17,3,6477000
20929,2024-01-11,323,1,3,885000
20930,2025-09-22,2189,30,1,5951000
20931,2025-01-19,2340,44,3,542000
20932,2024-12-25,2530,20,6,12065000
20933,2024-04-09,821,32,1,13114000
20934,2025-08-29,520,25,6,14984000
20935,2025-03-11,2412,24,3,1180000
20936,2025-06-05,292,42,3,28279000
20937,2024-07-24,1935,46,2,7800000
20938,2024-07-14,2374,18,6,7136000
20939,2024-08-14,2892,7,1,28964000
20940,2025-10-02,1349,18,3,4652000
20941,2025-05-22,188,32,6,19589000
20942,2024-04-07,1207,37,6,8839000
20943,2025-03-05,2029,20,2,8280000
20944,2024-02-28,628,35,6,1514000
20945,2025-05-12,1025,47,2,1331000
20946,2025-03-01,123,30,1,2378000
20947,2024-04-02,2392,34,6,778000
20948,2024-02-16,1105,31,3,22594000
20949,2025-07-28,576,22,6,8490000
20950,2025-01-29,2813,27,3,4616000
20951,2024-07-08,2215,41,1,21723000
20952,2024-10-31,202,34,1,7160000
20953,2025-07-22,2744,29,1,31467000
20954,2025-03-28,2616,49,6,32733000
20955,2024-02-08,1549,20,6,34866000
20956,2024-02-17,2182,34,6,16424000
20957,2024-02-04,1045,19,3,17351000
20958,2024-03-24,2644,27,2,12910000
20959,2025-05-08,2875,13,2,29956000
20960,2024-06-03,1964,45,6,10305000
20961,2025-10-19,2183,32,3,32507000
20962,2024-09-19,784,10,3,20138000
20963,2025-01-01,191,2,2,38831000
20964,2025-08-31,2726,18,1,28195000
20965,2025-02-02,1377,39,6,4479000
20966,2024-01-02,2003,22,6,6353000
20967,2024-12-19,1080,46,1,47246000
20968,2024-06-26,867,14,6,9625000
20969,2024-01-09,1707,50,3,8648000
20970,2024-09-13,789,50,6,22616000
20971,2025-03-30,549,38,6,5335000
20972,2025-08-16,2817,43,1,7217000
20973,2024-06-10,425,22,1,9525000
20974,2025-08-10,2878,38,6,880000
20975,2025-08-10,1624,6,6,10039000
20976,2025-10-03,145,33,3,3854000
20977,2025-01-02,1098,35,3,34655000
20978,2025-07-27,2093,9,6,5476000
20979,2024-09-30,2473,43,2,12697000
20980,2025-11-25,2416,17,3,8303000
20981,2025-12-20,752,24,6,9052000
20982,2025-05-10,569,20,6,19472000
20983,2024-07-27,877,3,1,15633000
20984,2024-11-05,1391,35,6,20289000
20985,2024-01-05,2405,43,6,20304000
20986,2024-07-15,172,33,3,5887000
20987,2024-10-30,1012,41,6,24037000
20988,2025-02-24,1722,46,6,26168000
20989,2025-05-19,2755,3,6,363000
20990,2024-11-13,2810,31,3,21226000
20991,2025-08-16,2340,26,2,6666000
20992,2024-08-18,2831,44,3,21388000
20993,2025-03-23,2443,24,6,2964000
20994,2025-12-10,209,31,2,37891000
20995,2024-08-16,78,48,3,15901000
20996,2024-01-30,634,43,3,15197000
20997,2025-05-05,2176,21,1,2583000
20998,2025-05-20,2843,9,6,6733000
20999,2024-11-14,128,27,3,10118000
21000,2024-12-11,785,24,2,26246000
21001,2025-05-25,329,30,2,14063000
21002,2024-05-03,2270,33,1,7167000
21003,2024-05-26,318,16,3,24432000
21004,2025-03-30,596,15,6,5388000
21005,2024-03-12,837,9,3,25933000
21006,2024-02-08,88,3,2,42105000
21007,2025-09-06,1369,39,6,29586000
21008,2024-01-05,2138,41,6,16546000
21009,2024-09-15,2544,23,3,2611000
21010,2024-08-11,834,17,6,4859000
21011,2025-03-30,120,24,6,7836000
21012,2025-04-04,826,26,6,1939000
21013,2024-04-25,1160,4,1,1678000
21014,2024-07-06,1589,39,6,17679000
21015,2025-03-10,720,48,2,32547000
21016,2025-10-01,1113,33,6,2563000
21017,2025-12-22,2625,26,2,20978000
21018,2025-07-24,230,10,3,7964000
21019,2025-06-06,610,14,3,27774000
21020,2025-05-28,2209,49,6,28215000
21021,2024-07-16,1947,31,1,9736000
21022,2024-04-16,302,33,1,23069000
21023,2025-10-09,2645,5,3,15593000
21024,2025-12-11,1407,6,6,16413000
21025,2024-11-16,2678,16,3,696000
21026,2025-09-28,2631,31,1,10220000
21027,2025-12-02,74,17,3,56749000
21028,2025-12-25,1660,35,3,4475000
21029,2025-07-15,609,4,6,5266000
21030,2024-03-13,513,49,3,3290000
21031,2024-05-22,1353,3,6,1160000
21032,2025-08-23,2277,42,1,18911000
21033,2024-07-01,262,17,6,5373000
21034,2025-01-09,2707,41,6,22346000
21035,2025-10-07,2288,42,6,22468000
21036,2024-08-08,338,20,6,48196000
21037,2025-07-22,1999,50,2,4109000
21038,2024-10-09,321,7,6,35636000
21039,2024-05-03,1717,46,6,6395000
21040,2025-08-20,1385,21,1,17610000
21041,2025-09-16,557,50,2,24459000
21042,2025-07-02,405,45,3,36226000
21043,2025-11-26,554,19,6,6641000
21044,2024-09-13,2692,34,3,19034000
21045,2024-02-18,1844,35,3,44824000
21046,2025-09-06,2557,4,6,22505000
21047,2024-02-24,1903,32,1,34390000
21048,2024-01-23,2367,36,1,20367000
21049,2025-09-25,682,12,1,47133000
21050,2025-06-23,596,8,3,3344000
21051,2024-05-21,482,23,1,10541000
21052,2024-07-19,1103,44,3,37411000
21053,2024-11-08,501,30,2,18003000
21054,2025-08-02,967,9,1,29517000
21055,2024-12-05,1834,6,6,14788000
21056,2025-04-08,2458,6,3,26498000
21057,2024-12-29,175,26,6,30895000
21058,2024-04-21,2434,30,6,24146000
21059,2024-08-18,535,2,1,17016000
21060,2025-02-08,52,31,2,770000
21061,2024-10-24,2369,46,3,31983000
21062,2025-04-09,155,14,6,18505000
21063,2025-06-26,2944,17,6,6441000
21064,2025-01-17,1942,41,6,29544000
21065,2025-11-11,1910,28,1,1563000
21066,2024-05-01,1157,8,1,11876000
21067,2025-11-21,412,46,3,10800000
21068,2024-06-25,2529,39,1,29616000
21069,2024-07-09,728,47,1,8850000
21070,2025-08-22,1228,48,6,6387000
21071,2025-11-12,2187,3,3,15697000
21072,2024-02-20,1444,2,6,9374000
21073,2025-03-24,472,24,6,3982000
21074,2025-11-05,1657,14,6,5660000
21075,2025-06-29,2855,21,6,21650000
21076,2025-06-13,2156,43,2,7923000
21077,2024-03-05,145,38,3,47816000
21078,2025-09-04,2015,50,1,4502000
21079,2024-09-26,2189,44,1,6436000
21080,2025-09-26,195,18,6,29565000
21081,2024-01-11,1477,32,1,11903000
21082,2024-05-10,1675,41,6,7457000
21083,2024-07-22,241,23,6,10699000
21084,2024-06-04,2806,23,3,5227000
21085,2025-03-29,606,9,1,4289000
21086,2025-05-03,100,38,2,9813000
21087,2024-10-02,1274,11,3,15034000
21088,2025-06-12,1028,22,3,11664000
21089,2024-08-04,383,44,6,20620000
21090,2024-01-08,1183,39,6,12178000
21091,2025-11-07,164,40,2,1383000
21092,2024-07-11,837,1,6,3351000
21093,2025-04-18,702,26,1,12136000
21094,2025-09-01,602,33,6,12311000
21095,2024-12-22,224,19,6,11789000
21096,2024-08-26,2887,44,1,2036000
21097,2025-12-11,2169,9,6,32478000
21098,2025-07-09,1520,44,3,9810000
21099,2024-03-04,572,46,6,15441000
21100,2025-04-15,1657,40,3,9354000
21101,2025-12-11,2270,24,3,11244000
21102,2025-08-22,788,39,6,22905000
21103,2024-06-07,1419,7,3,12323000
21104,2025-07-02,2450,27,6,15097000
21105,2024-10-31,353,30,1,36412000
21106,2025-07-13,2855,36,6,16207000
21107,2025-12-02,1513,6,3,22900000
21108,2025-08-01,1505,42,6,17630000
21109,2024-08-23,2450,18,6,24726000
21110,2024-07-26,1134,23,1,14231000
21111,2024-07-31,2150,48,6,303000
21112,2024-06-22,451,19,6,11607000
21113,2024-05-07,316,46,3,31881000
21114,2024-02-29,2955,24,6,1833000
21115,2025-09-01,2937,30,3,40690000
21116,2025-12-31,1152,12,1,3441000
21117,2024-09-09,1131,7,1,19591000
21118,2024-05-29,1254,11,6,15661000
21119,2025-12-08,673,33,3,12200000
21120,2025-07-05,2470,48,1,9328000
21121,2025-01-19,1301,8,3,25452000
21122,2024-12-23,1690,21,6,9890000
21123,2024-12-31,2833,49,6,9634000
21124,2024-01-08,926,23,6,35673000
21125,2025-01-26,502,40,6,22386000
21126,2024-07-16,2359,47,3,17917000
21127,2025-01-20,1069,5,6,1170000
21128,2025-02-08,2691,41,6,5503000
21129,2025-04-23,17,31,6,12825000
21130,2025-08-31,1088,38,2,476000
21131,2024-06-25,11,4,1,32074000
21132,2024-05-13,1507,33,6,17433000
21133,2025-01-20,797,31,2,860000
21134,2024-06-29,326,27,3,12198000
21135,2025-06-14,1952,2,3,27712000
21136,2024-03-07,617,46,6,3640000
21137,2025-03-03,2867,30,3,12810000
21138,2025-04-30,890,36,1,2950000
21139,2024-08-08,841,31,3,9955000
21140,2025-05-17,394,14,3,30125000
21141,2024-06-12,2593,31,3,5265000
21142,2025-11-12,1449,6,1,63125000
21143,2024-08-11,598,28,3,3856000
21144,2024-02-10,379,35,6,33749000
21145,2025-10-04,781,27,1,45168000
21146,2025-05-24,1537,12,6,3157000
21147,2024-11-01,659,4,3,12506000
21148,2025-02-13,197,3,1,23020000
21149,2024-04-14,2552,8,1,20360000
21150,2025-11-29,1230,5,6,44378000
21151,2025-10-21,1166,18,6,19124000
21152,2025-09-25,1674,34,3,31372000
21153,2024-06-09,1049,35,3,11528000
21154,2024-09-03,544,13,2,13251000
21155,2025-04-03,2575,17,3,3411000
21156,2025-12-24,1235,44,3,12891000
21157,2025-04-26,2953,17,2,13951000
21158,2025-01-18,587,1,1,1224000
21159,2024-04-08,1225,30,6,37242000
21160,2024-11-12,2777,34,3,24353000
21161,2024-01-26,1554,6,6,36670000
21162,2024-11-07,2005,16,3,17188000
21163,2024-09-01,1617,28,3,5460000
21164,2024-10-18,2000,8,3,10546000
21165,2024-08-02,1166,18,3,14075000
21166,2025-09-18,2170,23,6,739000
21167,2024-10-28,1899,10,6,21447000
21168,2025-01-10,1009,47,6,39162000
21169,2024-11-19,2802,46,6,2882000
21170,2024-11-17,1601,1,6,27333000
21171,2025-08-24,728,13,1,17935000
21172,2025-06-14,2377,48,1,2377000
21173,2024-11-23,441,27,3,6790000
21174,2024-05-05,933,46,2,22220000
21175,2025-03-02,2222,15,3,14096000
21176,2025-10-09,748,39,1,2658000
21177,2025-06-21,1404,3,1,228000
21178,2024-09-18,352,13,6,2184000
21179,2025-09-21,151,32,2,6435000
21180,2025-02-04,1905,6,6,39003000
21181,2024-03-30,1308,11,6,9130000
21182,2025-12-21,2910,50,3,333000
21183,2025-01-28,745,8,6,45954000
21184,2024-02-09,61,33,6,17120000
21185,2025-06-03,278,13,1,19523000
21186,2025-09-18,2399,6,3,2130000
21187,2024-04-22,463,50,3,2049000
21188,2025-12-11,732,42,6,7928000
21189,2025-09-12,2230,46,6,9413000
21190,2024-03-03,1505,42,3,6490000
21191,2024-05-23,2016,15,6,4636000
21192,2025-01-10,2467,40,3,20565000
21193,2025-01-28,1453,46,3,2555000
21194,2025-07-15,2392,35,3,27849000
21195,2024-07-01,2753,4,3,35000
21196,2024-12-30,2148,12,6,5791000
21197,2024-11-21,1362,1,1,24995000
21198,2025-10-03,387,28,1,14574000
21199,2024-02-15,1983,47,1,16205000
21200,2024-07-31,1419,39,3,33615000
21201,2025-07-06,1326,30,6,12934000
21202,2024-03-15,542,46,1,5365000
21203,2024-12-23,830,32,6,2272000
21204,2025-10-19,2402,34,6,5803000
21205,2025-06-18,586,46,3,14376000
21206,2024-05-28,2753,17,3,32294000
21207,2024-03-04,2852,18,1,1732000
21208,2024-01-17,2701,29,3,2843000
21209,2025-10-23,161,6,6,21246000
21210,2025-03-04,908,15,3,28266000
21211,2024-04-11,2143,48,2,18770000
21212,2025-10-08,1937,23,6,31353000
21213,2025-01-25,2637,18,6,7120000
21214,2025-09-27,837,43,1,2391000
21215,2024-05-29,2362,13,1,13294000
21216,2024-02-03,2726,32,6,41587000
21217,2024-06-15,783,10,3,6850000
21218,2025-09-11,1001,6,3,25968000
21219,2024-11-14,2352,49,3,5040000
21220,2025-07-08,217,27,3,552000
21221,2024-11-01,1109,3,6,18888000
21222,2024-07-25,1889,9,2,5338000
21223,2025-11-09,866,28,6,15150000
21224,2025-12-29,2951,46,3,22048000
21225,2025-01-15,2481,12,3,6945000
21226,2024-06-15,742,18,3,14242000
21227,2025-03-19,1006,34,1,8152000
21228,2025-01-10,1546,39,6,45589000
21229,2024-04-07,1711,39,3,20154000
21230,2024-03-21,1858,21,6,4788000
21231,2025-11-17,1195,6,1,23250000
21232,2024-08-09,131,33,2,14948000
21233,2025-01-12,2770,5,3,29980000
21234,2025-10-26,934,2,3,37733000
21235,2024-03-23,165,48,6,7415000
21236,2025-07-19,2577,38,3,8387000
21237,2024-04-25,442,17,6,15472000
21238,2024-08-13,1226,49,1,19816000
21239,2024-09-14,2358,43,6,38201000
21240,2024-03-10,1382,48,6,12086000
21241,2024-05-06,792,24,6,8400000
21242,2025-01-28,1544,13,3,1128000
21243,2024-01-17,1807,13,3,10525000
21244,2025-04-16,1378,28,6,2874000
21245,2025-11-23,1716,8,3,41671000
21246,2024-03-15,382,12,3,17138000
21247,2024-10-28,2655,41,3,19252000
21248,2024-01-06,1214,48,2,48249000
21249,2024-03-14,590,31,1,19921000
21250,2024-11-09,2808,8,3,7950000
21251,2025-05-20,1447,2,1,26968000
21252,2025-06-05,2280,44,6,12961000
21253,2024-07-21,1000,36,3,2910000
21254,2025-03-31,1073,23,6,12400000
21255,2025-09-23,2198,45,6,22736000
21256,2025-02-27,740,30,6,23650000
21257,2025-03-27,1943,29,6,34826000
21258,2025-07-20,806,11,2,2420000
21259,2025-10-15,2160,48,6,20489000
21260,2025-04-08,835,14,6,4446000
21261,2024-05-31,1556,21,6,2926000
21262,2025-12-01,2157,13,6,9093000
21263,2024-06-22,223,4,6,6862000
21264,2024-11-18,267,26,6,4374000
21265,2024-12-31,2505,5,6,2106000
21266,2024-03-11,1921,44,3,31830000
21267,2024-05-29,1801,15,1,14393000
21268,2025-12-08,1389,4,1,3839000
21269,2024-04-26,1255,11,2,14575000
21270,2025-05-11,551,6,3,5190000
21271,2025-08-31,2139,39,3,15288000
21272,2024-05-13,901,45,6,26358000
21273,2024-05-20,623,17,1,7494000
21274,2025-06-07,583,13,6,6797000
21275,2024-09-20,584,40,2,32208000
21276,2025-03-25,495,12,1,33942000
21277,2024-09-01,126,11,6,2743000
21278,2024-08-07,2741,1,2,2837000
21279,2025-04-25,625,15,1,11098000
21280,2024-10-18,2240,41,6,23391000
21281,2024-10-02,1056,18,3,4991000
21282,2024-12-13,416,13,6,21883000
21283,2024-10-15,2592,35,3,3602000
21284,2025-04-03,229,23,6,8952000
21285,2024-09-18,2166,1,3,38194000
21286,2025-01-01,1918,48,1,47910000
21287,2024-12-02,629,37,6,11243000
21288,2024-11-09,2523,15,3,6061000
21289,2025-08-08,2876,37,3,19566000
21290,2025-12-20,663,13,1,4246000
21291,2024-05-23,360,23,1,25948000
21292,2025-11-12,687,34,1,31634000
21293,2024-08-09,998,10,3,20463000
21294,2024-03-27,2070,27,2,7931000
21295,2025-01-19,704,26,6,5352000
21296,2024-12-25,1584,4,3,7031000
21297,2025-06-10,175,30,3,18481000
21298,2025-03-27,520,42,3,4165000
21299,2024-03-06,916,42,3,9962000
21300,2024-11-05,1992,41,2,24055000
21301,2024-11-10,223,12,1,33458000
21302,2025-05-14,1073,40,1,13125000
21303,2024-01-10,2802,4,1,5371000
21304,2025-06-09,2722,11,3,11793000
21305,2025-01-12,1508,15,6,30008000
21306,2025-10-28,924,6,6,2022000
21307,2025-04-18,2630,16,6,17205000
21308,2024-02-14,912,36,3,6462000
21309,2024-12-12,1847,29,1,1113000
21310,2025-11-02,1705,1,1,3647000
21311,2024-08-07,773,25,2,3633000
21312,2025-03-09,795,23,3,22367000
21313,2025-07-31,2570,38,3,17202000
21314,2024-01-29,1569,29,3,7366000
21315,2024-05-19,904,48,3,8059000
21316,2025-04-13,1355,3,3,26680000
21317,2024-04-11,68,21,1,2841000
21318,2024-12-04,555,7,6,2815000
21319,2024-06-30,525,37,6,17092000
21320,2024-12-31,541,11,2,10625000
21321,2024-04-22,2351,34,6,1604000
21322,2024-11-15,1112,31,2,7315000
21323,2024-07-17,936,18,2,44164000
21324,2025-06-15,447,11,3,13916000
21325,2024-04-11,2870,46,6,25391000
21326,2025-07-08,1646,4,6,3496000
21327,2024-07-04,1332,14,6,8534000
21328,2024-03-14,845,43,3,11288000
21329,2024-04-08,2126,18,3,28823000
21330,2025-04-08,2154,25,6,9020000
21331,2025-04-26,1904,5,3,5327000
21332,2024-01-31,2382,3,3,9765000
21333,2024-09-05,814,42,1,26694000
21334,2024-01-11,1856,41,6,2833000
21335,2024-07-03,1492,31,1,25994000
21336,2024-03-29,1582,39,6,5601000
21337,2025-03-16,617,36,6,20966000
21338,2025-07-30,2705,45,2,17608000
21339,2025-02-19,2512,5,6,6846000
21340,2025-07-10,2683,10,2,38437000
21341,2025-09-27,377,2,2,31875000
21342,2024-08-29,1755,28,6,6450000
21343,2024-12-01,2198,3,3,3038000
21344,2024-07-04,1958,15,1,2452000
21345,2025-05-16,1866,39,3,28602000
21346,2025-04-06,2805,41,3,12128000
21347,2024-07-28,289,46,6,6044000
21348,2025-06-17,2525,47,1,9600000
21349,2025-02-19,1329,31,6,4355000
21350,2025-10-19,2118,22,3,7979000
21351,2025-02-18,2135,22,3,11806000
21352,2025-04-27,2869,15,1,24389000
21353,2025-01-09,1951,19,6,13868000
21354,2024-08-23,912,35,6,10670000
21355,2025-12-15,635,13,6,16952000
21356,2024-04-15,1038,10,3,7909000
21357,2024-08-08,2364,40,3,9447000
21358,2024-03-22,2345,46,6,11612000
21359,2025-05-28,2928,27,1,9543000
21360,2024-04-25,396,16,6,67041000
21361,2025-01-07,2474,28,6,10237000
21362,2025-05-27,2211,29,1,1001000
21363,2024-02-04,1545,32,3,5726000
21364,2025-04-21,2702,11,1,6341000
21365,2025-07-29,1153,10,3,15108000
21366,2024-03-24,2104,12,6,9817000
21367,2025-12-02,2415,42,6,67204000
21368,2025-11-19,1184,38,2,2540000
21369,2024-03-03,305,48,2,696000
21370,2024-08-18,2148,1,3,34399000
21371,2024-07-02,391,37,1,17482000
21372,2024-09-20,2590,19,6,30157000
21373,2024-08-01,817,4,1,5890000
21374,2025-08-08,1827,15,3,9517000
21375,2025-08-17,1397,38,3,38895000
21376,2025-10-05,2877,10,6,18086000
21377,2024-11-08,192,13,1,7419000
21378,2025-09-13,652,50,3,22047000
21379,2024-08-26,621,34,1,2144000
21380,2025-09-14,2761,50,3,12716000
21381,2025-02-24,2862,48,3,15515000
21382,2024-09-24,162,4,6,16389000
21383,2024-04-03,1339,25,1,38864000
21384,2025-08-07,899,24,2,5949000
21385,2024-08-30,6,15,3,8021000
21386,2025-09-09,1256,37,1,7363000
21387,2024-02-13,2869,5,1,2343000
21388,2024-07-11,2678,4,1,9150000
21389,2024-11-13,613,11,3,7151000
21390,2025-08-10,2356,22,2,29674000
21391,2025-07-20,2711,48,1,9751000
21392,2024-10-23,920,9,6,3713000
21393,2025-01-28,1390,1,3,32109000
21394,2024-10-19,2878,36,6,10810000
21395,2025-02-23,2867,43,6,5733000
21396,2025-01-03,1478,27,3,6243000
21397,2025-08-28,2924,1,1,8549000
21398,2024-07-18,1634,23,6,833000
21399,2024-11-21,1005,8,6,5004000
21400,2025-05-04,1258,16,6,9901000
21401,2025-04-24,2423,31,6,3144000
21402,2025-03-05,1206,41,1,3945000
21403,2024-06-07,1945,14,1,3596000
21404,2024-06-06,2392,40,3,7878000
21405,2025-01-23,225,18,1,6564000
21406,2024-06-25,248,42,6,34573000
21407,2024-04-30,371,10,3,20250000
21408,2025-04-10,2946,1,6,2145000
21409,2024-08-06,1941,37,6,7616000
21410,2024-12-24,106,36,6,47363000
21411,2024-07-23,775,50,6,38891000
21412,2024-05-14,1026,7,6,27598000
21413,2024-11-10,2409,3,3,44087000
21414,2025-03-27,2254,11,6,6798000
21415,2025-02-25,2489,35,3,28601000
21416,2025-05-07,2815,8,6,5795000
21417,2024-10-21,595,4,6,4583000
21418,2024-09-15,926,30,6,8218000
21419,2025-11-29,298,43,6,9166000
21420,2025-05-01,2011,33,6,13300000
21421,2024-05-15,1498,8,2,2354000
21422,2025-12-17,2291,6,6,728000
21423,2024-12-13,2666,33,3,8794000
21424,2025-05-09,2291,29,2,7199000
21425,2024-03-09,2340,26,6,29379000
21426,2024-09-23,2725,32,6,30665000
21427,2024-12-15,888,6,6,7766000
21428,2024-05-31,2720,30,3,9054000
21429,2025-05-06,175,28,6,7062000
21430,2025-08-06,2524,39,6,22709000
21431,2024-12-25,345,22,6,9108000
21432,2024-03-02,1014,10,3,28660000
21433,2025-09-26,611,28,1,379000
21434,2024-10-25,1859,22,1,324000
21435,2025-02-20,1682,26,3,6604000
21436,2025-11-25,33,11,3,5899000
21437,2025-09-28,1257,27,3,28278000
21438,2025-12-10,1180,24,6,13204000
21439,2024-10-06,1521,5,2,8691000
21440,2025-05-13,1406,21,3,1336000
21441,2025-01-11,2111,14,3,14963000
21442,2025-11-12,2161,10,2,24098000
21443,2024-12-23,1804,2,3,11482000
21444,2025-01-04,2616,27,6,5040000
21445,2025-01-26,566,46,3,5266000
21446,2024-12-29,1651,29,1,5380000
21447,2024-08-07,14,33,6,30616000
21448,2024-11-25,1130,42,6,5347000
21449,2024-08-13,1686,50,6,10250000
21450,2024-10-14,2389,15,6,7472000
21451,2024-11-09,1984,38,3,24320000
21452,2025-12-10,2281,33,6,4199000
21453,2025-12-30,1760,35,3,23855000
21454,2024-07-27,2104,49,6,5124000
21455,2025-08-18,403,28,3,1334000
21456,2025-05-12,495,48,6,39841000
21457,2025-03-24,2877,26,1,15952000
21458,2025-07-28,2418,20,3,24701000
21459,2024-01-31,1631,49,1,12111000
21460,2024-08-09,1379,47,2,9612000
21461,2025-06-21,1724,10,6,5419000
21462,2024-09-21,1919,32,3,5010000
21463,2025-07-16,218,37,1,7539000
21464,2025-12-28,1784,30,6,32952000
21465,2025-03-03,427,30,6,5180000
21466,2024-06-27,249,41,3,31081000
21467,2024-06-19,930,45,2,13078000
21468,2025-09-24,967,39,2,15234000
21469,2024-06-13,204,2,3,19210000
21470,2024-10-12,1296,3,2,18896000
21471,2025-03-19,555,19,6,183000
21472,2024-11-11,1,2,3,26326000
21473,2024-02-02,934,30,1,15566000
21474,2024-05-13,1243,30,1,7894000
21475,2024-11-05,616,20,1,24254000
21476,2024-02-24,1443,26,3,810000
21477,2025-03-03,2809,43,3,5189000
21478,2024-11-22,2645,35,3,16452000
21479,2025-07-28,584,13,2,30684000
21480,2024-01-30,1633,30,3,717000
21481,2025-09-08,708,44,3,29932000
21482,2024-10-19,1609,13,3,25898000
21483,2024-12-04,1379,22,6,6822000
21484,2024-09-16,706,10,6,1252000
21485,2024-01-02,2740,35,3,6824000
21486,2025-04-03,1520,39,6,14021000
21487,2025-12-20,16,8,2,11339000
21488,2025-08-09,17,33,3,1370000
21489,2024-10-13,1873,39,6,10231000
21490,2025-08-17,2630,3,6,14492000
21491,2024-03-30,1527,34,6,19049000
21492,2025-06-13,2142,33,1,9215000
21493,2025-01-16,2075,45,3,1890000
21494,2024-07-08,235,49,1,11325000
21495,2025-04-23,671,21,3,12571000
21496,2024-05-05,2638,5,6,10679000
21497,2024-04-18,1761,33,3,1195000
21498,2024-12-14,153,50,6,14829000
21499,2024-12-24,1814,13,2,3474000
21500,2024-08-23,712,35,6,19055000
21501,2024-03-31,1348,24,1,3776000
21502,2025-07-31,1907,17,1,47341000
21503,2025-06-16,1603,27,6,23634000
21504,2025-04-24,479,42,3,37284000
21505,2024-02-15,712,13,1,21236000
21506,2025-12-23,1552,36,1,26905000
21507,2025-07-19,2865,29,3,28472000
21508,2024-03-04,2242,46,3,24213000
21509,2025-04-15,103,32,3,12791000
21510,2024-11-12,2013,11,3,9505000
21511,2024-12-17,545,38,2,10595000
21512,2025-05-21,1900,23,3,6563000
21513,2025-07-06,1582,15,3,48652000
21514,2024-05-27,2038,30,6,11264000
21515,2025-08-27,2615,36,6,17841000
21516,2024-07-11,509,7,1,19378000
21517,2024-10-20,2591,3,3,22555000
21518,2025-11-03,2939,35,6,5806000
21519,2025-11-18,24,42,6,702000
21520,2024-09-08,1635,27,3,5675000
21521,2025-09-03,2309,21,6,37382000
21522,2024-01-20,1164,8,3,4304000
21523,2025-06-12,1508,15,6,26143000
21524,2025-03-09,1026,9,1,10596000
21525,2024-03-15,1614,17,1,10549000
21526,2025-12-05,501,40,6,23091000
21527,2024-09-05,1254,26,2,38160000
21528,2024-01-10,2771,43,3,4821000
21529,2025-04-02,1309,44,3,7708000
21530,2025-06-17,1616,2,6,8431000
21531,2025-07-03,1707,16,3,2323000
21532,2024-03-28,682,19,3,16780000
21533,2024-11-24,1966,46,3,32155000
21534,2024-06-05,1580,36,1,18753000
21535,2025-12-08,2742,46,6,6748000
21536,2025-06-04,971,31,6,18772000
21537,2024-03-30,1629,4,6,5698000
21538,2025-12-24,270,42,6,10230000
21539,2024-02-17,2695,14,6,2475000
21540,2024-03-24,2406,44,6,19351000
21541,2025-04-06,909,3,2,12120000
21542,2025-09-25,1941,19,6,30730000
21543,2025-01-07,544,18,3,5914000
21544,2024-08-25,1226,35,1,23937000
21545,2025-11-03,350,6,6,14656000
21546,2025-01-14,69,26,6,8123000
21547,2024-11-18,956,14,6,40277000
21548,2025-12-22,2436,47,6,34590000
21549,2025-02-21,2410,10,6,6637000
21550,2024-01-14,422,15,3,48238000
21551,2025-12-08,1392,39,3,24939000
21552,2025-03-19,1077,27,3,9303000
21553,2024-10-20,2134,1,3,7443000
21554,2025-12-26,1470,43,1,16343000
21555,2024-06-06,2228,11,6,2085000
21556,2025-06-10,1970,19,1,12336000
21557,2024-05-25,918,27,1,32704000
21558,2025-10-29,2556,33,1,13236000
21559,2024-11-16,2442,40,6,17930000
21560,2025-10-22,1348,6,3,18354000
21561,2024-10-09,2898,3,6,1982000
21562,2025-06-18,2971,18,3,7683000
21563,2024-01-15,2783,1,6,14701000
21564,2025-04-30,2448,19,6,2191000
21565,2025-12-15,392,37,3,17600000
21566,2024-03-13,618,3,3,8718000
21567,2024-03-09,442,28,1,2791000
21568,2025-06-18,766,45,2,29528000
21569,2024-12-22,1521,48,6,6608000
21570,2024-10-14,475,39,3,21328000
21571,2025-11-02,22,42,1,18586000
21572,2025-08-18,2685,44,6,33160000
21573,2024-01-10,2516,31,2,12761000
21574,2024-11-02,2506,10,1,12649000
21575,2024-04-06,60,22,6,32550000
21576,2024-03-09,2689,11,3,16120000
21577,2025-09-02,2748,41,3,57041000
21578,2025-08-15,1969,45,6,25774000
21579,2024-06-19,1488,17,6,3626000
21580,2025-11-18,250,29,3,2424000
21581,2025-07-07,864,24,3,10753000
21582,2025-08-29,1187,18,6,17510000
21583,2024-05-10,2728,24,2,26799000
21584,2024-05-14,2859,8,1,17869000
21585,2024-01-21,2255,27,6,10530000
21586,2025-12-17,1313,1,3,6676000
21587,2025-08-06,57,31,3,18752000
21588,2024-04-16,2526,20,1,3209000
21589,2024-01-04,1505,41,3,10825000
21590,2024-11-06,1824,6,6,12047000
21591,2024-08-06,1137,17,2,9319000
21592,2024-11-22,439,15,6,39780000
21593,2024-04-09,2843,10,6,25391000
21594,2024-02-03,829,28,3,4918000
21595,2024-05-06,765,31,3,5715000
21596,2024-07-04,1877,1,3,10365000
21597,2024-04-15,2011,28,3,40970000
21598,2024-06-17,2802,17,3,17330000
21599,2024-05-14,2821,26,1,13048000
21600,2025-12-10,1324,50,6,18414000
21601,2025-07-16,2228,30,3,22124000
21602,2025-01-18,1397,11,3,14353000
21603,2025-08-23,387,3,2,7029000
21604,2025-02-15,559,39,3,16659000
21605,2025-03-09,2459,28,6,2867000
21606,2024-02-12,2178,13,1,10104000
21607,2024-08-23,2224,30,3,15388000
21608,2024-05-15,1451,1,3,8505000
21609,2024-07-16,2781,19,3,39189000
21610,2024-02-18,348,31,2,17450000
21611,2024-11-13,1837,26,6,23650000
21612,2024-02-13,50,16,3,15507000
21613,2024-04-05,1539,4,6,1118000
21614,2024-01-27,789,10,6,6640000
21615,2024-04-03,767,17,6,36212000
21616,2024-07-18,917,29,6,16879000
21617,2025-08-06,1418,27,3,3913000
21618,2025-06-11,2334,28,3,20889000
21619,2024-06-18,1972,15,6,4837000
21620,2025-05-09,177,29,1,2871000
21621,2024-10-15,1774,12,6,23415000
21622,2025-09-28,2465,38,6,10283000
21623,2025-08-21,2120,37,6,3884000
21624,2025-06-23,1721,9,3,15890000
21625,2024-12-10,2708,22,2,40756000
21626,2025-01-22,1982,9,3,18702000
21627,2024-05-14,946,25,2,14791000
21628,2025-06-19,968,22,1,18319000
21629,2024-07-13,865,38,3,25309000
21630,2025-08-31,2476,34,6,7785000
21631,2024-05-21,2669,44,6,12852000
21632,2025-12-25,1966,50,3,13012000
21633,2024-05-21,2278,32,6,56891000
21634,2025-07-15,2398,49,1,14496000
21635,2025-07-05,2901,12,1,7921000
21636,2024-04-16,783,6,3,23576000
21637,2025-04-14,2324,40,2,2238000
21638,2024-05-20,985,4,6,24424000
21639,2025-10-07,1435,46,6,15031000
21640,2024-07-16,810,23,2,5558000
21641,2025-04-04,1227,38,6,10278000
21642,2025-12-13,1209,25,3,9904000
21643,2024-11-12,2577,28,6,47755000
21644,2024-04-17,2471,19,6,7736000
21645,2024-04-16,1245,15,3,12888000
21646,2025-01-16,373,43,6,7022000
21647,2024-04-28,2660,32,1,28944000
21648,2024-09-29,19,21,1,901000
21649,2025-08-13,1032,30,6,213000
21650,2024-05-29,2610,13,3,23166000
21651,2024-08-19,930,46,1,13312000
21652,2025-01-19,405,19,1,12904000
21653,2024-10-23,2633,21,6,12070000
21654,2024-11-04,2181,48,6,9706000
21655,2025-05-21,314,42,3,38026000
21656,2024-12-14,769,38,6,4313000
21657,2025-05-06,923,45,3,45676000
21658,2024-07-28,856,17,3,58191000
21659,2025-01-24,47,20,6,2224000
21660,2024-06-20,2388,4,6,29617000
21661,2024-02-04,2475,22,3,8982000
21662,2024-03-19,1139,9,6,664000
21663,2024-11-19,1491,42,1,18616000
21664,2025-02-18,961,24,6,171000
21665,2024-02-25,1362,32,2,13512000
21666,2024-03-25,2975,48,1,1708000
21667,2025-02-24,1018,11,6,3551000
21668,2025-09-06,928,35,6,21253000
21669,2025-12-19,1352,30,2,8179000
21670,2025-01-15,2388,28,6,65728000
21671,2025-12-07,2328,39,2,28713000
21672,2024-10-25,2404,36,1,11206000
21673,2024-12-15,236,17,6,6260000
21674,2024-03-22,1642,7,6,3388000
21675,2024-03-19,884,12,6,7808000
21676,2024-04-25,1136,32,3,2686000
21677,2024-03-28,2230,21,6,23576000
21678,2024-09-03,2981,1,6,16265000
21679,2025-07-30,205,27,6,10403000
21680,2025-10-21,346,13,2,10376000
21681,2024-07-04,469,9,3,8643000
21682,2025-07-23,2121,30,6,28633000
21683,2025-03-03,2611,25,3,15911000
21684,2024-08-30,1322,7,6,4281000
21685,2024-03-22,548,47,1,23266000
21686,2024-10-16,1751,46,2,20783000
21687,2024-03-20,2356,9,6,11450000
21688,2024-07-28,843,39,1,5871000
21689,2024-02-08,2381,3,6,212000
21690,2025-10-31,1423,34,1,12527000
21691,2024-06-04,2300,15,2,4540000
21692,2024-01-07,2362,18,6,8418000
21693,2024-08-15,1240,34,3,8375000
21694,2025-07-20,1708,38,6,15875000
21695,2024-11-21,2383,42,6,7611000
21696,2024-03-30,1790,44,3,34545000
21697,2025-12-02,2419,41,3,5441000
21698,2024-09-29,2985,49,3,20511000
21699,2024-02-13,2840,36,3,21854000
21700,2025-09-04,2553,50,1,27106000
21701,2024-03-05,702,2,1,7822000
21702,2025-10-04,52,36,1,600000
21703,2025-12-02,1883,14,6,1390000
21704,2024-07-24,2688,25,6,40319000
21705,2025-02-27,1931,41,6,34094000
21706,2025-02-16,2407,25,6,6237000
21707,2024-09-20,738,3,3,14228000
21708,2024-11-30,2270,10,1,14313000
21709,2025-04-05,2672,21,2,35412000
21710,2025-10-21,1242,19,6,41070000
21711,2024-11-24,1561,29,3,17195000
21712,2024-04-24,2858,27,1,6160000
21713,2025-11-17,2476,40,3,50304000
21714,2025-05-30,2905,46,6,8823000
21715,2025-07-11,1247,40,3,10428000
21716,2025-02-19,1465,34,6,5103000
21717,2025-08-28,258,18,6,1744000
21718,2024-04-25,1561,34,6,4865000
21719,2024-01-19,1420,12,6,25985000
21720,2025-03-27,903,42,6,20360000
21721,2025-09-11,2315,48,3,8282000
21722,2024-12-12,49,14,3,13361000
21723,2025-06-15,848,33,3,5195000
21724,2024-05-24,1067,18,3,8558000
21725,2024-03-01,35,39,3,5592000
21726,2024-11-21,2977,17,1,12014000
21727,2024-06-16,335,36,6,10120000
21728,2024-07-21,2838,11,1,16316000
21729,2025-11-20,18,31,6,25979000
21730,2025-05-28,1898,19,6,1278000
21731,2024-07-11,1094,43,3,11736000
21732,2024-05-06,227,43,6,18927000
21733,2025-10-26,1188,37,3,9563000
21734,2024-05-30,2635,24,6,39769000
21735,2024-07-13,2850,43,6,7477000
21736,2025-08-18,1874,41,1,2495000
21737,2025-07-07,243,20,6,21094000
21738,2025-02-23,1817,19,6,7784000
21739,2024-10-29,2480,16,1,3660000
21740,2024-12-31,446,25,6,8864000
21741,2025-08-30,2512,33,6,35764000
21742,2024-09-20,754,32,3,4867000
21743,2024-03-16,2868,33,3,15578000
21744,2025-04-21,643,15,3,14838000
21745,2025-05-27,2804,22,3,10225000
21746,2025-04-11,2306,33,2,18962000
21747,2025-02-14,1781,27,6,23908000
21748,2024-11-22,603,17,3,1155000
21749,2025-07-29,1477,15,3,17791000
21750,2024-09-09,1161,28,3,6537000
21751,2025-03-13,2821,29,1,4789000
21752,2024-01-26,1038,4,2,9952000
21753,2024-02-23,2557,24,1,14380000
21754,2025-01-19,1426,42,6,3368000
21755,2025-04-26,817,32,1,9416000
21756,2025-09-10,748,27,3,11655000
21757,2025-05-18,1578,5,1,8506000
21758,2025-06-11,2219,18,6,6364000
21759,2024-04-22,1276,9,6,6093000
21760,2024-08-24,2662,15,6,9664000
21761,2024-01-19,695,36,6,17083000
21762,2025-09-08,95,46,3,17235000
21763,2025-06-07,2040,31,6,17395000
21764,2025-05-21,2178,32,1,4814000
21765,2025-01-17,2432,18,6,3804000
21766,2025-02-24,991,18,1,32307000
21767,2025-05-28,2738,24,1,32291000
21768,2024-12-25,1931,20,6,32129000
21769,2024-06-08,197,28,6,35345000
21770,2024-12-15,631,32,1,3134000
21771,2024-12-03,2928,39,6,23432000
21772,2024-11-27,1459,10,3,30334000
21773,2025-08-01,2088,3,2,2223000
21774,2024-03-22,2044,46,6,3017000
21775,2025-08-18,1599,26,6,22251000
21776,2025-10-06,2047,46,3,6621000
21777,2024-11-24,1678,43,1,3335000
21778,2024-01-20,2597,48,6,19586000
21779,2025-01-08,2349,9,6,16667000
21780,2025-04-05,2559,30,6,40078000
21781,2025-10-25,1569,25,3,20567000
21782,2024-02-19,139,49,3,14765000
21783,2024-06-23,1837,14,2,12750000
21784,2024-09-01,1906,9,6,16177000
21785,2024-12-05,289,9,6,9415000
21786,2024-11-16,2298,22,6,13344000
21787,2025-09-25,2370,9,6,26900000
21788,2024-05-13,1009,17,3,2426000
21789,2024-07-04,2828,6,2,949000
21790,2025-09-08,2507,4,6,16383000
21791,2024-10-20,862,28,3,34444000
21792,2025-03-25,1876,48,3,3712000
21793,2024-10-18,1053,30,6,406000
21794,2024-10-20,2433,11,2,22725000
21795,2024-12-23,159,14,2,5732000
21796,2025-07-27,715,31,1,5123000
21797,2025-01-21,2371,49,1,8214000
21798,2024-04-18,2490,48,3,13932000
21799,2025-12-07,1759,47,6,22424000
21800,2025-12-31,1897,6,3,23092000
21801,2025-06-20,1625,26,3,1737000
21802,2024-10-10,1836,39,1,34209000
21803,2025-07-18,2909,48,3,10312000
21804,2024-05-10,2280,13,3,3186000
21805,2024-05-23,1900,35,2,420000
21806,2025-12-30,1928,34,3,14582000
21807,2024-12-29,2754,12,6,17129000
21808,2025-06-10,1775,37,2,14054000
21809,2025-10-15,802,2,3,16820000
21810,2024-11-14,1414,7,1,34582000
21811,2025-08-23,1810,40,3,19007000
21812,2024-04-14,1697,48,6,17855000
21813,2024-04-05,1591,5,1,4264000
21814,2025-05-07,158,7,3,17068000
21815,2025-11-25,499,7,2,3503000
21816,2025-12-23,1820,13,6,11080000
21817,2024-12-22,696,32,3,25951000
21818,2024-09-19,1505,46,2,29782000
21819,2024-05-26,1815,47,2,19900000
21820,2024-01-03,1517,43,1,29963000
21821,2025-11-17,2051,45,3,51839000
21822,2024-07-27,1264,49,3,22517000
21823,2025-11-24,2225,29,6,5887000
21824,2025-07-12,2665,39,6,6176000
21825,2024-04-21,1422,49,6,16813000
21826,2025-05-02,2428,29,3,36966000
21827,2024-01-23,2074,28,3,5162000
21828,2024-10-31,1908,27,1,12861000
21829,2024-12-13,2852,47,3,22604000
21830,2025-08-10,1646,29,1,8132000
21831,2024-09-11,808,20,6,42642000
21832,2025-10-27,299,45,6,11355000
21833,2025-06-07,2333,7,6,18719000
21834,2025-05-03,347,4,1,11500000
21835,2024-03-02,845,32,3,4092000
21836,2025-03-20,1059,8,3,7869000
21837,2025-07-09,2521,44,6,910000
21838,2025-04-08,1107,31,3,450000
21839,2025-04-13,2309,37,1,10130000
21840,2025-06-23,2173,26,3,14302000
21841,2024-09-14,2189,32,3,22893000
21842,2025-02-26,1015,36,1,2537000
21843,2024-10-03,1599,39,3,10078000
21844,2025-03-31,371,41,6,12710000
21845,2025-06-30,1440,49,6,3751000
21846,2024-03-09,918,6,1,18640000
21847,2025-05-11,2594,44,6,6485000
21848,2024-08-06,326,22,1,55762000
21849,2025-07-02,354,23,3,26716000
21850,2024-01-01,1142,13,6,13150000
21851,2025-10-17,387,48,1,6380000
21852,2025-08-30,431,46,6,9367000
21853,2025-12-12,483,44,6,9649000
21854,2024-08-04,2475,45,6,3208000
21855,2024-12-14,352,44,1,22802000
21856,2025-07-12,1387,45,3,3930000
21857,2025-07-31,305,13,2,2498000
21858,2025-05-28,2453,34,2,10135000
21859,2025-05-24,2545,7,2,42741000
21860,2025-12-19,1337,39,3,5206000
21861,2025-04-02,588,17,3,6435000
21862,2024-08-03,1185,16,2,16188000
21863,2025-10-05,1678,31,6,12359000
21864,2024-03-07,1619,32,2,4204000
21865,2024-05-09,966,38,3,13319000
21866,2025-07-15,2505,7,1,6070000
21867,2025-12-25,2471,41,3,2601000
21868,2025-05-25,2508,25,3,50670000
21869,2025-06-28,1973,33,3,6343000
21870,2025-09-12,2029,12,6,2439000
21871,2024-07-20,2018,9,6,12795000
21872,2025-12-11,2617,45,1,18801000
21873,2025-03-20,1912,22,1,9584000
21874,2024-07-26,2998,47,6,6158000
21875,2025-03-01,991,30,2,6176000
21876,2024-01-17,2720,41,3,11640000
21877,2025-11-28,2310,29,1,37586000
21878,2024-07-26,1401,48,6,9748000
21879,2024-03-17,794,41,2,2400000
21880,2025-06-29,1368,10,6,6219000
21881,2025-05-24,316,37,6,26827000
21882,2024-08-22,1436,14,2,13518000
21883,2025-04-11,1843,50,1,2638000
21884,2024-05-02,2105,30,2,11491000
21885,2025-01-21,2715,13,6,2567000
21886,2024-11-16,2648,32,3,42087000
21887,2024-09-28,2103,15,3,3316000
21888,2025-08-03,2885,49,6,17003000
21889,2024-10-23,483,14,6,13708000
21890,2024-08-26,501,46,1,8864000
21891,2024-07-12,2790,17,6,17007000
21892,2025-10-10,2453,11,3,7119000
21893,2025-05-17,2097,15,6,7320000
21894,2024-02-20,293,9,6,5139000
21895,2025-05-16,490,4,2,19403000
21896,2024-02-18,920,33,1,3327000
21897,2025-10-25,882,15,3,22182000
21898,2024-03-23,643,38,6,26267000
21899,2025-09-13,1917,42,6,14140000
21900,2024-09-18,1391,12,6,10911000
21901,2025-10-13,1754,43,3,1749000
21902,2025-02-26,1566,44,1,16721000
21903,2025-11-01,1245,10,3,17160000
21904,2024-06-29,829,32,6,5888000
21905,2025-02-15,897,29,3,7898000
21906,2025-07-09,1021,6,1,5740000
21907,2024-02-07,1757,27,6,8252000
21908,2024-04-15,582,41,1,2364000
21909,2025-12-10,2000,35,6,23825000
21910,2025-07-21,2312,17,1,15425000
21911,2024-07-24,2302,13,6,7029000
21912,2025-12-25,1074,43,6,36951000
21913,2025-11-08,1276,45,3,10147000
21914,2024-06-03,1818,16,3,15478000
21915,2025-01-05,1059,36,2,520000
21916,2025-02-28,1629,7,6,24568000
21917,2025-07-30,2125,31,2,15625000
21918,2024-01-28,2110,48,1,13472000
21919,2025-09-25,1775,33,1,11348000
21920,2025-09-26,522,20,6,10283000
21921,2025-09-03,247,38,6,12125000
21922,2025-04-25,609,7,6,21820000
21923,2024-12-18,1541,16,1,11090000
21924,2025-12-14,1383,10,6,11762000
21925,2025-06-05,2921,44,3,12378000
21926,2025-06-10,1498,42,3,9186000
21927,2024-05-13,263,10,6,3458000
21928,2024-03-01,587,14,3,2767000
21929,2024-04-27,1025,2,6,6688000
21930,2025-09-25,194,39,3,1022000
21931,2025-04-21,962,6,1,17732000
21932,2024-07-25,442,43,1,14866000
21933,2025-11-17,1374,27,3,663000
21934,2024-01-04,2407,25,1,19658000
21935,2025-11-01,1042,33,3,22005000
21936,2024-08-30,1703,22,3,3520000
21937,2024-10-26,1528,41,6,239000
21938,2025-04-26,9,6,6,746000
21939,2024-06-18,1933,33,6,16262000
21940,2024-08-04,2352,47,3,15704000
21941,2025-12-29,2981,30,6,4396000
21942,2024-12-11,2842,32,1,2053000
21943,2025-03-17,1093,8,6,22120000
21944,2025-09-07,569,35,6,2777000
21945,2024-10-15,2708,1,2,1127000
21946,2025-07-26,331,2,2,3158000
21947,2025-11-04,677,38,2,37408000
21948,2024-02-19,758,47,2,17319000
21949,2024-01-29,1823,37,6,13699000
21950,2025-10-30,999,25,6,14730000
21951,2025-09-13,5,9,2,24194000
21952,2024-12-08,390,1,3,7895000
21953,2025-10-08,803,12,3,5742000
21954,2024-06-16,427,12,6,27301000
21955,2024-05-16,2296,23,6,40970000
21956,2024-07-04,108,49,1,18361000
21957,2025-08-23,2049,5,1,4070000
21958,2024-12-09,545,36,1,28883000
21959,2024-09-08,2126,34,1,3592000
21960,2025-07-09,1381,21,6,36598000
21961,2025-07-29,1722,31,3,7473000
21962,2025-01-31,2913,13,2,7476000
21963,2024-06-12,944,23,3,4677000
21964,2025-06-15,2143,44,6,30730000
21965,2024-01-02,234,4,3,11049000
21966,2024-01-20,1148,43,6,8194000
21967,2025-06-12,830,23,1,33317000
21968,2025-12-28,1245,7,6,25995000
21969,2024-02-26,1872,27,6,2185000
21970,2024-06-11,2858,48,1,30445000
21971,2024-07-25,1297,31,3,18615000
21972,2024-04-24,2376,7,6,37684000
21973,2024-11-23,193,37,1,11792000
21974,2025-09-05,2133,44,2,7967000
21975,2025-02-17,2849,23,3,6246000
21976,2024-12-24,547,29,3,6198000
21977,2024-04-06,2686,10,6,11523000
21978,2024-10-09,5,47,3,18574000
21979,2024-05-28,2436,50,6,4329000
21980,2025-10-17,1915,27,6,7464000
21981,2024-05-17,1090,39,6,9696000
21982,2024-11-03,2015,27,6,18103000
21983,2024-03-27,2395,10,1,21000000
21984,2024-11-02,1860,35,1,11526000
21985,2024-06-18,486,47,1,3557000
21986,2025-12-03,572,23,3,17569000
21987,2025-06-18,103,32,6,2548000
21988,2024-04-08,2789,9,3,41470000
21989,2024-05-12,1958,1,6,2856000
21990,2025-11-11,1535,50,1,30870000
21991,2025-10-23,1575,26,3,29515000
21992,2024-05-30,2866,6,3,207000
21993,2024-05-20,886,30,3,30846000
21994,2024-06-05,2060,6,6,1922000
21995,2025-12-06,2141,4,1,16773000
21996,2024-06-17,2555,33,1,15260000
21997,2024-12-10,2101,30,6,14901000
21998,2025-04-10,1218,49,6,436000
21999,2024-05-05,2686,9,6,9862000
22000,2024-01-17,1147,16,3,15508000
22001,2024-09-22,766,46,3,8056000
22002,2025-06-11,961,16,6,11453000
22003,2025-11-12,319,6,6,1558000
22004,2025-07-09,2684,50,1,33595000
22005,2025-05-01,36,11,6,5029000
22006,2025-10-06,2880,48,6,20384000
22007,2024-06-18,2139,24,3,22938000
22008,2024-06-28,901,19,6,1110000
22009,2025-03-06,937,46,1,4382000
22010,2024-06-24,373,5,3,26374000
22011,2025-09-23,1039,31,3,23043000
22012,2024-03-10,290,32,1,17588000
22013,2025-11-03,975,37,6,18934000
22014,2024-08-16,2614,6,3,7073000
22015,2025-10-29,69,44,2,34741000
22016,2025-12-12,2845,41,2,9009000
22017,2025-04-14,2592,28,1,1151000
22018,2024-08-28,2015,33,6,10071000
22019,2024-12-20,1746,30,3,13751000
22020,2024-06-24,891,42,2,22961000
22021,2024-03-18,1785,32,6,8908000
22022,2024-08-18,138,10,3,5856000
22023,2024-05-10,118,28,6,15132000
22024,2024-08-28,698,48,6,16165000
22025,2025-04-07,958,38,6,7265000
22026,2025-06-17,2551,19,3,5020000
22027,2024-09-07,631,34,6,1194000
22028,2024-10-31,2829,27,6,5082000
22029,2024-05-07,514,25,6,40000000
22030,2024-09-11,115,22,3,6580000
22031,2025-02-25,2072,42,1,5370000
22032,2024-06-17,2149,10,1,21549000
22033,2024-08-13,262,31,6,57420000
22034,2025-05-22,947,28,6,11305000
22035,2025-08-27,2629,16,1,6528000
22036,2024-11-20,2879,17,6,6756000
22037,2025-07-17,356,31,6,17447000
22038,2025-11-01,1401,31,3,10358000
22039,2024-11-23,2274,32,3,22003000
22040,2024-02-18,1563,25,3,34724000
22041,2025-11-01,1548,25,2,3782000
22042,2025-08-31,1596,42,3,4750000
22043,2024-12-28,106,31,6,29932000
22044,2025-02-02,1718,14,3,2087000
22045,2025-02-05,2971,12,1,9066000
22046,2024-07-18,2189,36,6,23341000
22047,2024-03-18,186,43,2,17686000
22048,2025-04-23,2340,23,3,15547000
22049,2024-01-06,2846,18,3,16323000
22050,2025-01-13,1701,43,6,11153000
22051,2024-02-24,894,21,6,21938000
22052,2025-12-19,741,13,3,42358000
22053,2024-01-26,631,22,6,762000
22054,2025-01-15,1970,36,2,16008000
22055,2025-05-09,2424,19,6,6996000
22056,2024-07-16,616,43,3,7512000
22057,2024-12-19,480,18,6,23325000
22058,2025-04-12,1268,30,3,19513000
22059,2025-10-29,616,14,6,4872000
22060,2025-01-07,1647,44,2,18701000
22061,2025-09-26,167,17,1,26405000
22062,2024-10-11,1070,41,6,2441000
22063,2024-05-09,1246,48,3,33211000
22064,2025-03-12,2924,42,6,49927000
22065,2024-10-05,2361,30,6,26017000
22066,2025-06-27,2480,40,6,2318000
22067,2025-07-16,944,37,6,24087000
22068,2024-02-14,1088,33,1,11572000
22069,2024-04-24,2102,9,3,16936000
22070,2024-04-19,2237,8,6,21215000
22071,2025-06-14,1528,3,6,1540000
22072,2024-04-17,2301,29,3,10440000
22073,2025-08-22,1746,16,6,24586000
22074,2025-11-05,1151,2,6,2757000
22075,2025-12-23,153,48,3,10759000
22076,2025-07-28,730,20,6,11688000
22077,2025-11-13,2420,9,1,30268000
22078,2024-06-17,2513,32,3,12220000
22079,2024-07-29,85,41,3,4597000
22080,2025-09-24,342,29,3,5753000
22081,2024-06-28,2786,12,3,15931000
22082,2024-07-25,2979,49,3,4458000
22083,2025-07-07,2441,46,3,30836000
22084,2025-06-08,1442,49,6,10969000
22085,2024-08-17,664,31,6,1812000
22086,2025-11-27,1911,31,2,11448000
22087,2024-12-31,1526,43,2,5766000
22088,2024-08-03,1905,6,3,30916000
22089,2024-03-18,2770,41,3,6772000
22090,2025-01-26,586,20,6,41261000
22091,2025-03-13,1672,44,6,30831000
22092,2025-12-25,2417,1,6,6540000
22093,2024-07-24,1096,49,3,30527000
22094,2025-10-28,1969,23,6,23830000
22095,2024-09-14,1192,21,2,9318000
22096,2024-02-26,442,41,6,7278000
22097,2025-08-06,2286,17,6,9708000
22098,2025-01-04,1428,17,6,15700000
22099,2025-02-28,558,14,1,10668000
22100,2024-03-12,1866,37,2,5112000
22101,2024-10-08,2834,44,3,2010000
22102,2024-04-16,2128,42,6,1713000
22103,2024-09-20,778,46,6,38804000
22104,2025-04-25,306,27,3,5710000
22105,2025-05-25,61,10,3,32574000
22106,2025-04-28,733,32,1,49097000
22107,2024-02-26,548,37,6,10796000
22108,2025-01-02,1394,44,6,15133000
22109,2025-03-20,2363,48,6,12188000
22110,2024-06-25,1765,6,6,11847000
22111,2024-05-25,1101,20,3,715000
22112,2024-08-04,2531,17,3,22179000
22113,2025-04-08,1489,32,1,1350000
22114,2024-08-09,207,36,3,6630000
22115,2025-02-07,275,44,1,6696000
22116,2025-10-18,1688,38,6,6020000
22117,2024-10-08,1570,23,6,25411000
22118,2024-04-04,1905,48,1,16523000
22119,2025-04-28,550,16,6,1808000
22120,2024-05-17,2764,15,3,32924000
22121,2024-05-30,829,35,3,9336000
22122,2024-06-07,1367,27,6,138000
22123,2025-07-20,1035,28,6,28849000
22124,2024-07-21,1975,46,6,952000
22125,2025-12-18,2049,10,3,3216000
22126,2025-04-28,1121,42,1,15683000
22127,2025-10-17,1290,40,6,692000
22128,2024-07-22,1967,16,6,448000
22129,2025-08-04,2610,8,3,27417000
22130,2024-03-06,1433,33,2,7033000
22131,2025-05-28,1041,38,3,29366000
22132,2024-10-08,2012,28,6,16466000
22133,2025-10-04,663,31,1,835000
22134,2025-07-10,1908,9,6,24341000
22135,2025-07-17,2222,27,1,25914000
22136,2024-11-23,2734,38,1,6586000
22137,2024-07-04,459,27,3,15253000
22138,2024-08-20,920,32,6,12516000
22139,2025-11-11,2616,13,6,3094000
22140,2024-03-25,1092,14,1,14934000
22141,2025-02-05,2464,48,3,4356000
22142,2025-01-14,893,31,6,26626000
22143,2025-06-08,2212,44,1,31402000
22144,2024-10-25,223,40,2,2196000
22145,2025-09-09,1089,41,3,16079000
22146,2024-06-22,668,38,6,484000
22147,2024-10-20,1858,2,1,15584000
22148,2024-09-19,2577,36,3,1915000
22149,2025-09-14,2919,13,2,22132000
22150,2025-08-24,759,26,6,2585000
22151,2025-09-23,2466,46,1,5400000
22152,2025-07-20,2347,33,1,4833000
22153,2024-04-01,1863,17,6,15041000
22154,2025-09-26,1085,23,3,30719000
22155,2025-10-20,2082,26,6,1600000
22156,2024-08-08,2347,9,3,10359000
22157,2024-04-19,573,8,3,18620000
22158,2025-02-04,275,34,6,11048000
22159,2024-07-10,127,4,2,26570000
22160,2024-01-14,564,39,1,32062000
22161,2025-04-23,450,35,1,7070000
22162,2024-05-16,2818,40,2,806000
22163,2025-08-17,1248,17,6,1558000
22164,2025-05-18,1410,2,6,8334000
22165,2025-01-10,118,49,6,26033000
22166,2025-02-17,293,46,1,6093000
22167,2025-11-21,514,17,6,17587000
22168,2024-04-21,1148,6,2,7132000
22169,2025-02-14,2028,14,3,14278000
22170,2025-10-07,2826,28,6,285000
22171,2024-12-14,180,26,6,2631000
22172,2025-03-18,330,20,6,3041000
22173,2025-12-11,451,7,6,6324000
22174,2025-04-18,1559,47,3,14935000
22175,2025-01-22,2391,14,3,46502000
22176,2024-03-23,461,2,3,21173000
22177,2025-07-22,2610,45,3,14498000
22178,2025-12-09,2229,13,3,3237000
22179,2025-04-09,2991,13,3,38984000
22180,2024-12-11,632,30,1,25619000
22181,2025-02-23,1969,20,2,9102000
22182,2024-07-13,188,46,6,189000
22183,2025-01-01,4,17,6,639000
22184,2024-09-16,1127,9,6,11098000
22185,2024-07-13,2149,15,6,22744000
22186,2024-09-01,2393,1,3,19526000
22187,2025-05-16,503,43,1,27777000
22188,2025-03-03,2844,21,3,7166000
22189,2024-04-27,2573,4,6,4506000
22190,2024-04-17,2153,14,6,11138000
22191,2024-12-20,1064,39,6,12988000
22192,2025-08-16,2891,17,6,48430000
22193,2025-04-24,462,1,6,4835000
22194,2025-10-26,2472,46,1,20663000
22195,2024-09-04,1470,39,6,25762000
22196,2024-11-24,488,4,6,85828000
22197,2024-06-18,1347,46,6,3979000
22198,2025-11-01,2919,24,6,2460000
22199,2024-01-08,684,32,3,12827000
22200,2025-09-09,753,45,3,11460000
22201,2024-05-28,463,20,6,9568000
22202,2025-01-24,532,11,3,16372000
22203,2025-09-28,2712,34,3,22983000
22204,2025-08-24,768,45,6,12690000
22205,2024-06-27,2283,1,1,13159000
22206,2024-04-11,2645,3,3,5583000
22207,2024-10-22,1747,8,6,18037000
22208,2024-12-22,2344,12,6,8608000
22209,2024-11-17,2332,38,1,3760000
22210,2025-06-10,2588,41,6,11258000
22211,2025-10-17,2096,35,3,36371000
22212,2024-11-23,2295,35,1,7837000
22213,2025-07-13,487,34,3,13678000
22214,2025-08-24,1613,25,6,35179000
22215,2024-06-02,1799,8,3,8864000
22216,2024-11-29,102,43,3,6552000
22217,2025-12-22,350,20,6,16355000
22218,2024-09-12,1424,49,3,16598000
22219,2024-02-26,2244,1,6,6638000
22220,2025-10-14,1957,38,3,26168000
22221,2025-03-21,844,16,3,3928000
22222,2024-07-03,2628,41,3,8372000
22223,2024-06-17,2508,34,2,13877000
22224,2024-03-16,2161,25,1,3178000
22225,2024-10-01,2906,14,3,5380000
22226,2024-01-23,2859,50,2,10114000
22227,2024-04-05,2926,33,3,5730000
22228,2025-12-29,2805,47,1,4009000
22229,2025-06-24,2716,26,6,15161000
22230,2024-02-16,835,3,6,26799000
22231,2025-10-12,1553,26,6,9360000
22232,2025-10-30,1400,32,6,6435000
22233,2024-04-10,2271,17,1,13297000
22234,2024-07-24,2154,50,3,11764000
22235,2024-11-10,2526,2,2,30879000
22236,2025-02-16,1657,27,1,45642000
22237,2025-12-29,566,9,6,36083000
22238,2025-07-10,449,28,2,5376000
22239,2024-05-11,616,14,6,44886000
22240,2025-12-28,2017,38,3,35234000
22241,2024-09-27,1447,4,6,17802000
22242,2024-09-18,2840,38,6,3392000
22243,2024-06-19,2889,10,1,6215000
22244,2024-09-16,2581,48,3,34529000
22245,2025-07-18,2746,25,6,21430000
22246,2025-09-24,2664,20,1,6635000
22247,2024-05-24,47,24,3,17647000
22248,2024-12-18,2313,11,6,15126000
22249,2025-04-25,1429,50,2,13673000
22250,2024-08-25,25,42,3,11729000
22251,2025-11-11,988,44,6,29737000
22252,2024-08-23,623,37,6,3038000
22253,2024-06-19,2318,6,6,15376000
22254,2024-03-04,746,43,1,6183000
22255,2025-03-23,2078,3,3,47942000
22256,2024-05-03,1182,26,1,1969000
22257,2024-11-25,1352,50,2,21133000
22258,2025-02-09,2664,28,6,17004000
22259,2025-10-02,2609,21,6,7630000
22260,2024-02-17,1978,38,2,11583000
22261,2024-09-04,2691,30,3,6126000
22262,2024-12-08,1925,41,2,11962000
22263,2024-05-03,947,11,6,29351000
22264,2025-10-28,2769,11,1,1324000
22265,2024-11-22,1737,27,1,26480000
22266,2025-10-08,1336,30,3,19594000
22267,2024-08-05,760,48,3,35503000
22268,2025-01-23,2164,19,6,15685000
22269,2024-12-23,1608,21,6,7792000
22270,2024-06-08,215,50,3,30950000
22271,2024-07-19,815,11,3,23110000
22272,2025-01-09,2006,50,1,46038000
22273,2025-04-24,434,45,3,19783000
22274,2024-10-13,166,12,2,33860000
22275,2025-05-18,458,12,6,6112000
22276,2025-04-27,2033,8,3,6868000
22277,2024-03-31,237,7,6,3042000
22278,2024-09-16,2666,25,2,12438000
22279,2025-06-25,581,48,3,12224000
22280,2024-05-22,458,44,3,14342000
22281,2024-06-21,1823,9,6,203000
22282,2024-12-27,2706,30,6,3414000
22283,2025-01-07,709,40,1,9656000
22284,2025-10-17,733,32,6,14689000
22285,2025-05-20,975,14,2,24480000
22286,2024-06-16,720,37,1,74735000
22287,2024-01-01,2258,19,3,22412000
22288,2024-12-13,369,44,2,16543000
22289,2024-03-23,1650,2,3,25478000
22290,2025-06-15,1544,42,1,6580000
22291,2024-04-28,1778,19,3,6316000
22292,2024-10-10,722,2,1,38936000
22293,2025-03-31,2142,5,3,18682000
22294,2025-12-07,905,12,6,6618000
22295,2024-06-28,1279,20,3,15185000
22296,2024-12-21,834,7,6,4560000
22297,2024-07-02,1749,36,1,20650000
22298,2024-03-24,1436,42,6,37347000
22299,2025-02-22,2000,42,2,8070000
22300,2025-08-16,546,1,3,2704000
22301,2024-07-04,1067,33,6,8155000
22302,2024-11-09,467,29,2,30719000
22303,2025-10-29,1443,19,6,19150000
22304,2024-07-11,2401,25,3,7198000
22305,2025-07-01,2426,2,6,8591000
22306,2025-12-19,2234,13,2,25828000
22307,2024-11-17,635,16,6,7049000
22308,2025-07-31,2438,13,6,23435000
22309,2024-05-22,1689,38,3,34980000
22310,2025-01-12,405,37,2,7833000
22311,2024-07-17,765,1,6,26412000
22312,2025-06-19,1328,14,6,14448000
22313,2024-09-25,2176,24,3,34847000
22314,2024-02-20,1075,34,1,17252000
22315,2025-10-05,1890,26,6,38847000
22316,2024-05-30,801,43,1,25674000
22317,2025-02-21,2370,14,3,5639000
22318,2024-01-05,2462,8,6,7749000
22319,2025-04-21,733,2,2,29241000
22320,2025-07-27,177,40,3,4614000
22321,2024-05-20,1494,30,1,2833000
22322,2025-05-23,2603,35,1,16955000
22323,2024-05-02,187,22,6,17206000
22324,2025-04-15,2965,45,1,22024000
22325,2024-08-04,2104,3,6,9845000
22326,2025-01-28,1360,9,6,24082000
22327,2025-02-25,1929,2,6,86000
22328,2025-01-16,832,19,1,4058000
22329,2024-11-17,1000,24,6,20908000
22330,2024-12-13,247,9,6,44934000
22331,2025-05-10,335,21,1,3827000
22332,2024-10-08,2970,21,6,48942000
22333,2025-05-07,2992,18,3,11981000
22334,2024-10-28,1044,37,3,20435000
22335,2024-06-12,1970,6,2,7641000
22336,2024-02-15,2704,33,1,46916000
22337,2025-05-08,2319,4,3,5538000
22338,2025-04-08,2356,44,3,2957000
22339,2024-02-08,1077,5,3,7382000
22340,2025-02-23,1493,28,6,2239000
22341,2024-07-24,2245,24,6,6940000
22342,2024-11-03,2728,34,3,1737000
22343,2024-02-27,2981,2,2,19797000
22344,2025-11-14,574,21,1,22702000
22345,2025-09-18,144,22,1,53823000
22346,2024-07-10,451,23,3,2421000
22347,2025-01-27,801,27,2,24677000
22348,2024-10-26,2,45,1,22234000
22349,2024-10-19,1426,46,2,4096000
22350,2025-05-08,348,38,6,9004000
22351,2025-08-06,1126,21,1,242000
22352,2025-05-29,967,48,3,34258000
22353,2024-12-03,938,16,3,11221000
22354,2025-08-31,1685,1,3,23882000
22355,2025-11-16,133,24,1,4192000
22356,2025-07-16,514,12,6,21056000
22357,2025-11-12,1323,13,6,3521000
22358,2025-08-02,2832,49,6,8964000
22359,2025-06-14,2742,31,6,3013000
22360,2025-03-01,1910,20,6,7931000
22361,2025-10-15,890,26,1,5422000
22362,2024-06-09,738,21,3,7997000
22363,2024-08-17,592,45,6,37258000
22364,2025-02-10,1854,31,3,2756000
22365,2025-12-29,509,32,1,38468000
22366,2025-12-24,516,9,6,6113000
22367,2025-01-11,1953,6,3,10836000
22368,2024-10-29,321,33,6,16212000
22369,2024-08-01,1211,48,6,27052000
22370,2025-04-11,1909,33,6,15642000
22371,2024-06-04,1558,21,3,5475000
22372,2025-04-17,2465,34,6,31003000
22373,2024-08-20,1553,50,1,11231000
22374,2024-02-05,283,31,3,2302000
22375,2025-11-20,462,5,6,13328000
22376,2024-07-09,1013,4,3,5708000
22377,2024-03-12,2281,15,6,3583000
22378,2024-05-28,1557,4,1,633000
22379,2024-11-06,1637,13,3,5707000
22380,2025-04-08,2110,40,2,9699000
22381,2024-07-04,1015,26,6,7911000
22382,2024-09-05,2590,38,6,7266000
22383,2024-08-15,1784,38,3,1961000
22384,2025-03-13,2491,8,6,8683000
22385,2025-07-18,1843,48,3,16812000
22386,2024-01-18,417,30,6,17305000
22387,2024-12-06,830,35,3,3228000
22388,2024-09-06,541,10,2,37939000
22389,2025-09-28,1941,20,3,985000
22390,2024-06-06,2086,10,1,1313000
22391,2024-03-19,1651,18,1,22588000
22392,2024-01-29,904,23,3,12175000
22393,2024-03-01,320,36,2,6816000
22394,2025-06-09,301,2,1,20379000
22395,2024-05-07,2581,4,6,12704000
22396,2024-03-02,747,21,1,59187000
22397,2025-07-22,288,11,3,24156000
22398,2024-11-10,1171,27,3,3942000
22399,2025-03-24,2468,23,6,15995000
22400,2025-09-24,1009,45,6,12116000
22401,2025-12-14,2700,26,6,1087000
22402,2024-09-23,1448,21,1,192000
22403,2024-03-10,2171,44,2,2312000
22404,2025-07-14,2924,21,3,8214000
22405,2024-12-13,1211,17,3,1113000
22406,2025-03-20,967,20,3,5924000
22407,2025-05-10,259,33,1,6841000
22408,2024-07-04,2431,22,2,6559000
22409,2025-02-06,2703,2,3,54470000
22410,2025-12-20,439,4,3,17527000
22411,2025-08-21,2053,20,6,45284000
22412,2024-06-29,2851,31,6,46160000
22413,2024-03-30,2476,48,3,17303000
22414,2025-12-25,2197,1,1,18780000
22415,2024-09-25,635,31,6,9107000
22416,2024-08-06,1123,6,3,14410000
22417,2024-09-28,518,18,1,8950000
22418,2024-11-28,2956,2,6,5883000
22419,2025-06-08,455,50,6,9218000
22420,2025-07-11,1435,15,3,21384000
22421,2025-12-01,1626,33,1,8770000
22422,2024-03-25,2249,24,3,30603000
22423,2024-06-22,1146,40,1,15625000
22424,2024-10-12,1907,15,6,19559000
22425,2024-05-14,1309,50,6,30775000
22426,2025-03-30,806,2,6,44140000
22427,2024-08-26,2257,24,6,19249000
22428,2025-10-13,2926,25,2,24443000
22429,2025-11-18,2407,3,3,1928000
22430,2024-02-28,1585,16,6,19989000
22431,2024-06-13,2914,22,3,52681000
22432,2025-04-30,2479,31,6,13947000
22433,2024-06-15,1543,12,6,26908000
22434,2025-10-19,2007,27,1,16752000
22435,2024-05-15,2325,32,3,52717000
22436,2024-06-15,1144,33,3,17515000
22437,2024-04-03,2254,9,6,15890000
22438,2024-11-26,1485,15,6,6568000
22439,2024-06-24,1152,50,1,10181000
22440,2024-02-09,228,39,1,27217000
22441,2025-12-01,2919,39,3,5798000
22442,2025-02-27,2591,42,3,46322000
22443,2024-12-19,639,35,2,36944000
22444,2025-05-26,154,31,6,4946000
22445,2024-03-11,2133,34,3,24118000
22446,2024-12-14,2171,21,3,18514000
22447,2025-12-26,2821,46,1,11369000
22448,2024-05-31,1884,38,1,23167000
22449,2025-01-05,1632,10,6,58286000
22450,2025-01-01,2419,6,6,2896000
22451,2024-12-05,1268,13,6,3963000
22452,2025-09-19,2996,27,6,17160000
22453,2024-02-29,2510,43,6,1767000
22454,2024-08-22,2076,39,1,26648000
22455,2025-10-09,2350,7,2,14133000
22456,2024-06-03,2096,6,2,14935000
22457,2024-01-20,451,36,3,7807000
22458,2024-03-29,958,44,3,13703000
22459,2025-10-18,2656,3,6,1665000
22460,2025-10-19,583,1,6,8486000
22461,2024-07-17,1393,32,1,31719000
22462,2025-11-06,1116,16,6,18516000
22463,2024-10-02,129,17,3,4229000
22464,2025-07-30,123,12,2,3093000
22465,2025-04-05,1824,12,3,17255000
22466,2025-04-13,1157,20,6,16168000
22467,2024-05-13,2687,48,1,33249000
22468,2025-04-30,1782,42,6,39362000
22469,2024-09-10,2346,5,3,1746000
22470,2025-04-28,740,11,3,21567000
22471,2024-08-25,1827,21,3,9983000
22472,2025-08-15,2189,45,1,27015000
22473,2025-10-15,2688,41,3,3180000
22474,2025-04-06,33,50,6,16638000
22475,2025-06-25,1343,39,6,8362000
22476,2025-09-13,816,34,3,2856000
22477,2025-05-24,2260,31,1,28374000
22478,2025-01-19,431,39,6,528000
22479,2025-08-17,1984,48,2,11308000
22480,2025-02-13,2166,29,6,1638000
22481,2024-12-18,1086,47,2,11456000
22482,2024-03-28,2113,19,6,8220000
22483,2025-02-09,685,38,6,48431000
22484,2025-11-02,1062,37,6,15977000
22485,2025-10-01,1836,48,3,5292000
22486,2024-04-05,1664,47,2,6459000
22487,2025-05-09,328,50,3,28673000
22488,2024-07-02,2867,29,6,8077000
22489,2025-10-23,1007,49,3,4713000
22490,2025-08-27,207,8,6,12561000
22491,2025-05-14,925,47,3,1570000
22492,2024-10-28,1469,10,1,1437000
22493,2024-03-25,2413,7,1,24016000
22494,2024-09-19,2714,14,6,14185000
22495,2024-11-17,1984,19,6,11405000
22496,2025-05-16,1537,25,6,7461000
22497,2024-11-03,598,4,3,4492000
22498,2025-07-01,1636,25,6,2482000
22499,2024-10-18,1410,4,6,5429000
22500,2024-02-07,2027,13,2,29452000
22501,2025-06-09,258,20,6,11300000
22502,2024-06-15,294,2,1,275000
22503,2025-11-19,2,38,3,14770000
22504,2025-10-07,370,26,6,37477000
22505,2024-10-21,1255,14,6,1713000
22506,2025-12-16,367,40,1,700000
22507,2024-11-28,814,34,6,15440000
22508,2025-06-08,522,19,2,31326000
22509,2025-03-17,2132,22,3,39702000
22510,2025-07-29,2369,42,1,548000
22511,2025-12-09,2131,47,3,6754000
22512,2025-11-29,829,22,1,14886000
22513,2024-09-16,1642,12,6,197000
22514,2025-03-26,168,12,3,8159000
22515,2025-11-23,1972,29,3,19061000
22516,2024-05-11,1358,13,3,7184000
22517,2025-12-17,981,44,6,15232000
22518,2025-08-17,2039,50,6,39061000
22519,2025-08-29,410,2,3,22833000
22520,2025-09-09,740,43,1,8490000
22521,2024-01-10,2300,39,6,23760000
22522,2025-08-09,1493,33,1,19135000
22523,2025-10-06,1490,5,6,15754000
22524,2025-12-21,1154,40,3,16510000
22525,2024-09-29,1515,24,3,5555000
22526,2024-06-22,1463,13,6,7291000
22527,2025-03-02,39,22,3,456000
22528,2025-11-08,406,7,3,6812000
22529,2024-11-17,568,15,6,4836000
22530,2024-04-20,974,32,6,1678000
22531,2024-11-19,990,20,1,9785000
22532,2024-09-20,1441,40,3,15086000
22533,2024-05-31,1463,16,6,17205000
22534,2025-06-30,1410,36,6,316000
22535,2025-12-02,1097,13,1,12360000
22536,2024-04-27,488,18,6,17496000
22537,2025-09-10,895,37,1,5264000
22538,2025-12-23,2809,4,6,26684000
22539,2025-05-04,254,34,1,4235000
22540,2025-09-06,1493,42,6,13382000
22541,2024-01-07,1769,16,6,18005000
22542,2024-04-09,1537,2,3,17068000
22543,2025-06-04,1274,48,3,2392000
22544,2025-10-13,1032,24,6,18332000
22545,2025-07-25,776,4,1,5968000
22546,2025-07-06,1786,4,6,24262000
22547,2024-11-28,2877,24,3,12312000
22548,2024-05-25,2195,8,1,31743000
22549,2024-03-11,2162,18,2,5684000
22550,2025-05-13,1591,26,6,23293000
22551,2024-09-12,2880,37,2,10836000
22552,2024-10-26,2343,1,6,828000
22553,2025-07-14,725,20,1,12052000
22554,2024-07-17,1645,8,6,8419000
22555,2024-01-02,1742,48,1,19542000
22556,2024-03-04,716,24,3,33450000
22557,2024-08-31,1590,48,6,13578000
22558,2025-07-16,613,44,6,35942000
22559,2024-02-27,1581,49,1,19973000
22560,2025-06-14,2583,15,6,28769000
22561,2025-03-20,1737,5,3,6284000
22562,2025-05-16,1175,40,6,3885000
22563,2024-08-20,2152,29,6,9010000
22564,2025-04-17,2332,34,3,8048000
22565,2025-04-06,2583,27,6,15376000
22566,2024-10-17,849,15,2,810000
22567,2025-12-20,681,21,6,22240000
22568,2025-05-15,2764,24,6,2342000
22569,2024-01-19,2260,2,3,28269000
22570,2025-04-09,2530,15,6,15186000
22571,2025-02-09,693,12,6,24216000
22572,2024-05-05,1259,41,2,10142000
22573,2025-09-24,2208,46,2,612000
22574,2024-02-25,604,21,2,23618000
22575,2025-05-20,2194,21,1,11502000
22576,2025-03-25,880,46,1,34334000
22577,2024-11-29,20,12,2,22697000
22578,2025-03-18,1953,47,1,33295000
22579,2024-07-25,2745,36,1,12615000
22580,2025-04-09,2167,7,6,3358000
22581,2025-03-01,2446,25,6,9540000
22582,2025-01-21,1923,6,6,15134000
22583,2025-08-04,2157,16,3,17182000
22584,2025-02-10,1259,36,3,9856000
22585,2025-04-29,2133,45,3,39013000
22586,2025-11-27,2640,31,1,2302000
22587,2025-06-02,265,10,3,13408000
22588,2024-09-30,1539,24,6,31365000
22589,2025-03-02,2706,3,1,33490000
22590,2024-10-06,2420,7,1,25880000
22591,2024-11-11,1674,37,3,32313000
22592,2024-06-16,1502,39,6,10386000
22593,2025-07-01,359,28,6,4764000
22594,2024-11-05,40,6,6,8201000
22595,2024-09-30,2244,38,2,21035000
22596,2025-08-30,2867,3,3,16232000
22597,2025-12-28,897,2,1,5093000
22598,2025-07-26,1984,45,3,22037000
22599,2024-08-19,806,11,2,15188000
22600,2025-03-12,2657,43,6,13163000
22601,2025-12-21,356,20,6,6351000
22602,2025-12-07,1966,41,3,3885000
22603,2024-07-15,383,9,3,10364000
22604,2025-02-24,2445,6,1,7177000
22605,2024-05-25,501,18,6,56807000
22606,2024-12-16,680,23,1,27395000
22607,2025-12-11,2099,20,1,9924000
22608,2025-07-04,1749,13,1,18718000
22609,2024-05-26,685,5,6,8907000
22610,2024-02-29,2743,23,3,11708000
22611,2025-03-28,1366,30,3,32549000
22612,2024-01-09,1094,31,3,21495000
22613,2025-10-20,2424,18,2,13415000
22614,2024-06-11,1547,18,1,6630000
22615,2025-07-24,2140,29,3,48730000
22616,2025-04-07,212,24,1,35530000
22617,2024-05-26,1724,50,3,8650000
22618,2025-01-29,1698,30,3,2229000
22619,2024-03-03,451,27,3,12950000
22620,2025-12-14,1583,45,2,16848000
22621,2025-07-10,409,46,6,6843000
22622,2025-04-24,1555,9,1,72683000
22623,2024-06-21,355,17,6,10626000
22624,2025-11-20,323,7,3,44410000
22625,2025-01-01,530,27,6,6020000
22626,2024-12-22,769,13,3,11281000
22627,2025-02-05,1803,29,1,5376000
22628,2025-09-26,2995,21,6,3243000
22629,2024-09-19,1950,48,6,7954000
22630,2024-12-29,1734,34,1,8792000
22631,2024-12-01,1064,11,6,7450000
22632,2025-11-17,1985,8,3,33435000
22633,2024-12-08,2667,21,2,28937000
22634,2025-03-17,2184,43,6,6160000
22635,2025-05-13,166,2,2,22419000
22636,2025-07-23,1120,35,6,11135000
22637,2025-01-01,1763,19,3,5452000
22638,2025-12-10,148,15,6,33762000
22639,2025-02-17,1794,48,6,19468000
22640,2024-04-28,303,23,6,8252000
22641,2024-10-18,228,21,3,18295000
22642,2025-05-19,868,20,1,17040000
22643,2024-06-15,2844,12,6,523000
22644,2024-07-12,2193,26,2,14926000
22645,2025-11-16,2172,8,6,2120000
22646,2024-09-09,499,17,1,22276000
22647,2024-02-22,2540,50,3,34876000
22648,2024-06-26,206,26,3,526000
22649,2024-03-19,2268,14,6,16544000
22650,2025-09-09,490,9,6,29679000
22651,2025-06-15,2556,44,6,13269000
22652,2024-04-11,2743,16,6,6123000
22653,2024-08-07,2300,35,6,8955000
22654,2025-12-08,630,17,2,17397000
22655,2025-12-11,131,9,6,7379000
22656,2024-09-04,635,17,2,3897000
22657,2024-12-17,150,45,6,3020000
22658,2025-08-12,354,7,1,33587000
22659,2025-06-29,195,48,3,14887000
22660,2024-03-14,2630,36,2,19211000
22661,2024-08-25,1937,37,6,9413000
22662,2025-11-29,2631,10,6,218000
22663,2025-10-04,282,29,6,15504000
22664,2024-07-06,531,43,6,14065000
22665,2024-11-20,1036,36,3,14885000
22666,2024-12-17,464,4,3,15692000
22667,2024-01-02,518,5,2,9117000
22668,2024-08-13,2738,13,6,22232000
22669,2024-02-11,1845,33,3,3505000
22670,2024-09-27,735,28,6,12253000
22671,2024-09-10,705,32,6,8755000
22672,2025-08-03,769,17,3,37648000
22673,2025-04-30,1313,24,1,4701000
22674,2024-11-29,2720,22,3,916000
22675,2025-05-22,2210,50,6,7330000
22676,2025-10-08,2840,47,3,10614000
22677,2025-08-21,1785,16,1,3873000
22678,2024-08-28,2137,28,6,4395000
22679,2024-11-03,705,37,6,16216000
22680,2025-11-09,1069,41,1,9972000
22681,2024-06-07,1150,20,2,18686000
22682,2025-03-30,1435,14,3,39350000
22683,2025-12-13,1739,31,6,9869000
22684,2025-01-05,900,27,1,18669000
22685,2024-05-02,32,10,6,2003000
22686,2024-08-21,1374,36,2,5374000
22687,2024-03-02,1806,45,3,31591000
22688,2024-03-02,613,19,6,12141000
22689,2025-01-13,1676,31,2,35848000
22690,2025-12-17,1922,43,6,18519000
22691,2024-02-07,758,50,3,14409000
22692,2024-09-26,1974,17,6,1776000
22693,2024-11-19,141,6,6,53618000
22694,2025-07-20,2600,50,1,6309000
22695,2024-07-29,1127,43,6,13188000
22696,2025-09-13,2311,15,3,4977000
22697,2025-06-30,1104,22,6,17098000
22698,2024-11-28,1158,13,3,11575000
22699,2025-04-03,230,28,6,17359000
22700,2025-07-23,808,25,6,5776000
22701,2025-03-11,70,44,6,11107000
22702,2025-08-08,1757,34,6,2296000
22703,2025-08-11,2526,47,1,1129000
22704,2025-06-13,1565,16,3,26544000
22705,2025-07-01,701,21,1,22108000
22706,2025-10-24,2542,3,2,21593000
22707,2024-12-25,1089,15,2,6287000
22708,2025-01-21,2664,29,3,4966000
22709,2024-10-02,206,17,3,11562000
22710,2024-05-26,681,11,6,922000
22711,2024-02-18,2696,28,6,10533000
22712,2025-12-31,1722,2,6,2449000
22713,2024-09-15,184,25,6,13670000
22714,2025-01-27,657,30,3,11172000
22715,2025-07-21,2910,28,6,8535000
22716,2024-07-25,2114,1,2,31514000
22717,2024-07-27,802,7,1,48662000
22718,2025-04-27,1505,34,6,8804000
22719,2025-05-31,196,30,6,30982000
22720,2025-01-31,1821,29,6,30083000
22721,2025-07-06,987,8,1,1808000
22722,2025-11-20,2798,41,2,36836000
22723,2024-05-27,2410,32,3,7349000
22724,2025-01-05,1376,10,3,70418000
22725,2025-03-13,1084,34,3,2065000
22726,2025-10-26,891,38,3,13535000
22727,2025-06-01,2817,45,6,7069000
22728,2024-05-07,2896,8,1,8235000
22729,2025-08-26,1465,21,6,10111000
22730,2024-08-23,1175,4,6,4145000
22731,2024-10-01,2697,44,3,35025000
22732,2025-02-15,2703,12,6,2338000
22733,2025-01-03,2909,36,3,8914000
22734,2025-06-08,294,49,6,10402000
22735,2025-12-17,2069,26,3,7189000
22736,2025-05-12,1955,44,1,17077000
22737,2025-07-14,2186,30,1,13837000
22738,2025-03-18,114,24,3,258000
22739,2024-03-19,8,44,1,25470000
22740,2024-12-28,868,23,3,43329000
22741,2024-08-29,2514,40,6,1059000
22742,2024-05-16,1325,33,2,2718000
22743,2024-02-23,108,37,6,2188000
22744,2024-07-17,350,34,2,3453000
22745,2024-02-02,2347,35,6,19278000
22746,2024-09-05,809,47,3,42678000
22747,2025-02-18,1598,23,3,3461000
22748,2024-08-18,1854,14,6,27509000
22749,2024-02-21,375,3,1,33145000
22750,2025-06-15,172,1,6,7301000
22751,2024-04-07,2830,39,6,15730000
22752,2025-05-27,2791,31,1,11821000
22753,2024-01-08,511,39,1,2679000
22754,2024-11-02,2702,18,3,6587000
22755,2025-07-25,2531,11,1,23674000
22756,2024-10-12,2183,12,1,36404000
22757,2024-06-26,1214,30,3,29829000
22758,2024-12-22,2681,21,2,24787000
22759,2024-11-22,383,22,1,29264000
22760,2025-06-09,1477,19,3,19911000
22761,2025-08-16,1454,40,3,8322000
22762,2025-03-26,2977,6,2,4739000
22763,2025-09-29,1678,41,3,5851000
22764,2024-02-01,517,8,1,8600000
22765,2025-06-18,1734,35,6,9681000
22766,2024-03-12,2598,42,2,14499000
22767,2025-12-13,2225,15,3,30416000
22768,2024-11-09,2961,40,6,48472000
22769,2024-11-24,596,48,6,4644000
22770,2025-11-23,410,10,3,4697000
22771,2025-11-22,33,18,1,24767000
22772,2024-10-20,70,34,1,7834000
22773,2025-05-24,1167,25,3,14017000
22774,2025-09-17,2167,8,6,29019000
22775,2024-11-14,1219,15,1,21115000
22776,2025-10-16,1941,13,2,4183000
22777,2025-09-13,206,3,3,40587000
22778,2024-02-02,1638,12,3,36903000
22779,2025-09-05,2971,6,1,12787000
22780,2025-09-15,193,17,3,13585000
22781,2024-01-14,2643,18,2,7963000
22782,2025-02-03,951,14,2,27497000
22783,2024-10-14,1911,26,6,44503000
22784,2024-07-26,81,4,3,11298000
22785,2024-04-16,1663,19,6,28612000
22786,2024-03-17,2527,47,3,11421000
22787,2024-11-16,2301,45,6,56127000
22788,2024-08-04,160,34,3,975000
22789,2025-03-04,1908,17,6,13216000
22790,2024-09-06,318,48,3,45014000
22791,2024-10-25,1407,50,1,20330000
22792,2025-10-23,2823,13,6,35741000
22793,2024-05-11,430,39,3,18867000
22794,2024-07-14,1679,5,6,5355000
22795,2024-12-08,1101,15,3,13314000
22796,2024-10-30,1039,8,1,1020000
22797,2025-03-21,923,11,6,1984000
22798,2024-07-05,945,31,6,11360000
22799,2024-07-28,1104,21,3,725000
22800,2025-02-02,670,28,1,33234000
22801,2025-01-14,2570,46,1,23328000
22802,2024-12-06,514,45,1,3841000
22803,2025-04-13,2880,30,6,12219000
22804,2025-06-23,154,32,6,15849000
22805,2025-02-09,1692,50,2,24116000
22806,2025-08-02,1669,21,6,46415000
22807,2024-12-29,2908,47,3,26760000
22808,2024-06-18,2609,41,6,6173000
22809,2024-09-30,1164,37,6,6778000
22810,2024-03-11,1856,28,6,9102000
22811,2024-06-19,1219,49,3,4704000
22812,2024-09-03,749,31,1,3360000
22813,2025-07-20,1053,35,3,18561000
22814,2025-04-30,1718,5,3,18369000
22815,2024-02-27,2694,21,3,23040000
22816,2024-09-13,2204,10,6,4540000
22817,2024-02-12,1713,39,3,308000
22818,2025-07-20,1880,42,2,1250000
22819,2024-08-05,368,48,3,29354000
22820,2025-04-17,640,33,6,26340000
22821,2025-06-08,224,10,3,12696000
22822,2025-06-16,650,4,6,10030000
22823,2024-10-26,1586,2,1,2251000
22824,2025-06-23,2125,44,1,3440000
22825,2025-02-22,2120,24,6,6979000
22826,2025-06-30,1682,3,2,15125000
22827,2024-12-20,2143,1,6,52379000
22828,2024-09-07,2544,14,3,8108000
22829,2025-06-29,2255,44,3,8134000
22830,2025-10-30,2093,28,3,31407000
22831,2025-03-03,1925,22,2,9924000
22832,2024-11-01,1228,27,6,8350000
22833,2025-10-09,2817,14,2,16414000
22834,2025-05-20,2037,12,2,6173000
22835,2025-04-23,2713,33,3,36882000
22836,2024-07-10,2233,11,6,8878000
22837,2024-08-18,2321,35,2,35725000
22838,2025-08-15,2508,49,3,3179000
22839,2025-06-07,2744,37,6,7084000
22840,2024-08-18,1964,30,6,3108000
22841,2025-04-02,2920,25,3,33615000
22842,2024-07-31,105,19,6,2636000
22843,2024-03-14,151,46,6,14208000
22844,2025-07-02,2923,14,6,20138000
22845,2025-07-17,1272,39,3,81000
22846,2025-03-15,167,4,6,14113000
22847,2024-11-02,572,24,3,6595000
22848,2025-06-27,2102,28,3,639000
22849,2025-09-18,208,44,6,8613000
22850,2024-12-25,72,32,6,35859000
22851,2025-06-06,2211,17,1,9888000
22852,2025-08-17,2344,24,2,14706000
22853,2025-09-12,416,35,2,12138000
22854,2024-10-23,2511,47,3,14857000
22855,2025-11-05,877,22,3,6960000
22856,2024-06-22,1739,50,6,13999000
22857,2024-06-07,2171,31,3,40035000
22858,2024-02-06,1315,40,6,4106000
22859,2024-08-15,20,48,6,2599000
22860,2025-03-28,1998,36,2,33379000
22861,2024-02-19,2180,48,3,7102000
22862,2024-04-19,1003,3,6,8037000
22863,2025-03-25,1395,18,3,24220000
22864,2024-01-21,39,13,3,2218000
22865,2025-02-26,2397,39,6,29340000
22866,2024-06-08,316,47,1,25250000
22867,2025-08-10,721,13,3,23973000
22868,2024-05-02,1647,24,3,26483000
22869,2024-09-22,542,41,6,1460000
22870,2024-08-05,604,39,6,9670000
22871,2024-06-12,2611,40,1,81988000
22872,2025-06-19,2830,50,6,2618000
22873,2024-01-10,1744,19,6,2231000
22874,2024-07-29,958,35,6,4384000
22875,2025-01-03,665,20,6,19350000
22876,2025-09-13,2505,41,6,10414000
22877,2024-04-19,2471,30,1,2662000
22878,2024-12-07,1827,7,3,7963000
22879,2025-07-10,739,34,6,7427000
22880,2024-07-29,961,9,1,12301000
22881,2024-04-14,2500,23,3,11638000
22882,2024-06-10,403,45,6,2864000
22883,2024-10-02,2603,34,6,15401000
22884,2025-07-08,2691,39,6,3083000
22885,2024-02-13,2149,29,6,2025000
22886,2025-01-29,1999,17,3,8202000
22887,2025-09-26,39,44,6,29860000
22888,2024-04-21,1100,14,6,13285000
22889,2025-01-23,2770,41,1,18739000
22890,2024-03-06,103,35,1,3656000
22891,2024-08-29,748,41,3,16015000
22892,2024-04-22,499,22,3,15945000
22893,2025-06-15,765,50,6,11629000
22894,2025-11-28,2652,33,6,4893000
22895,2025-10-23,368,41,3,18687000
22896,2024-10-31,322,27,1,24729000
22897,2025-01-02,1373,50,6,12841000
22898,2025-05-10,2064,34,6,28789000
22899,2024-03-30,1156,23,6,12803000
22900,2024-10-20,1963,16,6,23738000
22901,2024-12-18,2297,30,3,1930000
22902,2025-10-21,2629,21,6,6766000
22903,2025-01-30,1964,50,3,4926000
22904,2025-01-30,924,20,6,8410000
22905,2025-05-26,1882,37,3,8750000
22906,2025-04-02,963,13,2,33559000
22907,2024-03-25,2352,29,6,5785000
22908,2025-04-04,1511,16,2,355000
22909,2025-10-27,2922,19,6,7454000
22910,2024-07-23,1912,4,6,4039000
22911,2024-10-04,2750,32,2,13551000
22912,2024-08-05,311,17,1,22194000
22913,2025-08-15,1687,37,1,8811000
22914,2025-02-24,347,37,1,3671000
22915,2025-06-22,694,44,6,6512000
22916,2025-10-11,2472,48,1,7920000
22917,2024-02-08,1811,43,6,20330000
22918,2024-02-16,1071,29,6,34757000
22919,2025-04-22,2965,4,3,2847000
22920,2025-10-16,1797,20,3,1658000
22921,2024-09-25,510,32,6,22630000
22922,2024-11-28,127,7,2,3412000
22923,2025-12-04,1365,39,6,16214000
22924,2025-09-19,1015,5,3,32348000
22925,2025-01-15,1978,49,2,7694000
22926,2025-09-02,2972,29,6,9339000
22927,2024-03-29,1645,18,6,24571000
22928,2025-04-02,2177,21,3,11212000
22929,2025-08-09,1243,47,6,64630000
22930,2024-07-20,2509,30,6,11900000
22931,2024-06-09,342,48,2,10479000
22932,2025-06-10,2321,45,6,6804000
22933,2024-09-24,2266,50,6,9845000
22934,2025-12-28,1271,11,2,7670000
22935,2025-05-27,2967,20,3,7242000
22936,2025-11-30,489,15,3,18121000
22937,2025-12-18,2680,49,6,5505000
22938,2024-04-21,2482,1,6,29520000
22939,2025-05-17,1823,8,3,24868000
22940,2025-03-19,2863,31,1,12672000
22941,2024-01-05,2137,23,6,2595000
22942,2024-06-28,1551,12,1,51328000
22943,2025-09-22,2617,12,6,642000
22944,2024-03-29,1457,6,1,807000
22945,2024-10-17,2748,3,3,13474000
22946,2025-04-18,1123,39,6,3098000
22947,2024-04-14,838,41,6,8803000
22948,2024-09-22,317,9,6,49148000
22949,2024-10-02,484,34,3,8056000
22950,2024-12-15,75,34,3,13475000
22951,2025-11-26,2926,26,6,22664000
22952,2025-07-19,1967,45,6,14742000
22953,2024-07-25,2445,31,3,28905000
22954,2025-01-24,1288,7,6,10602000
22955,2025-08-11,853,36,6,7130000
22956,2025-12-14,570,24,1,10387000
22957,2025-11-27,1885,19,6,14384000
22958,2024-01-11,1150,49,6,2252000
22959,2024-12-02,1850,6,6,15959000
22960,2024-08-18,2610,29,6,1472000
22961,2025-10-11,2775,5,6,13707000
22962,2025-04-09,2192,42,6,19652000
22963,2024-07-01,2335,44,1,16001000
22964,2024-01-03,1602,1,3,14261000
22965,2025-08-07,2918,36,3,8988000
22966,2025-09-20,727,2,3,13186000
22967,2024-07-13,2071,11,3,4373000
22968,2025-03-08,852,24,6,24500000
22969,2025-12-20,950,11,6,13943000
22970,2025-05-29,1985,36,3,2529000
22971,2025-05-23,61,48,1,8475000
22972,2024-05-16,275,10,6,32114000
22973,2024-09-18,1690,50,6,19774000
22974,2024-04-15,1739,50,3,6366000
22975,2025-11-04,1558,25,3,13451000
22976,2025-11-02,2712,18,6,14970000
22977,2025-08-05,1279,33,1,5220000
22978,2024-01-31,1953,18,3,4560000
22979,2024-08-08,2392,38,3,9469000
22980,2025-12-07,1209,44,6,6669000
22981,2024-09-22,2849,49,1,17972000
22982,2024-05-29,2089,38,6,711000
22983,2024-09-28,864,48,6,5182000
22984,2025-05-10,1642,10,3,11850000
22985,2025-03-11,399,5,6,9957000
22986,2024-05-02,2996,16,3,1930000
22987,2025-02-04,179,36,1,12398000
22988,2025-06-13,2422,9,2,12300000
22989,2025-03-21,1754,47,1,13459000
22990,2025-12-26,2963,9,6,5726000
22991,2024-03-15,1561,24,6,12539000
22992,2025-05-01,812,33,6,14066000
22993,2025-07-20,2926,1,6,17530000
22994,2025-03-22,273,1,6,32199000
22995,2024-06-17,511,30,6,10262000
22996,2025-03-04,761,28,3,17160000
22997,2024-05-30,846,15,3,7523000
22998,2024-08-12,2996,49,1,13361000
22999,2024-03-08,607,20,6,4720000
23000,2025-05-09,1537,32,6,28240000
23001,2024-07-17,1795,37,3,11312000
23002,2025-07-20,2424,2,2,24265000
23003,2025-11-12,2063,20,1,18537000
23004,2025-06-09,1141,36,6,12055000
23005,2024-04-30,1510,45,3,8147000
23006,2025-01-21,2435,36,3,9194000
23007,2024-08-03,539,11,2,12444000
23008,2024-06-21,1168,37,6,17022000
23009,2024-10-07,799,44,1,8337000
23010,2025-08-20,2325,2,1,10964000
23011,2024-06-05,1369,14,6,10415000
23012,2024-04-20,1277,18,1,15167000
23013,2025-06-19,2742,1,6,4123000
23014,2024-03-13,1318,33,3,10509000
23015,2024-12-04,2739,48,1,7880000
23016,2025-04-04,1973,34,1,14661000
23017,2024-10-26,253,19,6,8491000
23018,2025-03-04,1441,4,6,14712000
23019,2025-03-20,2687,48,1,7220000
23020,2025-06-10,714,45,3,32155000
23021,2024-07-01,941,11,6,9698000
23022,2025-03-01,2197,3,3,4668000
23023,2025-01-22,1604,13,3,7781000
23024,2024-12-31,650,41,6,6225000
23025,2024-04-10,1817,29,6,35322000
23026,2025-04-09,1180,28,6,24296000
23027,2024-06-21,2840,49,2,17532000
23028,2024-07-15,1378,27,6,1103000
23029,2024-03-04,2313,17,6,15812000
23030,2025-01-26,2508,32,3,14635000
23031,2025-08-18,1516,23,3,51846000
23032,2024-02-21,1047,31,3,21295000
23033,2025-02-26,621,27,1,16247000
23034,2025-01-08,1838,34,3,3660000
23035,2025-05-13,1667,8,6,16710000
23036,2025-10-22,2279,10,3,7031000
23037,2025-02-19,2298,40,3,8992000
23038,2024-03-19,2312,10,3,27842000
23039,2024-03-09,14,33,6,11926000
23040,2024-04-19,1999,41,6,34500000
23041,2025-11-04,2228,10,2,8900000
23042,2024-12-23,1621,21,3,21990000
23043,2025-07-14,1551,36,2,443000
23044,2024-06-09,703,28,1,1600000
23045,2024-10-13,1938,7,6,12100000
23046,2025-11-05,468,47,3,20728000
23047,2025-11-05,958,26,1,25218000
23048,2024-03-22,2766,32,6,312000
23049,2025-03-18,740,25,3,44596000
23050,2024-04-08,2133,15,6,20804000
23051,2025-05-02,2298,18,3,17116000
23052,2025-04-14,66,47,3,15362000
23053,2025-05-08,255,5,6,28407000
23054,2025-01-09,35,27,6,40523000
23055,2025-07-25,22,19,6,14153000
23056,2025-08-01,1308,31,6,35110000
23057,2025-01-11,1303,12,6,11205000
23058,2025-12-13,1791,28,6,25480000
23059,2024-09-17,2852,5,6,9365000
23060,2025-01-02,1875,1,3,3228000
23061,2025-09-28,286,40,3,22156000
23062,2025-04-14,2487,36,6,25218000
23063,2024-12-21,2606,5,6,36532000
23064,2024-09-29,2740,14,3,25988000
23065,2025-07-19,2888,5,3,5189000
23066,2025-12-11,126,17,2,40643000
23067,2024-01-13,2428,22,6,13266000
23068,2024-07-29,2756,41,3,7589000
23069,2024-10-31,1073,46,6,6893000
23070,2024-08-15,616,42,1,8780000
23071,2024-03-29,2022,43,3,23449000
23072,2024-09-21,365,22,3,19239000
23073,2025-10-28,1650,27,3,43030000
23074,2025-05-15,1488,37,6,31498000
23075,2024-07-11,349,43,1,8788000
23076,2025-02-23,1126,13,3,26155000
23077,2025-02-09,2949,12,2,32020000
23078,2025-10-15,2484,32,6,34911000
23079,2024-09-26,216,13,3,43782000
23080,2024-08-24,600,30,1,10125000
23081,2025-03-27,2853,41,6,3730000
23082,2024-03-08,1163,47,1,10188000
23083,2024-04-07,1043,22,6,12136000
23084,2025-03-26,2136,5,6,18385000
23085,2025-06-24,2427,48,6,29717000
23086,2025-11-29,1458,23,1,14542000
23087,2024-02-10,2202,26,1,5028000
23088,2024-02-07,1839,25,6,26153000
23089,2025-08-11,1104,9,2,19622000
23090,2025-04-01,123,1,2,5132000
23091,2024-04-06,2229,34,3,22593000
23092,2024-10-07,1892,46,6,24260000
23093,2025-04-06,2298,26,1,88843000
23094,2024-03-05,2073,42,2,8058000
23095,2025-06-25,447,41,6,21449000
23096,2024-09-01,1610,3,1,10179000
23097,2024-01-07,2350,47,6,6464000
23098,2024-05-08,2249,28,3,5267000
23099,2025-11-17,2899,28,3,6136000
23100,2024-09-19,1122,1,3,7349000
23101,2025-11-12,2457,38,6,16545000
23102,2024-12-24,1847,4,6,18190000
23103,2024-04-29,2295,24,2,41022000
23104,2025-01-22,2091,33,6,660000
23105,2024-06-28,194,20,1,2226000
23106,2025-10-16,1853,33,3,12134000
23107,2024-04-02,2703,21,3,22314000
23108,2024-04-06,1210,5,2,21800000
23109,2025-07-05,2848,36,1,19856000
23110,2025-02-01,1316,10,6,15915000
23111,2025-04-01,1469,43,6,10818000
23112,2025-09-03,147,29,3,14152000
23113,2025-11-20,700,13,3,7251000
23114,2024-09-28,1229,46,3,30599000
23115,2025-12-04,195,41,6,1952000
23116,2025-06-27,1963,14,6,8908000
23117,2024-01-12,1291,30,2,7747000
23118,2025-04-21,2524,46,3,13654000
23119,2024-12-15,1864,22,1,4912000
23120,2025-08-26,1068,26,1,4376000
23121,2024-10-20,802,5,6,12648000
23122,2024-07-02,43,36,1,7845000
23123,2025-01-07,2087,4,1,34568000
23124,2025-08-27,2271,9,6,3954000
23125,2024-03-30,1718,48,1,11643000
23126,2025-07-01,340,26,6,3050000
23127,2025-10-28,762,48,6,28584000
23128,2025-09-26,1541,26,6,3662000
23129,2024-03-13,23,4,3,4784000
23130,2024-05-17,2076,15,6,15335000
23131,2024-10-05,2533,11,2,19116000
23132,2025-11-07,1993,41,1,15710000
23133,2024-03-09,96,33,1,28638000
23134,2025-12-11,1987,2,3,32195000
23135,2025-09-19,28,22,1,9936000
23136,2025-05-22,2021,40,3,4036000
23137,2025-12-21,2186,21,2,1962000
23138,2025-09-16,1619,23,1,19333000
23139,2025-07-06,1207,20,6,2092000
23140,2024-10-22,250,25,6,6541000
23141,2025-12-15,2507,32,6,31200000
23142,2025-03-22,2217,39,6,3182000
23143,2025-08-26,2337,4,1,10017000
23144,2024-05-31,2977,15,3,12839000
23145,2024-11-01,2291,8,3,25733000
23146,2024-11-28,61,2,3,7403000
23147,2024-04-11,1503,45,3,472000
23148,2025-12-12,1589,39,1,29219000
23149,2025-11-24,1448,18,2,10881000
23150,2025-08-23,2075,37,1,24966000
23151,2024-06-28,172,39,3,21655000
23152,2025-08-14,2437,16,6,546000
23153,2024-11-27,2422,21,6,41829000
23154,2024-06-21,959,25,6,31520000
23155,2024-06-25,1667,46,6,3240000
23156,2024-07-23,1837,45,6,41426000
23157,2024-03-16,1298,30,3,8764000
23158,2025-08-25,2336,15,6,5152000
23159,2025-12-14,189,13,3,14840000
23160,2025-05-03,575,26,1,3515000
23161,2024-05-06,1909,33,3,12584000
23162,2024-06-20,2477,14,2,17585000
23163,2024-10-02,1264,36,6,14671000
23164,2025-12-12,2482,20,6,5545000
23165,2025-02-03,2458,43,1,11792000
23166,2024-05-24,1352,48,6,32842000
23167,2024-07-05,1551,4,6,5510000
23168,2024-10-18,2500,2,3,23985000
23169,2024-05-18,1441,44,1,17702000
23170,2025-10-26,519,34,3,29026000
23171,2024-08-22,2399,48,3,32300000
23172,2025-08-04,2299,36,3,4330000
23173,2024-06-08,1402,42,1,53979000
23174,2025-01-11,590,16,6,12956000
23175,2025-07-20,1168,29,3,38573000
23176,2024-05-30,1068,20,3,40381000
23177,2025-05-09,1979,35,6,4833000
23178,2025-10-05,724,28,3,9601000
23179,2025-01-01,1683,21,6,13395000
23180,2024-01-15,1471,45,1,23572000
23181,2025-06-15,1146,16,3,14209000
23182,2024-11-02,1209,16,6,24950000
23183,2024-06-02,1128,27,6,8742000
23184,2025-01-03,651,11,3,876000
23185,2024-08-21,2509,19,3,2303000
23186,2024-02-12,1447,16,1,350000
23187,2024-04-14,2668,35,6,15740000
23188,2024-10-28,995,32,3,3210000
23189,2024-07-08,2615,28,1,20712000
23190,2024-11-24,2659,37,6,37796000
23191,2024-12-16,2181,43,1,12832000
23192,2025-07-05,2567,42,6,5526000
23193,2024-07-09,364,19,3,6403000
23194,2024-12-24,1871,45,3,3473000
23195,2024-12-07,1954,26,6,11041000
23196,2025-02-12,100,12,6,38643000
23197,2024-10-15,207,5,3,9620000
23198,2024-10-22,795,12,3,9602000
23199,2024-11-21,1111,34,3,22583000
23200,2024-01-05,917,31,1,17646000
23201,2024-04-17,2016,36,3,5786000
23202,2025-03-24,2289,20,6,18357000
23203,2024-03-19,1438,47,3,1600000
23204,2025-01-09,1645,36,1,14189000
23205,2025-07-24,1602,47,3,29583000
23206,2025-05-01,1030,35,6,17408000
23207,2024-07-10,2322,33,6,31215000
23208,2025-04-16,1504,22,6,7250000
23209,2024-05-24,652,45,3,15787000
23210,2024-09-03,2322,11,6,3188000
23211,2025-05-14,757,41,3,5736000
23212,2025-12-06,2181,6,6,12379000
23213,2024-06-11,2032,24,6,20954000
23214,2024-05-18,1536,33,3,11726000
23215,2024-08-16,2421,20,1,3692000
23216,2024-12-17,2338,25,1,3486000
23217,2024-08-22,1831,19,2,12597000
23218,2025-12-05,348,44,2,9756000
23219,2024-07-04,446,16,3,36255000
23220,2024-11-21,480,7,6,61842000
23221,2025-04-30,826,29,6,28187000
23222,2025-11-13,2475,32,6,17124000
23223,2024-06-29,2577,42,1,35090000
23224,2024-02-15,718,7,6,9332000
23225,2024-10-02,1252,9,1,5024000
23226,2025-06-28,2505,39,1,23730000
23227,2025-10-19,1094,44,6,33041000
23228,2024-12-05,2210,18,1,929000
23229,2025-04-21,1145,1,1,597000
23230,2025-10-18,1998,42,3,45243000
23231,2024-01-17,1556,41,1,6068000
23232,2024-01-22,2460,10,1,33740000
23233,2025-03-27,1380,7,6,9803000
23234,2025-07-23,2553,22,6,3282000
23235,2024-06-02,895,4,6,18006000
23236,2024-12-27,2768,42,3,8670000
23237,2025-12-13,1031,11,6,37949000
23238,2025-02-18,2344,28,1,12343000
23239,2025-05-06,394,3,3,3475000
23240,2025-08-22,2498,26,6,16497000
23241,2024-04-02,687,17,3,4564000
23242,2025-01-08,1592,35,3,25512000
23243,2025-12-03,303,39,3,31695000
23244,2024-05-05,438,50,1,9432000
23245,2025-08-17,317,38,6,2028000
23246,2024-09-29,595,28,3,31169000
23247,2024-10-03,472,5,3,7775000
23248,2025-04-07,2816,9,1,9937000
23249,2024-09-16,2684,28,6,18086000
23250,2024-01-17,956,34,2,13086000
23251,2025-08-04,118,8,1,27538000
23252,2024-04-12,2027,7,3,26797000
23253,2025-05-04,369,34,2,45631000
23254,2024-08-24,1704,14,2,15538000
23255,2024-08-18,2912,17,6,16723000
23256,2025-09-13,627,7,3,27497000
23257,2024-02-14,905,46,1,5502000
23258,2025-06-13,2782,32,2,4622000
23259,2025-05-07,329,33,6,32393000
23260,2025-02-02,137,25,6,22201000
23261,2024-04-27,1125,35,3,8540000
23262,2025-06-20,274,24,1,368000
23263,2024-07-07,131,45,3,6678000
23264,2024-01-31,2867,31,1,26245000
23265,2025-11-21,1486,23,3,22377000
23266,2024-07-19,316,2,6,10674000
23267,2024-06-02,349,11,3,34144000
23268,2025-05-28,2440,43,3,2108000
23269,2025-02-26,2422,20,2,2632000
23270,2024-09-14,2338,25,1,22852000
23271,2025-02-27,1363,47,2,57893000
23272,2025-07-07,2880,33,1,23419000
23273,2025-09-27,27,14,3,20883000
23274,2024-04-28,2257,27,3,4540000
23275,2025-09-10,254,38,2,5352000
23276,2025-02-17,1598,25,6,5686000
23277,2024-12-15,2971,42,2,6980000
23278,2025-07-25,1500,26,1,121000
23279,2024-09-15,1342,22,6,12583000
23280,2024-07-20,2120,6,3,10533000
23281,2025-09-22,149,18,1,1121000
23282,2025-08-05,2078,24,6,15288000
23283,2024-11-19,2249,24,2,694000
23284,2024-09-07,1939,40,6,4124000
23285,2024-06-13,2006,21,6,13279000
23286,2024-12-29,2149,6,6,13213000
23287,2024-08-23,26,10,1,18892000
23288,2024-10-20,1430,39,3,20425000
23289,2025-08-05,638,32,6,32023000
23290,2025-02-15,2725,48,6,30760000
23291,2024-06-24,2736,7,6,7457000
23292,2025-12-13,1949,35,6,3015000
23293,2024-12-28,1350,49,6,138000
23294,2025-03-03,24,22,3,3636000
23295,2025-04-29,2266,40,2,6868000
23296,2025-04-08,1590,14,3,19100000
23297,2024-01-09,626,39,6,15964000
23298,2024-10-08,138,33,1,28626000
23299,2024-04-06,2088,18,3,2344000
23300,2025-01-13,2676,35,3,31923000
23301,2025-02-17,1106,50,6,44799000
23302,2025-09-03,2396,28,1,20385000
23303,2024-04-05,2187,34,6,13506000
23304,2025-10-16,470,41,3,14291000
23305,2025-04-29,2442,34,3,14739000
23306,2025-10-24,730,13,6,17470000
23307,2024-04-25,2411,28,3,18625000
23308,2025-08-05,1520,33,6,13283000
23309,2024-03-03,1364,44,2,9926000
23310,2024-12-07,1452,33,2,4646000
23311,2024-11-02,2713,30,3,17155000
23312,2025-10-25,2788,7,1,1573000
23313,2024-07-07,1514,8,6,8522000
23314,2025-05-03,1396,14,3,17889000
23315,2024-02-12,2396,8,6,11770000
23316,2025-07-06,2831,33,6,320000
23317,2025-08-05,254,50,1,35821000
23318,2025-06-24,2417,7,2,24930000
23319,2024-09-20,409,47,2,13704000
23320,2024-02-17,2454,30,3,4178000
23321,2025-11-15,2730,11,3,20520000
23322,2024-07-21,2780,26,1,20210000
23323,2024-11-23,2293,20,3,8091000
23324,2024-10-26,72,48,3,10953000
23325,2024-07-26,1018,29,1,1264000
23326,2024-06-27,1570,3,3,44984000
23327,2024-01-11,2082,12,3,20624000
23328,2025-03-28,741,50,1,28878000
23329,2025-07-02,2280,24,6,24936000
23330,2025-11-28,2823,22,6,2747000
23331,2025-03-05,1508,19,3,3446000
23332,2025-03-10,566,4,1,13396000
23333,2025-12-11,2689,25,1,9096000
23334,2025-01-23,2484,22,3,10602000
23335,2024-02-10,50,1,6,9603000
23336,2025-07-17,2709,39,3,8626000
23337,2025-02-20,2286,23,3,16088000
23338,2025-11-17,2869,20,2,12419000
23339,2025-03-01,1422,42,3,3764000
23340,2024-03-25,1776,43,1,25799000
23341,2025-09-28,2543,13,2,3246000
23342,2025-07-31,1901,16,1,20463000
23343,2024-02-19,2698,46,3,44888000
23344,2025-02-15,2087,40,1,49181000
23345,2025-09-30,1978,32,6,3020000
23346,2025-12-10,210,20,1,16572000
23347,2024-12-24,2927,42,3,8060000
23348,2025-08-04,2409,22,1,11090000
23349,2025-08-21,217,16,2,35652000
23350,2025-03-03,2487,24,6,52427000
23351,2025-09-19,1216,45,6,28103000
23352,2025-09-06,2021,20,3,18194000
23353,2024-11-15,1326,7,3,57762000
23354,2025-05-18,895,26,6,385000
23355,2024-04-19,1530,33,6,23902000
23356,2024-10-17,977,19,6,31491000
23357,2025-08-20,728,1,1,3331000
23358,2024-04-18,1007,19,3,4703000
23359,2024-06-04,226,12,6,21609000
23360,2025-03-07,894,13,3,2456000
23361,2024-08-31,741,33,3,417000
23362,2024-07-06,2263,41,6,7295000
23363,2025-11-29,870,21,1,30870000
23364,2025-11-02,2462,17,3,9397000
23365,2024-04-18,1812,16,6,25636000
23366,2024-03-16,1890,35,6,5197000
23367,2025-01-04,2135,32,6,18550000
23368,2025-07-17,1571,42,1,4199000
23369,2025-07-23,1343,31,6,3780000
23370,2024-07-18,864,7,2,8475000
23371,2025-02-28,1146,29,3,12221000
23372,2025-08-29,1636,5,3,3650000
23373,2024-12-08,770,47,6,7816000
23374,2024-01-22,2003,19,1,47567000
23375,2024-08-31,2366,35,3,3604000
23376,2025-08-01,2188,48,2,1237000
23377,2025-09-24,23,30,6,19603000
23378,2024-02-19,1226,50,1,16931000
23379,2024-08-16,397,24,3,40222000
23380,2025-08-10,2554,36,3,2602000
23381,2025-05-01,25,18,6,5577000
23382,2024-05-10,2188,5,6,3960000
23383,2025-09-09,1024,14,6,17085000
23384,2025-05-31,2063,48,1,9885000
23385,2024-02-16,470,43,2,20693000
23386,2025-02-24,31,27,6,7044000
23387,2024-03-26,1575,25,3,15143000
23388,2024-03-24,2717,47,1,7716000
23389,2024-12-17,2977,47,6,12692000
23390,2025-11-21,1754,16,3,6633000
23391,2024-04-26,2327,50,6,12282000
23392,2025-08-26,697,47,2,27907000
23393,2025-05-30,1013,6,6,11757000
23394,2024-02-08,2081,35,6,11697000
23395,2024-11-03,1473,16,6,1424000
23396,2024-03-26,2142,47,6,27965000
23397,2025-07-20,1745,14,3,17219000
23398,2024-12-12,2194,19,6,16698000
23399,2025-04-17,2905,9,6,4426000
23400,2025-04-08,2379,23,2,660000
23401,2024-08-10,1314,23,3,27531000
23402,2025-07-27,2543,3,6,13920000
23403,2024-08-11,799,11,6,17236000
23404,2024-12-07,2031,23,3,13274000
23405,2025-05-06,2722,20,3,30283000
23406,2025-11-14,2230,32,6,11558000
23407,2025-09-07,1818,3,6,4300000
23408,2024-07-06,733,3,1,24480000
23409,2024-11-06,1150,22,3,20324000
23410,2025-09-19,223,11,1,16035000
23411,2025-05-17,139,46,1,37861000
23412,2024-10-02,125,10,6,12706000
23413,2025-10-25,461,33,6,17326000
23414,2025-08-10,2206,31,3,23563000
23415,2024-11-28,2414,10,3,690000
23416,2025-12-16,2988,44,6,11961000
23417,2025-07-25,1780,32,2,658000
23418,2024-09-17,2354,6,6,23986000
23419,2025-08-22,1616,36,2,2519000
23420,2024-03-31,1492,42,3,29416000
23421,2025-07-23,2288,21,3,8279000
23422,2024-01-04,289,41,2,2124000
23423,2025-06-30,1112,44,1,8037000
23424,2025-01-03,2577,12,6,8274000
23425,2024-10-11,80,21,2,195000
23426,2025-05-11,2518,22,3,8055000
23427,2025-07-30,555,5,3,10962000
23428,2024-04-13,2586,31,6,8849000
23429,2025-08-15,1468,10,2,7793000
23430,2024-10-15,1605,10,2,8754000
23431,2025-09-14,2040,22,3,10166000
23432,2024-04-14,1821,31,6,28696000
23433,2025-03-06,1274,45,2,40380000
23434,2024-02-23,1820,9,3,404000
23435,2024-08-02,685,46,1,26249000
23436,2024-12-16,2208,46,6,33802000
23437,2025-04-02,632,46,3,9300000
23438,2024-06-09,2107,21,3,2685000
23439,2025-05-12,422,10,2,4714000
23440,2024-12-11,1922,34,6,9011000
23441,2025-01-15,209,41,6,3946000
23442,2025-06-24,1615,36,2,3615000
23443,2024-10-24,2525,35,6,1650000
23444,2025-12-22,1395,2,3,2795000
23445,2024-10-24,539,45,2,6930000
23446,2025-01-29,2836,38,1,15068000
23447,2024-03-14,1868,31,6,6587000
23448,2025-04-08,2469,29,6,21688000
23449,2024-03-26,1981,22,3,11012000
23450,2024-08-30,134,44,2,2403000
23451,2025-01-26,493,41,6,14942000
23452,2025-05-24,2198,42,3,17257000
23453,2024-10-14,1253,17,6,48704000
23454,2024-03-30,2716,42,6,17681000
23455,2024-02-07,900,4,1,2920000
23456,2025-02-03,2980,46,3,5530000
23457,2025-05-12,914,16,3,12278000
23458,2024-03-18,438,22,3,21647000
23459,2024-09-15,833,46,3,8719000
23460,2024-04-26,946,5,1,545000
23461,2024-10-13,2265,31,6,13100000
23462,2024-07-03,536,32,6,3473000
23463,2025-08-20,2491,14,6,10374000
23464,2024-05-28,1233,46,2,15212000
23465,2024-10-24,933,38,3,10045000
23466,2024-10-04,79,8,3,391000
23467,2024-11-08,2766,36,3,14871000
23468,2024-01-11,1853,20,6,9379000
23469,2025-06-26,2050,4,2,17795000
23470,2025-09-18,735,30,6,12578000
23471,2024-08-25,1842,46,3,20868000
23472,2025-02-04,708,36,1,6052000
23473,2024-11-20,120,41,3,36252000
23474,2025-10-04,2513,20,1,6088000
23475,2024-10-04,2982,44,3,26258000
23476,2024-11-09,1456,12,3,14478000
23477,2025-08-06,2409,44,3,7104000
23478,2024-03-26,1044,13,3,75013000
23479,2024-03-02,1104,42,2,74681000
23480,2025-02-21,770,34,3,17138000
23481,2025-03-02,2678,38,3,6636000
23482,2024-11-11,1808,21,3,1665000
23483,2024-12-16,358,33,6,6732000
23484,2024-12-13,1550,8,6,11191000
23485,2024-01-23,774,50,6,9145000
23486,2024-10-05,2662,17,3,15339000
23487,2025-02-18,113,2,6,5700000
23488,2024-08-05,753,23,3,3366000
23489,2025-08-28,1925,19,3,31850000
23490,2025-02-13,2555,32,2,18673000
23491,2024-06-14,299,1,6,37666000
23492,2025-09-30,2999,34,1,6902000
23493,2025-01-12,1906,29,1,46313000
23494,2025-08-25,1796,36,1,5561000
23495,2025-10-05,1063,6,1,17055000
23496,2025-10-08,1822,4,3,4905000
23497,2025-10-06,994,19,6,5637000
23498,2025-05-03,869,1,6,28024000
23499,2024-04-15,428,4,1,5577000
23500,2024-12-01,2868,10,3,9800000
23501,2025-02-03,1406,29,1,3290000
23502,2025-07-28,1834,15,1,363000
23503,2024-10-31,297,29,1,2216000
23504,2025-12-30,38,23,3,47238000
23505,2024-09-17,2961,25,6,6122000
23506,2025-03-29,2238,18,6,27933000
23507,2025-02-05,1551,10,6,6047000
23508,2024-04-15,839,5,1,44114000
23509,2025-12-19,1154,4,2,6120000
23510,2024-08-22,2991,12,6,5692000
23511,2024-12-18,1005,29,1,6627000
23512,2024-08-19,2316,29,3,8778000
23513,2025-01-11,209,16,6,31839000
23514,2025-01-05,740,16,1,14914000
23515,2024-12-23,1522,49,6,1004000
23516,2025-10-01,2499,43,1,172000
23517,2024-02-12,2103,25,6,18239000
23518,2025-12-26,1343,3,2,6036000
23519,2025-09-13,978,13,6,6019000
23520,2024-11-07,883,44,6,12690000
23521,2025-01-14,2828,37,2,12166000
23522,2024-11-28,903,11,6,18793000
23523,2025-03-07,834,41,3,25302000
23524,2024-11-24,1792,44,3,9494000
23525,2024-12-25,318,18,1,6702000
23526,2024-08-06,1977,50,3,2366000
23527,2024-10-09,2061,22,6,12080000
23528,2024-04-13,781,7,1,2547000
23529,2025-06-25,1049,15,6,7735000
23530,2025-01-24,302,5,1,6029000
23531,2025-01-03,2832,33,3,6382000
23532,2025-07-18,1121,23,6,25070000
23533,2025-04-22,2700,44,6,10340000
23534,2024-01-26,678,41,3,54550000
23535,2025-04-09,1440,43,3,16871000
23536,2025-09-30,2233,49,3,6412000
23537,2024-01-08,253,5,2,13426000
23538,2024-03-16,2198,7,3,8591000
23539,2024-12-08,119,24,1,5976000
23540,2025-07-08,1375,36,3,12750000
23541,2024-08-22,2957,3,3,8099000
23542,2024-06-08,415,1,6,27548000
23543,2025-08-12,288,44,2,27238000
23544,2025-06-02,1960,32,3,14782000
23545,2025-07-20,176,36,6,15004000
23546,2024-10-31,1379,27,1,24481000
23547,2024-10-08,1921,41,1,5493000
23548,2025-03-31,686,48,3,41348000
23549,2024-09-02,250,3,3,17130000
23550,2024-08-03,155,27,1,2895000
23551,2024-08-23,2285,25,3,25168000
23552,2025-03-15,211,10,1,1629000
23553,2024-05-30,1846,50,6,10528000
23554,2025-11-13,632,45,2,9077000
23555,2025-04-29,2268,43,1,31224000
23556,2025-12-13,1918,29,2,5560000
23557,2024-02-28,1458,45,2,5890000
23558,2025-11-04,326,46,3,858000
23559,2024-08-24,693,23,6,924000
23560,2024-04-02,624,6,1,8247000
23561,2025-11-25,2236,14,2,595000
23562,2025-06-03,1019,15,3,5522000
23563,2024-07-17,880,19,6,7417000
23564,2024-05-27,708,27,6,20721000
23565,2024-05-25,1037,1,2,18622000
23566,2025-12-14,432,31,6,4054000
23567,2024-06-22,1484,40,2,5728000
23568,2024-10-15,2831,17,6,41413000
23569,2024-09-01,2250,13,1,38708000
23570,2024-08-05,1638,31,3,23580000
23571,2025-04-01,1747,11,3,20741000
23572,2024-01-19,2794,49,3,25023000
23573,2025-11-28,2376,23,6,4980000
23574,2024-01-20,1399,9,6,25680000
23575,2025-10-11,1280,1,3,14563000
23576,2025-10-09,1209,32,6,35225000
23577,2025-12-15,446,2,2,21033000
23578,2024-05-26,1822,22,6,18867000
23579,2025-07-25,2480,35,6,5112000
23580,2025-07-07,1973,44,6,30608000
23581,2025-07-12,491,8,6,30216000
23582,2024-10-14,2537,4,1,6348000
23583,2024-11-08,2220,13,3,25056000
23584,2025-08-05,1786,25,6,13138000
23585,2024-07-15,2640,26,6,123000
23586,2025-02-13,882,4,6,12245000
23587,2024-06-17,2925,35,6,18914000
23588,2024-05-12,1907,49,6,7610000
23589,2025-04-10,2601,14,3,15424000
23590,2025-07-24,729,44,3,9706000
23591,2024-04-19,813,5,1,6224000
23592,2024-09-12,2288,25,3,3993000
23593,2025-04-04,2330,11,6,25721000
23594,2024-10-17,1656,48,1,6632000
23595,2024-06-11,673,9,6,6112000
23596,2024-10-03,1235,25,1,540000
23597,2025-09-25,1650,43,1,13920000
23598,2025-11-17,2525,45,1,6420000
23599,2025-01-23,1685,37,2,8770000
23600,2025-09-07,1976,25,3,20104000
23601,2025-02-06,807,13,3,29474000
23602,2024-07-05,1180,6,6,570000
23603,2025-12-14,2543,36,6,15833000
23604,2024-10-03,2414,28,6,1845000
23605,2025-12-07,2408,17,3,28441000
23606,2025-11-08,1276,29,2,36951000
23607,2025-02-15,2037,24,6,2975000
23608,2025-08-09,2722,19,3,9096000
23609,2025-01-06,2615,28,6,18683000
23610,2025-10-27,2298,16,3,9241000
23611,2025-08-31,2076,33,3,16106000
23612,2024-02-25,2254,6,6,28026000
23613,2024-11-22,214,43,6,940000
23614,2024-10-27,242,13,1,15790000
23615,2025-11-07,2956,23,6,15180000
23616,2025-11-29,671,28,6,19396000
23617,2025-11-25,2634,4,3,3366000
23618,2024-12-27,2879,37,6,9661000
23619,2024-11-22,371,20,3,13916000
23620,2025-01-10,1864,9,1,28227000
23621,2025-07-28,411,25,2,8546000
23622,2024-11-28,2543,27,2,2826000
23623,2024-11-28,572,25,6,1149000
23624,2024-03-22,1706,38,6,22443000
23625,2025-04-14,2261,48,3,13888000
23626,2025-09-02,2036,25,6,21454000
23627,2025-11-28,901,8,6,6055000
23628,2025-07-15,380,10,6,2116000
23629,2025-05-15,2421,24,6,3900000
23630,2024-02-11,1329,43,2,33708000
23631,2025-12-08,634,3,6,19618000
23632,2024-12-10,259,21,6,974000
23633,2024-05-22,103,12,6,9414000
23634,2025-10-24,2767,8,3,20486000
23635,2024-01-28,1437,14,6,14081000
23636,2024-06-03,1772,13,3,3899000
23637,2025-02-02,1017,36,6,6310000
23638,2025-03-16,2463,3,6,8283000
23639,2025-10-22,866,25,1,17512000
23640,2024-12-19,1694,44,6,4814000
23641,2025-01-13,1153,34,3,24309000
23642,2025-08-24,223,7,3,10224000
23643,2025-05-05,202,31,3,13219000
23644,2024-05-08,2758,7,2,8198000
23645,2025-05-03,1722,18,1,6566000
23646,2025-11-09,2845,38,3,40983000
23647,2025-03-20,134,26,6,9846000
23648,2024-12-31,571,17,6,11280000
23649,2025-12-09,2849,24,2,18408000
23650,2025-05-07,2665,5,1,30808000
23651,2025-09-23,1827,43,1,3357000
23652,2024-12-28,2228,48,3,17900000
23653,2025-05-02,439,16,1,40308000
23654,2025-10-28,713,33,6,8540000
23655,2024-12-28,1025,10,3,37935000
23656,2025-08-17,109,2,6,16074000
23657,2025-02-08,1920,20,3,21342000
23658,2025-06-15,585,42,3,31710000
23659,2024-11-02,2721,14,3,23291000
23660,2024-12-01,153,18,6,4136000
23661,2025-07-07,835,37,2,10329000
23662,2025-04-27,779,48,2,8719000
23663,2024-01-23,2293,26,6,17798000
23664,2025-11-24,1980,35,6,1484000
23665,2025-08-14,2016,4,6,26136000
23666,2024-04-09,1295,31,6,19247000
23667,2024-05-15,2556,37,6,3825000
23668,2024-07-29,606,5,6,6162000
23669,2025-09-13,1725,27,3,11540000
23670,2024-05-29,2323,12,6,12520000
23671,2024-08-04,210,41,6,2481000
23672,2024-09-12,2535,16,6,23264000
23673,2024-02-02,1983,14,6,13105000
23674,2025-07-26,1325,49,6,18668000
23675,2025-05-09,1360,35,6,7610000
23676,2025-10-27,2322,39,2,12979000
23677,2025-10-16,231,46,3,4618000
23678,2025-05-04,1052,38,3,9526000
23679,2024-08-12,1808,23,6,41478000
23680,2025-08-01,639,32,2,10330000
23681,2025-12-30,2072,24,6,1222000
23682,2024-07-14,311,25,6,22191000
23683,2024-12-22,232,19,1,32058000
23684,2024-11-01,1108,35,6,5608000
23685,2025-02-14,1786,47,3,12844000
23686,2025-10-10,440,29,6,19662000
23687,2024-04-01,1669,10,1,9718000
23688,2024-02-27,752,18,3,5825000
23689,2024-06-07,2346,33,3,20775000
23690,2024-08-04,2823,12,3,44475000
23691,2024-05-11,2934,32,1,6225000
23692,2024-12-31,1967,22,1,16031000
23693,2024-07-04,1673,12,6,2794000
23694,2024-11-20,1211,34,1,13089000
23695,2024-05-01,1297,12,1,9665000
23696,2025-08-05,881,3,3,11427000
23697,2024-04-08,2002,39,6,8151000
23698,2025-07-02,1483,7,6,2620000
23699,2024-12-23,247,48,3,11949000
23700,2024-12-31,1083,40,3,10658000
23701,2024-05-23,1188,48,3,5960000
23702,2025-03-16,1774,36,2,20329000
23703,2025-12-05,239,7,6,9842000
23704,2025-02-13,969,8,6,10630000
23705,2024-08-04,1892,30,2,14121000
23706,2025-11-16,421,20,1,5041000
23707,2025-06-09,2428,11,3,10877000
23708,2024-11-06,1209,26,1,914000
23709,2024-11-22,2195,22,1,95000
23710,2024-04-03,368,4,2,9093000
23711,2025-05-21,2464,46,3,20930000
23712,2024-06-21,225,30,6,29484000
23713,2024-02-09,1439,32,6,7976000
23714,2024-05-31,2546,31,6,5886000
23715,2024-07-15,899,14,6,14368000
23716,2025-03-05,1495,29,1,27389000
23717,2024-06-05,2409,20,6,17798000
23718,2024-01-30,498,10,3,2872000
23719,2025-07-01,2817,17,6,48430000
23720,2024-07-08,2418,25,3,9040000
23721,2025-10-11,947,15,3,2908000
23722,2025-09-20,1075,32,1,4448000
23723,2025-03-12,2401,48,6,16110000
23724,2024-02-20,1941,46,1,10303000
23725,2025-04-14,2553,1,3,206000
23726,2025-05-11,989,14,1,432000
23727,2025-07-01,2596,6,6,6878000
23728,2025-09-13,1954,44,6,11878000
23729,2024-03-02,1835,36,1,5239000
23730,2025-12-10,2105,34,6,5484000
23731,2024-12-19,1425,36,3,1075000
23732,2025-09-28,470,41,1,21656000
23733,2024-12-01,1227,26,6,20142000
23734,2025-10-21,1409,10,1,1500000
23735,2025-06-16,2325,30,6,4740000
23736,2024-08-17,2943,16,3,8269000
23737,2025-11-11,1656,36,3,27846000
23738,2025-03-10,253,5,2,7784000
23739,2024-06-16,1391,26,3,1169000
23740,2025-06-22,684,40,3,32736000
23741,2025-03-25,2833,28,3,23037000
23742,2025-09-14,1818,50,2,14044000
23743,2024-10-17,1777,34,3,10233000
23744,2025-07-01,2500,26,1,28855000
23745,2024-05-13,1912,30,6,14013000
23746,2024-10-04,67,22,6,7140000
23747,2025-01-02,164,35,1,15420000
23748,2024-09-25,2252,18,3,55912000
23749,2024-07-31,1623,9,3,24444000
23750,2025-09-04,2537,21,6,36717000
23751,2024-10-16,1273,17,6,6906000
23752,2025-08-02,514,35,3,4322000
23753,2025-05-08,27,37,1,1403000
23754,2025-02-17,2139,37,3,21108000
23755,2024-05-07,586,43,2,13376000
23756,2024-04-12,2924,35,6,15220000
23757,2025-07-27,2189,22,1,6327000
23758,2024-07-29,2466,41,1,5032000
23759,2025-08-31,1515,29,3,1801000
23760,2025-01-30,2901,23,3,1428000
23761,2025-09-06,1414,43,1,1195000
23762,2024-11-22,1612,14,2,4060000
23763,2025-06-25,23,4,3,8521000
23764,2024-02-07,976,45,3,34296000
23765,2024-04-22,104,50,6,22259000
23766,2024-10-06,451,12,6,11372000
23767,2025-10-29,197,1,3,32818000
23768,2024-04-01,218,15,3,3190000
23769,2024-05-22,2157,3,6,28035000
23770,2025-11-14,2568,10,3,3429000
23771,2025-12-25,2500,44,6,23002000
23772,2025-10-30,2987,19,6,7628000
23773,2024-09-17,1566,50,1,5753000
23774,2024-06-30,1662,40,6,6006000
23775,2024-10-18,145,32,6,12640000
23776,2024-09-05,2233,25,1,14486000
23777,2025-10-06,359,33,6,40552000
23778,2024-08-20,1046,22,6,16017000
23779,2024-11-17,1242,31,3,8229000
23780,2025-03-01,144,41,6,6249000
23781,2025-05-27,221,24,6,7596000
23782,2024-01-05,1811,8,1,36363000
23783,2025-08-28,2142,40,3,882000
23784,2025-05-13,2321,1,3,4160000
23785,2024-03-23,2011,46,6,2300000
23786,2024-05-27,335,22,3,30279000
23787,2025-06-10,1922,15,3,11280000
23788,2024-10-09,1313,44,3,20318000
23789,2025-11-06,949,48,1,7326000
23790,2024-04-21,1518,9,1,11435000
23791,2025-01-08,694,44,6,43302000
23792,2024-07-20,744,10,3,13572000
23793,2025-07-21,2581,44,2,19747000
23794,2024-07-08,2798,32,6,28321000
23795,2025-09-12,2438,16,3,4258000
23796,2024-03-21,2461,4,3,26596000
23797,2024-04-09,381,9,3,27269000
23798,2024-10-02,222,50,2,31996000
23799,2025-05-22,575,15,6,39817000
23800,2025-12-21,1067,26,6,13728000
23801,2025-05-13,2585,45,3,12313000
23802,2025-10-26,1497,11,6,11800000
23803,2025-07-16,2410,3,3,24117000
23804,2024-06-09,1653,33,2,46496000
23805,2024-11-21,1078,10,1,23605000
23806,2025-07-09,737,38,2,9594000
23807,2025-08-28,1707,39,3,46387000
23808,2025-07-15,173,45,6,17021000
23809,2025-08-14,2836,5,3,21038000
23810,2025-07-15,2661,5,6,5149000
23811,2024-01-04,2662,2,2,48379000
23812,2025-01-18,2479,8,3,22028000
23813,2025-04-21,1835,1,6,5205000
23814,2024-11-01,1111,15,6,15075000
23815,2025-04-29,2572,48,3,10274000
23816,2024-05-25,355,30,1,5668000
23817,2025-07-23,2318,8,6,5786000
23818,2025-01-06,1500,1,6,41079000
23819,2025-02-24,2626,46,6,1116000
23820,2025-10-18,2804,43,1,32795000
23821,2024-01-17,548,18,6,20634000
23822,2025-03-07,1248,49,1,15780000
23823,2025-06-19,1404,38,6,1626000
23824,2024-05-27,2888,22,1,3839000
23825,2025-11-25,2364,12,6,11885000
23826,2024-05-19,2845,4,3,15634000
23827,2024-01-12,1187,10,6,228000
23828,2025-06-28,2914,19,1,4092000
23829,2024-06-29,2610,39,3,19175000
23830,2024-04-02,769,47,6,23494000
23831,2025-07-22,154,31,6,11928000
23832,2024-05-17,638,18,6,14758000
23833,2024-04-21,1146,49,6,11147000
23834,2024-08-14,771,12,6,15148000
23835,2025-06-15,2269,46,6,17023000
23836,2024-11-24,2558,15,3,14750000
23837,2024-11-30,34,28,3,19890000
23838,2025-11-08,2410,36,6,5001000
23839,2025-01-18,2169,46,6,16619000
23840,2024-06-03,1428,32,1,34883000
23841,2024-10-06,2438,10,6,2166000
23842,2025-08-01,2065,31,6,12771000
23843,2024-09-28,81,49,3,11363000
23844,2025-12-19,1617,37,6,17236000
23845,2024-09-19,1788,40,2,2517000
23846,2024-04-26,1675,19,6,13344000
23847,2025-11-12,561,47,1,7105000
23848,2025-04-08,40,6,6,17544000
23849,2024-03-12,1384,24,3,6775000
23850,2024-02-15,1425,50,2,5040000
23851,2025-03-27,1998,22,6,26329000
23852,2025-06-11,1546,6,1,13365000
23853,2024-08-31,1526,42,3,14403000
23854,2025-04-08,1552,25,1,2776000
23855,2025-02-07,2510,4,3,43149000
23856,2024-03-28,344,40,6,5561000
23857,2024-09-03,673,15,6,3033000
23858,2024-06-11,1531,13,6,32228000
23859,2025-06-20,1779,14,3,20017000
23860,2025-04-08,250,8,1,27568000
23861,2025-11-16,2953,8,6,11353000
23862,2025-07-24,2268,39,6,24105000
23863,2025-06-23,208,16,1,10150000
23864,2025-11-09,2942,49,1,3372000
23865,2024-08-24,405,28,6,11609000
23866,2025-08-08,1378,35,6,7193000
23867,2024-09-18,2352,5,6,6188000
23868,2024-02-07,1319,36,3,2395000
23869,2024-08-08,227,31,3,33340000
23870,2024-10-24,1713,3,3,40377000
23871,2024-02-07,2538,40,6,9204000
23872,2025-06-10,1940,11,6,16897000
23873,2024-10-30,259,50,3,6254000
23874,2025-10-05,326,49,1,193000
23875,2025-08-09,1977,47,1,9401000
23876,2024-01-12,868,5,2,27046000
23877,2025-01-13,398,37,6,10232000
23878,2025-06-30,344,50,6,26285000
23879,2025-03-15,2392,45,3,6377000
23880,2024-01-10,1821,46,6,3936000
23881,2024-09-26,972,47,1,3922000
23882,2025-02-15,848,7,6,1809000
23883,2024-07-09,1072,15,3,39874000
23884,2024-05-26,2596,10,6,639000
23885,2024-10-09,768,37,6,20557000
23886,2024-04-17,1535,16,3,5653000
23887,2024-10-31,392,3,1,30361000
23888,2024-11-15,123,39,6,6629000
23889,2024-11-16,753,47,6,1350000
23890,2024-01-27,2825,26,6,792000
23891,2025-01-12,2832,18,1,7068000
23892,2024-05-06,408,15,2,25397000
23893,2025-09-29,1680,16,6,32431000
23894,2025-05-06,1207,4,2,32726000
23895,2025-09-14,1082,12,1,7984000
23896,2025-06-04,1467,9,1,13800000
23897,2024-02-07,1276,13,1,33654000
23898,2025-12-25,35,41,3,5993000
23899,2025-02-01,712,15,3,1252000
23900,2024-11-21,123,18,6,10325000
23901,2025-07-09,572,31,6,4434000
23902,2024-07-19,1258,48,6,11121000
23903,2025-04-19,2879,13,6,64786000
23904,2025-03-10,2753,21,1,13469000
23905,2025-03-19,1970,48,6,17225000
23906,2025-09-25,2452,36,3,13488000
23907,2024-09-05,1386,47,3,3956000
23908,2025-09-28,2461,8,6,25511000
23909,2025-03-28,1012,30,6,25072000
23910,2025-02-19,58,28,1,4283000
23911,2025-01-12,2445,14,6,18179000
23912,2025-05-18,656,19,6,14207000
23913,2025-04-05,1153,17,3,6928000
23914,2024-12-24,861,40,6,61813000
23915,2025-02-09,136,34,6,25805000
23916,2024-02-15,1254,33,3,26101000
23917,2025-08-12,1041,1,3,8504000
23918,2025-07-26,1502,6,6,5986000
23919,2025-08-15,1744,35,6,17925000
23920,2024-07-18,1612,35,3,50028000
23921,2024-10-30,1297,25,2,54608000
23922,2025-06-12,2482,43,2,7437000
23923,2024-08-28,1170,40,1,52391000
23924,2025-12-30,379,47,6,19647000
23925,2025-04-27,1511,21,2,11169000
23926,2025-10-18,854,50,3,7412000
23927,2024-01-01,2507,13,3,5770000
23928,2025-07-11,2106,12,3,12939000
23929,2025-01-07,1550,13,6,7960000
23930,2025-09-24,1937,15,6,9178000
23931,2025-05-11,2172,37,3,30972000
23932,2025-07-25,83,7,3,6615000
23933,2025-02-24,670,12,1,2414000
23934,2024-04-07,1080,9,3,13379000
23935,2024-04-11,2713,12,6,2323000
23936,2024-09-04,1109,1,6,5689000
23937,2024-09-24,1110,41,6,43895000
23938,2024-01-01,1876,9,3,575000
23939,2024-03-15,506,12,6,8308000
23940,2025-08-23,1550,26,6,27209000
23941,2025-08-10,2891,23,6,37594000
23942,2024-04-10,508,14,3,17899000
23943,2024-07-14,2928,23,1,12042000
23944,2024-02-14,289,38,1,15577000
23945,2025-02-16,888,14,3,35322000
23946,2024-12-07,2423,32,6,21160000
23947,2025-05-02,1943,33,3,22904000
23948,2025-05-10,2797,32,6,60987000
23949,2024-04-14,690,29,6,10428000
23950,2025-01-03,463,50,6,11820000
23951,2025-12-10,2440,11,6,16334000
23952,2024-04-20,30,4,3,1854000
23953,2025-02-23,2475,3,2,9420000
23954,2024-10-05,348,33,3,14503000
23955,2025-10-09,987,27,6,21289000
23956,2024-05-27,145,27,6,18998000
23957,2025-03-12,357,1,1,13379000
23958,2024-02-10,331,6,6,571000
23959,2024-10-06,1500,8,3,8042000
23960,2025-10-23,2176,49,3,6249000
23961,2024-09-08,1081,29,6,22845000
23962,2024-08-14,289,4,2,6608000
23963,2024-03-21,2986,2,6,9537000
23964,2024-02-22,12,15,3,3349000
23965,2025-06-27,1366,38,6,1252000
23966,2024-08-17,1977,3,6,24977000
23967,2024-04-27,720,18,6,1106000
23968,2025-01-11,1445,8,3,41583000
23969,2025-01-10,263,15,1,15938000
23970,2024-06-15,2646,9,6,20964000
23971,2025-03-18,1365,3,3,9150000
23972,2025-07-07,107,8,6,10678000
23973,2025-10-11,2949,47,2,12810000
23974,2025-10-03,2823,23,6,53318000
23975,2025-08-05,1209,39,3,10197000
23976,2024-10-14,1335,29,3,16197000
23977,2025-07-18,1125,32,2,4255000
23978,2024-09-21,2582,14,6,2723000
23979,2024-03-15,719,1,2,28480000
23980,2024-10-12,2924,23,2,13295000
23981,2024-11-19,2084,12,3,3225000
23982,2024-11-12,907,26,6,24853000
23983,2025-03-20,2076,47,6,4409000
23984,2025-07-15,1592,40,6,13178000
23985,2025-10-05,1052,17,1,29899000
23986,2024-01-31,615,29,3,1257000
23987,2025-09-22,398,5,6,13704000
23988,2024-11-11,1362,28,3,4164000
23989,2025-10-03,2123,22,3,24068000
23990,2024-06-17,94,24,6,28908000
23991,2024-02-08,1099,33,1,13086000
23992,2024-11-15,1434,41,6,5231000
23993,2025-03-11,2205,9,6,906000
23994,2024-11-09,277,15,1,1473000
23995,2024-03-15,1163,44,6,17132000
23996,2024-02-06,1957,31,3,32920000
23997,2024-03-18,2297,47,6,16740000
23998,2024-07-27,2470,45,1,10402000
23999,2025-09-22,1510,42,6,15445000
24000,2025-07-14,1061,29,6,1424000
24001,2024-12-23,10,22,6,28301000
24002,2025-05-26,1540,32,6,15573000
24003,2024-09-30,2672,22,1,13724000
24004,2024-03-24,1008,33,6,4220000
24005,2025-05-06,2132,9,1,16683000
24006,2025-03-13,730,44,6,16556000
24007,2025-10-22,2302,18,1,7758000
24008,2025-10-10,831,31,6,49109000
24009,2024-02-10,1283,41,3,28609000
24010,2025-05-01,2889,5,6,71424000
24011,2025-01-05,1971,42,1,17653000
24012,2024-06-09,600,36,1,9548000
24013,2025-03-19,451,13,3,8623000
24014,2024-04-22,1264,12,3,32033000
24015,2025-11-26,220,9,3,2135000
24016,2025-05-09,2691,16,6,2535000
24017,2024-01-06,829,27,1,10516000
24018,2025-05-10,2570,22,6,33495000
24019,2024-06-07,2372,23,1,35344000
24020,2024-05-11,2989,48,6,4012000
24021,2024-05-09,2448,15,1,14376000
24022,2025-03-15,1881,17,6,17647000
24023,2024-06-05,2820,4,3,2829000
24024,2024-05-16,1733,44,3,44067000
24025,2025-05-10,1426,39,3,22283000
24026,2024-04-18,1827,49,1,25980000
24027,2024-03-18,404,28,3,21016000
24028,2024-03-22,2913,9,6,9096000
24029,2024-01-15,777,28,2,7842000
24030,2024-07-20,1720,1,3,43627000
24031,2024-05-24,1927,34,3,9181000
24032,2024-12-24,2911,29,6,59938000
24033,2025-12-15,2148,18,3,11351000
24034,2025-07-29,1948,23,6,23936000
24035,2025-10-09,654,34,3,10277000
24036,2024-02-15,2693,46,3,28769000
24037,2024-08-03,445,40,3,21352000
24038,2025-11-02,925,33,3,15539000
24039,2025-02-15,928,24,6,40318000
24040,2024-07-09,945,6,1,39891000
24041,2024-09-03,1360,34,6,19242000
24042,2024-06-29,1647,33,6,65615000
24043,2024-01-20,959,35,6,9804000
24044,2025-10-08,37,18,6,11040000
24045,2025-07-22,1561,42,3,39278000
24046,2024-04-18,196,6,6,13978000
24047,2025-11-08,842,10,3,18265000
24048,2024-02-29,5,4,6,19373000
24049,2025-11-27,675,7,3,21988000
24050,2025-08-23,2681,35,3,9475000
24051,2024-08-11,2433,25,2,25532000
24052,2025-05-17,794,13,3,3046000
24053,2024-07-06,1507,27,6,10574000
24054,2024-03-14,1084,10,3,4771000
24055,2025-01-28,520,8,6,26593000
24056,2024-02-06,633,18,3,12324000
24057,2025-08-29,2719,34,3,709000
24058,2025-08-04,1022,42,6,18027000
24059,2025-12-04,516,7,6,4755000
24060,2024-04-26,2693,8,6,26630000
24061,2024-05-09,620,13,3,772000
24062,2024-07-06,2204,42,6,11715000
24063,2024-04-02,1498,41,1,13465000
24064,2025-04-15,1964,25,6,22734000
24065,2025-11-24,1472,37,1,13431000
24066,2025-01-03,1018,49,1,29618000
24067,2024-09-29,674,21,6,7626000
24068,2025-12-12,1821,23,3,11868000
24069,2024-11-27,1933,25,1,6123000
24070,2024-11-03,2372,12,3,17209000
24071,2025-07-10,2552,27,3,2619000
24072,2025-06-18,1873,21,1,10416000
24073,2025-06-15,2299,44,1,2689000
24074,2025-06-13,506,29,2,31460000
24075,2024-06-15,1749,9,6,762000
24076,2024-11-18,2225,23,1,11986000
24077,2024-06-02,1208,43,1,16575000
24078,2024-03-23,1772,29,1,2747000
24079,2024-02-23,2249,15,3,8647000
24080,2025-06-12,2122,20,6,5980000
24081,2024-03-31,2726,2,3,18389000
24082,2025-02-21,701,12,6,38354000
24083,2025-11-01,1313,39,3,16979000
24084,2025-09-05,1154,1,6,17290000
24085,2025-03-23,2560,17,1,17145000
24086,2024-11-30,130,24,6,487000
24087,2025-01-24,2695,10,3,14973000
24088,2025-04-04,1381,24,3,7839000
24089,2024-08-21,831,36,6,10850000
24090,2024-04-28,2373,45,6,13200000
24091,2024-06-18,466,39,3,23550000
24092,2024-12-20,2812,48,3,24619000
24093,2024-12-13,1528,41,1,2020000
24094,2025-07-22,2104,19,6,23835000
24095,2025-08-09,2684,29,6,909000
24096,2025-11-13,978,34,6,26027000
24097,2025-04-20,896,25,6,22966000
24098,2025-08-06,702,32,6,10930000
24099,2025-03-17,261,8,1,5762000
24100,2024-04-14,2945,31,6,24488000
24101,2024-05-04,1350,48,3,11060000
24102,2025-03-03,1499,48,2,8085000
24103,2024-10-05,2899,33,6,11314000
24104,2024-02-28,2280,29,1,1292000
24105,2025-06-19,2619,19,3,1694000
24106,2024-05-04,49,28,6,36384000
24107,2025-12-21,1606,18,6,32399000
24108,2025-11-06,1125,3,6,1270000
24109,2025-03-11,182,11,2,20734000
24110,2025-11-15,259,34,6,1657000
24111,2024-07-30,627,35,6,19682000
24112,2025-02-11,1340,36,3,4857000
24113,2025-10-17,2964,39,3,11941000
24114,2024-12-24,2573,16,3,486000
24115,2024-01-16,1426,44,1,4087000
24116,2024-10-02,1720,22,3,7383000
24117,2024-07-26,622,19,3,35631000
24118,2024-07-30,106,31,2,10421000
24119,2025-12-20,926,3,3,33440000
24120,2025-05-27,2804,22,6,37359000
24121,2025-10-17,760,15,6,40219000
24122,2025-06-14,2457,34,1,25673000
24123,2025-04-27,2628,50,6,18351000
24124,2024-08-30,2055,38,6,7455000
24125,2025-10-09,1712,4,3,4527000
24126,2025-09-18,2010,41,1,2908000
24127,2025-11-08,1628,22,6,31182000
24128,2025-05-15,1807,17,6,5140000
24129,2024-03-01,336,43,3,52283000
24130,2025-10-18,135,36,6,39792000
24131,2024-07-12,2560,46,3,22098000
24132,2024-02-24,347,28,1,6492000
24133,2024-12-29,2123,32,6,8535000
24134,2024-04-16,1049,26,2,21292000
24135,2024-02-25,574,21,1,5552000
24136,2024-01-20,52,40,6,11510000
24137,2025-12-25,2602,33,6,5477000
24138,2024-02-10,988,42,6,35018000
24139,2024-11-09,2538,37,2,47842000
24140,2025-08-06,1494,47,6,27113000
24141,2024-01-04,474,29,6,22937000
24142,2024-10-27,2513,23,2,4444000
24143,2024-07-15,1295,18,6,7718000
24144,2025-09-17,2836,9,6,58685000
24145,2024-08-16,2956,4,6,2800000
24146,2025-06-16,2887,6,1,3997000
24147,2024-11-28,1509,8,1,19710000
24148,2025-11-03,1697,43,6,880000
24149,2024-01-08,106,36,3,1156000
24150,2024-07-25,2277,43,6,34388000
24151,2024-12-25,1319,40,3,15880000
24152,2025-10-05,1632,35,2,19062000
24153,2025-02-06,2788,26,6,6734000
24154,2024-10-09,806,2,6,41245000
24155,2025-04-05,796,34,6,8306000
24156,2024-11-17,165,10,6,15340000
24157,2025-07-13,1800,42,1,27769000
24158,2025-02-02,670,49,2,4915000
24159,2025-07-16,1212,33,2,31763000
24160,2025-04-04,1877,17,6,29130000
24161,2024-11-21,2162,19,3,17221000
24162,2025-08-25,487,6,6,13188000
24163,2025-01-22,430,31,1,15877000
24164,2025-10-27,1129,45,6,10753000
24165,2024-10-25,730,12,2,39540000
24166,2025-08-16,2467,5,6,6641000
24167,2024-07-20,402,23,3,4265000
24168,2025-11-21,2338,29,2,4635000
24169,2025-05-08,442,41,2,7214000
24170,2024-06-06,2616,3,1,6154000
24171,2025-10-21,889,19,3,513000
24172,2024-07-01,1492,3,3,5052000
24173,2025-12-11,1650,6,3,37476000
24174,2024-08-21,74,15,3,31950000
24175,2025-02-28,712,36,3,6137000
24176,2025-07-27,487,36,3,32316000
24177,2025-09-16,2476,49,1,8995000
24178,2024-06-12,2230,17,2,4015000
24179,2024-02-26,1897,33,1,15807000
24180,2025-02-28,2724,41,3,18827000
24181,2024-08-01,306,44,1,5980000
24182,2024-06-23,1058,7,3,19383000
24183,2024-04-09,244,41,3,9650000
24184,2025-11-28,727,9,6,14711000
24185,2025-08-24,2833,7,6,15596000
24186,2024-08-17,866,45,6,43605000
24187,2024-12-10,865,48,6,52893000
24188,2024-07-06,2624,8,3,16163000
24189,2025-01-17,1513,35,3,20214000
24190,2024-04-21,291,40,3,27744000
24191,2024-08-27,502,3,1,33923000
24192,2024-02-25,2807,23,1,37642000
24193,2025-04-08,84,13,6,189000
24194,2024-09-18,2992,5,3,8144000
24195,2025-10-15,1122,20,2,10317000
24196,2025-12-26,1231,14,3,49951000
24197,2025-12-21,30,32,6,3613000
24198,2025-01-02,1120,48,2,14932000
24199,2024-12-06,2581,50,6,13387000
24200,2025-11-15,2571,21,3,16862000
24201,2025-01-19,1247,17,6,18956000
24202,2024-05-27,1642,19,6,145000
24203,2025-01-08,100,31,1,9378000
24204,2025-12-24,848,6,1,5094000
24205,2024-10-06,442,40,2,6081000
24206,2025-11-02,1783,10,3,46311000
24207,2025-06-11,1221,18,3,2147000
24208,2024-08-13,1521,32,6,21601000
24209,2024-08-13,2854,5,6,2466000
24210,2025-07-20,19,34,2,15450000
24211,2024-02-21,656,26,1,23959000
24212,2024-08-27,2623,15,1,8132000
24213,2024-05-25,2534,27,2,4475000
24214,2025-08-30,998,2,3,59303000
24215,2024-05-14,175,29,3,2825000
24216,2024-01-09,1589,19,6,1990000
24217,2024-07-31,2475,47,6,25066000
24218,2025-12-31,2167,3,2,5860000
24219,2025-07-11,2798,7,6,15655000
24220,2024-09-27,1250,5,2,21938000
24221,2025-04-22,171,50,6,5210000
24222,2024-06-09,2949,16,3,29596000
24223,2025-07-08,2443,19,6,11090000
24224,2025-02-19,1790,11,3,14518000
24225,2025-06-09,298,38,3,621000
24226,2025-04-17,2095,34,1,8024000
24227,2024-12-20,2089,41,6,15268000
24228,2024-07-15,1129,41,3,15958000
24229,2025-04-25,1774,49,6,13711000
24230,2024-03-04,1006,28,3,9820000
24231,2024-06-18,2458,6,3,4606000
24232,2024-08-08,88,23,2,2572000
24233,2024-06-07,1908,5,3,19805000
24234,2025-06-26,319,4,3,41925000
24235,2025-06-11,1075,17,6,10544000
24236,2024-11-20,554,20,3,510000
24237,2025-07-27,541,28,6,19027000
24238,2024-05-17,822,18,1,12829000
24239,2024-02-29,1256,3,6,14134000
24240,2024-08-12,522,23,1,33831000
24241,2025-07-31,1519,25,3,651000
24242,2024-03-28,59,13,6,23314000
24243,2024-06-12,1170,47,2,37220000
24244,2025-01-11,1161,19,6,13231000
24245,2025-09-27,2926,46,3,12025000
24246,2024-12-07,2133,5,3,14923000
24247,2024-11-21,2848,1,2,7693000
24248,2024-06-16,81,34,1,13464000
24249,2025-06-10,2362,11,3,3078000
24250,2024-03-10,1682,13,6,1585000
24251,2025-05-21,64,8,6,13331000
24252,2025-01-08,1029,8,3,19104000
24253,2024-09-01,2755,41,3,8056000
24254,2024-10-06,542,40,1,18119000
24255,2025-10-04,1713,14,2,10086000
24256,2025-04-30,2716,27,2,3508000
24257,2025-08-04,1949,14,2,4640000
24258,2024-04-24,1249,42,2,3582000
24259,2024-04-06,392,3,3,10810000
24260,2024-10-28,2752,39,3,2710000
24261,2025-08-09,2527,1,6,23072000
24262,2025-02-25,1937,39,3,34953000
24263,2024-12-09,2066,27,6,25435000
24264,2025-12-04,2481,4,6,1826000
24265,2025-09-25,1600,8,3,7069000
24266,2024-11-12,2978,4,6,10724000
24267,2024-07-09,2651,7,2,20284000
24268,2025-03-03,2933,14,1,13436000
24269,2024-10-07,2711,4,2,7765000
24270,2025-03-17,1633,16,1,6922000
24271,2024-04-08,942,39,1,16348000
24272,2024-08-13,1945,13,6,3481000
24273,2024-03-18,2029,37,3,14613000
24274,2024-10-26,1074,41,3,41296000
24275,2025-08-17,2473,33,1,5449000
24276,2025-01-15,2222,32,6,8407000
24277,2025-10-27,1101,34,6,36005000
24278,2024-07-24,495,9,6,49712000
24279,2024-03-05,2038,47,6,28379000
24280,2025-09-26,439,44,6,18948000
24281,2024-10-25,2299,41,3,13888000
24282,2025-04-19,2617,2,6,37043000
24283,2025-03-18,2864,50,6,6983000
24284,2024-01-19,221,8,6,12483000
24285,2025-08-26,322,13,1,454000
24286,2025-05-14,206,37,6,6991000
24287,2025-04-22,680,26,1,39150000
24288,2024-04-22,1588,16,2,4120000
24289,2024-12-12,1920,30,6,28230000
24290,2024-03-30,1443,30,6,4265000
24291,2024-08-15,1434,21,3,19077000
24292,2024-08-17,1564,17,3,12690000
24293,2024-09-02,2571,2,2,6999000
24294,2025-01-28,2547,44,6,21975000
24295,2025-01-15,575,37,6,44175000
24296,2025-03-26,2653,11,6,14190000
24297,2025-10-11,971,19,6,32868000
24298,2024-02-02,334,20,3,10208000
24299,2024-06-24,1843,37,2,830000
24300,2024-02-21,667,48,6,4968000
24301,2025-09-23,2046,20,1,15642000
24302,2025-06-03,2532,2,6,19934000
24303,2025-02-10,2327,3,6,14790000
24304,2025-02-25,983,41,6,5211000
24305,2024-10-17,851,4,6,3474000
24306,2024-10-06,2988,40,6,4511000
24307,2025-09-14,1761,42,3,48036000
24308,2025-05-25,1871,42,3,1443000
24309,2024-11-19,1807,25,2,2067000
24310,2025-02-21,2000,43,2,1185000
24311,2024-01-19,372,12,3,2257000
24312,2024-01-22,90,10,6,8714000
24313,2024-07-19,284,36,2,30689000
24314,2024-02-07,63,40,3,13808000
24315,2024-06-13,2983,42,6,23701000
24316,2025-12-15,887,14,6,4480000
24317,2024-08-13,1639,22,3,3089000
24318,2024-10-20,1833,1,1,6399000
24319,2025-07-29,505,42,6,12367000
24320,2024-07-07,2724,15,6,14357000
24321,2024-12-05,2328,47,6,17954000
24322,2025-03-11,1893,45,3,21900000
24323,2025-08-10,1960,5,6,8874000
24324,2025-12-26,2745,44,6,20039000
24325,2025-06-08,2992,24,6,1261000
24326,2024-10-01,2364,20,6,4958000
24327,2024-06-16,2124,35,1,31035000
24328,2024-11-23,195,35,1,3339000
24329,2024-07-27,2565,47,6,24230000
24330,2025-04-21,2122,3,3,11408000
24331,2024-06-07,678,30,1,7086000
24332,2025-01-06,1412,35,6,20679000
24333,2025-08-18,1929,29,1,7436000
24334,2025-09-26,2111,40,3,24341000
24335,2025-03-30,617,22,6,34231000
24336,2025-08-19,775,43,6,1345000
24337,2024-11-06,1695,35,6,42803000
24338,2024-09-08,2376,46,3,22806000
24339,2024-10-10,2594,3,6,22329000
24340,2024-11-19,861,32,1,13617000
24341,2025-05-30,1526,34,1,8630000
24342,2025-08-04,981,43,2,14990000
24343,2024-08-07,1250,1,1,16702000
24344,2025-12-15,1632,3,6,7343000
24345,2025-11-13,818,42,6,7579000
24346,2025-04-17,325,22,3,6335000
24347,2025-02-02,301,16,3,15006000
24348,2024-02-21,1570,18,3,5931000
24349,2024-02-15,209,49,1,15483000
24350,2025-06-08,2147,41,2,11977000
24351,2025-05-19,809,13,3,4817000
24352,2024-08-21,2901,4,6,36445000
24353,2024-02-19,1192,32,3,22291000
24354,2024-11-07,362,28,3,6514000
24355,2024-06-06,930,27,6,43162000
24356,2024-06-16,2211,40,1,4946000
24357,2025-09-19,796,15,6,26131000
24358,2025-05-19,1307,48,6,14770000
24359,2024-09-18,1202,24,3,576000
24360,2024-06-14,1443,42,6,1572000
24361,2024-10-01,703,15,6,8308000
24362,2025-04-07,747,2,6,13547000
24363,2024-08-28,2335,14,6,8732000
24364,2024-12-03,855,2,1,938000
24365,2025-09-21,2596,24,2,9308000
24366,2025-08-14,1140,25,3,919000
24367,2025-04-29,2146,30,3,25938000
24368,2024-09-03,2525,23,3,1220000
24369,2024-09-06,2778,44,3,14020000
24370,2025-01-09,1098,14,1,38350000
24371,2025-03-10,1611,23,3,37610000
24372,2025-10-16,2970,5,3,41220000
24373,2025-12-31,1009,11,3,33508000
24374,2025-09-10,1597,28,6,2338000
24375,2025-10-24,740,7,6,22765000
24376,2024-06-23,1281,44,6,1310000
24377,2025-07-19,1394,29,3,40185000
24378,2025-07-01,1055,14,6,5408000
24379,2025-04-13,1347,36,6,11340000
24380,2024-01-08,2246,4,3,6771000
24381,2025-11-02,1758,5,3,3870000
24382,2024-11-16,2752,30,1,4916000
24383,2025-03-01,2680,45,6,16087000
24384,2024-05-29,2064,44,6,1748000
24385,2025-02-08,2902,6,6,17221000
24386,2025-08-19,1621,21,6,18865000
24387,2024-08-21,2354,8,3,17766000
24388,2024-12-27,337,1,6,13258000
24389,2025-01-08,1707,42,3,14718000
24390,2025-07-06,1552,41,6,8464000
24391,2024-09-08,2138,50,1,9092000
24392,2024-06-20,1583,22,6,14206000
24393,2025-11-16,2313,39,3,18077000
24394,2024-08-03,862,7,1,9137000
24395,2025-09-19,2651,40,1,48280000
24396,2024-05-03,1457,12,1,8723000
24397,2024-01-10,2700,2,6,30386000
24398,2024-03-26,1740,27,6,20866000
24399,2024-05-27,855,19,1,36655000
24400,2024-03-10,2335,18,6,5122000
24401,2024-12-13,1865,19,3,37140000
24402,2025-09-21,2920,34,3,10088000
24403,2025-03-05,1193,44,3,31032000
24404,2024-11-07,1619,12,6,12695000
24405,2024-08-12,2877,8,6,303000
24406,2024-07-23,1359,28,2,3535000
24407,2024-09-02,1033,5,3,2219000
24408,2024-10-07,1760,12,6,12038000
24409,2025-08-10,1362,49,6,19773000
24410,2024-04-14,610,33,2,8610000
24411,2025-11-21,2469,18,3,61586000
24412,2024-07-20,33,22,6,12749000
24413,2024-08-05,1132,4,2,21107000
24414,2025-08-30,1251,27,6,16809000
24415,2024-10-19,2155,2,6,40211000
24416,2024-04-18,362,20,6,10841000
24417,2025-04-12,1509,14,1,6521000
24418,2025-08-29,1352,44,2,5869000
24419,2024-12-31,2626,30,6,1854000
24420,2025-03-14,68,27,6,14796000
24421,2025-05-29,106,35,1,10088000
24422,2024-04-05,759,17,6,9803000
24423,2025-11-01,1465,13,2,2923000
24424,2025-05-13,2955,10,1,9879000
24425,2025-08-23,2338,24,6,24615000
24426,2024-05-29,282,21,6,24128000
24427,2024-06-24,2906,15,2,608000
24428,2024-09-21,2286,36,3,19323000
24429,2025-03-29,2582,22,6,14062000
24430,2025-01-09,2333,27,3,16398000
24431,2024-09-23,483,13,3,1442000
24432,2025-08-04,2940,9,3,3247000
24433,2025-07-14,2277,30,6,10563000
24434,2025-01-29,2425,46,3,5746000
24435,2025-09-16,61,36,6,11288000
24436,2025-12-26,1608,39,1,15623000
24437,2024-02-21,630,35,1,14513000
24438,2024-12-17,548,49,3,145000
24439,2025-04-06,1545,43,6,32527000
24440,2024-12-02,1561,28,6,15432000
24441,2024-08-09,2655,7,6,6816000
24442,2025-10-08,2226,47,6,10429000
24443,2024-05-07,1910,7,6,3286000
24444,2025-04-20,2516,25,3,21419000
24445,2024-11-24,332,39,3,8535000
24446,2024-01-08,1909,26,6,2489000
24447,2024-05-02,1534,10,3,12759000
24448,2024-08-05,1347,3,3,5732000
24449,2024-08-13,1615,34,6,15542000
24450,2024-01-30,1779,31,3,14476000
24451,2024-10-05,1271,38,6,768000
24452,2024-09-24,351,8,1,7669000
24453,2025-01-10,2701,50,3,15193000
24454,2025-10-07,2602,38,1,29710000
24455,2025-11-03,1980,44,2,3944000
24456,2024-01-23,2644,25,3,25396000
24457,2025-07-26,616,6,3,42505000
24458,2024-06-08,2487,4,1,23733000
24459,2024-10-18,1300,2,6,3006000
24460,2025-01-25,738,19,3,15679000
24461,2025-02-17,1109,17,3,29204000
24462,2025-11-29,2423,35,3,31781000
24463,2024-12-21,2404,44,6,3158000
24464,2024-04-10,2609,30,6,2022000
24465,2024-10-03,1008,19,2,6936000
24466,2024-05-25,326,40,6,4277000
24467,2024-03-04,696,2,6,53119000
24468,2024-08-13,1097,34,1,3855000
24469,2024-06-22,913,20,3,4399000
24470,2025-03-09,800,17,3,2514000
24471,2025-01-09,667,7,1,520000
24472,2025-07-25,1726,31,6,24173000
24473,2024-04-07,2632,29,2,38813000
24474,2024-09-16,1244,33,6,17391000
24475,2025-09-25,33,30,3,1139000
24476,2024-09-07,2297,17,6,2614000
24477,2025-02-06,2135,18,6,61502000
24478,2025-07-21,1551,6,6,28749000
24479,2024-06-12,1144,33,6,10494000
24480,2024-08-12,2258,33,3,8471000
24481,2024-08-10,2983,15,3,11300000
24482,2025-10-29,2925,17,6,29732000
24483,2025-08-01,2237,5,3,7360000
24484,2025-12-15,2509,21,3,18412000
24485,2024-04-25,581,14,3,14249000
24486,2025-11-25,2561,44,6,16731000
24487,2025-04-10,899,38,6,3064000
24488,2025-09-05,1580,2,2,8676000
24489,2025-06-23,1712,47,3,17523000
24490,2025-11-02,1994,34,3,10709000
24491,2024-10-24,2348,38,2,5610000
24492,2024-08-11,854,11,6,19129000
24493,2024-07-19,421,12,6,7161000
24494,2025-10-23,423,50,6,8007000
24495,2025-03-24,1741,39,3,8416000
24496,2024-07-31,2746,27,6,3728000
24497,2025-11-11,493,16,3,33050000
24498,2024-01-20,2266,36,6,4016000
24499,2025-11-13,230,34,6,21640000
24500,2024-09-20,628,18,2,15656000
24501,2024-05-02,605,50,3,13088000
24502,2024-06-25,1974,13,2,16092000
24503,2025-01-11,1200,10,3,8172000
24504,2024-05-14,1464,33,3,27127000
24505,2025-04-23,210,26,6,3920000
24506,2025-04-18,216,12,6,10268000
24507,2024-09-30,2963,24,1,5595000
24508,2024-02-27,2388,34,2,24412000
24509,2024-10-29,2114,8,3,2748000
24510,2025-01-16,1212,35,3,4593000
24511,2025-10-28,1499,44,2,7379000
24512,2024-02-18,2944,40,3,16378000
24513,2024-12-10,380,28,3,17939000
24514,2025-01-17,63,21,1,9849000
24515,2025-08-08,1002,22,6,56016000
24516,2024-05-07,92,30,1,7087000
24517,2025-04-02,614,4,3,45524000
24518,2025-06-05,522,12,6,6122000
24519,2025-04-02,1088,25,6,7808000
24520,2025-10-18,1137,41,6,26507000
24521,2025-06-21,162,28,1,4281000
24522,2025-11-01,1078,19,6,1855000
24523,2025-06-09,165,11,1,31647000
24524,2024-10-24,103,32,2,7619000
24525,2024-07-03,1684,42,6,16698000
24526,2024-05-18,2690,28,2,21015000
24527,2024-04-20,2061,35,3,3090000
24528,2024-08-28,2145,8,6,35472000
24529,2024-11-19,2538,1,3,14684000
24530,2025-05-20,53,30,3,37529000
24531,2024-05-27,1197,48,3,21054000
24532,2025-12-09,334,19,3,39785000
24533,2024-10-26,1157,7,3,8386000
24534,2024-04-30,1629,49,6,31351000
24535,2025-08-01,1694,17,3,16123000
24536,2024-10-14,2678,35,3,4358000
24537,2025-11-18,1921,43,2,2643000
24538,2025-09-05,1705,46,6,7151000
24539,2025-08-12,1556,21,6,16411000
24540,2025-01-17,2535,4,3,564000
24541,2024-01-22,2666,43,3,16864000
24542,2024-01-25,2004,16,6,5775000
24543,2024-02-16,378,22,1,31780000
24544,2024-10-10,2164,19,1,23290000
24545,2025-08-19,2795,43,3,2858000
24546,2024-03-08,1251,36,3,38322000
24547,2025-05-23,2152,15,3,6514000
24548,2024-01-27,2514,1,3,6568000
24549,2024-01-29,1896,8,6,16242000
24550,2024-02-04,518,39,3,1374000
24551,2024-06-30,2984,47,3,2935000
24552,2024-02-08,2780,8,1,53219000
24553,2024-09-06,547,31,3,14966000
24554,2024-01-16,2493,8,3,43008000
24555,2025-08-04,447,20,3,9746000
24556,2025-07-21,773,30,6,968000
24557,2024-07-27,1429,28,6,11958000
24558,2024-03-13,2560,19,3,14281000
24559,2025-10-27,1391,22,6,7131000
24560,2025-07-16,750,6,3,513000
24561,2025-02-25,2496,4,3,9849000
24562,2025-07-08,1224,2,1,3918000
24563,2025-07-11,2027,21,1,21537000
24564,2025-11-24,1487,37,6,14712000
24565,2025-01-21,625,13,6,19322000
24566,2024-11-08,1587,29,3,13971000
24567,2024-12-30,897,50,3,8075000
24568,2024-07-27,1807,32,3,3922000
24569,2024-05-13,2324,22,6,1352000
24570,2024-10-21,150,49,6,29223000
24571,2025-04-03,2386,13,6,11910000
24572,2025-01-29,22,10,3,8467000
24573,2025-07-09,1531,24,1,3571000
24574,2025-08-26,2851,33,2,21334000
24575,2024-02-11,521,17,6,39052000
24576,2024-03-07,1186,5,1,2468000
24577,2024-05-10,1392,36,3,1628000
24578,2024-09-17,2729,33,6,19115000
24579,2025-08-03,1473,48,3,4668000
24580,2024-04-27,13,24,6,19363000
24581,2025-08-19,1616,32,1,8741000
24582,2025-12-18,2126,31,3,15452000
24583,2024-09-21,319,34,6,9852000
24584,2025-02-02,1894,44,3,19058000
24585,2025-06-10,1661,47,1,1869000
24586,2024-06-27,2961,7,6,6001000
24587,2024-06-20,874,38,1,1487000
24588,2025-03-06,1449,42,6,5102000
24589,2024-07-08,1035,17,6,612000
24590,2025-11-27,777,33,2,4092000
24591,2025-03-28,1824,19,6,1684000
24592,2024-07-04,343,19,3,37045000
24593,2024-12-06,184,20,6,29463000
24594,2025-09-11,1061,46,6,2266000
24595,2025-11-17,1676,19,6,1612000
24596,2025-10-27,403,23,3,695000
24597,2025-12-15,1987,40,6,13488000
24598,2025-06-16,1328,13,1,49928000
24599,2025-03-22,1583,9,6,20504000
24600,2024-06-25,2278,31,2,20202000
24601,2025-03-15,2470,45,6,7490000
24602,2024-09-21,1050,11,6,1886000
24603,2025-09-04,2279,31,3,33091000
24604,2025-03-02,969,22,6,462000
24605,2025-06-13,1172,25,2,2142000
24606,2024-04-14,814,34,6,10295000
24607,2024-11-16,362,46,1,7712000
24608,2024-01-06,546,39,3,13045000
24609,2025-08-12,116,16,3,2542000
24610,2024-07-28,2857,47,6,14088000
24611,2024-05-17,108,39,6,2288000
24612,2025-02-28,642,23,3,28251000
24613,2024-12-25,2040,24,1,22230000
24614,2024-04-27,1070,37,6,42615000
24615,2024-09-21,560,5,3,22030000
24616,2025-03-08,2715,28,6,2687000
24617,2025-02-03,1915,28,1,4751000
24618,2025-03-25,1621,3,6,7350000
24619,2025-02-03,68,28,3,28365000
24620,2024-10-26,548,4,1,15472000
24621,2024-06-04,752,42,6,49202000
24622,2025-07-05,2154,24,1,9136000
24623,2025-10-02,947,36,6,4973000
24624,2024-05-06,1542,46,6,21304000
24625,2025-07-30,1837,37,3,5255000
24626,2025-10-26,1259,31,6,9238000
24627,2024-01-30,469,36,3,12590000
24628,2025-05-10,1675,34,2,33252000
24629,2024-08-22,80,45,3,39881000
24630,2024-01-05,957,21,6,12454000
24631,2025-11-25,349,17,3,25841000
24632,2025-10-03,2655,41,6,8527000
24633,2025-09-08,685,13,6,20490000
24634,2024-04-30,497,42,6,2060000
24635,2025-04-15,1989,17,6,28393000
24636,2025-04-23,855,5,1,1762000
24637,2025-10-16,879,18,3,4310000
24638,2024-04-15,1973,3,1,517000
24639,2025-04-23,551,37,1,17650000
24640,2024-12-06,2997,23,3,19723000
24641,2025-04-29,994,10,3,7806000
24642,2025-02-10,2249,31,2,23615000
24643,2025-04-28,2678,32,6,9121000
24644,2024-02-28,754,18,3,1245000
24645,2024-07-17,2458,38,3,27547000
24646,2024-05-24,153,26,2,4720000
24647,2025-11-24,1383,22,3,41549000
24648,2025-06-13,2393,48,1,4275000
24649,2025-06-21,864,30,6,10807000
24650,2024-12-29,742,47,1,13142000
24651,2024-07-16,1427,25,6,6687000
24652,2024-12-21,334,47,6,7793000
24653,2024-05-05,2316,10,6,5946000
24654,2025-10-20,1352,50,6,6994000
24655,2024-04-06,9,27,6,35558000
24656,2024-12-30,2106,23,3,11868000
24657,2025-06-27,938,18,6,1105000
24658,2024-05-31,1343,45,3,6955000
24659,2024-02-22,1198,8,3,20898000
24660,2024-03-14,281,8,6,14924000
24661,2025-05-31,2287,1,1,34877000
24662,2025-05-29,479,12,6,12020000
24663,2025-08-22,1449,18,1,14889000
24664,2025-01-03,205,18,1,8718000
24665,2024-11-03,1207,9,6,8280000
24666,2025-11-16,513,2,6,6044000
24667,2025-05-20,372,47,6,17489000
24668,2025-07-04,2314,3,3,62918000
24669,2024-02-15,1051,38,6,24687000
24670,2025-04-11,2407,24,1,14263000
24671,2024-10-31,960,16,2,4288000
24672,2025-01-20,1612,28,6,25823000
24673,2024-02-11,1135,22,1,2896000
24674,2024-08-24,1718,47,3,33786000
24675,2024-05-17,895,35,1,28578000
24676,2024-06-17,151,24,3,18394000
24677,2024-07-06,1445,35,2,9029000
24678,2024-06-03,2287,50,3,59004000
24679,2024-09-25,1754,48,3,1540000
24680,2024-07-18,128,22,1,4323000
24681,2025-05-01,2184,40,6,21247000
24682,2024-01-19,2411,34,6,7120000
24683,2025-03-08,2068,8,3,12475000
24684,2025-07-01,1590,18,3,32295000
24685,2025-03-13,1144,43,6,5819000
24686,2025-03-20,1281,37,1,18215000
24687,2025-01-07,658,16,3,13938000
24688,2025-01-08,1976,46,3,1449000
24689,2024-06-15,501,42,1,24415000
24690,2024-06-13,2732,32,3,22355000
24691,2024-04-30,411,37,1,20339000
24692,2025-10-23,2615,15,6,5804000
24693,2025-03-31,975,32,1,5397000
24694,2025-09-03,951,12,6,24423000
24695,2025-11-27,160,5,3,21157000
24696,2024-06-26,646,31,3,1734000
24697,2025-08-11,1757,48,6,28200000
24698,2025-10-23,2962,1,1,17326000
24699,2024-05-02,51,21,1,37638000
24700,2025-05-21,483,50,3,21774000
24701,2024-02-05,2425,34,1,22409000
24702,2024-01-22,1287,16,1,17068000
24703,2025-04-13,2770,32,6,2614000
24704,2024-08-12,315,10,3,5166000
24705,2024-10-09,1831,48,3,8809000
24706,2024-09-15,1006,15,2,2984000
24707,2025-01-08,2561,10,2,8304000
24708,2025-02-18,1779,17,6,2664000
24709,2024-10-19,1386,48,2,13404000
24710,2025-10-15,1910,44,6,17489000
24711,2024-07-10,310,31,3,2976000
24712,2025-05-25,2125,47,1,17520000
24713,2024-01-29,204,23,6,16027000
24714,2024-12-30,702,22,6,14535000
24715,2025-01-11,2803,33,1,18142000
24716,2025-01-24,1163,39,1,25732000
24717,2025-07-22,2931,39,6,6549000
24718,2025-02-16,2286,5,2,357000
24719,2025-03-19,2681,15,3,8098000
24720,2024-01-18,1970,44,1,6759000
24721,2024-04-09,2290,11,6,11513000
24722,2025-12-07,1410,16,6,35640000
24723,2024-08-21,2223,11,3,18210000
24724,2025-06-13,443,2,3,27564000
24725,2025-07-29,1673,49,6,5066000
24726,2024-05-19,2530,18,1,6750000
24727,2024-06-27,324,17,6,545000
24728,2024-10-25,2370,15,6,12847000
24729,2024-09-17,2350,20,2,4444000
24730,2024-01-05,2505,32,6,2062000
24731,2025-06-12,1922,47,6,2005000
24732,2025-11-12,2829,28,3,1974000
24733,2025-06-22,1972,37,6,57370000
24734,2024-01-22,2295,29,3,16138000
24735,2025-09-17,2415,40,1,49002000
24736,2025-01-10,1100,45,1,3320000
24737,2025-04-08,1738,9,3,3718000
24738,2024-08-04,342,30,6,18024000
24739,2024-02-06,2008,29,1,25386000
24740,2024-09-04,2706,3,3,29320000
24741,2025-03-15,1763,38,6,23279000
24742,2024-04-19,1742,12,3,8482000
24743,2024-09-12,460,23,3,35196000
24744,2024-05-06,1349,30,1,9816000
24745,2024-04-17,1279,13,3,9336000
24746,2024-12-30,2485,26,2,9440000
24747,2025-01-30,78,24,3,27773000
24748,2025-01-05,2794,2,1,21706000
24749,2024-12-06,380,49,3,8708000
24750,2024-07-27,2091,46,6,1556000
24751,2024-02-12,1186,43,3,8967000
24752,2024-01-20,2293,7,3,1844000
24753,2025-07-23,559,11,1,18488000
24754,2025-07-13,995,10,3,21802000
24755,2025-10-10,2587,43,2,2454000
24756,2024-01-12,1657,21,6,6500000
24757,2025-01-29,1232,11,6,6907000
24758,2024-11-22,2170,5,3,19554000
24759,2025-04-08,656,16,3,20102000
24760,2025-02-12,418,49,1,46629000
24761,2024-10-24,683,43,1,11103000
24762,2025-10-23,2946,12,6,7299000
24763,2024-04-13,1638,29,1,6904000
24764,2024-09-06,1626,50,6,35909000
24765,2024-02-14,1505,13,3,15702000
24766,2025-08-22,1149,17,6,2687000
24767,2024-06-19,1207,40,2,7352000
24768,2025-10-16,1324,19,3,57015000
24769,2024-08-12,660,14,6,30369000
24770,2024-04-03,1461,16,6,7044000
24771,2025-04-20,2440,22,1,32983000
24772,2025-09-14,2852,20,6,10656000
24773,2025-10-30,1496,39,1,16443000
24774,2025-07-14,2561,7,6,14634000
24775,2025-12-13,2562,48,3,20357000
24776,2024-11-22,1274,31,1,35176000
24777,2025-01-25,1500,13,2,1056000
24778,2025-08-08,972,13,6,6696000
24779,2025-01-22,1391,10,2,37646000
24780,2024-09-02,1306,18,6,26972000
24781,2024-03-30,581,33,3,7669000
24782,2025-01-02,2577,20,1,27294000
24783,2025-08-12,2893,7,1,4953000
24784,2024-05-17,643,24,6,23348000
24785,2025-03-09,2858,2,3,8663000
24786,2024-04-14,242,8,6,21310000
24787,2025-11-29,1398,20,6,7317000
24788,2025-07-25,975,28,6,12964000
24789,2024-08-15,1891,17,3,15094000
24790,2024-05-24,2756,26,1,23353000
24791,2024-08-09,599,37,3,24755000
24792,2025-02-23,2865,7,3,6966000
24793,2025-05-30,2519,5,3,18041000
24794,2025-02-07,809,23,3,23349000
24795,2024-03-16,584,17,6,4306000
24796,2024-01-06,1137,47,1,4268000
24797,2024-04-09,2624,10,6,29497000
24798,2024-02-02,535,41,3,22845000
24799,2024-10-19,228,40,3,11473000
24800,2024-04-09,2943,19,3,10646000
24801,2025-12-23,626,6,6,29202000
24802,2024-04-04,1794,7,2,4731000
24803,2025-12-26,325,39,3,9400000
24804,2024-11-22,1165,4,1,400000
24805,2024-06-05,1114,35,3,2405000
24806,2025-02-28,1030,12,3,14236000
24807,2024-11-13,2819,36,3,8980000
24808,2025-03-12,798,14,1,8960000
24809,2024-01-21,2776,4,1,478000
24810,2025-03-20,2101,14,3,3268000
24811,2025-04-18,229,2,6,5905000
24812,2024-07-13,1102,37,6,15219000
24813,2024-07-15,2198,43,3,4538000
24814,2024-01-10,480,16,6,5882000
24815,2024-03-30,350,50,6,1918000
24816,2024-02-10,1650,20,6,25462000
24817,2024-12-29,1558,48,6,23623000
24818,2024-04-06,796,40,6,21802000
24819,2024-03-14,326,4,6,21779000
24820,2025-02-09,2589,50,6,2975000
24821,2025-04-10,928,19,3,44673000
24822,2025-10-05,984,28,3,9409000
24823,2025-11-23,2151,17,2,3223000
24824,2025-02-14,388,18,3,23679000
24825,2025-10-21,1298,18,6,8092000
24826,2024-02-03,207,33,2,23527000
24827,2024-03-11,2069,19,6,2168000
24828,2024-11-20,29,14,1,23979000
24829,2024-01-25,1850,32,1,2247000
24830,2025-02-19,372,22,6,5795000
24831,2025-07-13,1098,40,1,22054000
24832,2025-11-25,998,8,6,10314000
24833,2025-03-29,1657,34,6,15817000
24834,2025-02-17,929,35,3,7615000
24835,2024-08-23,1193,35,6,4050000
24836,2025-11-02,856,44,2,4097000
24837,2024-03-14,2148,36,6,31294000
24838,2024-11-15,1363,45,3,6345000
24839,2025-12-11,661,24,1,3746000
24840,2025-07-29,1099,15,2,2457000
24841,2024-06-04,2315,24,6,4155000
24842,2024-08-23,495,15,2,11014000
24843,2024-09-02,1530,12,3,10760000
24844,2024-11-14,1846,12,1,8890000
24845,2025-08-12,77,1,6,10352000
24846,2025-04-01,757,33,1,24270000
24847,2024-11-28,693,19,6,3820000
24848,2024-07-05,845,16,3,24782000
24849,2025-10-27,354,14,1,1443000
24850,2025-04-08,1980,14,6,14347000
24851,2024-05-22,495,29,6,428000
24852,2025-08-15,1865,37,6,438000
24853,2024-02-22,2470,40,3,7972000
24854,2025-10-21,1094,24,1,65488000
24855,2024-05-23,123,22,3,24647000
24856,2025-12-29,1968,50,3,14768000
24857,2025-06-24,2805,35,6,7010000
24858,2025-11-17,1504,21,6,28130000
24859,2024-06-14,2877,31,1,28021000
24860,2024-01-04,1422,34,3,1836000
24861,2025-02-24,954,47,2,4051000
24862,2025-06-02,310,41,3,7327000
24863,2024-08-21,730,34,3,401000
24864,2024-12-30,2345,21,6,1570000
24865,2024-07-01,1769,29,6,3153000
24866,2025-11-12,2117,31,3,15191000
24867,2025-07-16,1904,26,2,4939000
24868,2024-12-15,2476,6,1,4743000
24869,2025-10-22,1850,37,6,10025000
24870,2024-05-21,2051,36,1,6116000
24871,2024-09-16,1757,13,6,799000
24872,2025-07-23,2724,23,3,6439000
24873,2024-08-11,594,5,3,12692000
24874,2025-09-28,2279,22,6,18756000
24875,2025-01-31,1322,31,6,11667000
24876,2025-07-12,46,8,6,17777000
24877,2025-06-29,574,39,1,22091000
24878,2025-03-08,2076,35,3,30874000
24879,2025-06-17,1509,6,6,34133000
24880,2024-12-19,2587,7,3,29723000
24881,2025-02-05,1361,29,3,72356000
24882,2024-03-19,1677,42,3,17146000
24883,2024-04-24,1914,10,1,2999000
24884,2024-04-28,1025,45,3,13114000
24885,2024-09-28,504,22,1,26813000
24886,2024-12-24,1246,34,2,26903000
24887,2024-07-11,1925,3,1,22350000
24888,2025-03-14,2106,38,1,2746000
24889,2024-02-27,71,22,3,26121000
24890,2024-06-19,207,40,1,30295000
24891,2024-12-19,1846,19,6,3451000
24892,2024-03-07,2164,7,6,356000
24893,2025-02-27,2425,43,6,21060000
24894,2025-11-27,2611,3,6,1111000
24895,2024-03-07,2912,20,2,12812000
24896,2025-01-17,2058,4,6,15243000
24897,2025-03-03,1440,30,1,26359000
24898,2024-03-20,400,36,6,15468000
24899,2024-05-31,2063,46,3,16437000
24900,2024-09-23,839,22,3,5005000
24901,2025-04-23,2537,50,2,4448000
24902,2024-07-17,1536,25,6,13567000
24903,2024-04-22,287,27,3,16105000
24904,2025-09-08,2053,28,2,71000
24905,2025-05-19,2026,42,3,32870000
24906,2025-12-22,1226,49,2,13689000
24907,2024-08-20,449,44,3,21007000
24908,2025-01-17,2925,39,6,30532000
24909,2024-09-06,732,24,3,10785000
24910,2025-06-03,2760,24,3,45086000
24911,2024-01-28,1078,43,1,1034000
24912,2025-01-21,1850,10,6,3723000
24913,2025-08-23,1702,25,3,12973000
24914,2024-05-18,1224,49,3,9087000
24915,2024-10-09,1872,18,6,18170000
24916,2025-10-01,754,21,3,3956000
24917,2025-03-24,1706,37,1,48182000
24918,2024-09-13,1691,42,6,25783000
24919,2025-06-25,1124,4,1,883000
24920,2024-12-05,584,27,1,16815000
24921,2024-03-15,699,4,6,18085000
24922,2024-01-13,1937,36,6,11235000
24923,2024-09-30,986,31,2,16484000
24924,2024-02-18,116,15,3,5366000
24925,2024-11-23,936,40,3,4178000
24926,2024-06-03,236,17,2,24245000
24927,2025-07-15,178,26,1,8380000
24928,2025-04-04,1610,15,2,33754000
24929,2024-12-10,2065,27,3,10079000
24930,2024-01-23,1253,24,2,896000
24931,2024-09-01,657,40,1,10636000
24932,2024-05-01,357,16,6,18328000
24933,2024-04-17,2287,44,1,1084000
24934,2024-10-18,2261,43,1,34075000
24935,2024-02-06,2094,25,1,13464000
24936,2025-05-03,249,7,1,944000
24937,2025-03-16,2037,47,6,6105000
24938,2024-01-19,1805,39,6,14881000
24939,2024-03-05,1133,50,1,20148000
24940,2025-06-18,736,17,3,13437000
24941,2025-07-01,989,6,6,11307000
24942,2024-10-07,2792,28,3,6426000
24943,2024-07-07,2814,44,2,6567000
24944,2024-10-01,80,6,3,20495000
24945,2024-01-13,2698,32,3,16913000
24946,2024-10-13,2441,33,3,13660000
24947,2025-11-24,59,41,6,5186000
24948,2024-12-24,2538,24,1,579000
24949,2024-09-15,1922,37,6,8238000
24950,2025-12-08,1980,25,6,12779000
24951,2024-03-14,881,39,6,31732000
24952,2024-02-22,393,14,3,17560000
24953,2024-08-18,526,6,2,7590000
24954,2025-05-12,2579,1,1,9879000
24955,2024-06-23,1157,30,1,5239000
24956,2025-04-10,2835,8,1,1477000
24957,2025-10-16,525,20,6,592000
24958,2024-08-22,2419,49,6,7584000
24959,2025-06-24,1075,6,3,35622000
24960,2024-10-27,2316,33,6,13726000
24961,2025-09-29,926,21,2,4949000
24962,2024-05-29,2186,44,6,26520000
24963,2024-01-05,419,17,6,19276000
24964,2025-06-21,2502,30,6,9056000
24965,2024-08-10,1440,14,6,33944000
24966,2025-12-14,2112,28,6,14490000
24967,2025-03-17,2970,39,6,15034000
24968,2024-03-06,1817,41,2,20113000
24969,2024-07-05,1940,30,6,7510000
24970,2025-08-07,317,6,3,7423000
24971,2025-04-07,2818,11,6,11648000
24972,2025-06-22,878,21,2,2304000
24973,2025-12-30,1704,31,3,1705000
24974,2024-04-17,108,16,6,33145000
24975,2025-04-24,1362,27,6,5160000
24976,2025-06-27,1765,43,3,8462000
24977,2025-12-29,1311,38,6,6108000
24978,2025-02-14,1965,45,1,47207000
24979,2025-07-23,2644,47,6,12433000
24980,2024-07-09,711,7,3,21933000
24981,2025-04-08,1737,26,6,17578000
24982,2025-01-03,2284,4,6,23978000
24983,2024-03-29,2459,49,3,12892000
24984,2025-02-22,1148,22,6,22242000
24985,2025-12-31,221,3,1,2598000
24986,2024-10-11,1625,10,3,3619000
24987,2025-01-10,2716,46,6,27257000
24988,2025-01-23,2074,2,6,50578000
24989,2024-03-15,281,41,3,11901000
24990,2024-11-06,1868,10,6,235000
24991,2025-11-05,2430,48,6,4686000
24992,2025-06-11,1817,31,6,3487000
24993,2024-05-01,685,28,3,8745000
24994,2024-12-15,920,5,6,45220000
24995,2025-12-07,2880,46,2,21963000
24996,2025-12-10,13,3,1,2411000
24997,2024-08-26,1934,28,6,7571000
24998,2024-08-06,1778,2,6,11715000
24999,2024-03-28,1821,5,1,2936000
25000,2025-02-01,1162,18,6,9223000
